ARM GAS  C:\Users\n11ak\AppData\Local\Temp\ccC2s8Vl.s 			page 1


   1              		.cpu cortex-m4
   2              		.arch armv7e-m
   3              		.fpu fpv4-sp-d16
   4              		.eabi_attribute 27, 1
   5              		.eabi_attribute 28, 1
   6              		.eabi_attribute 20, 1
   7              		.eabi_attribute 21, 1
   8              		.eabi_attribute 23, 3
   9              		.eabi_attribute 24, 1
  10              		.eabi_attribute 25, 1
  11              		.eabi_attribute 26, 1
  12              		.eabi_attribute 30, 1
  13              		.eabi_attribute 34, 1
  14              		.eabi_attribute 18, 4
  15              		.file	"py32e407_hal.c"
  16              		.text
  17              	.Ltext0:
  18              		.cfi_sections	.debug_frame
  19              		.section	.text.HAL_MspInit,"ax",%progbits
  20              		.align	1
  21              		.weak	HAL_MspInit
  22              		.syntax unified
  23              		.thumb
  24              		.thumb_func
  26              	HAL_MspInit:
  27              	.LFB138:
  28              		.file 1 "../../../../../Drivers/PY32E407_HAL_Driver/Src/py32e407_hal.c"
   1:../../../../../Drivers/PY32E407_HAL_Driver/Src/py32e407_hal.c **** /**
   2:../../../../../Drivers/PY32E407_HAL_Driver/Src/py32e407_hal.c ****   ******************************************************************************
   3:../../../../../Drivers/PY32E407_HAL_Driver/Src/py32e407_hal.c ****   * @file    py32e407_hal.c
   4:../../../../../Drivers/PY32E407_HAL_Driver/Src/py32e407_hal.c ****   * @author  MCU Application Team
   5:../../../../../Drivers/PY32E407_HAL_Driver/Src/py32e407_hal.c ****   * @brief   HAL module driver.
   6:../../../../../Drivers/PY32E407_HAL_Driver/Src/py32e407_hal.c ****   *          This is the common part of the HAL initialization
   7:../../../../../Drivers/PY32E407_HAL_Driver/Src/py32e407_hal.c ****   *
   8:../../../../../Drivers/PY32E407_HAL_Driver/Src/py32e407_hal.c ****   @verbatim
   9:../../../../../Drivers/PY32E407_HAL_Driver/Src/py32e407_hal.c ****   ==============================================================================
  10:../../../../../Drivers/PY32E407_HAL_Driver/Src/py32e407_hal.c ****                      ##### How to use this driver #####
  11:../../../../../Drivers/PY32E407_HAL_Driver/Src/py32e407_hal.c ****   ==============================================================================
  12:../../../../../Drivers/PY32E407_HAL_Driver/Src/py32e407_hal.c ****     [..]
  13:../../../../../Drivers/PY32E407_HAL_Driver/Src/py32e407_hal.c ****     The common HAL driver contains a set of generic and common APIs that can be
  14:../../../../../Drivers/PY32E407_HAL_Driver/Src/py32e407_hal.c ****     used by the PPP peripheral drivers and the user to start using the HAL.
  15:../../../../../Drivers/PY32E407_HAL_Driver/Src/py32e407_hal.c ****     [..]
  16:../../../../../Drivers/PY32E407_HAL_Driver/Src/py32e407_hal.c ****     The HAL contains two APIs' categories:
  17:../../../../../Drivers/PY32E407_HAL_Driver/Src/py32e407_hal.c ****          (+) Common HAL APIs
  18:../../../../../Drivers/PY32E407_HAL_Driver/Src/py32e407_hal.c ****          (+) Services HAL APIs
  19:../../../../../Drivers/PY32E407_HAL_Driver/Src/py32e407_hal.c **** 
  20:../../../../../Drivers/PY32E407_HAL_Driver/Src/py32e407_hal.c ****   @endverbatim
  21:../../../../../Drivers/PY32E407_HAL_Driver/Src/py32e407_hal.c ****   ******************************************************************************
  22:../../../../../Drivers/PY32E407_HAL_Driver/Src/py32e407_hal.c ****   * @attention
  23:../../../../../Drivers/PY32E407_HAL_Driver/Src/py32e407_hal.c ****   *
  24:../../../../../Drivers/PY32E407_HAL_Driver/Src/py32e407_hal.c ****   * <h2><center>&copy; Copyright (c) 2023 Puya Semiconductor Co.
  25:../../../../../Drivers/PY32E407_HAL_Driver/Src/py32e407_hal.c ****   * All rights reserved.</center></h2>
  26:../../../../../Drivers/PY32E407_HAL_Driver/Src/py32e407_hal.c ****   *
  27:../../../../../Drivers/PY32E407_HAL_Driver/Src/py32e407_hal.c ****   * This software component is licensed by Puya under BSD 3-Clause license,
  28:../../../../../Drivers/PY32E407_HAL_Driver/Src/py32e407_hal.c ****   * the "License"; You may not use this file except in compliance with the
  29:../../../../../Drivers/PY32E407_HAL_Driver/Src/py32e407_hal.c ****   * License. You may obtain a copy of the License at:
  30:../../../../../Drivers/PY32E407_HAL_Driver/Src/py32e407_hal.c ****   *                        opensource.org/licenses/BSD-3-Clause
ARM GAS  C:\Users\n11ak\AppData\Local\Temp\ccC2s8Vl.s 			page 2


  31:../../../../../Drivers/PY32E407_HAL_Driver/Src/py32e407_hal.c ****   *
  32:../../../../../Drivers/PY32E407_HAL_Driver/Src/py32e407_hal.c ****   ******************************************************************************
  33:../../../../../Drivers/PY32E407_HAL_Driver/Src/py32e407_hal.c ****   * @attention
  34:../../../../../Drivers/PY32E407_HAL_Driver/Src/py32e407_hal.c ****   *
  35:../../../../../Drivers/PY32E407_HAL_Driver/Src/py32e407_hal.c ****   * <h2><center>&copy; Copyright (c) 2016 STMicroelectronics.
  36:../../../../../Drivers/PY32E407_HAL_Driver/Src/py32e407_hal.c ****   * All rights reserved.</center></h2>
  37:../../../../../Drivers/PY32E407_HAL_Driver/Src/py32e407_hal.c ****   *
  38:../../../../../Drivers/PY32E407_HAL_Driver/Src/py32e407_hal.c ****   * This software component is licensed by ST under BSD 3-Clause license,
  39:../../../../../Drivers/PY32E407_HAL_Driver/Src/py32e407_hal.c ****   * the "License"; You may not use this file except in compliance with the
  40:../../../../../Drivers/PY32E407_HAL_Driver/Src/py32e407_hal.c ****   * License. You may obtain a copy of the License at:
  41:../../../../../Drivers/PY32E407_HAL_Driver/Src/py32e407_hal.c ****   *                        opensource.org/licenses/BSD-3-Clause
  42:../../../../../Drivers/PY32E407_HAL_Driver/Src/py32e407_hal.c ****   *
  43:../../../../../Drivers/PY32E407_HAL_Driver/Src/py32e407_hal.c ****   ******************************************************************************
  44:../../../../../Drivers/PY32E407_HAL_Driver/Src/py32e407_hal.c ****   */
  45:../../../../../Drivers/PY32E407_HAL_Driver/Src/py32e407_hal.c **** /* Includes ------------------------------------------------------------------*/
  46:../../../../../Drivers/PY32E407_HAL_Driver/Src/py32e407_hal.c **** #include "py32e4xx_hal.h"
  47:../../../../../Drivers/PY32E407_HAL_Driver/Src/py32e407_hal.c **** 
  48:../../../../../Drivers/PY32E407_HAL_Driver/Src/py32e407_hal.c **** /** @addtogroup PY32E407_HAL_Driver
  49:../../../../../Drivers/PY32E407_HAL_Driver/Src/py32e407_hal.c ****   * @{
  50:../../../../../Drivers/PY32E407_HAL_Driver/Src/py32e407_hal.c ****   */
  51:../../../../../Drivers/PY32E407_HAL_Driver/Src/py32e407_hal.c **** 
  52:../../../../../Drivers/PY32E407_HAL_Driver/Src/py32e407_hal.c **** /** @defgroup HAL HAL
  53:../../../../../Drivers/PY32E407_HAL_Driver/Src/py32e407_hal.c ****   * @brief HAL module driver.
  54:../../../../../Drivers/PY32E407_HAL_Driver/Src/py32e407_hal.c ****   * @{
  55:../../../../../Drivers/PY32E407_HAL_Driver/Src/py32e407_hal.c ****   */
  56:../../../../../Drivers/PY32E407_HAL_Driver/Src/py32e407_hal.c **** 
  57:../../../../../Drivers/PY32E407_HAL_Driver/Src/py32e407_hal.c **** #ifdef HAL_MODULE_ENABLED
  58:../../../../../Drivers/PY32E407_HAL_Driver/Src/py32e407_hal.c **** 
  59:../../../../../Drivers/PY32E407_HAL_Driver/Src/py32e407_hal.c **** /* Private typedef -----------------------------------------------------------*/
  60:../../../../../Drivers/PY32E407_HAL_Driver/Src/py32e407_hal.c **** /* Private define ------------------------------------------------------------*/
  61:../../../../../Drivers/PY32E407_HAL_Driver/Src/py32e407_hal.c **** 
  62:../../../../../Drivers/PY32E407_HAL_Driver/Src/py32e407_hal.c **** /** @defgroup HAL_Private_Constants HAL Private Constants
  63:../../../../../Drivers/PY32E407_HAL_Driver/Src/py32e407_hal.c ****   * @{
  64:../../../../../Drivers/PY32E407_HAL_Driver/Src/py32e407_hal.c ****   */
  65:../../../../../Drivers/PY32E407_HAL_Driver/Src/py32e407_hal.c **** /**
  66:../../../../../Drivers/PY32E407_HAL_Driver/Src/py32e407_hal.c ****  * @brief PY32E407 HAL Driver version number V0.0.1
  67:../../../../../Drivers/PY32E407_HAL_Driver/Src/py32e407_hal.c ****    */
  68:../../../../../Drivers/PY32E407_HAL_Driver/Src/py32e407_hal.c **** #define __PY32E407_HAL_VERSION_MAIN   (0x00U) /*!< [31:24] main version */
  69:../../../../../Drivers/PY32E407_HAL_Driver/Src/py32e407_hal.c **** #define __PY32E407_HAL_VERSION_SUB1   (0x00U) /*!< [23:16] sub1 version */
  70:../../../../../Drivers/PY32E407_HAL_Driver/Src/py32e407_hal.c **** #define __PY32E407_HAL_VERSION_SUB2   (0x01U) /*!< [15:8]  sub2 version */
  71:../../../../../Drivers/PY32E407_HAL_Driver/Src/py32e407_hal.c **** #define __PY32E407_HAL_VERSION_RC     (0x00U) /*!< [7:0]  release candidate */
  72:../../../../../Drivers/PY32E407_HAL_Driver/Src/py32e407_hal.c **** #define __PY32E407_HAL_VERSION         ((__PY32E407_HAL_VERSION_MAIN << 24)\
  73:../../../../../Drivers/PY32E407_HAL_Driver/Src/py32e407_hal.c ****                                         |(__PY32E407_HAL_VERSION_SUB1 << 16)\
  74:../../../../../Drivers/PY32E407_HAL_Driver/Src/py32e407_hal.c ****                                         |(__PY32E407_HAL_VERSION_SUB2 << 8 )\
  75:../../../../../Drivers/PY32E407_HAL_Driver/Src/py32e407_hal.c ****                                         |(__PY32E407_HAL_VERSION_RC))
  76:../../../../../Drivers/PY32E407_HAL_Driver/Src/py32e407_hal.c **** 
  77:../../../../../Drivers/PY32E407_HAL_Driver/Src/py32e407_hal.c **** #define IDCODE_DEVID_MASK    0x00000FFFU
  78:../../../../../Drivers/PY32E407_HAL_Driver/Src/py32e407_hal.c **** 
  79:../../../../../Drivers/PY32E407_HAL_Driver/Src/py32e407_hal.c **** /**
  80:../../../../../Drivers/PY32E407_HAL_Driver/Src/py32e407_hal.c ****   * @}
  81:../../../../../Drivers/PY32E407_HAL_Driver/Src/py32e407_hal.c ****   */
  82:../../../../../Drivers/PY32E407_HAL_Driver/Src/py32e407_hal.c **** 
  83:../../../../../Drivers/PY32E407_HAL_Driver/Src/py32e407_hal.c **** /* Private macro -------------------------------------------------------------*/
  84:../../../../../Drivers/PY32E407_HAL_Driver/Src/py32e407_hal.c **** /* Private variables ---------------------------------------------------------*/
  85:../../../../../Drivers/PY32E407_HAL_Driver/Src/py32e407_hal.c **** 
  86:../../../../../Drivers/PY32E407_HAL_Driver/Src/py32e407_hal.c **** /** @defgroup HAL_Exported_Variables  HAL Exported Variables
  87:../../../../../Drivers/PY32E407_HAL_Driver/Src/py32e407_hal.c ****   * @{
ARM GAS  C:\Users\n11ak\AppData\Local\Temp\ccC2s8Vl.s 			page 3


  88:../../../../../Drivers/PY32E407_HAL_Driver/Src/py32e407_hal.c ****   */
  89:../../../../../Drivers/PY32E407_HAL_Driver/Src/py32e407_hal.c **** __IO uint32_t uwTick;
  90:../../../../../Drivers/PY32E407_HAL_Driver/Src/py32e407_hal.c **** uint32_t uwTickPrio = (1UL << __NVIC_PRIO_BITS); /* Invalid PRIO */
  91:../../../../../Drivers/PY32E407_HAL_Driver/Src/py32e407_hal.c **** uint32_t uwTickFreq = HAL_TICK_FREQ_DEFAULT;  /* 1KHz */
  92:../../../../../Drivers/PY32E407_HAL_Driver/Src/py32e407_hal.c **** /**
  93:../../../../../Drivers/PY32E407_HAL_Driver/Src/py32e407_hal.c ****   * @}
  94:../../../../../Drivers/PY32E407_HAL_Driver/Src/py32e407_hal.c ****   */
  95:../../../../../Drivers/PY32E407_HAL_Driver/Src/py32e407_hal.c **** /* Private function prototypes -----------------------------------------------*/
  96:../../../../../Drivers/PY32E407_HAL_Driver/Src/py32e407_hal.c **** /* Exported functions ---------------------------------------------------------*/
  97:../../../../../Drivers/PY32E407_HAL_Driver/Src/py32e407_hal.c **** 
  98:../../../../../Drivers/PY32E407_HAL_Driver/Src/py32e407_hal.c **** /** @defgroup HAL_Exported_Functions HAL Exported Functions
  99:../../../../../Drivers/PY32E407_HAL_Driver/Src/py32e407_hal.c ****   * @{
 100:../../../../../Drivers/PY32E407_HAL_Driver/Src/py32e407_hal.c ****   */
 101:../../../../../Drivers/PY32E407_HAL_Driver/Src/py32e407_hal.c **** 
 102:../../../../../Drivers/PY32E407_HAL_Driver/Src/py32e407_hal.c **** /** @defgroup HAL_Exported_Functions_Group1 Initialization and de-initialization Functions
 103:../../../../../Drivers/PY32E407_HAL_Driver/Src/py32e407_hal.c ****  *  @brief    Initialization and de-initialization functions
 104:../../../../../Drivers/PY32E407_HAL_Driver/Src/py32e407_hal.c ****  *
 105:../../../../../Drivers/PY32E407_HAL_Driver/Src/py32e407_hal.c **** @verbatim
 106:../../../../../Drivers/PY32E407_HAL_Driver/Src/py32e407_hal.c ****  ===============================================================================
 107:../../../../../Drivers/PY32E407_HAL_Driver/Src/py32e407_hal.c ****               ##### Initialization and de-initialization functions #####
 108:../../../../../Drivers/PY32E407_HAL_Driver/Src/py32e407_hal.c ****  ===============================================================================
 109:../../../../../Drivers/PY32E407_HAL_Driver/Src/py32e407_hal.c ****    [..]  This section provides functions allowing to:
 110:../../../../../Drivers/PY32E407_HAL_Driver/Src/py32e407_hal.c ****       (+) Initializes the Flash interface, the NVIC allocation and initial clock
 111:../../../../../Drivers/PY32E407_HAL_Driver/Src/py32e407_hal.c ****           configuration. It initializes the systick also when timeout is needed
 112:../../../../../Drivers/PY32E407_HAL_Driver/Src/py32e407_hal.c ****           and the backup domain when enabled.
 113:../../../../../Drivers/PY32E407_HAL_Driver/Src/py32e407_hal.c ****       (+) de-Initializes common part of the HAL.
 114:../../../../../Drivers/PY32E407_HAL_Driver/Src/py32e407_hal.c ****       (+) Configure The time base source to have 1ms time base with a dedicated
 115:../../../../../Drivers/PY32E407_HAL_Driver/Src/py32e407_hal.c ****           Tick interrupt priority.
 116:../../../../../Drivers/PY32E407_HAL_Driver/Src/py32e407_hal.c ****         (++) SysTick timer is used by default as source of time base, but user
 117:../../../../../Drivers/PY32E407_HAL_Driver/Src/py32e407_hal.c ****              can eventually implement his proper time base source (a general purpose
 118:../../../../../Drivers/PY32E407_HAL_Driver/Src/py32e407_hal.c ****              timer for example or other time source), keeping in mind that Time base
 119:../../../../../Drivers/PY32E407_HAL_Driver/Src/py32e407_hal.c ****              duration should be kept 1ms since PPP_TIMEOUT_VALUEs are defined and
 120:../../../../../Drivers/PY32E407_HAL_Driver/Src/py32e407_hal.c ****              handled in milliseconds basis.
 121:../../../../../Drivers/PY32E407_HAL_Driver/Src/py32e407_hal.c ****         (++) Time base configuration function (HAL_InitTick ()) is called automatically
 122:../../../../../Drivers/PY32E407_HAL_Driver/Src/py32e407_hal.c ****              at the beginning of the program after reset by HAL_Init() or at any time
 123:../../../../../Drivers/PY32E407_HAL_Driver/Src/py32e407_hal.c ****              when clock is configured, by HAL_RCC_ClockConfig().
 124:../../../../../Drivers/PY32E407_HAL_Driver/Src/py32e407_hal.c ****         (++) Source of time base is configured  to generate interrupts at regular
 125:../../../../../Drivers/PY32E407_HAL_Driver/Src/py32e407_hal.c ****              time intervals. Care must be taken if HAL_Delay() is called from a
 126:../../../../../Drivers/PY32E407_HAL_Driver/Src/py32e407_hal.c ****              peripheral ISR process, the Tick interrupt line must have higher priority
 127:../../../../../Drivers/PY32E407_HAL_Driver/Src/py32e407_hal.c ****             (numerically lower) than the peripheral interrupt. Otherwise the caller
 128:../../../../../Drivers/PY32E407_HAL_Driver/Src/py32e407_hal.c ****             ISR process will be blocked.
 129:../../../../../Drivers/PY32E407_HAL_Driver/Src/py32e407_hal.c ****        (++) functions affecting time base configurations are declared as __weak
 130:../../../../../Drivers/PY32E407_HAL_Driver/Src/py32e407_hal.c ****              to make  override possible  in case of other  implementations in user file.
 131:../../../../../Drivers/PY32E407_HAL_Driver/Src/py32e407_hal.c **** @endverbatim
 132:../../../../../Drivers/PY32E407_HAL_Driver/Src/py32e407_hal.c ****   * @{
 133:../../../../../Drivers/PY32E407_HAL_Driver/Src/py32e407_hal.c ****   */
 134:../../../../../Drivers/PY32E407_HAL_Driver/Src/py32e407_hal.c **** 
 135:../../../../../Drivers/PY32E407_HAL_Driver/Src/py32e407_hal.c **** /**
 136:../../../../../Drivers/PY32E407_HAL_Driver/Src/py32e407_hal.c ****   * @brief  This function is used to initialize the HAL Library; it must be the first
 137:../../../../../Drivers/PY32E407_HAL_Driver/Src/py32e407_hal.c ****   *         instruction to be executed in the main program (before to call any other
 138:../../../../../Drivers/PY32E407_HAL_Driver/Src/py32e407_hal.c ****   *         HAL function), it performs the following:
 139:../../../../../Drivers/PY32E407_HAL_Driver/Src/py32e407_hal.c ****   *           Configure the Flash prefetch.
 140:../../../../../Drivers/PY32E407_HAL_Driver/Src/py32e407_hal.c ****   *           Configures the SysTick to generate an interrupt each 1 millisecond,
 141:../../../../../Drivers/PY32E407_HAL_Driver/Src/py32e407_hal.c ****   *           which is clocked by the HSI (at this stage, the clock is not yet
 142:../../../../../Drivers/PY32E407_HAL_Driver/Src/py32e407_hal.c ****   *           configured and thus the system is running from the internal HSI at 16 MHz).
 143:../../../../../Drivers/PY32E407_HAL_Driver/Src/py32e407_hal.c ****   *           Set NVIC Group Priority to 3.
 144:../../../../../Drivers/PY32E407_HAL_Driver/Src/py32e407_hal.c ****   *           Calls the HAL_MspInit() callback function defined in user file
ARM GAS  C:\Users\n11ak\AppData\Local\Temp\ccC2s8Vl.s 			page 4


 145:../../../../../Drivers/PY32E407_HAL_Driver/Src/py32e407_hal.c ****   *           "py32e407_hal_msp.c" to do the global low level hardware initialization
 146:../../../../../Drivers/PY32E407_HAL_Driver/Src/py32e407_hal.c ****   *
 147:../../../../../Drivers/PY32E407_HAL_Driver/Src/py32e407_hal.c ****   * @note   SysTick is used as time base for the HAL_Delay() function, the application
 148:../../../../../Drivers/PY32E407_HAL_Driver/Src/py32e407_hal.c ****   *         need to ensure that the SysTick time base is always set to 1 millisecond
 149:../../../../../Drivers/PY32E407_HAL_Driver/Src/py32e407_hal.c ****   *         to have correct HAL operation.
 150:../../../../../Drivers/PY32E407_HAL_Driver/Src/py32e407_hal.c ****   * @retval HAL status
 151:../../../../../Drivers/PY32E407_HAL_Driver/Src/py32e407_hal.c ****   */
 152:../../../../../Drivers/PY32E407_HAL_Driver/Src/py32e407_hal.c **** HAL_StatusTypeDef HAL_Init(void)
 153:../../../../../Drivers/PY32E407_HAL_Driver/Src/py32e407_hal.c **** {
 154:../../../../../Drivers/PY32E407_HAL_Driver/Src/py32e407_hal.c ****   HAL_StatusTypeDef  status = HAL_OK;
 155:../../../../../Drivers/PY32E407_HAL_Driver/Src/py32e407_hal.c ****   /* Set Interrupt Group Priority */
 156:../../../../../Drivers/PY32E407_HAL_Driver/Src/py32e407_hal.c ****   HAL_NVIC_SetPriorityGrouping(NVIC_PRIORITYGROUP_3);
 157:../../../../../Drivers/PY32E407_HAL_Driver/Src/py32e407_hal.c ****   
 158:../../../../../Drivers/PY32E407_HAL_Driver/Src/py32e407_hal.c ****   /* Use SysTick as time base source and configure 1ms tick (default clock after Reset is HSI) */
 159:../../../../../Drivers/PY32E407_HAL_Driver/Src/py32e407_hal.c ****   if (HAL_InitTick(TICK_INT_PRIORITY) != HAL_OK)
 160:../../../../../Drivers/PY32E407_HAL_Driver/Src/py32e407_hal.c ****   {
 161:../../../../../Drivers/PY32E407_HAL_Driver/Src/py32e407_hal.c ****     status = HAL_ERROR;
 162:../../../../../Drivers/PY32E407_HAL_Driver/Src/py32e407_hal.c ****   }
 163:../../../../../Drivers/PY32E407_HAL_Driver/Src/py32e407_hal.c ****   else
 164:../../../../../Drivers/PY32E407_HAL_Driver/Src/py32e407_hal.c ****   {
 165:../../../../../Drivers/PY32E407_HAL_Driver/Src/py32e407_hal.c ****     /* Init the low level hardware */
 166:../../../../../Drivers/PY32E407_HAL_Driver/Src/py32e407_hal.c ****     HAL_MspInit();
 167:../../../../../Drivers/PY32E407_HAL_Driver/Src/py32e407_hal.c ****   }
 168:../../../../../Drivers/PY32E407_HAL_Driver/Src/py32e407_hal.c **** 
 169:../../../../../Drivers/PY32E407_HAL_Driver/Src/py32e407_hal.c ****   /* Return function status */
 170:../../../../../Drivers/PY32E407_HAL_Driver/Src/py32e407_hal.c ****   return status;
 171:../../../../../Drivers/PY32E407_HAL_Driver/Src/py32e407_hal.c **** }
 172:../../../../../Drivers/PY32E407_HAL_Driver/Src/py32e407_hal.c **** 
 173:../../../../../Drivers/PY32E407_HAL_Driver/Src/py32e407_hal.c **** /**
 174:../../../../../Drivers/PY32E407_HAL_Driver/Src/py32e407_hal.c ****   * @brief This function de-Initializes common part of the HAL and stops the systick.
 175:../../../../../Drivers/PY32E407_HAL_Driver/Src/py32e407_hal.c ****   *        of time base.
 176:../../../../../Drivers/PY32E407_HAL_Driver/Src/py32e407_hal.c ****   * @note This function is optional.
 177:../../../../../Drivers/PY32E407_HAL_Driver/Src/py32e407_hal.c ****   * @retval HAL status
 178:../../../../../Drivers/PY32E407_HAL_Driver/Src/py32e407_hal.c ****   */
 179:../../../../../Drivers/PY32E407_HAL_Driver/Src/py32e407_hal.c **** HAL_StatusTypeDef HAL_DeInit(void)
 180:../../../../../Drivers/PY32E407_HAL_Driver/Src/py32e407_hal.c **** {
 181:../../../../../Drivers/PY32E407_HAL_Driver/Src/py32e407_hal.c ****   /* Reset of all peripherals */
 182:../../../../../Drivers/PY32E407_HAL_Driver/Src/py32e407_hal.c ****   __HAL_RCC_APB1_1_FORCE_RESET();
 183:../../../../../Drivers/PY32E407_HAL_Driver/Src/py32e407_hal.c ****   __HAL_RCC_APB1_1_RELEASE_RESET();
 184:../../../../../Drivers/PY32E407_HAL_Driver/Src/py32e407_hal.c ****   
 185:../../../../../Drivers/PY32E407_HAL_Driver/Src/py32e407_hal.c ****   __HAL_RCC_APB1_2_FORCE_RESET();
 186:../../../../../Drivers/PY32E407_HAL_Driver/Src/py32e407_hal.c ****   __HAL_RCC_APB1_2_RELEASE_RESET();
 187:../../../../../Drivers/PY32E407_HAL_Driver/Src/py32e407_hal.c **** 
 188:../../../../../Drivers/PY32E407_HAL_Driver/Src/py32e407_hal.c ****   __HAL_RCC_APB2_FORCE_RESET();
 189:../../../../../Drivers/PY32E407_HAL_Driver/Src/py32e407_hal.c ****   __HAL_RCC_APB2_RELEASE_RESET();
 190:../../../../../Drivers/PY32E407_HAL_Driver/Src/py32e407_hal.c ****   
 191:../../../../../Drivers/PY32E407_HAL_Driver/Src/py32e407_hal.c ****   __HAL_RCC_AHB1_FORCE_RESET();
 192:../../../../../Drivers/PY32E407_HAL_Driver/Src/py32e407_hal.c ****   __HAL_RCC_AHB1_RELEASE_RESET();
 193:../../../../../Drivers/PY32E407_HAL_Driver/Src/py32e407_hal.c ****   
 194:../../../../../Drivers/PY32E407_HAL_Driver/Src/py32e407_hal.c ****   __HAL_RCC_AHB2_FORCE_RESET();
 195:../../../../../Drivers/PY32E407_HAL_Driver/Src/py32e407_hal.c ****   __HAL_RCC_AHB2_RELEASE_RESET();
 196:../../../../../Drivers/PY32E407_HAL_Driver/Src/py32e407_hal.c **** 
 197:../../../../../Drivers/PY32E407_HAL_Driver/Src/py32e407_hal.c ****   /* De-Init the low level hardware */
 198:../../../../../Drivers/PY32E407_HAL_Driver/Src/py32e407_hal.c ****   HAL_MspDeInit();
 199:../../../../../Drivers/PY32E407_HAL_Driver/Src/py32e407_hal.c **** 
 200:../../../../../Drivers/PY32E407_HAL_Driver/Src/py32e407_hal.c ****   /* Return function status */
 201:../../../../../Drivers/PY32E407_HAL_Driver/Src/py32e407_hal.c ****   return HAL_OK;
ARM GAS  C:\Users\n11ak\AppData\Local\Temp\ccC2s8Vl.s 			page 5


 202:../../../../../Drivers/PY32E407_HAL_Driver/Src/py32e407_hal.c **** }
 203:../../../../../Drivers/PY32E407_HAL_Driver/Src/py32e407_hal.c **** 
 204:../../../../../Drivers/PY32E407_HAL_Driver/Src/py32e407_hal.c **** /**
 205:../../../../../Drivers/PY32E407_HAL_Driver/Src/py32e407_hal.c ****   * @brief  Initialize the MSP.
 206:../../../../../Drivers/PY32E407_HAL_Driver/Src/py32e407_hal.c ****   * @retval None
 207:../../../../../Drivers/PY32E407_HAL_Driver/Src/py32e407_hal.c ****   */
 208:../../../../../Drivers/PY32E407_HAL_Driver/Src/py32e407_hal.c **** __weak void HAL_MspInit(void)
 209:../../../../../Drivers/PY32E407_HAL_Driver/Src/py32e407_hal.c **** {
  29              		.loc 1 209 1 view -0
  30              		.cfi_startproc
  31              		@ args = 0, pretend = 0, frame = 0
  32              		@ frame_needed = 0, uses_anonymous_args = 0
  33              		@ link register save eliminated.
 210:../../../../../Drivers/PY32E407_HAL_Driver/Src/py32e407_hal.c ****   /* NOTE : This function should not be modified, when the callback is needed,
 211:../../../../../Drivers/PY32E407_HAL_Driver/Src/py32e407_hal.c ****             the HAL_MspInit could be implemented in the user file
 212:../../../../../Drivers/PY32E407_HAL_Driver/Src/py32e407_hal.c ****    */
 213:../../../../../Drivers/PY32E407_HAL_Driver/Src/py32e407_hal.c **** }
  34              		.loc 1 213 1 view .LVU1
  35 0000 7047     		bx	lr
  36              		.cfi_endproc
  37              	.LFE138:
  39              		.section	.text.HAL_MspDeInit,"ax",%progbits
  40              		.align	1
  41              		.weak	HAL_MspDeInit
  42              		.syntax unified
  43              		.thumb
  44              		.thumb_func
  46              	HAL_MspDeInit:
  47              	.LFB139:
 214:../../../../../Drivers/PY32E407_HAL_Driver/Src/py32e407_hal.c **** 
 215:../../../../../Drivers/PY32E407_HAL_Driver/Src/py32e407_hal.c **** /**
 216:../../../../../Drivers/PY32E407_HAL_Driver/Src/py32e407_hal.c ****   * @brief  DeInitializes the MSP.
 217:../../../../../Drivers/PY32E407_HAL_Driver/Src/py32e407_hal.c ****   * @retval None
 218:../../../../../Drivers/PY32E407_HAL_Driver/Src/py32e407_hal.c ****   */
 219:../../../../../Drivers/PY32E407_HAL_Driver/Src/py32e407_hal.c **** __weak void HAL_MspDeInit(void)
 220:../../../../../Drivers/PY32E407_HAL_Driver/Src/py32e407_hal.c **** {
  48              		.loc 1 220 1 view -0
  49              		.cfi_startproc
  50              		@ args = 0, pretend = 0, frame = 0
  51              		@ frame_needed = 0, uses_anonymous_args = 0
  52              		@ link register save eliminated.
 221:../../../../../Drivers/PY32E407_HAL_Driver/Src/py32e407_hal.c ****   /* NOTE : This function should not be modified, when the callback is needed,
 222:../../../../../Drivers/PY32E407_HAL_Driver/Src/py32e407_hal.c ****             the HAL_MspDeInit could be implemented in the user file
 223:../../../../../Drivers/PY32E407_HAL_Driver/Src/py32e407_hal.c ****    */
 224:../../../../../Drivers/PY32E407_HAL_Driver/Src/py32e407_hal.c **** }
  53              		.loc 1 224 1 view .LVU3
  54 0000 7047     		bx	lr
  55              		.cfi_endproc
  56              	.LFE139:
  58              		.section	.text.HAL_DeInit,"ax",%progbits
  59              		.align	1
  60              		.global	HAL_DeInit
  61              		.syntax unified
  62              		.thumb
  63              		.thumb_func
  65              	HAL_DeInit:
  66              	.LFB137:
ARM GAS  C:\Users\n11ak\AppData\Local\Temp\ccC2s8Vl.s 			page 6


 180:../../../../../Drivers/PY32E407_HAL_Driver/Src/py32e407_hal.c ****   /* Reset of all peripherals */
  67              		.loc 1 180 1 view -0
  68              		.cfi_startproc
  69              		@ args = 0, pretend = 0, frame = 0
  70              		@ frame_needed = 0, uses_anonymous_args = 0
  71 0000 10B5     		push	{r4, lr}
  72              	.LCFI0:
  73              		.cfi_def_cfa_offset 8
  74              		.cfi_offset 4, -8
  75              		.cfi_offset 14, -4
 182:../../../../../Drivers/PY32E407_HAL_Driver/Src/py32e407_hal.c ****   __HAL_RCC_APB1_1_RELEASE_RESET();
  76              		.loc 1 182 3 view .LVU5
  77 0002 094B     		ldr	r3, .L5
  78 0004 4FF0FF32 		mov	r2, #-1
  79 0008 9A63     		str	r2, [r3, #56]
 183:../../../../../Drivers/PY32E407_HAL_Driver/Src/py32e407_hal.c ****   
  80              		.loc 1 183 3 view .LVU6
  81 000a 0024     		movs	r4, #0
  82 000c 9C63     		str	r4, [r3, #56]
 185:../../../../../Drivers/PY32E407_HAL_Driver/Src/py32e407_hal.c ****   __HAL_RCC_APB1_2_RELEASE_RESET();
  83              		.loc 1 185 3 view .LVU7
  84 000e DA63     		str	r2, [r3, #60]
 186:../../../../../Drivers/PY32E407_HAL_Driver/Src/py32e407_hal.c **** 
  85              		.loc 1 186 3 view .LVU8
  86 0010 DC63     		str	r4, [r3, #60]
 188:../../../../../Drivers/PY32E407_HAL_Driver/Src/py32e407_hal.c ****   __HAL_RCC_APB2_RELEASE_RESET();
  87              		.loc 1 188 3 view .LVU9
  88 0012 1A64     		str	r2, [r3, #64]
 189:../../../../../Drivers/PY32E407_HAL_Driver/Src/py32e407_hal.c ****   
  89              		.loc 1 189 3 view .LVU10
  90 0014 1C64     		str	r4, [r3, #64]
 191:../../../../../Drivers/PY32E407_HAL_Driver/Src/py32e407_hal.c ****   __HAL_RCC_AHB1_RELEASE_RESET();
  91              		.loc 1 191 3 view .LVU11
  92 0016 9A62     		str	r2, [r3, #40]
 192:../../../../../Drivers/PY32E407_HAL_Driver/Src/py32e407_hal.c ****   
  93              		.loc 1 192 3 view .LVU12
  94 0018 9C62     		str	r4, [r3, #40]
 194:../../../../../Drivers/PY32E407_HAL_Driver/Src/py32e407_hal.c ****   __HAL_RCC_AHB2_RELEASE_RESET();
  95              		.loc 1 194 3 view .LVU13
  96 001a DA62     		str	r2, [r3, #44]
 195:../../../../../Drivers/PY32E407_HAL_Driver/Src/py32e407_hal.c **** 
  97              		.loc 1 195 3 view .LVU14
  98 001c DC62     		str	r4, [r3, #44]
 198:../../../../../Drivers/PY32E407_HAL_Driver/Src/py32e407_hal.c **** 
  99              		.loc 1 198 3 view .LVU15
 100 001e FFF7FEFF 		bl	HAL_MspDeInit
 101              	.LVL0:
 201:../../../../../Drivers/PY32E407_HAL_Driver/Src/py32e407_hal.c **** }
 102              		.loc 1 201 3 view .LVU16
 202:../../../../../Drivers/PY32E407_HAL_Driver/Src/py32e407_hal.c **** 
 103              		.loc 1 202 1 is_stmt 0 view .LVU17
 104 0022 2046     		mov	r0, r4
 105 0024 10BD     		pop	{r4, pc}
 106              	.L6:
 107 0026 00BF     		.align	2
 108              	.L5:
 109 0028 00100240 		.word	1073876992
ARM GAS  C:\Users\n11ak\AppData\Local\Temp\ccC2s8Vl.s 			page 7


 110              		.cfi_endproc
 111              	.LFE137:
 113              		.section	.text.HAL_InitTick,"ax",%progbits
 114              		.align	1
 115              		.weak	HAL_InitTick
 116              		.syntax unified
 117              		.thumb
 118              		.thumb_func
 120              	HAL_InitTick:
 121              	.LVL1:
 122              	.LFB140:
 225:../../../../../Drivers/PY32E407_HAL_Driver/Src/py32e407_hal.c **** 
 226:../../../../../Drivers/PY32E407_HAL_Driver/Src/py32e407_hal.c **** /**
 227:../../../../../Drivers/PY32E407_HAL_Driver/Src/py32e407_hal.c ****   * @brief This function configures the source of the time base.
 228:../../../../../Drivers/PY32E407_HAL_Driver/Src/py32e407_hal.c ****   *        The time source is configured  to have 1ms time base with a dedicated
 229:../../../../../Drivers/PY32E407_HAL_Driver/Src/py32e407_hal.c ****   *        Tick interrupt priority.
 230:../../../../../Drivers/PY32E407_HAL_Driver/Src/py32e407_hal.c ****   * @note This function is called  automatically at the beginning of program after
 231:../../../../../Drivers/PY32E407_HAL_Driver/Src/py32e407_hal.c ****   *       reset by HAL_Init() or at any time when clock is reconfigured  by HAL_RCC_ClockConfig().
 232:../../../../../Drivers/PY32E407_HAL_Driver/Src/py32e407_hal.c ****   * @note In the default implementation, SysTick timer is the source of time base.
 233:../../../../../Drivers/PY32E407_HAL_Driver/Src/py32e407_hal.c ****   *       It is used to generate interrupts at regular time intervals.
 234:../../../../../Drivers/PY32E407_HAL_Driver/Src/py32e407_hal.c ****   *       Care must be taken if HAL_Delay() is called from a peripheral ISR process,
 235:../../../../../Drivers/PY32E407_HAL_Driver/Src/py32e407_hal.c ****   *       The SysTick interrupt must have higher priority (numerically lower)
 236:../../../../../Drivers/PY32E407_HAL_Driver/Src/py32e407_hal.c ****   *       than the peripheral interrupt. Otherwise the caller ISR process will be blocked.
 237:../../../../../Drivers/PY32E407_HAL_Driver/Src/py32e407_hal.c ****   *       The function is declared as __weak  to be overwritten  in case of other
 238:../../../../../Drivers/PY32E407_HAL_Driver/Src/py32e407_hal.c ****   *       implementation  in user file.
 239:../../../../../Drivers/PY32E407_HAL_Driver/Src/py32e407_hal.c ****   * @param TickPriority Tick interrupt priority.
 240:../../../../../Drivers/PY32E407_HAL_Driver/Src/py32e407_hal.c ****   * @retval HAL status
 241:../../../../../Drivers/PY32E407_HAL_Driver/Src/py32e407_hal.c ****   */
 242:../../../../../Drivers/PY32E407_HAL_Driver/Src/py32e407_hal.c **** __weak HAL_StatusTypeDef HAL_InitTick(uint32_t TickPriority)
 243:../../../../../Drivers/PY32E407_HAL_Driver/Src/py32e407_hal.c **** {
 123              		.loc 1 243 1 is_stmt 1 view -0
 124              		.cfi_startproc
 125              		@ args = 0, pretend = 0, frame = 0
 126              		@ frame_needed = 0, uses_anonymous_args = 0
 127              		.loc 1 243 1 is_stmt 0 view .LVU19
 128 0000 10B5     		push	{r4, lr}
 129              	.LCFI1:
 130              		.cfi_def_cfa_offset 8
 131              		.cfi_offset 4, -8
 132              		.cfi_offset 14, -4
 133 0002 0446     		mov	r4, r0
 244:../../../../../Drivers/PY32E407_HAL_Driver/Src/py32e407_hal.c ****   /* Configure the SysTick to have interrupt in 1ms time basis*/
 245:../../../../../Drivers/PY32E407_HAL_Driver/Src/py32e407_hal.c ****   if (HAL_SYSTICK_Config(SystemCoreClock / (1000U / uwTickFreq)) > 0U)
 134              		.loc 1 245 3 is_stmt 1 view .LVU20
 135              		.loc 1 245 51 is_stmt 0 view .LVU21
 136 0004 0E4B     		ldr	r3, .L13
 137 0006 1868     		ldr	r0, [r3]
 138              	.LVL2:
 139              		.loc 1 245 51 view .LVU22
 140 0008 4FF47A73 		mov	r3, #1000
 141 000c B3FBF0F3 		udiv	r3, r3, r0
 142              		.loc 1 245 7 view .LVU23
 143 0010 0C4A     		ldr	r2, .L13+4
 144 0012 1068     		ldr	r0, [r2]
 145 0014 B0FBF3F0 		udiv	r0, r0, r3
 146 0018 FFF7FEFF 		bl	HAL_SYSTICK_Config
 147              	.LVL3:
ARM GAS  C:\Users\n11ak\AppData\Local\Temp\ccC2s8Vl.s 			page 8


 148              		.loc 1 245 6 view .LVU24
 149 001c 68B9     		cbnz	r0, .L9
 246:../../../../../Drivers/PY32E407_HAL_Driver/Src/py32e407_hal.c ****   {
 247:../../../../../Drivers/PY32E407_HAL_Driver/Src/py32e407_hal.c ****     return HAL_ERROR;
 248:../../../../../Drivers/PY32E407_HAL_Driver/Src/py32e407_hal.c ****   }
 249:../../../../../Drivers/PY32E407_HAL_Driver/Src/py32e407_hal.c **** 
 250:../../../../../Drivers/PY32E407_HAL_Driver/Src/py32e407_hal.c ****   /* Configure the SysTick IRQ priority */
 251:../../../../../Drivers/PY32E407_HAL_Driver/Src/py32e407_hal.c ****   if (TickPriority < (1UL << __NVIC_PRIO_BITS))
 150              		.loc 1 251 3 is_stmt 1 view .LVU25
 151              		.loc 1 251 6 is_stmt 0 view .LVU26
 152 001e 072C     		cmp	r4, #7
 153 0020 01D9     		bls	.L12
 252:../../../../../Drivers/PY32E407_HAL_Driver/Src/py32e407_hal.c ****   {
 253:../../../../../Drivers/PY32E407_HAL_Driver/Src/py32e407_hal.c ****     HAL_NVIC_SetPriority(SysTick_IRQn, TickPriority, 0U);
 254:../../../../../Drivers/PY32E407_HAL_Driver/Src/py32e407_hal.c ****     uwTickPrio = TickPriority;
 255:../../../../../Drivers/PY32E407_HAL_Driver/Src/py32e407_hal.c ****   }
 256:../../../../../Drivers/PY32E407_HAL_Driver/Src/py32e407_hal.c ****   else
 257:../../../../../Drivers/PY32E407_HAL_Driver/Src/py32e407_hal.c ****   {
 258:../../../../../Drivers/PY32E407_HAL_Driver/Src/py32e407_hal.c ****     return HAL_ERROR;
 154              		.loc 1 258 12 view .LVU27
 155 0022 0120     		movs	r0, #1
 156 0024 0AE0     		b	.L8
 157              	.L12:
 253:../../../../../Drivers/PY32E407_HAL_Driver/Src/py32e407_hal.c ****     uwTickPrio = TickPriority;
 158              		.loc 1 253 5 is_stmt 1 view .LVU28
 159 0026 0022     		movs	r2, #0
 160 0028 2146     		mov	r1, r4
 161 002a 4FF0FF30 		mov	r0, #-1
 162 002e FFF7FEFF 		bl	HAL_NVIC_SetPriority
 163              	.LVL4:
 254:../../../../../Drivers/PY32E407_HAL_Driver/Src/py32e407_hal.c ****   }
 164              		.loc 1 254 5 view .LVU29
 254:../../../../../Drivers/PY32E407_HAL_Driver/Src/py32e407_hal.c ****   }
 165              		.loc 1 254 16 is_stmt 0 view .LVU30
 166 0032 054B     		ldr	r3, .L13+8
 167 0034 1C60     		str	r4, [r3]
 259:../../../../../Drivers/PY32E407_HAL_Driver/Src/py32e407_hal.c ****   }
 260:../../../../../Drivers/PY32E407_HAL_Driver/Src/py32e407_hal.c **** 
 261:../../../../../Drivers/PY32E407_HAL_Driver/Src/py32e407_hal.c ****   /* Return function status */
 262:../../../../../Drivers/PY32E407_HAL_Driver/Src/py32e407_hal.c ****   return HAL_OK;
 168              		.loc 1 262 3 is_stmt 1 view .LVU31
 169              		.loc 1 262 10 is_stmt 0 view .LVU32
 170 0036 0020     		movs	r0, #0
 171 0038 00E0     		b	.L8
 172              	.L9:
 247:../../../../../Drivers/PY32E407_HAL_Driver/Src/py32e407_hal.c ****   }
 173              		.loc 1 247 12 view .LVU33
 174 003a 0120     		movs	r0, #1
 175              	.L8:
 263:../../../../../Drivers/PY32E407_HAL_Driver/Src/py32e407_hal.c **** }
 176              		.loc 1 263 1 view .LVU34
 177 003c 10BD     		pop	{r4, pc}
 178              	.LVL5:
 179              	.L14:
 180              		.loc 1 263 1 view .LVU35
 181 003e 00BF     		.align	2
 182              	.L13:
ARM GAS  C:\Users\n11ak\AppData\Local\Temp\ccC2s8Vl.s 			page 9


 183 0040 00000000 		.word	.LANCHOR0
 184 0044 00000000 		.word	SystemCoreClock
 185 0048 00000000 		.word	.LANCHOR1
 186              		.cfi_endproc
 187              	.LFE140:
 189              		.section	.text.HAL_Init,"ax",%progbits
 190              		.align	1
 191              		.global	HAL_Init
 192              		.syntax unified
 193              		.thumb
 194              		.thumb_func
 196              	HAL_Init:
 197              	.LFB136:
 153:../../../../../Drivers/PY32E407_HAL_Driver/Src/py32e407_hal.c ****   HAL_StatusTypeDef  status = HAL_OK;
 198              		.loc 1 153 1 is_stmt 1 view -0
 199              		.cfi_startproc
 200              		@ args = 0, pretend = 0, frame = 0
 201              		@ frame_needed = 0, uses_anonymous_args = 0
 202 0000 10B5     		push	{r4, lr}
 203              	.LCFI2:
 204              		.cfi_def_cfa_offset 8
 205              		.cfi_offset 4, -8
 206              		.cfi_offset 14, -4
 154:../../../../../Drivers/PY32E407_HAL_Driver/Src/py32e407_hal.c ****   /* Set Interrupt Group Priority */
 207              		.loc 1 154 3 view .LVU37
 208              	.LVL6:
 156:../../../../../Drivers/PY32E407_HAL_Driver/Src/py32e407_hal.c ****   
 209              		.loc 1 156 3 view .LVU38
 210 0002 0420     		movs	r0, #4
 211 0004 FFF7FEFF 		bl	HAL_NVIC_SetPriorityGrouping
 212              	.LVL7:
 159:../../../../../Drivers/PY32E407_HAL_Driver/Src/py32e407_hal.c ****   {
 213              		.loc 1 159 3 view .LVU39
 159:../../../../../Drivers/PY32E407_HAL_Driver/Src/py32e407_hal.c ****   {
 214              		.loc 1 159 7 is_stmt 0 view .LVU40
 215 0008 0720     		movs	r0, #7
 216 000a FFF7FEFF 		bl	HAL_InitTick
 217              	.LVL8:
 159:../../../../../Drivers/PY32E407_HAL_Driver/Src/py32e407_hal.c ****   {
 218              		.loc 1 159 6 view .LVU41
 219 000e 10B1     		cbz	r0, .L19
 161:../../../../../Drivers/PY32E407_HAL_Driver/Src/py32e407_hal.c ****   }
 220              		.loc 1 161 12 view .LVU42
 221 0010 0124     		movs	r4, #1
 222              	.L16:
 223              	.LVL9:
 170:../../../../../Drivers/PY32E407_HAL_Driver/Src/py32e407_hal.c **** }
 224              		.loc 1 170 3 is_stmt 1 view .LVU43
 171:../../../../../Drivers/PY32E407_HAL_Driver/Src/py32e407_hal.c **** 
 225              		.loc 1 171 1 is_stmt 0 view .LVU44
 226 0012 2046     		mov	r0, r4
 227 0014 10BD     		pop	{r4, pc}
 228              	.LVL10:
 229              	.L19:
 171:../../../../../Drivers/PY32E407_HAL_Driver/Src/py32e407_hal.c **** 
 230              		.loc 1 171 1 view .LVU45
 231 0016 0446     		mov	r4, r0
ARM GAS  C:\Users\n11ak\AppData\Local\Temp\ccC2s8Vl.s 			page 10


 166:../../../../../Drivers/PY32E407_HAL_Driver/Src/py32e407_hal.c ****   }
 232              		.loc 1 166 5 is_stmt 1 view .LVU46
 233 0018 FFF7FEFF 		bl	HAL_MspInit
 234              	.LVL11:
 235 001c F9E7     		b	.L16
 236              		.cfi_endproc
 237              	.LFE136:
 239              		.section	.text.HAL_IncTick,"ax",%progbits
 240              		.align	1
 241              		.weak	HAL_IncTick
 242              		.syntax unified
 243              		.thumb
 244              		.thumb_func
 246              	HAL_IncTick:
 247              	.LFB141:
 264:../../../../../Drivers/PY32E407_HAL_Driver/Src/py32e407_hal.c **** 
 265:../../../../../Drivers/PY32E407_HAL_Driver/Src/py32e407_hal.c **** /**
 266:../../../../../Drivers/PY32E407_HAL_Driver/Src/py32e407_hal.c ****   * @}
 267:../../../../../Drivers/PY32E407_HAL_Driver/Src/py32e407_hal.c ****   */
 268:../../../../../Drivers/PY32E407_HAL_Driver/Src/py32e407_hal.c **** 
 269:../../../../../Drivers/PY32E407_HAL_Driver/Src/py32e407_hal.c **** /** @defgroup HAL_Exported_Functions_Group2 HAL Control functions
 270:../../../../../Drivers/PY32E407_HAL_Driver/Src/py32e407_hal.c ****   *  @brief    HAL Control functions
 271:../../../../../Drivers/PY32E407_HAL_Driver/Src/py32e407_hal.c ****   *
 272:../../../../../Drivers/PY32E407_HAL_Driver/Src/py32e407_hal.c **** @verbatim
 273:../../../../../Drivers/PY32E407_HAL_Driver/Src/py32e407_hal.c ****  ===============================================================================
 274:../../../../../Drivers/PY32E407_HAL_Driver/Src/py32e407_hal.c ****                       ##### HAL Control functions #####
 275:../../../../../Drivers/PY32E407_HAL_Driver/Src/py32e407_hal.c ****  ===============================================================================
 276:../../../../../Drivers/PY32E407_HAL_Driver/Src/py32e407_hal.c ****     [..]  This section provides functions allowing to:
 277:../../../../../Drivers/PY32E407_HAL_Driver/Src/py32e407_hal.c ****       (+) Provide a tick value in millisecond
 278:../../../../../Drivers/PY32E407_HAL_Driver/Src/py32e407_hal.c ****       (+) Provide a blocking delay in millisecond
 279:../../../../../Drivers/PY32E407_HAL_Driver/Src/py32e407_hal.c ****       (+) Suspend the time base source interrupt
 280:../../../../../Drivers/PY32E407_HAL_Driver/Src/py32e407_hal.c ****       (+) Resume the time base source interrupt
 281:../../../../../Drivers/PY32E407_HAL_Driver/Src/py32e407_hal.c ****       (+) Get the HAL API driver version
 282:../../../../../Drivers/PY32E407_HAL_Driver/Src/py32e407_hal.c ****       (+) Get the device identifier
 283:../../../../../Drivers/PY32E407_HAL_Driver/Src/py32e407_hal.c ****       (+) Get the device revision identifier
 284:../../../../../Drivers/PY32E407_HAL_Driver/Src/py32e407_hal.c **** @endverbatim
 285:../../../../../Drivers/PY32E407_HAL_Driver/Src/py32e407_hal.c ****   * @{
 286:../../../../../Drivers/PY32E407_HAL_Driver/Src/py32e407_hal.c ****   */
 287:../../../../../Drivers/PY32E407_HAL_Driver/Src/py32e407_hal.c **** 
 288:../../../../../Drivers/PY32E407_HAL_Driver/Src/py32e407_hal.c **** /**
 289:../../../../../Drivers/PY32E407_HAL_Driver/Src/py32e407_hal.c ****   * @brief This function is called to increment  a global variable "uwTick"
 290:../../../../../Drivers/PY32E407_HAL_Driver/Src/py32e407_hal.c ****   *        used as application time base.
 291:../../../../../Drivers/PY32E407_HAL_Driver/Src/py32e407_hal.c ****   * @note In the default implementation, this variable is incremented each 1ms
 292:../../../../../Drivers/PY32E407_HAL_Driver/Src/py32e407_hal.c ****   *       in SysTick ISR.
 293:../../../../../Drivers/PY32E407_HAL_Driver/Src/py32e407_hal.c ****   * @note This function is declared as __weak to be overwritten in case of other
 294:../../../../../Drivers/PY32E407_HAL_Driver/Src/py32e407_hal.c ****   *      implementations in user file.
 295:../../../../../Drivers/PY32E407_HAL_Driver/Src/py32e407_hal.c ****   * @retval None
 296:../../../../../Drivers/PY32E407_HAL_Driver/Src/py32e407_hal.c ****   */
 297:../../../../../Drivers/PY32E407_HAL_Driver/Src/py32e407_hal.c **** __weak void HAL_IncTick(void)
 298:../../../../../Drivers/PY32E407_HAL_Driver/Src/py32e407_hal.c **** {
 248              		.loc 1 298 1 view -0
 249              		.cfi_startproc
 250              		@ args = 0, pretend = 0, frame = 0
 251              		@ frame_needed = 0, uses_anonymous_args = 0
 252              		@ link register save eliminated.
 299:../../../../../Drivers/PY32E407_HAL_Driver/Src/py32e407_hal.c ****   uwTick += uwTickFreq;
 253              		.loc 1 299 3 view .LVU48
ARM GAS  C:\Users\n11ak\AppData\Local\Temp\ccC2s8Vl.s 			page 11


 254              		.loc 1 299 10 is_stmt 0 view .LVU49
 255 0000 034A     		ldr	r2, .L21
 256 0002 1368     		ldr	r3, [r2]
 257 0004 0349     		ldr	r1, .L21+4
 258 0006 0968     		ldr	r1, [r1]
 259 0008 0B44     		add	r3, r3, r1
 260 000a 1360     		str	r3, [r2]
 300:../../../../../Drivers/PY32E407_HAL_Driver/Src/py32e407_hal.c **** }
 261              		.loc 1 300 1 view .LVU50
 262 000c 7047     		bx	lr
 263              	.L22:
 264 000e 00BF     		.align	2
 265              	.L21:
 266 0010 00000000 		.word	.LANCHOR2
 267 0014 00000000 		.word	.LANCHOR0
 268              		.cfi_endproc
 269              	.LFE141:
 271              		.section	.text.HAL_GetTick,"ax",%progbits
 272              		.align	1
 273              		.weak	HAL_GetTick
 274              		.syntax unified
 275              		.thumb
 276              		.thumb_func
 278              	HAL_GetTick:
 279              	.LFB142:
 301:../../../../../Drivers/PY32E407_HAL_Driver/Src/py32e407_hal.c **** 
 302:../../../../../Drivers/PY32E407_HAL_Driver/Src/py32e407_hal.c **** /**
 303:../../../../../Drivers/PY32E407_HAL_Driver/Src/py32e407_hal.c ****   * @brief Provides a tick value in millisecond.
 304:../../../../../Drivers/PY32E407_HAL_Driver/Src/py32e407_hal.c ****   * @note  This function is declared as __weak to be overwritten in case of other
 305:../../../../../Drivers/PY32E407_HAL_Driver/Src/py32e407_hal.c ****   *       implementations in user file.
 306:../../../../../Drivers/PY32E407_HAL_Driver/Src/py32e407_hal.c ****   * @retval tick value
 307:../../../../../Drivers/PY32E407_HAL_Driver/Src/py32e407_hal.c ****   */
 308:../../../../../Drivers/PY32E407_HAL_Driver/Src/py32e407_hal.c **** __weak uint32_t HAL_GetTick(void)
 309:../../../../../Drivers/PY32E407_HAL_Driver/Src/py32e407_hal.c **** {
 280              		.loc 1 309 1 is_stmt 1 view -0
 281              		.cfi_startproc
 282              		@ args = 0, pretend = 0, frame = 0
 283              		@ frame_needed = 0, uses_anonymous_args = 0
 284              		@ link register save eliminated.
 310:../../../../../Drivers/PY32E407_HAL_Driver/Src/py32e407_hal.c ****   return uwTick;
 285              		.loc 1 310 3 view .LVU52
 286              		.loc 1 310 10 is_stmt 0 view .LVU53
 287 0000 014B     		ldr	r3, .L24
 288 0002 1868     		ldr	r0, [r3]
 311:../../../../../Drivers/PY32E407_HAL_Driver/Src/py32e407_hal.c **** }
 289              		.loc 1 311 1 view .LVU54
 290 0004 7047     		bx	lr
 291              	.L25:
 292 0006 00BF     		.align	2
 293              	.L24:
 294 0008 00000000 		.word	.LANCHOR2
 295              		.cfi_endproc
 296              	.LFE142:
 298              		.section	.text.HAL_GetTickPrio,"ax",%progbits
 299              		.align	1
 300              		.global	HAL_GetTickPrio
 301              		.syntax unified
ARM GAS  C:\Users\n11ak\AppData\Local\Temp\ccC2s8Vl.s 			page 12


 302              		.thumb
 303              		.thumb_func
 305              	HAL_GetTickPrio:
 306              	.LFB143:
 312:../../../../../Drivers/PY32E407_HAL_Driver/Src/py32e407_hal.c **** 
 313:../../../../../Drivers/PY32E407_HAL_Driver/Src/py32e407_hal.c **** /**
 314:../../../../../Drivers/PY32E407_HAL_Driver/Src/py32e407_hal.c ****   * @brief This function returns a tick priority.
 315:../../../../../Drivers/PY32E407_HAL_Driver/Src/py32e407_hal.c ****   * @retval tick priority
 316:../../../../../Drivers/PY32E407_HAL_Driver/Src/py32e407_hal.c ****   */
 317:../../../../../Drivers/PY32E407_HAL_Driver/Src/py32e407_hal.c **** uint32_t HAL_GetTickPrio(void)
 318:../../../../../Drivers/PY32E407_HAL_Driver/Src/py32e407_hal.c **** {
 307              		.loc 1 318 1 is_stmt 1 view -0
 308              		.cfi_startproc
 309              		@ args = 0, pretend = 0, frame = 0
 310              		@ frame_needed = 0, uses_anonymous_args = 0
 311              		@ link register save eliminated.
 319:../../../../../Drivers/PY32E407_HAL_Driver/Src/py32e407_hal.c ****   return uwTickPrio;
 312              		.loc 1 319 3 view .LVU56
 320:../../../../../Drivers/PY32E407_HAL_Driver/Src/py32e407_hal.c **** }
 313              		.loc 1 320 1 is_stmt 0 view .LVU57
 314 0000 014B     		ldr	r3, .L27
 315 0002 1868     		ldr	r0, [r3]
 316 0004 7047     		bx	lr
 317              	.L28:
 318 0006 00BF     		.align	2
 319              	.L27:
 320 0008 00000000 		.word	.LANCHOR1
 321              		.cfi_endproc
 322              	.LFE143:
 324              		.section	.text.HAL_SetTickFreq,"ax",%progbits
 325              		.align	1
 326              		.global	HAL_SetTickFreq
 327              		.syntax unified
 328              		.thumb
 329              		.thumb_func
 331              	HAL_SetTickFreq:
 332              	.LVL12:
 333              	.LFB144:
 321:../../../../../Drivers/PY32E407_HAL_Driver/Src/py32e407_hal.c **** 
 322:../../../../../Drivers/PY32E407_HAL_Driver/Src/py32e407_hal.c **** /**
 323:../../../../../Drivers/PY32E407_HAL_Driver/Src/py32e407_hal.c ****   * @brief Set new tick Freq.
 324:../../../../../Drivers/PY32E407_HAL_Driver/Src/py32e407_hal.c ****   * @retval status
 325:../../../../../Drivers/PY32E407_HAL_Driver/Src/py32e407_hal.c ****   */
 326:../../../../../Drivers/PY32E407_HAL_Driver/Src/py32e407_hal.c **** HAL_StatusTypeDef HAL_SetTickFreq(uint32_t Freq)
 327:../../../../../Drivers/PY32E407_HAL_Driver/Src/py32e407_hal.c **** {
 334              		.loc 1 327 1 is_stmt 1 view -0
 335              		.cfi_startproc
 336              		@ args = 0, pretend = 0, frame = 0
 337              		@ frame_needed = 0, uses_anonymous_args = 0
 338              		.loc 1 327 1 is_stmt 0 view .LVU59
 339 0000 10B5     		push	{r4, lr}
 340              	.LCFI3:
 341              		.cfi_def_cfa_offset 8
 342              		.cfi_offset 4, -8
 343              		.cfi_offset 14, -4
 328:../../../../../Drivers/PY32E407_HAL_Driver/Src/py32e407_hal.c ****   HAL_StatusTypeDef status  = HAL_OK;
 344              		.loc 1 328 3 is_stmt 1 view .LVU60
ARM GAS  C:\Users\n11ak\AppData\Local\Temp\ccC2s8Vl.s 			page 13


 345              	.LVL13:
 329:../../../../../Drivers/PY32E407_HAL_Driver/Src/py32e407_hal.c ****   uint32_t prevTickFreq;
 346              		.loc 1 329 3 view .LVU61
 330:../../../../../Drivers/PY32E407_HAL_Driver/Src/py32e407_hal.c **** 
 331:../../../../../Drivers/PY32E407_HAL_Driver/Src/py32e407_hal.c ****   assert_param(IS_TICKFREQ(Freq));
 347              		.loc 1 331 3 view .LVU62
 332:../../../../../Drivers/PY32E407_HAL_Driver/Src/py32e407_hal.c **** 
 333:../../../../../Drivers/PY32E407_HAL_Driver/Src/py32e407_hal.c ****   if (uwTickFreq != Freq)
 348              		.loc 1 333 3 view .LVU63
 349              		.loc 1 333 18 is_stmt 0 view .LVU64
 350 0002 084B     		ldr	r3, .L34
 351 0004 1C68     		ldr	r4, [r3]
 352              		.loc 1 333 6 view .LVU65
 353 0006 8442     		cmp	r4, r0
 354 0008 01D1     		bne	.L33
 328:../../../../../Drivers/PY32E407_HAL_Driver/Src/py32e407_hal.c ****   uint32_t prevTickFreq;
 355              		.loc 1 328 21 view .LVU66
 356 000a 0020     		movs	r0, #0
 357              	.LVL14:
 358              	.L30:
 334:../../../../../Drivers/PY32E407_HAL_Driver/Src/py32e407_hal.c ****   {
 335:../../../../../Drivers/PY32E407_HAL_Driver/Src/py32e407_hal.c ****     /* Back up uwTickFreq frequency */
 336:../../../../../Drivers/PY32E407_HAL_Driver/Src/py32e407_hal.c ****     prevTickFreq = uwTickFreq;
 337:../../../../../Drivers/PY32E407_HAL_Driver/Src/py32e407_hal.c **** 
 338:../../../../../Drivers/PY32E407_HAL_Driver/Src/py32e407_hal.c ****     /* Update uwTickFreq global variable used by HAL_InitTick() */
 339:../../../../../Drivers/PY32E407_HAL_Driver/Src/py32e407_hal.c ****     uwTickFreq = Freq;
 340:../../../../../Drivers/PY32E407_HAL_Driver/Src/py32e407_hal.c **** 
 341:../../../../../Drivers/PY32E407_HAL_Driver/Src/py32e407_hal.c ****     /* Apply the new tick Freq  */
 342:../../../../../Drivers/PY32E407_HAL_Driver/Src/py32e407_hal.c ****     status = HAL_InitTick(uwTickPrio);
 343:../../../../../Drivers/PY32E407_HAL_Driver/Src/py32e407_hal.c **** 
 344:../../../../../Drivers/PY32E407_HAL_Driver/Src/py32e407_hal.c ****     if (status != HAL_OK)
 345:../../../../../Drivers/PY32E407_HAL_Driver/Src/py32e407_hal.c ****     {
 346:../../../../../Drivers/PY32E407_HAL_Driver/Src/py32e407_hal.c ****       /* Restore previous tick frequency */
 347:../../../../../Drivers/PY32E407_HAL_Driver/Src/py32e407_hal.c ****       uwTickFreq = prevTickFreq;
 348:../../../../../Drivers/PY32E407_HAL_Driver/Src/py32e407_hal.c ****     }
 349:../../../../../Drivers/PY32E407_HAL_Driver/Src/py32e407_hal.c ****   }
 350:../../../../../Drivers/PY32E407_HAL_Driver/Src/py32e407_hal.c **** 
 351:../../../../../Drivers/PY32E407_HAL_Driver/Src/py32e407_hal.c ****   return status;
 359              		.loc 1 351 3 is_stmt 1 view .LVU67
 352:../../../../../Drivers/PY32E407_HAL_Driver/Src/py32e407_hal.c **** }
 360              		.loc 1 352 1 is_stmt 0 view .LVU68
 361 000c 10BD     		pop	{r4, pc}
 362              	.LVL15:
 363              	.L33:
 336:../../../../../Drivers/PY32E407_HAL_Driver/Src/py32e407_hal.c **** 
 364              		.loc 1 336 5 is_stmt 1 view .LVU69
 339:../../../../../Drivers/PY32E407_HAL_Driver/Src/py32e407_hal.c **** 
 365              		.loc 1 339 5 view .LVU70
 339:../../../../../Drivers/PY32E407_HAL_Driver/Src/py32e407_hal.c **** 
 366              		.loc 1 339 16 is_stmt 0 view .LVU71
 367 000e 1860     		str	r0, [r3]
 342:../../../../../Drivers/PY32E407_HAL_Driver/Src/py32e407_hal.c **** 
 368              		.loc 1 342 5 is_stmt 1 view .LVU72
 342:../../../../../Drivers/PY32E407_HAL_Driver/Src/py32e407_hal.c **** 
 369              		.loc 1 342 14 is_stmt 0 view .LVU73
 370 0010 054B     		ldr	r3, .L34+4
 371 0012 1868     		ldr	r0, [r3]
ARM GAS  C:\Users\n11ak\AppData\Local\Temp\ccC2s8Vl.s 			page 14


 372              	.LVL16:
 342:../../../../../Drivers/PY32E407_HAL_Driver/Src/py32e407_hal.c **** 
 373              		.loc 1 342 14 view .LVU74
 374 0014 FFF7FEFF 		bl	HAL_InitTick
 375              	.LVL17:
 344:../../../../../Drivers/PY32E407_HAL_Driver/Src/py32e407_hal.c ****     {
 376              		.loc 1 344 5 is_stmt 1 view .LVU75
 344:../../../../../Drivers/PY32E407_HAL_Driver/Src/py32e407_hal.c ****     {
 377              		.loc 1 344 8 is_stmt 0 view .LVU76
 378 0018 0028     		cmp	r0, #0
 379 001a F7D0     		beq	.L30
 347:../../../../../Drivers/PY32E407_HAL_Driver/Src/py32e407_hal.c ****     }
 380              		.loc 1 347 7 is_stmt 1 view .LVU77
 347:../../../../../Drivers/PY32E407_HAL_Driver/Src/py32e407_hal.c ****     }
 381              		.loc 1 347 18 is_stmt 0 view .LVU78
 382 001c 014B     		ldr	r3, .L34
 383 001e 1C60     		str	r4, [r3]
 384 0020 F4E7     		b	.L30
 385              	.L35:
 386 0022 00BF     		.align	2
 387              	.L34:
 388 0024 00000000 		.word	.LANCHOR0
 389 0028 00000000 		.word	.LANCHOR1
 390              		.cfi_endproc
 391              	.LFE144:
 393              		.section	.text.HAL_GetTickFreq,"ax",%progbits
 394              		.align	1
 395              		.global	HAL_GetTickFreq
 396              		.syntax unified
 397              		.thumb
 398              		.thumb_func
 400              	HAL_GetTickFreq:
 401              	.LFB145:
 353:../../../../../Drivers/PY32E407_HAL_Driver/Src/py32e407_hal.c **** /**
 354:../../../../../Drivers/PY32E407_HAL_Driver/Src/py32e407_hal.c ****   * @brief Return tick frequency.
 355:../../../../../Drivers/PY32E407_HAL_Driver/Src/py32e407_hal.c ****   * @retval tick period in Hz
 356:../../../../../Drivers/PY32E407_HAL_Driver/Src/py32e407_hal.c ****   */
 357:../../../../../Drivers/PY32E407_HAL_Driver/Src/py32e407_hal.c **** uint32_t HAL_GetTickFreq(void)
 358:../../../../../Drivers/PY32E407_HAL_Driver/Src/py32e407_hal.c **** {
 402              		.loc 1 358 1 is_stmt 1 view -0
 403              		.cfi_startproc
 404              		@ args = 0, pretend = 0, frame = 0
 405              		@ frame_needed = 0, uses_anonymous_args = 0
 406              		@ link register save eliminated.
 359:../../../../../Drivers/PY32E407_HAL_Driver/Src/py32e407_hal.c ****   return uwTickFreq;
 407              		.loc 1 359 3 view .LVU80
 360:../../../../../Drivers/PY32E407_HAL_Driver/Src/py32e407_hal.c **** }
 408              		.loc 1 360 1 is_stmt 0 view .LVU81
 409 0000 014B     		ldr	r3, .L37
 410 0002 1868     		ldr	r0, [r3]
 411 0004 7047     		bx	lr
 412              	.L38:
 413 0006 00BF     		.align	2
 414              	.L37:
 415 0008 00000000 		.word	.LANCHOR0
 416              		.cfi_endproc
 417              	.LFE145:
ARM GAS  C:\Users\n11ak\AppData\Local\Temp\ccC2s8Vl.s 			page 15


 419              		.section	.text.HAL_Delay,"ax",%progbits
 420              		.align	1
 421              		.weak	HAL_Delay
 422              		.syntax unified
 423              		.thumb
 424              		.thumb_func
 426              	HAL_Delay:
 427              	.LVL18:
 428              	.LFB146:
 361:../../../../../Drivers/PY32E407_HAL_Driver/Src/py32e407_hal.c **** 
 362:../../../../../Drivers/PY32E407_HAL_Driver/Src/py32e407_hal.c **** /**
 363:../../../../../Drivers/PY32E407_HAL_Driver/Src/py32e407_hal.c ****   * @brief This function provides minimum delay (in milliseconds) based
 364:../../../../../Drivers/PY32E407_HAL_Driver/Src/py32e407_hal.c ****   *        on variable incremented.
 365:../../../../../Drivers/PY32E407_HAL_Driver/Src/py32e407_hal.c ****   * @note In the default implementation , SysTick timer is the source of time base.
 366:../../../../../Drivers/PY32E407_HAL_Driver/Src/py32e407_hal.c ****   *       It is used to generate interrupts at regular time intervals where uwTick
 367:../../../../../Drivers/PY32E407_HAL_Driver/Src/py32e407_hal.c ****   *       is incremented.
 368:../../../../../Drivers/PY32E407_HAL_Driver/Src/py32e407_hal.c ****   * @note This function is declared as __weak to be overwritten in case of other
 369:../../../../../Drivers/PY32E407_HAL_Driver/Src/py32e407_hal.c ****   *       implementations in user file.
 370:../../../../../Drivers/PY32E407_HAL_Driver/Src/py32e407_hal.c ****   * @param Delay specifies the delay time length, in milliseconds.
 371:../../../../../Drivers/PY32E407_HAL_Driver/Src/py32e407_hal.c ****   * @retval None
 372:../../../../../Drivers/PY32E407_HAL_Driver/Src/py32e407_hal.c ****   */
 373:../../../../../Drivers/PY32E407_HAL_Driver/Src/py32e407_hal.c **** __weak void HAL_Delay(uint32_t Delay)
 374:../../../../../Drivers/PY32E407_HAL_Driver/Src/py32e407_hal.c **** {
 429              		.loc 1 374 1 is_stmt 1 view -0
 430              		.cfi_startproc
 431              		@ args = 0, pretend = 0, frame = 0
 432              		@ frame_needed = 0, uses_anonymous_args = 0
 433              		.loc 1 374 1 is_stmt 0 view .LVU83
 434 0000 38B5     		push	{r3, r4, r5, lr}
 435              	.LCFI4:
 436              		.cfi_def_cfa_offset 16
 437              		.cfi_offset 3, -16
 438              		.cfi_offset 4, -12
 439              		.cfi_offset 5, -8
 440              		.cfi_offset 14, -4
 441 0002 0446     		mov	r4, r0
 375:../../../../../Drivers/PY32E407_HAL_Driver/Src/py32e407_hal.c ****   uint32_t tickstart = HAL_GetTick();
 442              		.loc 1 375 3 is_stmt 1 view .LVU84
 443              		.loc 1 375 24 is_stmt 0 view .LVU85
 444 0004 FFF7FEFF 		bl	HAL_GetTick
 445              	.LVL19:
 446              		.loc 1 375 24 view .LVU86
 447 0008 0546     		mov	r5, r0
 448              	.LVL20:
 376:../../../../../Drivers/PY32E407_HAL_Driver/Src/py32e407_hal.c ****   uint32_t wait = Delay;
 449              		.loc 1 376 3 is_stmt 1 view .LVU87
 377:../../../../../Drivers/PY32E407_HAL_Driver/Src/py32e407_hal.c **** 
 378:../../../../../Drivers/PY32E407_HAL_Driver/Src/py32e407_hal.c ****   /* Add a freq to guarantee minimum wait */
 379:../../../../../Drivers/PY32E407_HAL_Driver/Src/py32e407_hal.c ****   if (wait < HAL_MAX_DELAY)
 450              		.loc 1 379 3 view .LVU88
 451              		.loc 1 379 6 is_stmt 0 view .LVU89
 452 000a B4F1FF3F 		cmp	r4, #-1
 453 000e 02D0     		beq	.L41
 380:../../../../../Drivers/PY32E407_HAL_Driver/Src/py32e407_hal.c ****   {
 381:../../../../../Drivers/PY32E407_HAL_Driver/Src/py32e407_hal.c ****     wait += (uint32_t)(uwTickFreq);
 454              		.loc 1 381 5 is_stmt 1 view .LVU90
 455              		.loc 1 381 13 is_stmt 0 view .LVU91
ARM GAS  C:\Users\n11ak\AppData\Local\Temp\ccC2s8Vl.s 			page 16


 456 0010 044B     		ldr	r3, .L43
 457 0012 1B68     		ldr	r3, [r3]
 458              		.loc 1 381 10 view .LVU92
 459 0014 1C44     		add	r4, r4, r3
 460              	.LVL21:
 461              	.L41:
 382:../../../../../Drivers/PY32E407_HAL_Driver/Src/py32e407_hal.c ****   }
 383:../../../../../Drivers/PY32E407_HAL_Driver/Src/py32e407_hal.c **** 
 384:../../../../../Drivers/PY32E407_HAL_Driver/Src/py32e407_hal.c ****   while ((HAL_GetTick() - tickstart) < wait)
 385:../../../../../Drivers/PY32E407_HAL_Driver/Src/py32e407_hal.c ****   {
 386:../../../../../Drivers/PY32E407_HAL_Driver/Src/py32e407_hal.c ****   }
 462              		.loc 1 386 3 is_stmt 1 discriminator 1 view .LVU93
 384:../../../../../Drivers/PY32E407_HAL_Driver/Src/py32e407_hal.c ****   {
 463              		.loc 1 384 9 discriminator 1 view .LVU94
 384:../../../../../Drivers/PY32E407_HAL_Driver/Src/py32e407_hal.c ****   {
 464              		.loc 1 384 11 is_stmt 0 discriminator 1 view .LVU95
 465 0016 FFF7FEFF 		bl	HAL_GetTick
 466              	.LVL22:
 384:../../../../../Drivers/PY32E407_HAL_Driver/Src/py32e407_hal.c ****   {
 467              		.loc 1 384 25 discriminator 1 view .LVU96
 468 001a 401B     		subs	r0, r0, r5
 384:../../../../../Drivers/PY32E407_HAL_Driver/Src/py32e407_hal.c ****   {
 469              		.loc 1 384 9 discriminator 1 view .LVU97
 470 001c A042     		cmp	r0, r4
 471 001e FAD3     		bcc	.L41
 387:../../../../../Drivers/PY32E407_HAL_Driver/Src/py32e407_hal.c **** }
 472              		.loc 1 387 1 view .LVU98
 473 0020 38BD     		pop	{r3, r4, r5, pc}
 474              	.LVL23:
 475              	.L44:
 476              		.loc 1 387 1 view .LVU99
 477 0022 00BF     		.align	2
 478              	.L43:
 479 0024 00000000 		.word	.LANCHOR0
 480              		.cfi_endproc
 481              	.LFE146:
 483              		.section	.text.HAL_SuspendTick,"ax",%progbits
 484              		.align	1
 485              		.weak	HAL_SuspendTick
 486              		.syntax unified
 487              		.thumb
 488              		.thumb_func
 490              	HAL_SuspendTick:
 491              	.LFB147:
 388:../../../../../Drivers/PY32E407_HAL_Driver/Src/py32e407_hal.c **** 
 389:../../../../../Drivers/PY32E407_HAL_Driver/Src/py32e407_hal.c **** /**
 390:../../../../../Drivers/PY32E407_HAL_Driver/Src/py32e407_hal.c ****   * @brief Suspend Tick increment.
 391:../../../../../Drivers/PY32E407_HAL_Driver/Src/py32e407_hal.c ****   * @note In the default implementation , SysTick timer is the source of time base. It is
 392:../../../../../Drivers/PY32E407_HAL_Driver/Src/py32e407_hal.c ****   *       used to generate interrupts at regular time intervals. Once HAL_SuspendTick()
 393:../../../../../Drivers/PY32E407_HAL_Driver/Src/py32e407_hal.c ****   *       is called, the SysTick interrupt will be disabled and so Tick increment
 394:../../../../../Drivers/PY32E407_HAL_Driver/Src/py32e407_hal.c ****   *       is suspended.
 395:../../../../../Drivers/PY32E407_HAL_Driver/Src/py32e407_hal.c ****   * @note This function is declared as __weak to be overwritten in case of other
 396:../../../../../Drivers/PY32E407_HAL_Driver/Src/py32e407_hal.c ****   *       implementations in user file.
 397:../../../../../Drivers/PY32E407_HAL_Driver/Src/py32e407_hal.c ****   * @retval None
 398:../../../../../Drivers/PY32E407_HAL_Driver/Src/py32e407_hal.c ****   */
 399:../../../../../Drivers/PY32E407_HAL_Driver/Src/py32e407_hal.c **** __weak void HAL_SuspendTick(void)
 400:../../../../../Drivers/PY32E407_HAL_Driver/Src/py32e407_hal.c **** {
ARM GAS  C:\Users\n11ak\AppData\Local\Temp\ccC2s8Vl.s 			page 17


 492              		.loc 1 400 1 is_stmt 1 view -0
 493              		.cfi_startproc
 494              		@ args = 0, pretend = 0, frame = 0
 495              		@ frame_needed = 0, uses_anonymous_args = 0
 496              		@ link register save eliminated.
 401:../../../../../Drivers/PY32E407_HAL_Driver/Src/py32e407_hal.c ****   /* Disable SysTick Interrupt */
 402:../../../../../Drivers/PY32E407_HAL_Driver/Src/py32e407_hal.c ****   CLEAR_BIT(SysTick->CTRL, SysTick_CTRL_TICKINT_Msk);
 497              		.loc 1 402 3 view .LVU101
 498 0000 4FF0E022 		mov	r2, #-536813568
 499 0004 1369     		ldr	r3, [r2, #16]
 500 0006 23F00203 		bic	r3, r3, #2
 501 000a 1361     		str	r3, [r2, #16]
 403:../../../../../Drivers/PY32E407_HAL_Driver/Src/py32e407_hal.c **** }
 502              		.loc 1 403 1 is_stmt 0 view .LVU102
 503 000c 7047     		bx	lr
 504              		.cfi_endproc
 505              	.LFE147:
 507              		.section	.text.HAL_ResumeTick,"ax",%progbits
 508              		.align	1
 509              		.weak	HAL_ResumeTick
 510              		.syntax unified
 511              		.thumb
 512              		.thumb_func
 514              	HAL_ResumeTick:
 515              	.LFB148:
 404:../../../../../Drivers/PY32E407_HAL_Driver/Src/py32e407_hal.c **** 
 405:../../../../../Drivers/PY32E407_HAL_Driver/Src/py32e407_hal.c **** /**
 406:../../../../../Drivers/PY32E407_HAL_Driver/Src/py32e407_hal.c ****   * @brief Resume Tick increment.
 407:../../../../../Drivers/PY32E407_HAL_Driver/Src/py32e407_hal.c ****   * @note In the default implementation , SysTick timer is the source of time base. It is
 408:../../../../../Drivers/PY32E407_HAL_Driver/Src/py32e407_hal.c ****   *       used to generate interrupts at regular time intervals. Once HAL_ResumeTick()
 409:../../../../../Drivers/PY32E407_HAL_Driver/Src/py32e407_hal.c ****   *       is called, the SysTick interrupt will be enabled and so Tick increment
 410:../../../../../Drivers/PY32E407_HAL_Driver/Src/py32e407_hal.c ****   *       is resumed.
 411:../../../../../Drivers/PY32E407_HAL_Driver/Src/py32e407_hal.c ****   * @note This function is declared as __weak to be overwritten in case of other
 412:../../../../../Drivers/PY32E407_HAL_Driver/Src/py32e407_hal.c ****   *       implementations in user file.
 413:../../../../../Drivers/PY32E407_HAL_Driver/Src/py32e407_hal.c ****   * @retval None
 414:../../../../../Drivers/PY32E407_HAL_Driver/Src/py32e407_hal.c ****   */
 415:../../../../../Drivers/PY32E407_HAL_Driver/Src/py32e407_hal.c **** __weak void HAL_ResumeTick(void)
 416:../../../../../Drivers/PY32E407_HAL_Driver/Src/py32e407_hal.c **** {
 516              		.loc 1 416 1 is_stmt 1 view -0
 517              		.cfi_startproc
 518              		@ args = 0, pretend = 0, frame = 0
 519              		@ frame_needed = 0, uses_anonymous_args = 0
 520              		@ link register save eliminated.
 417:../../../../../Drivers/PY32E407_HAL_Driver/Src/py32e407_hal.c ****   /* Enable SysTick Interrupt */
 418:../../../../../Drivers/PY32E407_HAL_Driver/Src/py32e407_hal.c ****   SET_BIT(SysTick->CTRL, SysTick_CTRL_TICKINT_Msk);
 521              		.loc 1 418 3 view .LVU104
 522 0000 4FF0E022 		mov	r2, #-536813568
 523 0004 1369     		ldr	r3, [r2, #16]
 524 0006 43F00203 		orr	r3, r3, #2
 525 000a 1361     		str	r3, [r2, #16]
 419:../../../../../Drivers/PY32E407_HAL_Driver/Src/py32e407_hal.c **** }
 526              		.loc 1 419 1 is_stmt 0 view .LVU105
 527 000c 7047     		bx	lr
 528              		.cfi_endproc
 529              	.LFE148:
 531              		.section	.text.HAL_GetHalVersion,"ax",%progbits
 532              		.align	1
ARM GAS  C:\Users\n11ak\AppData\Local\Temp\ccC2s8Vl.s 			page 18


 533              		.global	HAL_GetHalVersion
 534              		.syntax unified
 535              		.thumb
 536              		.thumb_func
 538              	HAL_GetHalVersion:
 539              	.LFB149:
 420:../../../../../Drivers/PY32E407_HAL_Driver/Src/py32e407_hal.c **** 
 421:../../../../../Drivers/PY32E407_HAL_Driver/Src/py32e407_hal.c **** /**
 422:../../../../../Drivers/PY32E407_HAL_Driver/Src/py32e407_hal.c ****   * @brief  Returns the HAL revision
 423:../../../../../Drivers/PY32E407_HAL_Driver/Src/py32e407_hal.c ****   * @retval version 0xXYZR (8bits for each decimal, R for RC)
 424:../../../../../Drivers/PY32E407_HAL_Driver/Src/py32e407_hal.c ****   */
 425:../../../../../Drivers/PY32E407_HAL_Driver/Src/py32e407_hal.c **** uint32_t HAL_GetHalVersion(void)
 426:../../../../../Drivers/PY32E407_HAL_Driver/Src/py32e407_hal.c **** {
 540              		.loc 1 426 1 is_stmt 1 view -0
 541              		.cfi_startproc
 542              		@ args = 0, pretend = 0, frame = 0
 543              		@ frame_needed = 0, uses_anonymous_args = 0
 544              		@ link register save eliminated.
 427:../../../../../Drivers/PY32E407_HAL_Driver/Src/py32e407_hal.c ****   return __PY32E407_HAL_VERSION;
 545              		.loc 1 427 3 view .LVU107
 428:../../../../../Drivers/PY32E407_HAL_Driver/Src/py32e407_hal.c **** }
 546              		.loc 1 428 1 is_stmt 0 view .LVU108
 547 0000 4FF48070 		mov	r0, #256
 548 0004 7047     		bx	lr
 549              		.cfi_endproc
 550              	.LFE149:
 552              		.section	.text.HAL_GetREVID,"ax",%progbits
 553              		.align	1
 554              		.global	HAL_GetREVID
 555              		.syntax unified
 556              		.thumb
 557              		.thumb_func
 559              	HAL_GetREVID:
 560              	.LFB150:
 429:../../../../../Drivers/PY32E407_HAL_Driver/Src/py32e407_hal.c **** 
 430:../../../../../Drivers/PY32E407_HAL_Driver/Src/py32e407_hal.c **** /**
 431:../../../../../Drivers/PY32E407_HAL_Driver/Src/py32e407_hal.c ****   * @brief Returns the device revision identifier.
 432:../../../../../Drivers/PY32E407_HAL_Driver/Src/py32e407_hal.c ****   * Note: On devices PY32E407
 433:../../../../../Drivers/PY32E407_HAL_Driver/Src/py32e407_hal.c ****   *       Debug registers DBGMCU_IDCODE and DBGMCU_CR are accessible only in
 434:../../../../../Drivers/PY32E407_HAL_Driver/Src/py32e407_hal.c ****   *       debug mode (not accessible by the user software in normal mode).
 435:../../../../../Drivers/PY32E407_HAL_Driver/Src/py32e407_hal.c ****   *       Refer to errata sheet of these devices for more details.
 436:../../../../../Drivers/PY32E407_HAL_Driver/Src/py32e407_hal.c ****   * @retval Device revision identifier
 437:../../../../../Drivers/PY32E407_HAL_Driver/Src/py32e407_hal.c ****   */
 438:../../../../../Drivers/PY32E407_HAL_Driver/Src/py32e407_hal.c **** uint32_t HAL_GetREVID(void)
 439:../../../../../Drivers/PY32E407_HAL_Driver/Src/py32e407_hal.c **** {
 561              		.loc 1 439 1 is_stmt 1 view -0
 562              		.cfi_startproc
 563              		@ args = 0, pretend = 0, frame = 0
 564              		@ frame_needed = 0, uses_anonymous_args = 0
 565              		@ link register save eliminated.
 440:../../../../../Drivers/PY32E407_HAL_Driver/Src/py32e407_hal.c ****   return ((DBGMCU->IDCODE) >> DBGMCU_IDCODE_REV_ID_Pos);
 566              		.loc 1 440 3 view .LVU110
 567              		.loc 1 440 28 is_stmt 0 view .LVU111
 568 0000 014B     		ldr	r3, .L49
 569 0002 1868     		ldr	r0, [r3]
 441:../../../../../Drivers/PY32E407_HAL_Driver/Src/py32e407_hal.c **** }
 570              		.loc 1 441 1 view .LVU112
ARM GAS  C:\Users\n11ak\AppData\Local\Temp\ccC2s8Vl.s 			page 19


 571 0004 7047     		bx	lr
 572              	.L50:
 573 0006 00BF     		.align	2
 574              	.L49:
 575 0008 002004E0 		.word	-536600576
 576              		.cfi_endproc
 577              	.LFE150:
 579              		.section	.text.HAL_GetDEVID,"ax",%progbits
 580              		.align	1
 581              		.global	HAL_GetDEVID
 582              		.syntax unified
 583              		.thumb
 584              		.thumb_func
 586              	HAL_GetDEVID:
 587              	.LFB151:
 442:../../../../../Drivers/PY32E407_HAL_Driver/Src/py32e407_hal.c **** 
 443:../../../../../Drivers/PY32E407_HAL_Driver/Src/py32e407_hal.c **** /**
 444:../../../../../Drivers/PY32E407_HAL_Driver/Src/py32e407_hal.c ****   * @brief  Returns the device identifier.
 445:../../../../../Drivers/PY32E407_HAL_Driver/Src/py32e407_hal.c ****   * Note: On devices PY32E407
 446:../../../../../Drivers/PY32E407_HAL_Driver/Src/py32e407_hal.c ****   *       Debug registers DBGMCU_IDCODE and DBGMCU_CR are accessible only in
 447:../../../../../Drivers/PY32E407_HAL_Driver/Src/py32e407_hal.c ****   *       debug mode (not accessible by the user software in normal mode).
 448:../../../../../Drivers/PY32E407_HAL_Driver/Src/py32e407_hal.c ****   *       Refer to errata sheet of these devices for more details.
 449:../../../../../Drivers/PY32E407_HAL_Driver/Src/py32e407_hal.c ****   * @retval Device identifier
 450:../../../../../Drivers/PY32E407_HAL_Driver/Src/py32e407_hal.c ****   */
 451:../../../../../Drivers/PY32E407_HAL_Driver/Src/py32e407_hal.c **** uint32_t HAL_GetDEVID(void)
 452:../../../../../Drivers/PY32E407_HAL_Driver/Src/py32e407_hal.c **** {
 588              		.loc 1 452 1 is_stmt 1 view -0
 589              		.cfi_startproc
 590              		@ args = 0, pretend = 0, frame = 0
 591              		@ frame_needed = 0, uses_anonymous_args = 0
 592              		@ link register save eliminated.
 453:../../../../../Drivers/PY32E407_HAL_Driver/Src/py32e407_hal.c ****   return ((DBGMCU->IDCODE) & IDCODE_DEVID_MASK);
 593              		.loc 1 453 3 view .LVU114
 594              		.loc 1 453 18 is_stmt 0 view .LVU115
 595 0000 024B     		ldr	r3, .L52
 596 0002 1868     		ldr	r0, [r3]
 454:../../../../../Drivers/PY32E407_HAL_Driver/Src/py32e407_hal.c **** }
 597              		.loc 1 454 1 view .LVU116
 598 0004 C0F30B00 		ubfx	r0, r0, #0, #12
 599 0008 7047     		bx	lr
 600              	.L53:
 601 000a 00BF     		.align	2
 602              	.L52:
 603 000c 002004E0 		.word	-536600576
 604              		.cfi_endproc
 605              	.LFE151:
 607              		.section	.text.HAL_GetUID,"ax",%progbits
 608              		.align	1
 609              		.global	HAL_GetUID
 610              		.syntax unified
 611              		.thumb
 612              		.thumb_func
 614              	HAL_GetUID:
 615              	.LVL24:
 616              	.LFB152:
 455:../../../../../Drivers/PY32E407_HAL_Driver/Src/py32e407_hal.c **** 
 456:../../../../../Drivers/PY32E407_HAL_Driver/Src/py32e407_hal.c **** /**
ARM GAS  C:\Users\n11ak\AppData\Local\Temp\ccC2s8Vl.s 			page 20


 457:../../../../../Drivers/PY32E407_HAL_Driver/Src/py32e407_hal.c ****   * @brief  Returns first word of the unique device identifier (UID based on 512 Bytes)
 458:../../../../../Drivers/PY32E407_HAL_Driver/Src/py32e407_hal.c ****   * @param  WordNumber Word number to read, this parameter must be a number between 
 459:../../../../../Drivers/PY32E407_HAL_Driver/Src/py32e407_hal.c ****             Min_Data = 0 and Max_Data = 127
 460:../../../../../Drivers/PY32E407_HAL_Driver/Src/py32e407_hal.c ****   * @retval Device identifier
 461:../../../../../Drivers/PY32E407_HAL_Driver/Src/py32e407_hal.c ****   */
 462:../../../../../Drivers/PY32E407_HAL_Driver/Src/py32e407_hal.c **** uint32_t HAL_GetUID(uint8_t WordNumber)
 463:../../../../../Drivers/PY32E407_HAL_Driver/Src/py32e407_hal.c **** {
 617              		.loc 1 463 1 is_stmt 1 view -0
 618              		.cfi_startproc
 619              		@ args = 0, pretend = 0, frame = 0
 620              		@ frame_needed = 0, uses_anonymous_args = 0
 621              		@ link register save eliminated.
 464:../../../../../Drivers/PY32E407_HAL_Driver/Src/py32e407_hal.c ****    return(READ_REG(*((uint32_t *)(UID_BASE + WordNumber * 4U))));
 622              		.loc 1 464 4 view .LVU118
 623              		.loc 1 464 11 is_stmt 0 view .LVU119
 624 0000 00F10060 		add	r0, r0, #134217728
 625              	.LVL25:
 626              		.loc 1 464 11 view .LVU120
 627 0004 A0F50250 		sub	r0, r0, #8320
 628 0008 8000     		lsls	r0, r0, #2
 465:../../../../../Drivers/PY32E407_HAL_Driver/Src/py32e407_hal.c **** }
 629              		.loc 1 465 1 view .LVU121
 630 000a 0068     		ldr	r0, [r0]
 631 000c 7047     		bx	lr
 632              		.cfi_endproc
 633              	.LFE152:
 635              		.section	.text.HAL_GetUIDw0,"ax",%progbits
 636              		.align	1
 637              		.global	HAL_GetUIDw0
 638              		.syntax unified
 639              		.thumb
 640              		.thumb_func
 642              	HAL_GetUIDw0:
 643              	.LFB153:
 466:../../../../../Drivers/PY32E407_HAL_Driver/Src/py32e407_hal.c **** 
 467:../../../../../Drivers/PY32E407_HAL_Driver/Src/py32e407_hal.c **** /**
 468:../../../../../Drivers/PY32E407_HAL_Driver/Src/py32e407_hal.c ****   * @brief  Returns first word of the unique device identifier
 469:../../../../../Drivers/PY32E407_HAL_Driver/Src/py32e407_hal.c ****   * @retval Device identifier
 470:../../../../../Drivers/PY32E407_HAL_Driver/Src/py32e407_hal.c ****   */
 471:../../../../../Drivers/PY32E407_HAL_Driver/Src/py32e407_hal.c **** uint32_t HAL_GetUIDw0(void)
 472:../../../../../Drivers/PY32E407_HAL_Driver/Src/py32e407_hal.c **** {
 644              		.loc 1 472 1 is_stmt 1 view -0
 645              		.cfi_startproc
 646              		@ args = 0, pretend = 0, frame = 0
 647              		@ frame_needed = 0, uses_anonymous_args = 0
 648              		@ link register save eliminated.
 473:../../../../../Drivers/PY32E407_HAL_Driver/Src/py32e407_hal.c ****   return (READ_REG(*((uint32_t *)UID_BASE)));
 649              		.loc 1 473 3 view .LVU123
 474:../../../../../Drivers/PY32E407_HAL_Driver/Src/py32e407_hal.c **** }
 650              		.loc 1 474 1 is_stmt 0 view .LVU124
 651 0000 014B     		ldr	r3, .L56
 652 0002 D3F8000E 		ldr	r0, [r3, #3584]
 653 0006 7047     		bx	lr
 654              	.L57:
 655              		.align	2
 656              	.L56:
 657 0008 0070FF1F 		.word	536834048
ARM GAS  C:\Users\n11ak\AppData\Local\Temp\ccC2s8Vl.s 			page 21


 658              		.cfi_endproc
 659              	.LFE153:
 661              		.section	.text.HAL_GetUIDw1,"ax",%progbits
 662              		.align	1
 663              		.global	HAL_GetUIDw1
 664              		.syntax unified
 665              		.thumb
 666              		.thumb_func
 668              	HAL_GetUIDw1:
 669              	.LFB154:
 475:../../../../../Drivers/PY32E407_HAL_Driver/Src/py32e407_hal.c **** 
 476:../../../../../Drivers/PY32E407_HAL_Driver/Src/py32e407_hal.c **** /**
 477:../../../../../Drivers/PY32E407_HAL_Driver/Src/py32e407_hal.c ****   * @brief  Returns second word of the unique device identifier
 478:../../../../../Drivers/PY32E407_HAL_Driver/Src/py32e407_hal.c ****   * @retval Device identifier
 479:../../../../../Drivers/PY32E407_HAL_Driver/Src/py32e407_hal.c ****   */
 480:../../../../../Drivers/PY32E407_HAL_Driver/Src/py32e407_hal.c **** uint32_t HAL_GetUIDw1(void)
 481:../../../../../Drivers/PY32E407_HAL_Driver/Src/py32e407_hal.c **** {
 670              		.loc 1 481 1 is_stmt 1 view -0
 671              		.cfi_startproc
 672              		@ args = 0, pretend = 0, frame = 0
 673              		@ frame_needed = 0, uses_anonymous_args = 0
 674              		@ link register save eliminated.
 482:../../../../../Drivers/PY32E407_HAL_Driver/Src/py32e407_hal.c ****   return (READ_REG(*((uint32_t *)(UID_BASE + 4U))));
 675              		.loc 1 482 3 view .LVU126
 483:../../../../../Drivers/PY32E407_HAL_Driver/Src/py32e407_hal.c **** }
 676              		.loc 1 483 1 is_stmt 0 view .LVU127
 677 0000 014B     		ldr	r3, .L59
 678 0002 D3F8040E 		ldr	r0, [r3, #3588]
 679 0006 7047     		bx	lr
 680              	.L60:
 681              		.align	2
 682              	.L59:
 683 0008 0070FF1F 		.word	536834048
 684              		.cfi_endproc
 685              	.LFE154:
 687              		.section	.text.HAL_GetUIDw2,"ax",%progbits
 688              		.align	1
 689              		.global	HAL_GetUIDw2
 690              		.syntax unified
 691              		.thumb
 692              		.thumb_func
 694              	HAL_GetUIDw2:
 695              	.LFB155:
 484:../../../../../Drivers/PY32E407_HAL_Driver/Src/py32e407_hal.c **** 
 485:../../../../../Drivers/PY32E407_HAL_Driver/Src/py32e407_hal.c **** /**
 486:../../../../../Drivers/PY32E407_HAL_Driver/Src/py32e407_hal.c ****   * @brief  Returns third word of the unique device identifier
 487:../../../../../Drivers/PY32E407_HAL_Driver/Src/py32e407_hal.c ****   * @retval Device identifier
 488:../../../../../Drivers/PY32E407_HAL_Driver/Src/py32e407_hal.c ****   */
 489:../../../../../Drivers/PY32E407_HAL_Driver/Src/py32e407_hal.c **** uint32_t HAL_GetUIDw2(void)
 490:../../../../../Drivers/PY32E407_HAL_Driver/Src/py32e407_hal.c **** {
 696              		.loc 1 490 1 is_stmt 1 view -0
 697              		.cfi_startproc
 698              		@ args = 0, pretend = 0, frame = 0
 699              		@ frame_needed = 0, uses_anonymous_args = 0
 700              		@ link register save eliminated.
 491:../../../../../Drivers/PY32E407_HAL_Driver/Src/py32e407_hal.c ****   return (READ_REG(*((uint32_t *)(UID_BASE + 8U))));
 701              		.loc 1 491 3 view .LVU129
ARM GAS  C:\Users\n11ak\AppData\Local\Temp\ccC2s8Vl.s 			page 22


 492:../../../../../Drivers/PY32E407_HAL_Driver/Src/py32e407_hal.c **** }
 702              		.loc 1 492 1 is_stmt 0 view .LVU130
 703 0000 014B     		ldr	r3, .L62
 704 0002 D3F8080E 		ldr	r0, [r3, #3592]
 705 0006 7047     		bx	lr
 706              	.L63:
 707              		.align	2
 708              	.L62:
 709 0008 0070FF1F 		.word	536834048
 710              		.cfi_endproc
 711              	.LFE155:
 713              		.section	.text.HAL_DBGMCU_EnableDBGSleepMode,"ax",%progbits
 714              		.align	1
 715              		.global	HAL_DBGMCU_EnableDBGSleepMode
 716              		.syntax unified
 717              		.thumb
 718              		.thumb_func
 720              	HAL_DBGMCU_EnableDBGSleepMode:
 721              	.LFB156:
 493:../../../../../Drivers/PY32E407_HAL_Driver/Src/py32e407_hal.c **** 
 494:../../../../../Drivers/PY32E407_HAL_Driver/Src/py32e407_hal.c **** /**
 495:../../../../../Drivers/PY32E407_HAL_Driver/Src/py32e407_hal.c ****   * @}
 496:../../../../../Drivers/PY32E407_HAL_Driver/Src/py32e407_hal.c ****   */
 497:../../../../../Drivers/PY32E407_HAL_Driver/Src/py32e407_hal.c **** 
 498:../../../../../Drivers/PY32E407_HAL_Driver/Src/py32e407_hal.c **** /** @defgroup HAL_Exported_Functions_Group3 HAL Debug functions
 499:../../../../../Drivers/PY32E407_HAL_Driver/Src/py32e407_hal.c ****   *  @brief    HAL Debug functions
 500:../../../../../Drivers/PY32E407_HAL_Driver/Src/py32e407_hal.c ****   *
 501:../../../../../Drivers/PY32E407_HAL_Driver/Src/py32e407_hal.c **** @verbatim
 502:../../../../../Drivers/PY32E407_HAL_Driver/Src/py32e407_hal.c ****  ===============================================================================
 503:../../../../../Drivers/PY32E407_HAL_Driver/Src/py32e407_hal.c ****                       ##### HAL Debug functions #####
 504:../../../../../Drivers/PY32E407_HAL_Driver/Src/py32e407_hal.c ****  ===============================================================================
 505:../../../../../Drivers/PY32E407_HAL_Driver/Src/py32e407_hal.c ****     [..]  This section provides functions allowing to:
 506:../../../../../Drivers/PY32E407_HAL_Driver/Src/py32e407_hal.c ****       (+) Enable/Disable Debug module during SLEEP mode
 507:../../../../../Drivers/PY32E407_HAL_Driver/Src/py32e407_hal.c ****       (+) Enable/Disable Debug module during STOP0/STOP1 modes
 508:../../../../../Drivers/PY32E407_HAL_Driver/Src/py32e407_hal.c ****       (+) Enable/Disable Debug module during STANDBY mode
 509:../../../../../Drivers/PY32E407_HAL_Driver/Src/py32e407_hal.c **** 
 510:../../../../../Drivers/PY32E407_HAL_Driver/Src/py32e407_hal.c **** @endverbatim
 511:../../../../../Drivers/PY32E407_HAL_Driver/Src/py32e407_hal.c ****   * @{
 512:../../../../../Drivers/PY32E407_HAL_Driver/Src/py32e407_hal.c ****   */
 513:../../../../../Drivers/PY32E407_HAL_Driver/Src/py32e407_hal.c **** 
 514:../../../../../Drivers/PY32E407_HAL_Driver/Src/py32e407_hal.c **** /**
 515:../../../../../Drivers/PY32E407_HAL_Driver/Src/py32e407_hal.c ****   * @brief  Enable the Debug Module during SLEEP mode
 516:../../../../../Drivers/PY32E407_HAL_Driver/Src/py32e407_hal.c ****   * @retval None
 517:../../../../../Drivers/PY32E407_HAL_Driver/Src/py32e407_hal.c ****   */
 518:../../../../../Drivers/PY32E407_HAL_Driver/Src/py32e407_hal.c **** void HAL_DBGMCU_EnableDBGSleepMode(void)
 519:../../../../../Drivers/PY32E407_HAL_Driver/Src/py32e407_hal.c **** {
 722              		.loc 1 519 1 is_stmt 1 view -0
 723              		.cfi_startproc
 724              		@ args = 0, pretend = 0, frame = 0
 725              		@ frame_needed = 0, uses_anonymous_args = 0
 726              		@ link register save eliminated.
 520:../../../../../Drivers/PY32E407_HAL_Driver/Src/py32e407_hal.c ****   SET_BIT(DBGMCU->CR1, DBGMCU_CR1_DBG_SLEEP);
 727              		.loc 1 520 3 view .LVU132
 728 0000 024A     		ldr	r2, .L65
 729 0002 5368     		ldr	r3, [r2, #4]
 730 0004 43F00103 		orr	r3, r3, #1
 731 0008 5360     		str	r3, [r2, #4]
ARM GAS  C:\Users\n11ak\AppData\Local\Temp\ccC2s8Vl.s 			page 23


 521:../../../../../Drivers/PY32E407_HAL_Driver/Src/py32e407_hal.c **** }
 732              		.loc 1 521 1 is_stmt 0 view .LVU133
 733 000a 7047     		bx	lr
 734              	.L66:
 735              		.align	2
 736              	.L65:
 737 000c 002004E0 		.word	-536600576
 738              		.cfi_endproc
 739              	.LFE156:
 741              		.section	.text.HAL_DBGMCU_DisableDBGSleepMode,"ax",%progbits
 742              		.align	1
 743              		.global	HAL_DBGMCU_DisableDBGSleepMode
 744              		.syntax unified
 745              		.thumb
 746              		.thumb_func
 748              	HAL_DBGMCU_DisableDBGSleepMode:
 749              	.LFB157:
 522:../../../../../Drivers/PY32E407_HAL_Driver/Src/py32e407_hal.c **** 
 523:../../../../../Drivers/PY32E407_HAL_Driver/Src/py32e407_hal.c **** /**
 524:../../../../../Drivers/PY32E407_HAL_Driver/Src/py32e407_hal.c ****   * @brief  Disable the Debug Module during SLEEP mode
 525:../../../../../Drivers/PY32E407_HAL_Driver/Src/py32e407_hal.c ****   * @retval None
 526:../../../../../Drivers/PY32E407_HAL_Driver/Src/py32e407_hal.c ****   */
 527:../../../../../Drivers/PY32E407_HAL_Driver/Src/py32e407_hal.c **** void HAL_DBGMCU_DisableDBGSleepMode(void)
 528:../../../../../Drivers/PY32E407_HAL_Driver/Src/py32e407_hal.c **** {
 750              		.loc 1 528 1 is_stmt 1 view -0
 751              		.cfi_startproc
 752              		@ args = 0, pretend = 0, frame = 0
 753              		@ frame_needed = 0, uses_anonymous_args = 0
 754              		@ link register save eliminated.
 529:../../../../../Drivers/PY32E407_HAL_Driver/Src/py32e407_hal.c ****   CLEAR_BIT(DBGMCU->CR1, DBGMCU_CR1_DBG_SLEEP);
 755              		.loc 1 529 3 view .LVU135
 756 0000 024A     		ldr	r2, .L68
 757 0002 5368     		ldr	r3, [r2, #4]
 758 0004 23F00103 		bic	r3, r3, #1
 759 0008 5360     		str	r3, [r2, #4]
 530:../../../../../Drivers/PY32E407_HAL_Driver/Src/py32e407_hal.c **** }
 760              		.loc 1 530 1 is_stmt 0 view .LVU136
 761 000a 7047     		bx	lr
 762              	.L69:
 763              		.align	2
 764              	.L68:
 765 000c 002004E0 		.word	-536600576
 766              		.cfi_endproc
 767              	.LFE157:
 769              		.section	.text.HAL_DBGMCU_EnableDBGStopMode,"ax",%progbits
 770              		.align	1
 771              		.global	HAL_DBGMCU_EnableDBGStopMode
 772              		.syntax unified
 773              		.thumb
 774              		.thumb_func
 776              	HAL_DBGMCU_EnableDBGStopMode:
 777              	.LFB158:
 531:../../../../../Drivers/PY32E407_HAL_Driver/Src/py32e407_hal.c **** 
 532:../../../../../Drivers/PY32E407_HAL_Driver/Src/py32e407_hal.c **** /**
 533:../../../../../Drivers/PY32E407_HAL_Driver/Src/py32e407_hal.c ****   * @brief  Enable the Debug Module during STOP mode
 534:../../../../../Drivers/PY32E407_HAL_Driver/Src/py32e407_hal.c ****   * @retval None
 535:../../../../../Drivers/PY32E407_HAL_Driver/Src/py32e407_hal.c ****   */
ARM GAS  C:\Users\n11ak\AppData\Local\Temp\ccC2s8Vl.s 			page 24


 536:../../../../../Drivers/PY32E407_HAL_Driver/Src/py32e407_hal.c **** void HAL_DBGMCU_EnableDBGStopMode(void)
 537:../../../../../Drivers/PY32E407_HAL_Driver/Src/py32e407_hal.c **** {
 778              		.loc 1 537 1 is_stmt 1 view -0
 779              		.cfi_startproc
 780              		@ args = 0, pretend = 0, frame = 0
 781              		@ frame_needed = 0, uses_anonymous_args = 0
 782              		@ link register save eliminated.
 538:../../../../../Drivers/PY32E407_HAL_Driver/Src/py32e407_hal.c ****   SET_BIT(DBGMCU->CR1, DBGMCU_CR1_DBG_STOP);
 783              		.loc 1 538 3 view .LVU138
 784 0000 024A     		ldr	r2, .L71
 785 0002 5368     		ldr	r3, [r2, #4]
 786 0004 43F00203 		orr	r3, r3, #2
 787 0008 5360     		str	r3, [r2, #4]
 539:../../../../../Drivers/PY32E407_HAL_Driver/Src/py32e407_hal.c **** }
 788              		.loc 1 539 1 is_stmt 0 view .LVU139
 789 000a 7047     		bx	lr
 790              	.L72:
 791              		.align	2
 792              	.L71:
 793 000c 002004E0 		.word	-536600576
 794              		.cfi_endproc
 795              	.LFE158:
 797              		.section	.text.HAL_DBGMCU_DisableDBGStopMode,"ax",%progbits
 798              		.align	1
 799              		.global	HAL_DBGMCU_DisableDBGStopMode
 800              		.syntax unified
 801              		.thumb
 802              		.thumb_func
 804              	HAL_DBGMCU_DisableDBGStopMode:
 805              	.LFB159:
 540:../../../../../Drivers/PY32E407_HAL_Driver/Src/py32e407_hal.c **** 
 541:../../../../../Drivers/PY32E407_HAL_Driver/Src/py32e407_hal.c **** /**
 542:../../../../../Drivers/PY32E407_HAL_Driver/Src/py32e407_hal.c ****   * @brief  Disable the Debug Module during STOP mode
 543:../../../../../Drivers/PY32E407_HAL_Driver/Src/py32e407_hal.c ****   * @retval None
 544:../../../../../Drivers/PY32E407_HAL_Driver/Src/py32e407_hal.c ****   */
 545:../../../../../Drivers/PY32E407_HAL_Driver/Src/py32e407_hal.c **** void HAL_DBGMCU_DisableDBGStopMode(void)
 546:../../../../../Drivers/PY32E407_HAL_Driver/Src/py32e407_hal.c **** {
 806              		.loc 1 546 1 is_stmt 1 view -0
 807              		.cfi_startproc
 808              		@ args = 0, pretend = 0, frame = 0
 809              		@ frame_needed = 0, uses_anonymous_args = 0
 810              		@ link register save eliminated.
 547:../../../../../Drivers/PY32E407_HAL_Driver/Src/py32e407_hal.c ****   CLEAR_BIT(DBGMCU->CR1, DBGMCU_CR1_DBG_STOP);
 811              		.loc 1 547 3 view .LVU141
 812 0000 024A     		ldr	r2, .L74
 813 0002 5368     		ldr	r3, [r2, #4]
 814 0004 23F00203 		bic	r3, r3, #2
 815 0008 5360     		str	r3, [r2, #4]
 548:../../../../../Drivers/PY32E407_HAL_Driver/Src/py32e407_hal.c **** }
 816              		.loc 1 548 1 is_stmt 0 view .LVU142
 817 000a 7047     		bx	lr
 818              	.L75:
 819              		.align	2
 820              	.L74:
 821 000c 002004E0 		.word	-536600576
 822              		.cfi_endproc
 823              	.LFE159:
ARM GAS  C:\Users\n11ak\AppData\Local\Temp\ccC2s8Vl.s 			page 25


 825              		.section	.text.HAL_DBGMCU_EnableDBGStandbyMode,"ax",%progbits
 826              		.align	1
 827              		.global	HAL_DBGMCU_EnableDBGStandbyMode
 828              		.syntax unified
 829              		.thumb
 830              		.thumb_func
 832              	HAL_DBGMCU_EnableDBGStandbyMode:
 833              	.LFB160:
 549:../../../../../Drivers/PY32E407_HAL_Driver/Src/py32e407_hal.c **** 
 550:../../../../../Drivers/PY32E407_HAL_Driver/Src/py32e407_hal.c **** /**
 551:../../../../../Drivers/PY32E407_HAL_Driver/Src/py32e407_hal.c ****   * @brief  Enable the Debug Module during STANDBY mode
 552:../../../../../Drivers/PY32E407_HAL_Driver/Src/py32e407_hal.c ****   * @retval None
 553:../../../../../Drivers/PY32E407_HAL_Driver/Src/py32e407_hal.c ****   */
 554:../../../../../Drivers/PY32E407_HAL_Driver/Src/py32e407_hal.c **** void HAL_DBGMCU_EnableDBGStandbyMode(void)
 555:../../../../../Drivers/PY32E407_HAL_Driver/Src/py32e407_hal.c **** {
 834              		.loc 1 555 1 is_stmt 1 view -0
 835              		.cfi_startproc
 836              		@ args = 0, pretend = 0, frame = 0
 837              		@ frame_needed = 0, uses_anonymous_args = 0
 838              		@ link register save eliminated.
 556:../../../../../Drivers/PY32E407_HAL_Driver/Src/py32e407_hal.c ****   SET_BIT(DBGMCU->CR1, DBGMCU_CR1_DBG_STDBY);
 839              		.loc 1 556 3 view .LVU144
 840 0000 024A     		ldr	r2, .L77
 841 0002 5368     		ldr	r3, [r2, #4]
 842 0004 43F00403 		orr	r3, r3, #4
 843 0008 5360     		str	r3, [r2, #4]
 557:../../../../../Drivers/PY32E407_HAL_Driver/Src/py32e407_hal.c **** }
 844              		.loc 1 557 1 is_stmt 0 view .LVU145
 845 000a 7047     		bx	lr
 846              	.L78:
 847              		.align	2
 848              	.L77:
 849 000c 002004E0 		.word	-536600576
 850              		.cfi_endproc
 851              	.LFE160:
 853              		.section	.text.HAL_DBGMCU_DisableDBGStandbyMode,"ax",%progbits
 854              		.align	1
 855              		.global	HAL_DBGMCU_DisableDBGStandbyMode
 856              		.syntax unified
 857              		.thumb
 858              		.thumb_func
 860              	HAL_DBGMCU_DisableDBGStandbyMode:
 861              	.LFB161:
 558:../../../../../Drivers/PY32E407_HAL_Driver/Src/py32e407_hal.c **** 
 559:../../../../../Drivers/PY32E407_HAL_Driver/Src/py32e407_hal.c **** /**
 560:../../../../../Drivers/PY32E407_HAL_Driver/Src/py32e407_hal.c ****   * @brief  Disable the Debug Module during STANDBY mode
 561:../../../../../Drivers/PY32E407_HAL_Driver/Src/py32e407_hal.c ****   * @retval None
 562:../../../../../Drivers/PY32E407_HAL_Driver/Src/py32e407_hal.c ****   */
 563:../../../../../Drivers/PY32E407_HAL_Driver/Src/py32e407_hal.c **** void HAL_DBGMCU_DisableDBGStandbyMode(void)
 564:../../../../../Drivers/PY32E407_HAL_Driver/Src/py32e407_hal.c **** {
 862              		.loc 1 564 1 is_stmt 1 view -0
 863              		.cfi_startproc
 864              		@ args = 0, pretend = 0, frame = 0
 865              		@ frame_needed = 0, uses_anonymous_args = 0
 866              		@ link register save eliminated.
 565:../../../../../Drivers/PY32E407_HAL_Driver/Src/py32e407_hal.c ****   CLEAR_BIT(DBGMCU->CR1, DBGMCU_CR1_DBG_STDBY);
 867              		.loc 1 565 3 view .LVU147
ARM GAS  C:\Users\n11ak\AppData\Local\Temp\ccC2s8Vl.s 			page 26


 868 0000 024A     		ldr	r2, .L80
 869 0002 5368     		ldr	r3, [r2, #4]
 870 0004 23F00403 		bic	r3, r3, #4
 871 0008 5360     		str	r3, [r2, #4]
 566:../../../../../Drivers/PY32E407_HAL_Driver/Src/py32e407_hal.c **** }
 872              		.loc 1 566 1 is_stmt 0 view .LVU148
 873 000a 7047     		bx	lr
 874              	.L81:
 875              		.align	2
 876              	.L80:
 877 000c 002004E0 		.word	-536600576
 878              		.cfi_endproc
 879              	.LFE161:
 881              		.section	.text.HAL_SYSCFG_SetRemapMemory,"ax",%progbits
 882              		.align	1
 883              		.global	HAL_SYSCFG_SetRemapMemory
 884              		.syntax unified
 885              		.thumb
 886              		.thumb_func
 888              	HAL_SYSCFG_SetRemapMemory:
 889              	.LVL26:
 890              	.LFB162:
 567:../../../../../Drivers/PY32E407_HAL_Driver/Src/py32e407_hal.c **** 
 568:../../../../../Drivers/PY32E407_HAL_Driver/Src/py32e407_hal.c **** /**
 569:../../../../../Drivers/PY32E407_HAL_Driver/Src/py32e407_hal.c ****   * @}
 570:../../../../../Drivers/PY32E407_HAL_Driver/Src/py32e407_hal.c ****   */
 571:../../../../../Drivers/PY32E407_HAL_Driver/Src/py32e407_hal.c **** 
 572:../../../../../Drivers/PY32E407_HAL_Driver/Src/py32e407_hal.c **** /** @defgroup HAL_Exported_Functions_Group4 HAL SYSCFG configuration functions
 573:../../../../../Drivers/PY32E407_HAL_Driver/Src/py32e407_hal.c ****   *  @brief    HAL SYSCFG configuration functions
 574:../../../../../Drivers/PY32E407_HAL_Driver/Src/py32e407_hal.c ****   *
 575:../../../../../Drivers/PY32E407_HAL_Driver/Src/py32e407_hal.c **** @verbatim
 576:../../../../../Drivers/PY32E407_HAL_Driver/Src/py32e407_hal.c ****  ===============================================================================
 577:../../../../../Drivers/PY32E407_HAL_Driver/Src/py32e407_hal.c ****                       ##### HAL SYSCFG configuration functions #####
 578:../../../../../Drivers/PY32E407_HAL_Driver/Src/py32e407_hal.c ****  ===============================================================================
 579:../../../../../Drivers/PY32E407_HAL_Driver/Src/py32e407_hal.c ****     [..]  This section provides functions allowing to:
 580:../../../../../Drivers/PY32E407_HAL_Driver/Src/py32e407_hal.c ****       (+) Set/Get memory mapping at address 0x00000000
 581:../../../../../Drivers/PY32E407_HAL_Driver/Src/py32e407_hal.c ****       (+) Set/Get Ethernet physical interface
 582:../../../../../Drivers/PY32E407_HAL_Driver/Src/py32e407_hal.c ****       (+) Set/Get remapping of TIM2 internal trigger1
 583:../../../../../Drivers/PY32E407_HAL_Driver/Src/py32e407_hal.c ****       (+) Enable/Disable analog filter of I2C related IO
 584:../../../../../Drivers/PY32E407_HAL_Driver/Src/py32e407_hal.c ****       (+) Enable/Disable GPIO Noise Filter
 585:../../../../../Drivers/PY32E407_HAL_Driver/Src/py32e407_hal.c ****       (+) Enable/Disable GPIO Analog Mode
 586:../../../../../Drivers/PY32E407_HAL_Driver/Src/py32e407_hal.c ****       (+) Start a hardware CCMSRAM erase operation
 587:../../../../../Drivers/PY32E407_HAL_Driver/Src/py32e407_hal.c ****       (+) Enable CCMSRAM page write protection
 588:../../../../../Drivers/PY32E407_HAL_Driver/Src/py32e407_hal.c **** 
 589:../../../../../Drivers/PY32E407_HAL_Driver/Src/py32e407_hal.c **** @endverbatim
 590:../../../../../Drivers/PY32E407_HAL_Driver/Src/py32e407_hal.c ****   * @{
 591:../../../../../Drivers/PY32E407_HAL_Driver/Src/py32e407_hal.c ****   */
 592:../../../../../Drivers/PY32E407_HAL_Driver/Src/py32e407_hal.c **** 
 593:../../../../../Drivers/PY32E407_HAL_Driver/Src/py32e407_hal.c **** /**
 594:../../../../../Drivers/PY32E407_HAL_Driver/Src/py32e407_hal.c ****   * @brief  Set memory mapping at address 0x00000000
 595:../../../../../Drivers/PY32E407_HAL_Driver/Src/py32e407_hal.c ****   * @param  Memory This parameter can be one of the following values:
 596:../../../../../Drivers/PY32E407_HAL_Driver/Src/py32e407_hal.c ****   *         @arg @ref SYSCFG_BOOT_MAINFLASH
 597:../../../../../Drivers/PY32E407_HAL_Driver/Src/py32e407_hal.c ****   *         @arg @ref SYSCFG_BOOT_SYSTEMFLASH
 598:../../../../../Drivers/PY32E407_HAL_Driver/Src/py32e407_hal.c ****   *         @arg @ref SYSCFG_BOOT_ESMC
 599:../../../../../Drivers/PY32E407_HAL_Driver/Src/py32e407_hal.c ****   *         @arg @ref SYSCFG_BOOT_SRAM
 600:../../../../../Drivers/PY32E407_HAL_Driver/Src/py32e407_hal.c ****   * @retval None
 601:../../../../../Drivers/PY32E407_HAL_Driver/Src/py32e407_hal.c ****   */
ARM GAS  C:\Users\n11ak\AppData\Local\Temp\ccC2s8Vl.s 			page 27


 602:../../../../../Drivers/PY32E407_HAL_Driver/Src/py32e407_hal.c **** void HAL_SYSCFG_SetRemapMemory(uint32_t Memory)
 603:../../../../../Drivers/PY32E407_HAL_Driver/Src/py32e407_hal.c **** {
 891              		.loc 1 603 1 is_stmt 1 view -0
 892              		.cfi_startproc
 893              		@ args = 0, pretend = 0, frame = 0
 894              		@ frame_needed = 0, uses_anonymous_args = 0
 895              		@ link register save eliminated.
 604:../../../../../Drivers/PY32E407_HAL_Driver/Src/py32e407_hal.c ****   MODIFY_REG(SYSCFG->CFGR[0], SYSCFG_CFGR1_MEM_MODE, Memory);
 896              		.loc 1 604 3 view .LVU150
 897 0000 034A     		ldr	r2, .L83
 898 0002 1368     		ldr	r3, [r2]
 899 0004 23F00303 		bic	r3, r3, #3
 900 0008 0343     		orrs	r3, r3, r0
 901 000a 1360     		str	r3, [r2]
 605:../../../../../Drivers/PY32E407_HAL_Driver/Src/py32e407_hal.c **** }
 902              		.loc 1 605 1 is_stmt 0 view .LVU151
 903 000c 7047     		bx	lr
 904              	.L84:
 905 000e 00BF     		.align	2
 906              	.L83:
 907 0010 00000140 		.word	1073807360
 908              		.cfi_endproc
 909              	.LFE162:
 911              		.section	.text.HAL_SYSCFG_GetRemapMemory,"ax",%progbits
 912              		.align	1
 913              		.global	HAL_SYSCFG_GetRemapMemory
 914              		.syntax unified
 915              		.thumb
 916              		.thumb_func
 918              	HAL_SYSCFG_GetRemapMemory:
 919              	.LFB163:
 606:../../../../../Drivers/PY32E407_HAL_Driver/Src/py32e407_hal.c **** 
 607:../../../../../Drivers/PY32E407_HAL_Driver/Src/py32e407_hal.c **** /**
 608:../../../../../Drivers/PY32E407_HAL_Driver/Src/py32e407_hal.c ****   * @brief  Get memory mapping at address 0x00000000
 609:../../../../../Drivers/PY32E407_HAL_Driver/Src/py32e407_hal.c ****   * @retval Returned value can be one of the following values:
 610:../../../../../Drivers/PY32E407_HAL_Driver/Src/py32e407_hal.c ****   *         @arg @ref SYSCFG_BOOT_MAINFLASH
 611:../../../../../Drivers/PY32E407_HAL_Driver/Src/py32e407_hal.c ****   *         @arg @ref SYSCFG_BOOT_SYSTEMFLASH
 612:../../../../../Drivers/PY32E407_HAL_Driver/Src/py32e407_hal.c ****   *         @arg @ref SYSCFG_BOOT_ESMC
 613:../../../../../Drivers/PY32E407_HAL_Driver/Src/py32e407_hal.c ****   *         @arg @ref SYSCFG_BOOT_SRAM
 614:../../../../../Drivers/PY32E407_HAL_Driver/Src/py32e407_hal.c ****   */
 615:../../../../../Drivers/PY32E407_HAL_Driver/Src/py32e407_hal.c **** uint32_t HAL_SYSCFG_GetRemapMemory(void)
 616:../../../../../Drivers/PY32E407_HAL_Driver/Src/py32e407_hal.c **** {
 920              		.loc 1 616 1 is_stmt 1 view -0
 921              		.cfi_startproc
 922              		@ args = 0, pretend = 0, frame = 0
 923              		@ frame_needed = 0, uses_anonymous_args = 0
 924              		@ link register save eliminated.
 617:../../../../../Drivers/PY32E407_HAL_Driver/Src/py32e407_hal.c ****   return (uint32_t)(READ_BIT(SYSCFG->CFGR[0], SYSCFG_CFGR1_MEM_MODE));
 925              		.loc 1 617 3 view .LVU153
 926              		.loc 1 617 21 is_stmt 0 view .LVU154
 927 0000 024B     		ldr	r3, .L86
 928 0002 1868     		ldr	r0, [r3]
 618:../../../../../Drivers/PY32E407_HAL_Driver/Src/py32e407_hal.c **** }
 929              		.loc 1 618 1 view .LVU155
 930 0004 00F00300 		and	r0, r0, #3
 931 0008 7047     		bx	lr
 932              	.L87:
ARM GAS  C:\Users\n11ak\AppData\Local\Temp\ccC2s8Vl.s 			page 28


 933 000a 00BF     		.align	2
 934              	.L86:
 935 000c 00000140 		.word	1073807360
 936              		.cfi_endproc
 937              	.LFE163:
 939              		.section	.text.HAL_SYSCFG_SetETHPhysicalInterface,"ax",%progbits
 940              		.align	1
 941              		.global	HAL_SYSCFG_SetETHPhysicalInterface
 942              		.syntax unified
 943              		.thumb
 944              		.thumb_func
 946              	HAL_SYSCFG_SetETHPhysicalInterface:
 947              	.LVL27:
 948              	.LFB164:
 619:../../../../../Drivers/PY32E407_HAL_Driver/Src/py32e407_hal.c **** 
 620:../../../../../Drivers/PY32E407_HAL_Driver/Src/py32e407_hal.c **** /**
 621:../../../../../Drivers/PY32E407_HAL_Driver/Src/py32e407_hal.c ****   * @brief  Set Ethernet physical interface.
 622:../../../../../Drivers/PY32E407_HAL_Driver/Src/py32e407_hal.c ****   * @param  Interface This parameter can be one of the following values:
 623:../../../../../Drivers/PY32E407_HAL_Driver/Src/py32e407_hal.c ****   *         @arg @ref SYSCFG_ETH_PHY_MII
 624:../../../../../Drivers/PY32E407_HAL_Driver/Src/py32e407_hal.c ****   *         @arg @ref SYSCFG_ETH_PHY_RMII
 625:../../../../../Drivers/PY32E407_HAL_Driver/Src/py32e407_hal.c ****   * @retval None
 626:../../../../../Drivers/PY32E407_HAL_Driver/Src/py32e407_hal.c ****   */
 627:../../../../../Drivers/PY32E407_HAL_Driver/Src/py32e407_hal.c **** void HAL_SYSCFG_SetETHPhysicalInterface(uint32_t Interface)
 628:../../../../../Drivers/PY32E407_HAL_Driver/Src/py32e407_hal.c **** {
 949              		.loc 1 628 1 is_stmt 1 view -0
 950              		.cfi_startproc
 951              		@ args = 0, pretend = 0, frame = 0
 952              		@ frame_needed = 0, uses_anonymous_args = 0
 953              		@ link register save eliminated.
 629:../../../../../Drivers/PY32E407_HAL_Driver/Src/py32e407_hal.c ****   MODIFY_REG(SYSCFG->CFGR[0], SYSCFG_CFGR1_ETH_PHYSEL, Interface);
 954              		.loc 1 629 3 view .LVU157
 955 0000 034A     		ldr	r2, .L89
 956 0002 1368     		ldr	r3, [r2]
 957 0004 23F00403 		bic	r3, r3, #4
 958 0008 0343     		orrs	r3, r3, r0
 959 000a 1360     		str	r3, [r2]
 630:../../../../../Drivers/PY32E407_HAL_Driver/Src/py32e407_hal.c **** }
 960              		.loc 1 630 1 is_stmt 0 view .LVU158
 961 000c 7047     		bx	lr
 962              	.L90:
 963 000e 00BF     		.align	2
 964              	.L89:
 965 0010 00000140 		.word	1073807360
 966              		.cfi_endproc
 967              	.LFE164:
 969              		.section	.text.HAL_SYSCFG_GetETHPhysicalInterface,"ax",%progbits
 970              		.align	1
 971              		.global	HAL_SYSCFG_GetETHPhysicalInterface
 972              		.syntax unified
 973              		.thumb
 974              		.thumb_func
 976              	HAL_SYSCFG_GetETHPhysicalInterface:
 977              	.LFB165:
 631:../../../../../Drivers/PY32E407_HAL_Driver/Src/py32e407_hal.c **** 
 632:../../../../../Drivers/PY32E407_HAL_Driver/Src/py32e407_hal.c **** /**
 633:../../../../../Drivers/PY32E407_HAL_Driver/Src/py32e407_hal.c ****   * @brief  Get Ethernet physical interface.
 634:../../../../../Drivers/PY32E407_HAL_Driver/Src/py32e407_hal.c ****   * @retval Returned value can be one of the following values:
ARM GAS  C:\Users\n11ak\AppData\Local\Temp\ccC2s8Vl.s 			page 29


 635:../../../../../Drivers/PY32E407_HAL_Driver/Src/py32e407_hal.c ****   *         @arg @ref SYSCFG_ETH_PHY_MII
 636:../../../../../Drivers/PY32E407_HAL_Driver/Src/py32e407_hal.c ****   *         @arg @ref SYSCFG_ETH_PHY_RMII
 637:../../../../../Drivers/PY32E407_HAL_Driver/Src/py32e407_hal.c ****   */
 638:../../../../../Drivers/PY32E407_HAL_Driver/Src/py32e407_hal.c **** uint32_t HAL_SYSCFG_GetETHPhysicalInterface(void)
 639:../../../../../Drivers/PY32E407_HAL_Driver/Src/py32e407_hal.c **** {
 978              		.loc 1 639 1 is_stmt 1 view -0
 979              		.cfi_startproc
 980              		@ args = 0, pretend = 0, frame = 0
 981              		@ frame_needed = 0, uses_anonymous_args = 0
 982              		@ link register save eliminated.
 640:../../../../../Drivers/PY32E407_HAL_Driver/Src/py32e407_hal.c ****   return (uint32_t)(READ_BIT(SYSCFG->CFGR[0], SYSCFG_CFGR1_ETH_PHYSEL));
 983              		.loc 1 640 3 view .LVU160
 984              		.loc 1 640 21 is_stmt 0 view .LVU161
 985 0000 024B     		ldr	r3, .L92
 986 0002 1868     		ldr	r0, [r3]
 641:../../../../../Drivers/PY32E407_HAL_Driver/Src/py32e407_hal.c **** }
 987              		.loc 1 641 1 view .LVU162
 988 0004 00F00400 		and	r0, r0, #4
 989 0008 7047     		bx	lr
 990              	.L93:
 991 000a 00BF     		.align	2
 992              	.L92:
 993 000c 00000140 		.word	1073807360
 994              		.cfi_endproc
 995              	.LFE165:
 997              		.section	.text.HAL_SYSCFG_SetRemapTIM2InternalTrigger1,"ax",%progbits
 998              		.align	1
 999              		.global	HAL_SYSCFG_SetRemapTIM2InternalTrigger1
 1000              		.syntax unified
 1001              		.thumb
 1002              		.thumb_func
 1004              	HAL_SYSCFG_SetRemapTIM2InternalTrigger1:
 1005              	.LVL28:
 1006              	.LFB166:
 642:../../../../../Drivers/PY32E407_HAL_Driver/Src/py32e407_hal.c **** 
 643:../../../../../Drivers/PY32E407_HAL_Driver/Src/py32e407_hal.c **** /**
 644:../../../../../Drivers/PY32E407_HAL_Driver/Src/py32e407_hal.c ****   * @brief  Remap TIM2 internal trigger1
 645:../../../../../Drivers/PY32E407_HAL_Driver/Src/py32e407_hal.c ****   * @note   Depending on devices and packages, some timers may not be available.
 646:../../../../../Drivers/PY32E407_HAL_Driver/Src/py32e407_hal.c ****   *         Refer to device datasheet for timers availability.
 647:../../../../../Drivers/PY32E407_HAL_Driver/Src/py32e407_hal.c ****   * @param  TIM2IneternalTrigger1 This parameter can be one of the following values:
 648:../../../../../Drivers/PY32E407_HAL_Driver/Src/py32e407_hal.c ****   *         @arg @ref SYSCFG_TIM2_INTERNAL_TRIGGER1_NONE
 649:../../../../../Drivers/PY32E407_HAL_Driver/Src/py32e407_hal.c ****   *         @arg @ref SYSCFG_TIM2_INTERNAL_TRIGGER1_USB1_SOF
 650:../../../../../Drivers/PY32E407_HAL_Driver/Src/py32e407_hal.c ****   *         @arg @ref SYSCFG_TIM2_INTERNAL_TRIGGER1_USB2_SOF
 651:../../../../../Drivers/PY32E407_HAL_Driver/Src/py32e407_hal.c ****   *         @arg @ref SYSCFG_TIM2_INTERNAL_TRIGGER1_ETH_PTP_INTR
 652:../../../../../Drivers/PY32E407_HAL_Driver/Src/py32e407_hal.c ****   * @retval None
 653:../../../../../Drivers/PY32E407_HAL_Driver/Src/py32e407_hal.c ****   */
 654:../../../../../Drivers/PY32E407_HAL_Driver/Src/py32e407_hal.c **** void HAL_SYSCFG_SetRemapTIM2InternalTrigger1(uint32_t TIM2IneternalTrigger1)
 655:../../../../../Drivers/PY32E407_HAL_Driver/Src/py32e407_hal.c **** {    
 1007              		.loc 1 655 1 is_stmt 1 view -0
 1008              		.cfi_startproc
 1009              		@ args = 0, pretend = 0, frame = 0
 1010              		@ frame_needed = 0, uses_anonymous_args = 0
 1011              		@ link register save eliminated.
 656:../../../../../Drivers/PY32E407_HAL_Driver/Src/py32e407_hal.c ****   /* Check the parameters */
 657:../../../../../Drivers/PY32E407_HAL_Driver/Src/py32e407_hal.c ****   assert_param(IS_SYSCFG_TIM2_INTERNAL_TRIGGER1(TIM2IneternalTrigger1));
 1012              		.loc 1 657 3 view .LVU164
 658:../../../../../Drivers/PY32E407_HAL_Driver/Src/py32e407_hal.c ****   MODIFY_REG(SYSCFG->CFGR[0], SYSCFG_CFGR1_TIM2ITR1_REMAP, TIM2IneternalTrigger1);
ARM GAS  C:\Users\n11ak\AppData\Local\Temp\ccC2s8Vl.s 			page 30


 1013              		.loc 1 658 3 view .LVU165
 1014 0000 034A     		ldr	r2, .L95
 1015 0002 1368     		ldr	r3, [r2]
 1016 0004 23F01803 		bic	r3, r3, #24
 1017 0008 0343     		orrs	r3, r3, r0
 1018 000a 1360     		str	r3, [r2]
 659:../../../../../Drivers/PY32E407_HAL_Driver/Src/py32e407_hal.c **** }
 1019              		.loc 1 659 1 is_stmt 0 view .LVU166
 1020 000c 7047     		bx	lr
 1021              	.L96:
 1022 000e 00BF     		.align	2
 1023              	.L95:
 1024 0010 00000140 		.word	1073807360
 1025              		.cfi_endproc
 1026              	.LFE166:
 1028              		.section	.text.HAL_SYSCFG_GetRemapTIM2InternalTrigger1,"ax",%progbits
 1029              		.align	1
 1030              		.global	HAL_SYSCFG_GetRemapTIM2InternalTrigger1
 1031              		.syntax unified
 1032              		.thumb
 1033              		.thumb_func
 1035              	HAL_SYSCFG_GetRemapTIM2InternalTrigger1:
 1036              	.LFB167:
 660:../../../../../Drivers/PY32E407_HAL_Driver/Src/py32e407_hal.c **** 
 661:../../../../../Drivers/PY32E407_HAL_Driver/Src/py32e407_hal.c **** /**
 662:../../../../../Drivers/PY32E407_HAL_Driver/Src/py32e407_hal.c ****   * @brief  Get remapping of TIM2 internal trigger1
 663:../../../../../Drivers/PY32E407_HAL_Driver/Src/py32e407_hal.c ****   * @note   Depending on devices and packages, some timers may not be available.
 664:../../../../../Drivers/PY32E407_HAL_Driver/Src/py32e407_hal.c ****   *         Refer to device datasheet for timers availability.
 665:../../../../../Drivers/PY32E407_HAL_Driver/Src/py32e407_hal.c ****   * @retval Returned value can be one of the following values:
 666:../../../../../Drivers/PY32E407_HAL_Driver/Src/py32e407_hal.c ****   *         @arg @ref SYSCFG_TIM2_INTERNAL_TRIGGER1_NONE
 667:../../../../../Drivers/PY32E407_HAL_Driver/Src/py32e407_hal.c ****   *         @arg @ref SYSCFG_TIM2_INTERNAL_TRIGGER1_USB1_SOF
 668:../../../../../Drivers/PY32E407_HAL_Driver/Src/py32e407_hal.c ****   *         @arg @ref SYSCFG_TIM2_INTERNAL_TRIGGER1_USB2_SOF
 669:../../../../../Drivers/PY32E407_HAL_Driver/Src/py32e407_hal.c ****   *         @arg @ref SYSCFG_TIM2_INTERNAL_TRIGGER1_ETH_PTP_INTR
 670:../../../../../Drivers/PY32E407_HAL_Driver/Src/py32e407_hal.c ****   */
 671:../../../../../Drivers/PY32E407_HAL_Driver/Src/py32e407_hal.c **** uint32_t HAL_SYSCFG_GetRemapTIM2InternalTrigger1(void)
 672:../../../../../Drivers/PY32E407_HAL_Driver/Src/py32e407_hal.c **** {
 1037              		.loc 1 672 1 is_stmt 1 view -0
 1038              		.cfi_startproc
 1039              		@ args = 0, pretend = 0, frame = 0
 1040              		@ frame_needed = 0, uses_anonymous_args = 0
 1041              		@ link register save eliminated.
 673:../../../../../Drivers/PY32E407_HAL_Driver/Src/py32e407_hal.c ****   return (READ_BIT(SYSCFG->CFGR[0], SYSCFG_CFGR1_TIM2ITR1_REMAP));
 1042              		.loc 1 673 3 view .LVU168
 1043              		.loc 1 673 11 is_stmt 0 view .LVU169
 1044 0000 024B     		ldr	r3, .L98
 1045 0002 1868     		ldr	r0, [r3]
 674:../../../../../Drivers/PY32E407_HAL_Driver/Src/py32e407_hal.c **** }
 1046              		.loc 1 674 1 view .LVU170
 1047 0004 00F01800 		and	r0, r0, #24
 1048 0008 7047     		bx	lr
 1049              	.L99:
 1050 000a 00BF     		.align	2
 1051              	.L98:
 1052 000c 00000140 		.word	1073807360
 1053              		.cfi_endproc
 1054              	.LFE167:
 1056              		.section	.text.HAL_SYSCFG_EnableI2CAnalogFilter,"ax",%progbits
ARM GAS  C:\Users\n11ak\AppData\Local\Temp\ccC2s8Vl.s 			page 31


 1057              		.align	1
 1058              		.global	HAL_SYSCFG_EnableI2CAnalogFilter
 1059              		.syntax unified
 1060              		.thumb
 1061              		.thumb_func
 1063              	HAL_SYSCFG_EnableI2CAnalogFilter:
 1064              	.LVL29:
 1065              	.LFB168:
 675:../../../../../Drivers/PY32E407_HAL_Driver/Src/py32e407_hal.c **** 
 676:../../../../../Drivers/PY32E407_HAL_Driver/Src/py32e407_hal.c **** /**
 677:../../../../../Drivers/PY32E407_HAL_Driver/Src/py32e407_hal.c ****   * @brief  Enable analog filter of I2C related IO
 678:../../../../../Drivers/PY32E407_HAL_Driver/Src/py32e407_hal.c ****   * @note   Depending on devices and packages, some IOs may not be available.
 679:../../../../../Drivers/PY32E407_HAL_Driver/Src/py32e407_hal.c ****   *         Refer to device datasheet for IOs availability.
 680:../../../../../Drivers/PY32E407_HAL_Driver/Src/py32e407_hal.c ****   * @param  I2CAnalogFilter This parameter can be a combination of the following values:
 681:../../../../../Drivers/PY32E407_HAL_Driver/Src/py32e407_hal.c ****   *         @arg @ref SYSCFG_I2C_ANF_PA8
 682:../../../../../Drivers/PY32E407_HAL_Driver/Src/py32e407_hal.c ****   *         @arg @ref SYSCFG_I2C_ANF_PA9
 683:../../../../../Drivers/PY32E407_HAL_Driver/Src/py32e407_hal.c ****   *         @arg @ref SYSCFG_I2C_ANF_PA13
 684:../../../../../Drivers/PY32E407_HAL_Driver/Src/py32e407_hal.c ****   *         @arg @ref SYSCFG_I2C_ANF_PA14
 685:../../../../../Drivers/PY32E407_HAL_Driver/Src/py32e407_hal.c ****   *         @arg @ref SYSCFG_I2C_ANF_PA15
 686:../../../../../Drivers/PY32E407_HAL_Driver/Src/py32e407_hal.c ****   *         @arg @ref SYSCFG_I2C_ANF_PB5
 687:../../../../../Drivers/PY32E407_HAL_Driver/Src/py32e407_hal.c ****   *         @arg @ref SYSCFG_I2C_ANF_PB7
 688:../../../../../Drivers/PY32E407_HAL_Driver/Src/py32e407_hal.c ****   *         @arg @ref SYSCFG_I2C_ANF_PB8
 689:../../../../../Drivers/PY32E407_HAL_Driver/Src/py32e407_hal.c ****   *         @arg @ref SYSCFG_I2C_ANF_PB9
 690:../../../../../Drivers/PY32E407_HAL_Driver/Src/py32e407_hal.c ****   *         @arg @ref SYSCFG_I2C_ANF_PC3
 691:../../../../../Drivers/PY32E407_HAL_Driver/Src/py32e407_hal.c ****   *         @arg @ref SYSCFG_I2C_ANF_PC6
 692:../../../../../Drivers/PY32E407_HAL_Driver/Src/py32e407_hal.c ****   *         @arg @ref SYSCFG_I2C_ANF_PC7
 693:../../../../../Drivers/PY32E407_HAL_Driver/Src/py32e407_hal.c ****   *         @arg @ref SYSCFG_I2C_ANF_PC8
 694:../../../../../Drivers/PY32E407_HAL_Driver/Src/py32e407_hal.c ****   *         @arg @ref SYSCFG_I2C_ANF_PC9
 695:../../../../../Drivers/PY32E407_HAL_Driver/Src/py32e407_hal.c ****   *         @arg @ref SYSCFG_I2C_ANF_PC11
 696:../../../../../Drivers/PY32E407_HAL_Driver/Src/py32e407_hal.c ****   *         @arg @ref SYSCFG_I2C_ANF_PF0
 697:../../../../../Drivers/PY32E407_HAL_Driver/Src/py32e407_hal.c ****   * @retval None
 698:../../../../../Drivers/PY32E407_HAL_Driver/Src/py32e407_hal.c ****   */
 699:../../../../../Drivers/PY32E407_HAL_Driver/Src/py32e407_hal.c **** void HAL_SYSCFG_EnableI2CAnalogFilter(uint32_t I2CAnalogFilter)
 700:../../../../../Drivers/PY32E407_HAL_Driver/Src/py32e407_hal.c **** {    
 1066              		.loc 1 700 1 is_stmt 1 view -0
 1067              		.cfi_startproc
 1068              		@ args = 0, pretend = 0, frame = 0
 1069              		@ frame_needed = 0, uses_anonymous_args = 0
 1070              		@ link register save eliminated.
 701:../../../../../Drivers/PY32E407_HAL_Driver/Src/py32e407_hal.c ****   /* Check the parameters */
 702:../../../../../Drivers/PY32E407_HAL_Driver/Src/py32e407_hal.c ****   assert_param(IS_SYSCFG_I2C_ANF_IO(I2CAnalogFilter));
 1071              		.loc 1 702 3 view .LVU172
 703:../../../../../Drivers/PY32E407_HAL_Driver/Src/py32e407_hal.c ****   SET_BIT(SYSCFG->CFGR[0],I2CAnalogFilter);
 1072              		.loc 1 703 3 view .LVU173
 1073 0000 024A     		ldr	r2, .L101
 1074 0002 1368     		ldr	r3, [r2]
 1075 0004 0343     		orrs	r3, r3, r0
 1076 0006 1360     		str	r3, [r2]
 704:../../../../../Drivers/PY32E407_HAL_Driver/Src/py32e407_hal.c **** }
 1077              		.loc 1 704 1 is_stmt 0 view .LVU174
 1078 0008 7047     		bx	lr
 1079              	.L102:
 1080 000a 00BF     		.align	2
 1081              	.L101:
 1082 000c 00000140 		.word	1073807360
 1083              		.cfi_endproc
 1084              	.LFE168:
ARM GAS  C:\Users\n11ak\AppData\Local\Temp\ccC2s8Vl.s 			page 32


 1086              		.section	.text.HAL_SYSCFG_DisableI2CAnalogFilter,"ax",%progbits
 1087              		.align	1
 1088              		.global	HAL_SYSCFG_DisableI2CAnalogFilter
 1089              		.syntax unified
 1090              		.thumb
 1091              		.thumb_func
 1093              	HAL_SYSCFG_DisableI2CAnalogFilter:
 1094              	.LVL30:
 1095              	.LFB169:
 705:../../../../../Drivers/PY32E407_HAL_Driver/Src/py32e407_hal.c **** 
 706:../../../../../Drivers/PY32E407_HAL_Driver/Src/py32e407_hal.c **** /**
 707:../../../../../Drivers/PY32E407_HAL_Driver/Src/py32e407_hal.c ****   * @brief  Disable analog filter of I2C related IO
 708:../../../../../Drivers/PY32E407_HAL_Driver/Src/py32e407_hal.c ****   * @note   Depending on devices and packages, some IOs may not be available.
 709:../../../../../Drivers/PY32E407_HAL_Driver/Src/py32e407_hal.c ****   *         Refer to device datasheet for IOs availability.
 710:../../../../../Drivers/PY32E407_HAL_Driver/Src/py32e407_hal.c ****   * @param  I2CAnalogFilter This parameter can be a combination of the following values:
 711:../../../../../Drivers/PY32E407_HAL_Driver/Src/py32e407_hal.c ****   *         @arg @ref SYSCFG_I2C_ANF_PA8
 712:../../../../../Drivers/PY32E407_HAL_Driver/Src/py32e407_hal.c ****   *         @arg @ref SYSCFG_I2C_ANF_PA9
 713:../../../../../Drivers/PY32E407_HAL_Driver/Src/py32e407_hal.c ****   *         @arg @ref SYSCFG_I2C_ANF_PA13
 714:../../../../../Drivers/PY32E407_HAL_Driver/Src/py32e407_hal.c ****   *         @arg @ref SYSCFG_I2C_ANF_PA14
 715:../../../../../Drivers/PY32E407_HAL_Driver/Src/py32e407_hal.c ****   *         @arg @ref SYSCFG_I2C_ANF_PA15
 716:../../../../../Drivers/PY32E407_HAL_Driver/Src/py32e407_hal.c ****   *         @arg @ref SYSCFG_I2C_ANF_PB5
 717:../../../../../Drivers/PY32E407_HAL_Driver/Src/py32e407_hal.c ****   *         @arg @ref SYSCFG_I2C_ANF_PB7
 718:../../../../../Drivers/PY32E407_HAL_Driver/Src/py32e407_hal.c ****   *         @arg @ref SYSCFG_I2C_ANF_PB8
 719:../../../../../Drivers/PY32E407_HAL_Driver/Src/py32e407_hal.c ****   *         @arg @ref SYSCFG_I2C_ANF_PB9
 720:../../../../../Drivers/PY32E407_HAL_Driver/Src/py32e407_hal.c ****   *         @arg @ref SYSCFG_I2C_ANF_PC3
 721:../../../../../Drivers/PY32E407_HAL_Driver/Src/py32e407_hal.c ****   *         @arg @ref SYSCFG_I2C_ANF_PC6
 722:../../../../../Drivers/PY32E407_HAL_Driver/Src/py32e407_hal.c ****   *         @arg @ref SYSCFG_I2C_ANF_PC7
 723:../../../../../Drivers/PY32E407_HAL_Driver/Src/py32e407_hal.c ****   *         @arg @ref SYSCFG_I2C_ANF_PC8
 724:../../../../../Drivers/PY32E407_HAL_Driver/Src/py32e407_hal.c ****   *         @arg @ref SYSCFG_I2C_ANF_PC9
 725:../../../../../Drivers/PY32E407_HAL_Driver/Src/py32e407_hal.c ****   *         @arg @ref SYSCFG_I2C_ANF_PC11
 726:../../../../../Drivers/PY32E407_HAL_Driver/Src/py32e407_hal.c ****   *         @arg @ref SYSCFG_I2C_ANF_PF0
 727:../../../../../Drivers/PY32E407_HAL_Driver/Src/py32e407_hal.c ****   * @retval None
 728:../../../../../Drivers/PY32E407_HAL_Driver/Src/py32e407_hal.c ****   */
 729:../../../../../Drivers/PY32E407_HAL_Driver/Src/py32e407_hal.c **** void HAL_SYSCFG_DisableI2CAnalogFilter(uint32_t I2CAnalogFilter)
 730:../../../../../Drivers/PY32E407_HAL_Driver/Src/py32e407_hal.c **** {
 1096              		.loc 1 730 1 is_stmt 1 view -0
 1097              		.cfi_startproc
 1098              		@ args = 0, pretend = 0, frame = 0
 1099              		@ frame_needed = 0, uses_anonymous_args = 0
 1100              		@ link register save eliminated.
 731:../../../../../Drivers/PY32E407_HAL_Driver/Src/py32e407_hal.c ****   /* Check the parameters */
 732:../../../../../Drivers/PY32E407_HAL_Driver/Src/py32e407_hal.c ****   assert_param(IS_SYSCFG_I2C_ANF_IO(I2CAnalogFilter)); 
 1101              		.loc 1 732 3 view .LVU176
 733:../../../../../Drivers/PY32E407_HAL_Driver/Src/py32e407_hal.c ****   CLEAR_BIT(SYSCFG->CFGR[0],I2CAnalogFilter);
 1102              		.loc 1 733 3 view .LVU177
 1103 0000 024A     		ldr	r2, .L104
 1104 0002 1368     		ldr	r3, [r2]
 1105 0004 23EA0003 		bic	r3, r3, r0
 1106 0008 1360     		str	r3, [r2]
 734:../../../../../Drivers/PY32E407_HAL_Driver/Src/py32e407_hal.c **** }
 1107              		.loc 1 734 1 is_stmt 0 view .LVU178
 1108 000a 7047     		bx	lr
 1109              	.L105:
 1110              		.align	2
 1111              	.L104:
 1112 000c 00000140 		.word	1073807360
 1113              		.cfi_endproc
ARM GAS  C:\Users\n11ak\AppData\Local\Temp\ccC2s8Vl.s 			page 33


 1114              	.LFE169:
 1116              		.section	.text.HAL_SYSCFG_EnableGPIONoiseFilter,"ax",%progbits
 1117              		.align	1
 1118              		.global	HAL_SYSCFG_EnableGPIONoiseFilter
 1119              		.syntax unified
 1120              		.thumb
 1121              		.thumb_func
 1123              	HAL_SYSCFG_EnableGPIONoiseFilter:
 1124              	.LVL31:
 1125              	.LFB170:
 735:../../../../../Drivers/PY32E407_HAL_Driver/Src/py32e407_hal.c **** 
 736:../../../../../Drivers/PY32E407_HAL_Driver/Src/py32e407_hal.c **** /**
 737:../../../../../Drivers/PY32E407_HAL_Driver/Src/py32e407_hal.c ****   * @brief  Enable GPIO Noise Filter
 738:../../../../../Drivers/PY32E407_HAL_Driver/Src/py32e407_hal.c ****   * @note   Depending on devices and packages, some IOs may not be available.
 739:../../../../../Drivers/PY32E407_HAL_Driver/Src/py32e407_hal.c ****   *         Refer to device datasheet for IOs availability.
 740:../../../../../Drivers/PY32E407_HAL_Driver/Src/py32e407_hal.c ****   * @param  GPIOx where x can be (A..F) to select the GPIO peripheral for PY32E4 family
 741:../../../../../Drivers/PY32E407_HAL_Driver/Src/py32e407_hal.c ****   * @param  GPIO_Pin specifies the pin to be Noise Filter
 742:../../../../../Drivers/PY32E407_HAL_Driver/Src/py32e407_hal.c ****   *         This parameter can be any combination of GPIO_Pin_x where x can be (0..15).
 743:../../../../../Drivers/PY32E407_HAL_Driver/Src/py32e407_hal.c ****   * @retval None
 744:../../../../../Drivers/PY32E407_HAL_Driver/Src/py32e407_hal.c ****   */
 745:../../../../../Drivers/PY32E407_HAL_Driver/Src/py32e407_hal.c **** void HAL_SYSCFG_EnableGPIONoiseFilter(GPIO_TypeDef *GPIOx,uint16_t GPIO_Pin)
 746:../../../../../Drivers/PY32E407_HAL_Driver/Src/py32e407_hal.c **** {
 1126              		.loc 1 746 1 is_stmt 1 view -0
 1127              		.cfi_startproc
 1128              		@ args = 0, pretend = 0, frame = 0
 1129              		@ frame_needed = 0, uses_anonymous_args = 0
 1130              		@ link register save eliminated.
 747:../../../../../Drivers/PY32E407_HAL_Driver/Src/py32e407_hal.c ****   /* Check the parameters */
 748:../../../../../Drivers/PY32E407_HAL_Driver/Src/py32e407_hal.c ****   assert_param(IS_GPIO_ALL_INSTANCE(GPIOx));
 1131              		.loc 1 748 3 view .LVU180
 749:../../../../../Drivers/PY32E407_HAL_Driver/Src/py32e407_hal.c ****   assert_param(IS_GPIO_PIN(GPIO_Pin));
 1132              		.loc 1 749 3 view .LVU181
 750:../../../../../Drivers/PY32E407_HAL_Driver/Src/py32e407_hal.c ****   if(GPIOx==GPIOA)
 1133              		.loc 1 750 3 view .LVU182
 1134              		.loc 1 750 5 is_stmt 0 view .LVU183
 1135 0000 B0F1904F 		cmp	r0, #1207959552
 1136 0004 0FD0     		beq	.L113
 751:../../../../../Drivers/PY32E407_HAL_Driver/Src/py32e407_hal.c ****   {    
 752:../../../../../Drivers/PY32E407_HAL_Driver/Src/py32e407_hal.c ****     SET_BIT(SYSCFG->PAENS,GPIO_Pin);
 753:../../../../../Drivers/PY32E407_HAL_Driver/Src/py32e407_hal.c ****   }
 754:../../../../../Drivers/PY32E407_HAL_Driver/Src/py32e407_hal.c ****   else if(GPIOx==GPIOB)
 1137              		.loc 1 754 8 is_stmt 1 view .LVU184
 1138              		.loc 1 754 10 is_stmt 0 view .LVU185
 1139 0006 174B     		ldr	r3, .L119
 1140 0008 9842     		cmp	r0, r3
 1141 000a 11D0     		beq	.L114
 755:../../../../../Drivers/PY32E407_HAL_Driver/Src/py32e407_hal.c ****   {
 756:../../../../../Drivers/PY32E407_HAL_Driver/Src/py32e407_hal.c ****     SET_BIT(SYSCFG->PBENS,GPIO_Pin);
 757:../../../../../Drivers/PY32E407_HAL_Driver/Src/py32e407_hal.c ****   }
 758:../../../../../Drivers/PY32E407_HAL_Driver/Src/py32e407_hal.c ****   else if(GPIOx==GPIOC)
 1142              		.loc 1 758 8 is_stmt 1 view .LVU186
 1143              		.loc 1 758 10 is_stmt 0 view .LVU187
 1144 000c 164B     		ldr	r3, .L119+4
 1145 000e 9842     		cmp	r0, r3
 1146 0010 13D0     		beq	.L115
 759:../../../../../Drivers/PY32E407_HAL_Driver/Src/py32e407_hal.c ****   {
 760:../../../../../Drivers/PY32E407_HAL_Driver/Src/py32e407_hal.c ****     SET_BIT(SYSCFG->PCENS,GPIO_Pin);
ARM GAS  C:\Users\n11ak\AppData\Local\Temp\ccC2s8Vl.s 			page 34


 761:../../../../../Drivers/PY32E407_HAL_Driver/Src/py32e407_hal.c ****   }
 762:../../../../../Drivers/PY32E407_HAL_Driver/Src/py32e407_hal.c ****   else if(GPIOx==GPIOD)
 1147              		.loc 1 762 8 is_stmt 1 view .LVU188
 1148              		.loc 1 762 10 is_stmt 0 view .LVU189
 1149 0012 164B     		ldr	r3, .L119+8
 1150 0014 9842     		cmp	r0, r3
 1151 0016 15D0     		beq	.L116
 763:../../../../../Drivers/PY32E407_HAL_Driver/Src/py32e407_hal.c ****   {
 764:../../../../../Drivers/PY32E407_HAL_Driver/Src/py32e407_hal.c ****     SET_BIT(SYSCFG->PDENS,GPIO_Pin);
 765:../../../../../Drivers/PY32E407_HAL_Driver/Src/py32e407_hal.c ****   }
 766:../../../../../Drivers/PY32E407_HAL_Driver/Src/py32e407_hal.c ****   else if(GPIOx==GPIOE)
 1152              		.loc 1 766 8 is_stmt 1 view .LVU190
 1153              		.loc 1 766 10 is_stmt 0 view .LVU191
 1154 0018 154B     		ldr	r3, .L119+12
 1155 001a 9842     		cmp	r0, r3
 1156 001c 17D0     		beq	.L117
 767:../../../../../Drivers/PY32E407_HAL_Driver/Src/py32e407_hal.c ****   {
 768:../../../../../Drivers/PY32E407_HAL_Driver/Src/py32e407_hal.c ****     SET_BIT(SYSCFG->PEENS,GPIO_Pin);
 769:../../../../../Drivers/PY32E407_HAL_Driver/Src/py32e407_hal.c ****   }
 770:../../../../../Drivers/PY32E407_HAL_Driver/Src/py32e407_hal.c ****   else if(GPIOx==GPIOF)
 1157              		.loc 1 770 8 is_stmt 1 view .LVU192
 1158              		.loc 1 770 10 is_stmt 0 view .LVU193
 1159 001e 154B     		ldr	r3, .L119+16
 1160 0020 9842     		cmp	r0, r3
 1161 0022 19D0     		beq	.L118
 1162              	.LVL32:
 1163              	.L106:
 771:../../../../../Drivers/PY32E407_HAL_Driver/Src/py32e407_hal.c ****   {
 772:../../../../../Drivers/PY32E407_HAL_Driver/Src/py32e407_hal.c ****     SET_BIT(SYSCFG->PFENS,GPIO_Pin);
 773:../../../../../Drivers/PY32E407_HAL_Driver/Src/py32e407_hal.c ****   }
 774:../../../../../Drivers/PY32E407_HAL_Driver/Src/py32e407_hal.c ****   else
 775:../../../../../Drivers/PY32E407_HAL_Driver/Src/py32e407_hal.c ****   {
 776:../../../../../Drivers/PY32E407_HAL_Driver/Src/py32e407_hal.c ****     
 777:../../../../../Drivers/PY32E407_HAL_Driver/Src/py32e407_hal.c ****   }
 778:../../../../../Drivers/PY32E407_HAL_Driver/Src/py32e407_hal.c **** }
 1164              		.loc 1 778 1 view .LVU194
 1165 0024 7047     		bx	lr
 1166              	.LVL33:
 1167              	.L113:
 752:../../../../../Drivers/PY32E407_HAL_Driver/Src/py32e407_hal.c ****   }
 1168              		.loc 1 752 5 is_stmt 1 view .LVU195
 1169 0026 144A     		ldr	r2, .L119+20
 1170 0028 536A     		ldr	r3, [r2, #36]
 1171 002a 1943     		orrs	r1, r1, r3
 1172              	.LVL34:
 752:../../../../../Drivers/PY32E407_HAL_Driver/Src/py32e407_hal.c ****   }
 1173              		.loc 1 752 5 is_stmt 0 view .LVU196
 1174 002c 5162     		str	r1, [r2, #36]
 1175 002e 7047     		bx	lr
 1176              	.LVL35:
 1177              	.L114:
 756:../../../../../Drivers/PY32E407_HAL_Driver/Src/py32e407_hal.c ****   }
 1178              		.loc 1 756 5 is_stmt 1 view .LVU197
 1179 0030 114A     		ldr	r2, .L119+20
 1180 0032 936A     		ldr	r3, [r2, #40]
 1181 0034 1943     		orrs	r1, r1, r3
 1182              	.LVL36:
ARM GAS  C:\Users\n11ak\AppData\Local\Temp\ccC2s8Vl.s 			page 35


 756:../../../../../Drivers/PY32E407_HAL_Driver/Src/py32e407_hal.c ****   }
 1183              		.loc 1 756 5 is_stmt 0 view .LVU198
 1184 0036 9162     		str	r1, [r2, #40]
 1185 0038 7047     		bx	lr
 1186              	.LVL37:
 1187              	.L115:
 760:../../../../../Drivers/PY32E407_HAL_Driver/Src/py32e407_hal.c ****   }
 1188              		.loc 1 760 5 is_stmt 1 view .LVU199
 1189 003a 0F4A     		ldr	r2, .L119+20
 1190 003c D36A     		ldr	r3, [r2, #44]
 1191 003e 1943     		orrs	r1, r1, r3
 1192              	.LVL38:
 760:../../../../../Drivers/PY32E407_HAL_Driver/Src/py32e407_hal.c ****   }
 1193              		.loc 1 760 5 is_stmt 0 view .LVU200
 1194 0040 D162     		str	r1, [r2, #44]
 1195 0042 7047     		bx	lr
 1196              	.LVL39:
 1197              	.L116:
 764:../../../../../Drivers/PY32E407_HAL_Driver/Src/py32e407_hal.c ****   }
 1198              		.loc 1 764 5 is_stmt 1 view .LVU201
 1199 0044 0C4A     		ldr	r2, .L119+20
 1200 0046 136B     		ldr	r3, [r2, #48]
 1201 0048 1943     		orrs	r1, r1, r3
 1202              	.LVL40:
 764:../../../../../Drivers/PY32E407_HAL_Driver/Src/py32e407_hal.c ****   }
 1203              		.loc 1 764 5 is_stmt 0 view .LVU202
 1204 004a 1163     		str	r1, [r2, #48]
 1205 004c 7047     		bx	lr
 1206              	.LVL41:
 1207              	.L117:
 768:../../../../../Drivers/PY32E407_HAL_Driver/Src/py32e407_hal.c ****   }
 1208              		.loc 1 768 5 is_stmt 1 view .LVU203
 1209 004e 0A4A     		ldr	r2, .L119+20
 1210 0050 536B     		ldr	r3, [r2, #52]
 1211 0052 1943     		orrs	r1, r1, r3
 1212              	.LVL42:
 768:../../../../../Drivers/PY32E407_HAL_Driver/Src/py32e407_hal.c ****   }
 1213              		.loc 1 768 5 is_stmt 0 view .LVU204
 1214 0054 5163     		str	r1, [r2, #52]
 1215 0056 7047     		bx	lr
 1216              	.LVL43:
 1217              	.L118:
 772:../../../../../Drivers/PY32E407_HAL_Driver/Src/py32e407_hal.c ****   }
 1218              		.loc 1 772 5 is_stmt 1 view .LVU205
 1219 0058 074B     		ldr	r3, .L119+20
 1220 005a 9A6B     		ldr	r2, [r3, #56]
 1221 005c 1143     		orrs	r1, r1, r2
 1222              	.LVL44:
 772:../../../../../Drivers/PY32E407_HAL_Driver/Src/py32e407_hal.c ****   }
 1223              		.loc 1 772 5 is_stmt 0 view .LVU206
 1224 005e 9963     		str	r1, [r3, #56]
 777:../../../../../Drivers/PY32E407_HAL_Driver/Src/py32e407_hal.c **** }
 1225              		.loc 1 777 3 is_stmt 1 view .LVU207
 1226              		.loc 1 778 1 is_stmt 0 view .LVU208
 1227 0060 E0E7     		b	.L106
 1228              	.L120:
 1229 0062 00BF     		.align	2
ARM GAS  C:\Users\n11ak\AppData\Local\Temp\ccC2s8Vl.s 			page 36


 1230              	.L119:
 1231 0064 00040048 		.word	1207960576
 1232 0068 00080048 		.word	1207961600
 1233 006c 000C0048 		.word	1207962624
 1234 0070 00100048 		.word	1207963648
 1235 0074 00140048 		.word	1207964672
 1236 0078 00000140 		.word	1073807360
 1237              		.cfi_endproc
 1238              	.LFE170:
 1240              		.section	.text.HAL_SYSCFG_DisableGPIONoiseFilter,"ax",%progbits
 1241              		.align	1
 1242              		.global	HAL_SYSCFG_DisableGPIONoiseFilter
 1243              		.syntax unified
 1244              		.thumb
 1245              		.thumb_func
 1247              	HAL_SYSCFG_DisableGPIONoiseFilter:
 1248              	.LVL45:
 1249              	.LFB171:
 779:../../../../../Drivers/PY32E407_HAL_Driver/Src/py32e407_hal.c **** 
 780:../../../../../Drivers/PY32E407_HAL_Driver/Src/py32e407_hal.c **** /**
 781:../../../../../Drivers/PY32E407_HAL_Driver/Src/py32e407_hal.c ****   * @brief  Disable GPIO Noise Filter
 782:../../../../../Drivers/PY32E407_HAL_Driver/Src/py32e407_hal.c ****   * @note   Depending on devices and packages, some IOs may not be available.
 783:../../../../../Drivers/PY32E407_HAL_Driver/Src/py32e407_hal.c ****   *         Refer to device datasheet for IOs availability.
 784:../../../../../Drivers/PY32E407_HAL_Driver/Src/py32e407_hal.c ****   * @param  GPIOx where x can be (A..F) to select the GPIO peripheral for PY32E4 family
 785:../../../../../Drivers/PY32E407_HAL_Driver/Src/py32e407_hal.c ****   * @param  GPIO_Pin specifies the pin to be Noise Filter
 786:../../../../../Drivers/PY32E407_HAL_Driver/Src/py32e407_hal.c ****   *         This parameter can be any combination of GPIO_Pin_x where x can be (0..15).
 787:../../../../../Drivers/PY32E407_HAL_Driver/Src/py32e407_hal.c ****   * @retval None
 788:../../../../../Drivers/PY32E407_HAL_Driver/Src/py32e407_hal.c ****   */
 789:../../../../../Drivers/PY32E407_HAL_Driver/Src/py32e407_hal.c **** void HAL_SYSCFG_DisableGPIONoiseFilter(GPIO_TypeDef *GPIOx,uint16_t GPIO_Pin)
 790:../../../../../Drivers/PY32E407_HAL_Driver/Src/py32e407_hal.c **** {
 1250              		.loc 1 790 1 is_stmt 1 view -0
 1251              		.cfi_startproc
 1252              		@ args = 0, pretend = 0, frame = 0
 1253              		@ frame_needed = 0, uses_anonymous_args = 0
 1254              		@ link register save eliminated.
 791:../../../../../Drivers/PY32E407_HAL_Driver/Src/py32e407_hal.c ****   /* Check the parameters */
 792:../../../../../Drivers/PY32E407_HAL_Driver/Src/py32e407_hal.c ****   assert_param(IS_GPIO_ALL_INSTANCE(GPIOx));
 1255              		.loc 1 792 3 view .LVU210
 793:../../../../../Drivers/PY32E407_HAL_Driver/Src/py32e407_hal.c ****   assert_param(IS_GPIO_PIN(GPIO_Pin));
 1256              		.loc 1 793 3 view .LVU211
 794:../../../../../Drivers/PY32E407_HAL_Driver/Src/py32e407_hal.c ****   if(GPIOx==GPIOA)
 1257              		.loc 1 794 3 view .LVU212
 1258              		.loc 1 794 5 is_stmt 0 view .LVU213
 1259 0000 B0F1904F 		cmp	r0, #1207959552
 1260 0004 0FD0     		beq	.L128
 795:../../../../../Drivers/PY32E407_HAL_Driver/Src/py32e407_hal.c ****   {    
 796:../../../../../Drivers/PY32E407_HAL_Driver/Src/py32e407_hal.c ****     CLEAR_BIT(SYSCFG->PAENS,GPIO_Pin);
 797:../../../../../Drivers/PY32E407_HAL_Driver/Src/py32e407_hal.c ****   }
 798:../../../../../Drivers/PY32E407_HAL_Driver/Src/py32e407_hal.c ****   else if(GPIOx==GPIOB)
 1261              		.loc 1 798 8 is_stmt 1 view .LVU214
 1262              		.loc 1 798 10 is_stmt 0 view .LVU215
 1263 0006 1A4B     		ldr	r3, .L134
 1264 0008 9842     		cmp	r0, r3
 1265 000a 12D0     		beq	.L129
 799:../../../../../Drivers/PY32E407_HAL_Driver/Src/py32e407_hal.c ****   {
 800:../../../../../Drivers/PY32E407_HAL_Driver/Src/py32e407_hal.c ****     CLEAR_BIT(SYSCFG->PBENS,GPIO_Pin);
 801:../../../../../Drivers/PY32E407_HAL_Driver/Src/py32e407_hal.c ****   }
ARM GAS  C:\Users\n11ak\AppData\Local\Temp\ccC2s8Vl.s 			page 37


 802:../../../../../Drivers/PY32E407_HAL_Driver/Src/py32e407_hal.c ****   else if(GPIOx==GPIOC)
 1266              		.loc 1 802 8 is_stmt 1 view .LVU216
 1267              		.loc 1 802 10 is_stmt 0 view .LVU217
 1268 000c 194B     		ldr	r3, .L134+4
 1269 000e 9842     		cmp	r0, r3
 1270 0010 15D0     		beq	.L130
 803:../../../../../Drivers/PY32E407_HAL_Driver/Src/py32e407_hal.c ****   {
 804:../../../../../Drivers/PY32E407_HAL_Driver/Src/py32e407_hal.c ****     CLEAR_BIT(SYSCFG->PCENS,GPIO_Pin);
 805:../../../../../Drivers/PY32E407_HAL_Driver/Src/py32e407_hal.c ****   }
 806:../../../../../Drivers/PY32E407_HAL_Driver/Src/py32e407_hal.c ****   else if(GPIOx==GPIOD)
 1271              		.loc 1 806 8 is_stmt 1 view .LVU218
 1272              		.loc 1 806 10 is_stmt 0 view .LVU219
 1273 0012 194B     		ldr	r3, .L134+8
 1274 0014 9842     		cmp	r0, r3
 1275 0016 18D0     		beq	.L131
 807:../../../../../Drivers/PY32E407_HAL_Driver/Src/py32e407_hal.c ****   {
 808:../../../../../Drivers/PY32E407_HAL_Driver/Src/py32e407_hal.c ****     CLEAR_BIT(SYSCFG->PDENS,GPIO_Pin);
 809:../../../../../Drivers/PY32E407_HAL_Driver/Src/py32e407_hal.c ****   }
 810:../../../../../Drivers/PY32E407_HAL_Driver/Src/py32e407_hal.c ****   else if(GPIOx==GPIOE)
 1276              		.loc 1 810 8 is_stmt 1 view .LVU220
 1277              		.loc 1 810 10 is_stmt 0 view .LVU221
 1278 0018 184B     		ldr	r3, .L134+12
 1279 001a 9842     		cmp	r0, r3
 1280 001c 1BD0     		beq	.L132
 811:../../../../../Drivers/PY32E407_HAL_Driver/Src/py32e407_hal.c ****   {
 812:../../../../../Drivers/PY32E407_HAL_Driver/Src/py32e407_hal.c ****     CLEAR_BIT(SYSCFG->PEENS,GPIO_Pin);
 813:../../../../../Drivers/PY32E407_HAL_Driver/Src/py32e407_hal.c ****   }
 814:../../../../../Drivers/PY32E407_HAL_Driver/Src/py32e407_hal.c ****   else if(GPIOx==GPIOF)
 1281              		.loc 1 814 8 is_stmt 1 view .LVU222
 1282              		.loc 1 814 10 is_stmt 0 view .LVU223
 1283 001e 184B     		ldr	r3, .L134+16
 1284 0020 9842     		cmp	r0, r3
 1285 0022 1ED0     		beq	.L133
 1286              	.LVL46:
 1287              	.L121:
 815:../../../../../Drivers/PY32E407_HAL_Driver/Src/py32e407_hal.c ****   {
 816:../../../../../Drivers/PY32E407_HAL_Driver/Src/py32e407_hal.c ****     CLEAR_BIT(SYSCFG->PFENS,GPIO_Pin);
 817:../../../../../Drivers/PY32E407_HAL_Driver/Src/py32e407_hal.c ****   }
 818:../../../../../Drivers/PY32E407_HAL_Driver/Src/py32e407_hal.c ****   else
 819:../../../../../Drivers/PY32E407_HAL_Driver/Src/py32e407_hal.c ****   {
 820:../../../../../Drivers/PY32E407_HAL_Driver/Src/py32e407_hal.c ****     
 821:../../../../../Drivers/PY32E407_HAL_Driver/Src/py32e407_hal.c ****   }
 822:../../../../../Drivers/PY32E407_HAL_Driver/Src/py32e407_hal.c **** }
 1288              		.loc 1 822 1 view .LVU224
 1289 0024 7047     		bx	lr
 1290              	.LVL47:
 1291              	.L128:
 796:../../../../../Drivers/PY32E407_HAL_Driver/Src/py32e407_hal.c ****   }
 1292              		.loc 1 796 5 is_stmt 1 view .LVU225
 1293 0026 174A     		ldr	r2, .L134+20
 1294 0028 536A     		ldr	r3, [r2, #36]
 1295 002a 23EA0101 		bic	r1, r3, r1
 1296              	.LVL48:
 796:../../../../../Drivers/PY32E407_HAL_Driver/Src/py32e407_hal.c ****   }
 1297              		.loc 1 796 5 is_stmt 0 view .LVU226
 1298 002e 5162     		str	r1, [r2, #36]
 1299 0030 7047     		bx	lr
ARM GAS  C:\Users\n11ak\AppData\Local\Temp\ccC2s8Vl.s 			page 38


 1300              	.LVL49:
 1301              	.L129:
 800:../../../../../Drivers/PY32E407_HAL_Driver/Src/py32e407_hal.c ****   }
 1302              		.loc 1 800 5 is_stmt 1 view .LVU227
 1303 0032 144A     		ldr	r2, .L134+20
 1304 0034 936A     		ldr	r3, [r2, #40]
 1305 0036 23EA0101 		bic	r1, r3, r1
 1306              	.LVL50:
 800:../../../../../Drivers/PY32E407_HAL_Driver/Src/py32e407_hal.c ****   }
 1307              		.loc 1 800 5 is_stmt 0 view .LVU228
 1308 003a 9162     		str	r1, [r2, #40]
 1309 003c 7047     		bx	lr
 1310              	.LVL51:
 1311              	.L130:
 804:../../../../../Drivers/PY32E407_HAL_Driver/Src/py32e407_hal.c ****   }
 1312              		.loc 1 804 5 is_stmt 1 view .LVU229
 1313 003e 114A     		ldr	r2, .L134+20
 1314 0040 D36A     		ldr	r3, [r2, #44]
 1315 0042 23EA0101 		bic	r1, r3, r1
 1316              	.LVL52:
 804:../../../../../Drivers/PY32E407_HAL_Driver/Src/py32e407_hal.c ****   }
 1317              		.loc 1 804 5 is_stmt 0 view .LVU230
 1318 0046 D162     		str	r1, [r2, #44]
 1319 0048 7047     		bx	lr
 1320              	.LVL53:
 1321              	.L131:
 808:../../../../../Drivers/PY32E407_HAL_Driver/Src/py32e407_hal.c ****   }
 1322              		.loc 1 808 5 is_stmt 1 view .LVU231
 1323 004a 0E4A     		ldr	r2, .L134+20
 1324 004c 136B     		ldr	r3, [r2, #48]
 1325 004e 23EA0101 		bic	r1, r3, r1
 1326              	.LVL54:
 808:../../../../../Drivers/PY32E407_HAL_Driver/Src/py32e407_hal.c ****   }
 1327              		.loc 1 808 5 is_stmt 0 view .LVU232
 1328 0052 1163     		str	r1, [r2, #48]
 1329 0054 7047     		bx	lr
 1330              	.LVL55:
 1331              	.L132:
 812:../../../../../Drivers/PY32E407_HAL_Driver/Src/py32e407_hal.c ****   }
 1332              		.loc 1 812 5 is_stmt 1 view .LVU233
 1333 0056 0B4A     		ldr	r2, .L134+20
 1334 0058 536B     		ldr	r3, [r2, #52]
 1335 005a 23EA0101 		bic	r1, r3, r1
 1336              	.LVL56:
 812:../../../../../Drivers/PY32E407_HAL_Driver/Src/py32e407_hal.c ****   }
 1337              		.loc 1 812 5 is_stmt 0 view .LVU234
 1338 005e 5163     		str	r1, [r2, #52]
 1339 0060 7047     		bx	lr
 1340              	.LVL57:
 1341              	.L133:
 816:../../../../../Drivers/PY32E407_HAL_Driver/Src/py32e407_hal.c ****   }
 1342              		.loc 1 816 5 is_stmt 1 view .LVU235
 1343 0062 084A     		ldr	r2, .L134+20
 1344 0064 936B     		ldr	r3, [r2, #56]
 1345 0066 23EA0101 		bic	r1, r3, r1
 1346              	.LVL58:
 816:../../../../../Drivers/PY32E407_HAL_Driver/Src/py32e407_hal.c ****   }
ARM GAS  C:\Users\n11ak\AppData\Local\Temp\ccC2s8Vl.s 			page 39


 1347              		.loc 1 816 5 is_stmt 0 view .LVU236
 1348 006a 9163     		str	r1, [r2, #56]
 821:../../../../../Drivers/PY32E407_HAL_Driver/Src/py32e407_hal.c **** }
 1349              		.loc 1 821 3 is_stmt 1 view .LVU237
 1350              		.loc 1 822 1 is_stmt 0 view .LVU238
 1351 006c DAE7     		b	.L121
 1352              	.L135:
 1353 006e 00BF     		.align	2
 1354              	.L134:
 1355 0070 00040048 		.word	1207960576
 1356 0074 00080048 		.word	1207961600
 1357 0078 000C0048 		.word	1207962624
 1358 007c 00100048 		.word	1207963648
 1359 0080 00140048 		.word	1207964672
 1360 0084 00000140 		.word	1073807360
 1361              		.cfi_endproc
 1362              	.LFE171:
 1364              		.section	.text.HAL_SYSCFG_EnableGPIOAnalogMode,"ax",%progbits
 1365              		.align	1
 1366              		.global	HAL_SYSCFG_EnableGPIOAnalogMode
 1367              		.syntax unified
 1368              		.thumb
 1369              		.thumb_func
 1371              	HAL_SYSCFG_EnableGPIOAnalogMode:
 1372              	.LVL59:
 1373              	.LFB172:
 823:../../../../../Drivers/PY32E407_HAL_Driver/Src/py32e407_hal.c **** 
 824:../../../../../Drivers/PY32E407_HAL_Driver/Src/py32e407_hal.c **** /**
 825:../../../../../Drivers/PY32E407_HAL_Driver/Src/py32e407_hal.c ****   * @brief  Enable GPIO Analog Mode
 826:../../../../../Drivers/PY32E407_HAL_Driver/Src/py32e407_hal.c ****   * @note   Depending on devices and packages, some IOs may not be available.
 827:../../../../../Drivers/PY32E407_HAL_Driver/Src/py32e407_hal.c ****   *         Refer to device datasheet for IOs availability.
 828:../../../../../Drivers/PY32E407_HAL_Driver/Src/py32e407_hal.c ****   * @param  GPIOx where x can be (A..F) to select the GPIO peripheral for PY32E4 family
 829:../../../../../Drivers/PY32E407_HAL_Driver/Src/py32e407_hal.c ****   * @param  GPIO_Pin specifies the pin to be Analog Mode
 830:../../../../../Drivers/PY32E407_HAL_Driver/Src/py32e407_hal.c ****   *         This parameter can be any combination of GPIO_Pin_x where x can be (0..15).
 831:../../../../../Drivers/PY32E407_HAL_Driver/Src/py32e407_hal.c ****   * @retval None
 832:../../../../../Drivers/PY32E407_HAL_Driver/Src/py32e407_hal.c ****   */
 833:../../../../../Drivers/PY32E407_HAL_Driver/Src/py32e407_hal.c **** void HAL_SYSCFG_EnableGPIOAnalogMode(GPIO_TypeDef *GPIOx,uint16_t GPIO_Pin)
 834:../../../../../Drivers/PY32E407_HAL_Driver/Src/py32e407_hal.c **** {
 1374              		.loc 1 834 1 is_stmt 1 view -0
 1375              		.cfi_startproc
 1376              		@ args = 0, pretend = 0, frame = 0
 1377              		@ frame_needed = 0, uses_anonymous_args = 0
 1378              		@ link register save eliminated.
 835:../../../../../Drivers/PY32E407_HAL_Driver/Src/py32e407_hal.c ****   /* Check the parameters */
 836:../../../../../Drivers/PY32E407_HAL_Driver/Src/py32e407_hal.c ****   assert_param(IS_GPIO_ALL_INSTANCE(GPIOx));
 1379              		.loc 1 836 3 view .LVU240
 837:../../../../../Drivers/PY32E407_HAL_Driver/Src/py32e407_hal.c ****   assert_param(IS_GPIO_PIN(GPIO_Pin));
 1380              		.loc 1 837 3 view .LVU241
 838:../../../../../Drivers/PY32E407_HAL_Driver/Src/py32e407_hal.c ****   if(GPIOx==GPIOA)
 1381              		.loc 1 838 3 view .LVU242
 1382              		.loc 1 838 5 is_stmt 0 view .LVU243
 1383 0000 B0F1904F 		cmp	r0, #1207959552
 1384 0004 0FD0     		beq	.L143
 839:../../../../../Drivers/PY32E407_HAL_Driver/Src/py32e407_hal.c ****   {    
 840:../../../../../Drivers/PY32E407_HAL_Driver/Src/py32e407_hal.c ****     SET_BIT(SYSCFG->PAANA2ENR,GPIO_Pin);
 841:../../../../../Drivers/PY32E407_HAL_Driver/Src/py32e407_hal.c ****   }
 842:../../../../../Drivers/PY32E407_HAL_Driver/Src/py32e407_hal.c ****   else if(GPIOx==GPIOB)
ARM GAS  C:\Users\n11ak\AppData\Local\Temp\ccC2s8Vl.s 			page 40


 1385              		.loc 1 842 8 is_stmt 1 view .LVU244
 1386              		.loc 1 842 10 is_stmt 0 view .LVU245
 1387 0006 174B     		ldr	r3, .L149
 1388 0008 9842     		cmp	r0, r3
 1389 000a 11D0     		beq	.L144
 843:../../../../../Drivers/PY32E407_HAL_Driver/Src/py32e407_hal.c ****   {
 844:../../../../../Drivers/PY32E407_HAL_Driver/Src/py32e407_hal.c ****     SET_BIT(SYSCFG->PBANA2ENR,GPIO_Pin);
 845:../../../../../Drivers/PY32E407_HAL_Driver/Src/py32e407_hal.c ****   }
 846:../../../../../Drivers/PY32E407_HAL_Driver/Src/py32e407_hal.c ****   else if(GPIOx==GPIOC)
 1390              		.loc 1 846 8 is_stmt 1 view .LVU246
 1391              		.loc 1 846 10 is_stmt 0 view .LVU247
 1392 000c 164B     		ldr	r3, .L149+4
 1393 000e 9842     		cmp	r0, r3
 1394 0010 13D0     		beq	.L145
 847:../../../../../Drivers/PY32E407_HAL_Driver/Src/py32e407_hal.c ****   {
 848:../../../../../Drivers/PY32E407_HAL_Driver/Src/py32e407_hal.c ****     SET_BIT(SYSCFG->PCANA2ENR,GPIO_Pin);
 849:../../../../../Drivers/PY32E407_HAL_Driver/Src/py32e407_hal.c ****   }
 850:../../../../../Drivers/PY32E407_HAL_Driver/Src/py32e407_hal.c ****   else if(GPIOx==GPIOD)
 1395              		.loc 1 850 8 is_stmt 1 view .LVU248
 1396              		.loc 1 850 10 is_stmt 0 view .LVU249
 1397 0012 164B     		ldr	r3, .L149+8
 1398 0014 9842     		cmp	r0, r3
 1399 0016 15D0     		beq	.L146
 851:../../../../../Drivers/PY32E407_HAL_Driver/Src/py32e407_hal.c ****   {
 852:../../../../../Drivers/PY32E407_HAL_Driver/Src/py32e407_hal.c ****     SET_BIT(SYSCFG->PDANA2ENR,GPIO_Pin);
 853:../../../../../Drivers/PY32E407_HAL_Driver/Src/py32e407_hal.c ****   }
 854:../../../../../Drivers/PY32E407_HAL_Driver/Src/py32e407_hal.c ****   else if(GPIOx==GPIOE)
 1400              		.loc 1 854 8 is_stmt 1 view .LVU250
 1401              		.loc 1 854 10 is_stmt 0 view .LVU251
 1402 0018 154B     		ldr	r3, .L149+12
 1403 001a 9842     		cmp	r0, r3
 1404 001c 17D0     		beq	.L147
 855:../../../../../Drivers/PY32E407_HAL_Driver/Src/py32e407_hal.c ****   {
 856:../../../../../Drivers/PY32E407_HAL_Driver/Src/py32e407_hal.c ****     SET_BIT(SYSCFG->PEANA2ENR,GPIO_Pin);
 857:../../../../../Drivers/PY32E407_HAL_Driver/Src/py32e407_hal.c ****   }
 858:../../../../../Drivers/PY32E407_HAL_Driver/Src/py32e407_hal.c ****   else if(GPIOx==GPIOF)
 1405              		.loc 1 858 8 is_stmt 1 view .LVU252
 1406              		.loc 1 858 10 is_stmt 0 view .LVU253
 1407 001e 154B     		ldr	r3, .L149+16
 1408 0020 9842     		cmp	r0, r3
 1409 0022 19D0     		beq	.L148
 1410              	.LVL60:
 1411              	.L136:
 859:../../../../../Drivers/PY32E407_HAL_Driver/Src/py32e407_hal.c ****   {
 860:../../../../../Drivers/PY32E407_HAL_Driver/Src/py32e407_hal.c ****     SET_BIT(SYSCFG->PFANA2ENR,GPIO_Pin);
 861:../../../../../Drivers/PY32E407_HAL_Driver/Src/py32e407_hal.c ****   }
 862:../../../../../Drivers/PY32E407_HAL_Driver/Src/py32e407_hal.c ****   else
 863:../../../../../Drivers/PY32E407_HAL_Driver/Src/py32e407_hal.c ****   {
 864:../../../../../Drivers/PY32E407_HAL_Driver/Src/py32e407_hal.c ****     
 865:../../../../../Drivers/PY32E407_HAL_Driver/Src/py32e407_hal.c ****   }
 866:../../../../../Drivers/PY32E407_HAL_Driver/Src/py32e407_hal.c **** }
 1412              		.loc 1 866 1 view .LVU254
 1413 0024 7047     		bx	lr
 1414              	.LVL61:
 1415              	.L143:
 840:../../../../../Drivers/PY32E407_HAL_Driver/Src/py32e407_hal.c ****   }
 1416              		.loc 1 840 5 is_stmt 1 view .LVU255
ARM GAS  C:\Users\n11ak\AppData\Local\Temp\ccC2s8Vl.s 			page 41


 1417 0026 144A     		ldr	r2, .L149+20
 1418 0028 136C     		ldr	r3, [r2, #64]
 1419 002a 1943     		orrs	r1, r1, r3
 1420              	.LVL62:
 840:../../../../../Drivers/PY32E407_HAL_Driver/Src/py32e407_hal.c ****   }
 1421              		.loc 1 840 5 is_stmt 0 view .LVU256
 1422 002c 1164     		str	r1, [r2, #64]
 1423 002e 7047     		bx	lr
 1424              	.LVL63:
 1425              	.L144:
 844:../../../../../Drivers/PY32E407_HAL_Driver/Src/py32e407_hal.c ****   }
 1426              		.loc 1 844 5 is_stmt 1 view .LVU257
 1427 0030 114A     		ldr	r2, .L149+20
 1428 0032 536C     		ldr	r3, [r2, #68]
 1429 0034 1943     		orrs	r1, r1, r3
 1430              	.LVL64:
 844:../../../../../Drivers/PY32E407_HAL_Driver/Src/py32e407_hal.c ****   }
 1431              		.loc 1 844 5 is_stmt 0 view .LVU258
 1432 0036 5164     		str	r1, [r2, #68]
 1433 0038 7047     		bx	lr
 1434              	.LVL65:
 1435              	.L145:
 848:../../../../../Drivers/PY32E407_HAL_Driver/Src/py32e407_hal.c ****   }
 1436              		.loc 1 848 5 is_stmt 1 view .LVU259
 1437 003a 0F4A     		ldr	r2, .L149+20
 1438 003c 936C     		ldr	r3, [r2, #72]
 1439 003e 1943     		orrs	r1, r1, r3
 1440              	.LVL66:
 848:../../../../../Drivers/PY32E407_HAL_Driver/Src/py32e407_hal.c ****   }
 1441              		.loc 1 848 5 is_stmt 0 view .LVU260
 1442 0040 9164     		str	r1, [r2, #72]
 1443 0042 7047     		bx	lr
 1444              	.LVL67:
 1445              	.L146:
 852:../../../../../Drivers/PY32E407_HAL_Driver/Src/py32e407_hal.c ****   }
 1446              		.loc 1 852 5 is_stmt 1 view .LVU261
 1447 0044 0C4A     		ldr	r2, .L149+20
 1448 0046 D36C     		ldr	r3, [r2, #76]
 1449 0048 1943     		orrs	r1, r1, r3
 1450              	.LVL68:
 852:../../../../../Drivers/PY32E407_HAL_Driver/Src/py32e407_hal.c ****   }
 1451              		.loc 1 852 5 is_stmt 0 view .LVU262
 1452 004a D164     		str	r1, [r2, #76]
 1453 004c 7047     		bx	lr
 1454              	.LVL69:
 1455              	.L147:
 856:../../../../../Drivers/PY32E407_HAL_Driver/Src/py32e407_hal.c ****   }
 1456              		.loc 1 856 5 is_stmt 1 view .LVU263
 1457 004e 0A4A     		ldr	r2, .L149+20
 1458 0050 136D     		ldr	r3, [r2, #80]
 1459 0052 1943     		orrs	r1, r1, r3
 1460              	.LVL70:
 856:../../../../../Drivers/PY32E407_HAL_Driver/Src/py32e407_hal.c ****   }
 1461              		.loc 1 856 5 is_stmt 0 view .LVU264
 1462 0054 1165     		str	r1, [r2, #80]
 1463 0056 7047     		bx	lr
 1464              	.LVL71:
ARM GAS  C:\Users\n11ak\AppData\Local\Temp\ccC2s8Vl.s 			page 42


 1465              	.L148:
 860:../../../../../Drivers/PY32E407_HAL_Driver/Src/py32e407_hal.c ****   }
 1466              		.loc 1 860 5 is_stmt 1 view .LVU265
 1467 0058 074B     		ldr	r3, .L149+20
 1468 005a 5A6D     		ldr	r2, [r3, #84]
 1469 005c 1143     		orrs	r1, r1, r2
 1470              	.LVL72:
 860:../../../../../Drivers/PY32E407_HAL_Driver/Src/py32e407_hal.c ****   }
 1471              		.loc 1 860 5 is_stmt 0 view .LVU266
 1472 005e 5965     		str	r1, [r3, #84]
 865:../../../../../Drivers/PY32E407_HAL_Driver/Src/py32e407_hal.c **** }
 1473              		.loc 1 865 3 is_stmt 1 view .LVU267
 1474              		.loc 1 866 1 is_stmt 0 view .LVU268
 1475 0060 E0E7     		b	.L136
 1476              	.L150:
 1477 0062 00BF     		.align	2
 1478              	.L149:
 1479 0064 00040048 		.word	1207960576
 1480 0068 00080048 		.word	1207961600
 1481 006c 000C0048 		.word	1207962624
 1482 0070 00100048 		.word	1207963648
 1483 0074 00140048 		.word	1207964672
 1484 0078 00000140 		.word	1073807360
 1485              		.cfi_endproc
 1486              	.LFE172:
 1488              		.section	.text.HAL_SYSCFG_DisableGPIOAnalogMode,"ax",%progbits
 1489              		.align	1
 1490              		.global	HAL_SYSCFG_DisableGPIOAnalogMode
 1491              		.syntax unified
 1492              		.thumb
 1493              		.thumb_func
 1495              	HAL_SYSCFG_DisableGPIOAnalogMode:
 1496              	.LVL73:
 1497              	.LFB173:
 867:../../../../../Drivers/PY32E407_HAL_Driver/Src/py32e407_hal.c **** 
 868:../../../../../Drivers/PY32E407_HAL_Driver/Src/py32e407_hal.c **** /**
 869:../../../../../Drivers/PY32E407_HAL_Driver/Src/py32e407_hal.c ****   * @brief  Disable GPIO Analog Mode
 870:../../../../../Drivers/PY32E407_HAL_Driver/Src/py32e407_hal.c ****   * @note   Depending on devices and packages, some IOs may not be available.
 871:../../../../../Drivers/PY32E407_HAL_Driver/Src/py32e407_hal.c ****   *         Refer to device datasheet for IOs availability.
 872:../../../../../Drivers/PY32E407_HAL_Driver/Src/py32e407_hal.c ****   * @param  GPIOx where x can be (A..F) to select the GPIO peripheral for PY32E4 family
 873:../../../../../Drivers/PY32E407_HAL_Driver/Src/py32e407_hal.c ****   * @param  GPIO_Pin specifies the pin to be Analog Mode
 874:../../../../../Drivers/PY32E407_HAL_Driver/Src/py32e407_hal.c ****   *         This parameter can be any combination of GPIO_Pin_x where x can be (0..15).
 875:../../../../../Drivers/PY32E407_HAL_Driver/Src/py32e407_hal.c ****   * @retval None
 876:../../../../../Drivers/PY32E407_HAL_Driver/Src/py32e407_hal.c ****   */
 877:../../../../../Drivers/PY32E407_HAL_Driver/Src/py32e407_hal.c **** void HAL_SYSCFG_DisableGPIOAnalogMode(GPIO_TypeDef *GPIOx,uint16_t GPIO_Pin)
 878:../../../../../Drivers/PY32E407_HAL_Driver/Src/py32e407_hal.c **** {
 1498              		.loc 1 878 1 is_stmt 1 view -0
 1499              		.cfi_startproc
 1500              		@ args = 0, pretend = 0, frame = 0
 1501              		@ frame_needed = 0, uses_anonymous_args = 0
 1502              		@ link register save eliminated.
 879:../../../../../Drivers/PY32E407_HAL_Driver/Src/py32e407_hal.c ****   /* Check the parameters */
 880:../../../../../Drivers/PY32E407_HAL_Driver/Src/py32e407_hal.c ****   assert_param(IS_GPIO_ALL_INSTANCE(GPIOx));
 1503              		.loc 1 880 3 view .LVU270
 881:../../../../../Drivers/PY32E407_HAL_Driver/Src/py32e407_hal.c ****   assert_param(IS_GPIO_PIN(GPIO_Pin));
 1504              		.loc 1 881 3 view .LVU271
 882:../../../../../Drivers/PY32E407_HAL_Driver/Src/py32e407_hal.c ****  if(GPIOx==GPIOA)
ARM GAS  C:\Users\n11ak\AppData\Local\Temp\ccC2s8Vl.s 			page 43


 1505              		.loc 1 882 2 view .LVU272
 1506              		.loc 1 882 4 is_stmt 0 view .LVU273
 1507 0000 B0F1904F 		cmp	r0, #1207959552
 1508 0004 0FD0     		beq	.L158
 883:../../../../../Drivers/PY32E407_HAL_Driver/Src/py32e407_hal.c ****   {    
 884:../../../../../Drivers/PY32E407_HAL_Driver/Src/py32e407_hal.c ****     CLEAR_BIT(SYSCFG->PAANA2ENR,GPIO_Pin);
 885:../../../../../Drivers/PY32E407_HAL_Driver/Src/py32e407_hal.c ****   }
 886:../../../../../Drivers/PY32E407_HAL_Driver/Src/py32e407_hal.c ****   else if(GPIOx==GPIOB)
 1509              		.loc 1 886 8 is_stmt 1 view .LVU274
 1510              		.loc 1 886 10 is_stmt 0 view .LVU275
 1511 0006 1A4B     		ldr	r3, .L164
 1512 0008 9842     		cmp	r0, r3
 1513 000a 12D0     		beq	.L159
 887:../../../../../Drivers/PY32E407_HAL_Driver/Src/py32e407_hal.c ****   {
 888:../../../../../Drivers/PY32E407_HAL_Driver/Src/py32e407_hal.c ****     CLEAR_BIT(SYSCFG->PBANA2ENR,GPIO_Pin);
 889:../../../../../Drivers/PY32E407_HAL_Driver/Src/py32e407_hal.c ****   }
 890:../../../../../Drivers/PY32E407_HAL_Driver/Src/py32e407_hal.c ****   else if(GPIOx==GPIOC)
 1514              		.loc 1 890 8 is_stmt 1 view .LVU276
 1515              		.loc 1 890 10 is_stmt 0 view .LVU277
 1516 000c 194B     		ldr	r3, .L164+4
 1517 000e 9842     		cmp	r0, r3
 1518 0010 15D0     		beq	.L160
 891:../../../../../Drivers/PY32E407_HAL_Driver/Src/py32e407_hal.c ****   {
 892:../../../../../Drivers/PY32E407_HAL_Driver/Src/py32e407_hal.c ****     CLEAR_BIT(SYSCFG->PCANA2ENR,GPIO_Pin);
 893:../../../../../Drivers/PY32E407_HAL_Driver/Src/py32e407_hal.c ****   }
 894:../../../../../Drivers/PY32E407_HAL_Driver/Src/py32e407_hal.c ****   else if(GPIOx==GPIOD)
 1519              		.loc 1 894 8 is_stmt 1 view .LVU278
 1520              		.loc 1 894 10 is_stmt 0 view .LVU279
 1521 0012 194B     		ldr	r3, .L164+8
 1522 0014 9842     		cmp	r0, r3
 1523 0016 18D0     		beq	.L161
 895:../../../../../Drivers/PY32E407_HAL_Driver/Src/py32e407_hal.c ****   {
 896:../../../../../Drivers/PY32E407_HAL_Driver/Src/py32e407_hal.c ****     CLEAR_BIT(SYSCFG->PDANA2ENR,GPIO_Pin);
 897:../../../../../Drivers/PY32E407_HAL_Driver/Src/py32e407_hal.c ****   }
 898:../../../../../Drivers/PY32E407_HAL_Driver/Src/py32e407_hal.c ****   else if(GPIOx==GPIOE)
 1524              		.loc 1 898 8 is_stmt 1 view .LVU280
 1525              		.loc 1 898 10 is_stmt 0 view .LVU281
 1526 0018 184B     		ldr	r3, .L164+12
 1527 001a 9842     		cmp	r0, r3
 1528 001c 1BD0     		beq	.L162
 899:../../../../../Drivers/PY32E407_HAL_Driver/Src/py32e407_hal.c ****   {
 900:../../../../../Drivers/PY32E407_HAL_Driver/Src/py32e407_hal.c ****     CLEAR_BIT(SYSCFG->PEANA2ENR,GPIO_Pin);
 901:../../../../../Drivers/PY32E407_HAL_Driver/Src/py32e407_hal.c ****   }
 902:../../../../../Drivers/PY32E407_HAL_Driver/Src/py32e407_hal.c ****   else if(GPIOx==GPIOF)
 1529              		.loc 1 902 8 is_stmt 1 view .LVU282
 1530              		.loc 1 902 10 is_stmt 0 view .LVU283
 1531 001e 184B     		ldr	r3, .L164+16
 1532 0020 9842     		cmp	r0, r3
 1533 0022 1ED0     		beq	.L163
 1534              	.LVL74:
 1535              	.L151:
 903:../../../../../Drivers/PY32E407_HAL_Driver/Src/py32e407_hal.c ****   {
 904:../../../../../Drivers/PY32E407_HAL_Driver/Src/py32e407_hal.c ****     CLEAR_BIT(SYSCFG->PFANA2ENR,GPIO_Pin);
 905:../../../../../Drivers/PY32E407_HAL_Driver/Src/py32e407_hal.c ****   }
 906:../../../../../Drivers/PY32E407_HAL_Driver/Src/py32e407_hal.c ****   else
 907:../../../../../Drivers/PY32E407_HAL_Driver/Src/py32e407_hal.c ****   {
 908:../../../../../Drivers/PY32E407_HAL_Driver/Src/py32e407_hal.c ****     
ARM GAS  C:\Users\n11ak\AppData\Local\Temp\ccC2s8Vl.s 			page 44


 909:../../../../../Drivers/PY32E407_HAL_Driver/Src/py32e407_hal.c ****   }
 910:../../../../../Drivers/PY32E407_HAL_Driver/Src/py32e407_hal.c **** }
 1536              		.loc 1 910 1 view .LVU284
 1537 0024 7047     		bx	lr
 1538              	.LVL75:
 1539              	.L158:
 884:../../../../../Drivers/PY32E407_HAL_Driver/Src/py32e407_hal.c ****   }
 1540              		.loc 1 884 5 is_stmt 1 view .LVU285
 1541 0026 174A     		ldr	r2, .L164+20
 1542 0028 136C     		ldr	r3, [r2, #64]
 1543 002a 23EA0101 		bic	r1, r3, r1
 1544              	.LVL76:
 884:../../../../../Drivers/PY32E407_HAL_Driver/Src/py32e407_hal.c ****   }
 1545              		.loc 1 884 5 is_stmt 0 view .LVU286
 1546 002e 1164     		str	r1, [r2, #64]
 1547 0030 7047     		bx	lr
 1548              	.LVL77:
 1549              	.L159:
 888:../../../../../Drivers/PY32E407_HAL_Driver/Src/py32e407_hal.c ****   }
 1550              		.loc 1 888 5 is_stmt 1 view .LVU287
 1551 0032 144A     		ldr	r2, .L164+20
 1552 0034 536C     		ldr	r3, [r2, #68]
 1553 0036 23EA0101 		bic	r1, r3, r1
 1554              	.LVL78:
 888:../../../../../Drivers/PY32E407_HAL_Driver/Src/py32e407_hal.c ****   }
 1555              		.loc 1 888 5 is_stmt 0 view .LVU288
 1556 003a 5164     		str	r1, [r2, #68]
 1557 003c 7047     		bx	lr
 1558              	.LVL79:
 1559              	.L160:
 892:../../../../../Drivers/PY32E407_HAL_Driver/Src/py32e407_hal.c ****   }
 1560              		.loc 1 892 5 is_stmt 1 view .LVU289
 1561 003e 114A     		ldr	r2, .L164+20
 1562 0040 936C     		ldr	r3, [r2, #72]
 1563 0042 23EA0101 		bic	r1, r3, r1
 1564              	.LVL80:
 892:../../../../../Drivers/PY32E407_HAL_Driver/Src/py32e407_hal.c ****   }
 1565              		.loc 1 892 5 is_stmt 0 view .LVU290
 1566 0046 9164     		str	r1, [r2, #72]
 1567 0048 7047     		bx	lr
 1568              	.LVL81:
 1569              	.L161:
 896:../../../../../Drivers/PY32E407_HAL_Driver/Src/py32e407_hal.c ****   }
 1570              		.loc 1 896 5 is_stmt 1 view .LVU291
 1571 004a 0E4A     		ldr	r2, .L164+20
 1572 004c D36C     		ldr	r3, [r2, #76]
 1573 004e 23EA0101 		bic	r1, r3, r1
 1574              	.LVL82:
 896:../../../../../Drivers/PY32E407_HAL_Driver/Src/py32e407_hal.c ****   }
 1575              		.loc 1 896 5 is_stmt 0 view .LVU292
 1576 0052 D164     		str	r1, [r2, #76]
 1577 0054 7047     		bx	lr
 1578              	.LVL83:
 1579              	.L162:
 900:../../../../../Drivers/PY32E407_HAL_Driver/Src/py32e407_hal.c ****   }
 1580              		.loc 1 900 5 is_stmt 1 view .LVU293
 1581 0056 0B4A     		ldr	r2, .L164+20
ARM GAS  C:\Users\n11ak\AppData\Local\Temp\ccC2s8Vl.s 			page 45


 1582 0058 136D     		ldr	r3, [r2, #80]
 1583 005a 23EA0101 		bic	r1, r3, r1
 1584              	.LVL84:
 900:../../../../../Drivers/PY32E407_HAL_Driver/Src/py32e407_hal.c ****   }
 1585              		.loc 1 900 5 is_stmt 0 view .LVU294
 1586 005e 1165     		str	r1, [r2, #80]
 1587 0060 7047     		bx	lr
 1588              	.LVL85:
 1589              	.L163:
 904:../../../../../Drivers/PY32E407_HAL_Driver/Src/py32e407_hal.c ****   }
 1590              		.loc 1 904 5 is_stmt 1 view .LVU295
 1591 0062 084A     		ldr	r2, .L164+20
 1592 0064 536D     		ldr	r3, [r2, #84]
 1593 0066 23EA0101 		bic	r1, r3, r1
 1594              	.LVL86:
 904:../../../../../Drivers/PY32E407_HAL_Driver/Src/py32e407_hal.c ****   }
 1595              		.loc 1 904 5 is_stmt 0 view .LVU296
 1596 006a 5165     		str	r1, [r2, #84]
 909:../../../../../Drivers/PY32E407_HAL_Driver/Src/py32e407_hal.c **** }
 1597              		.loc 1 909 3 is_stmt 1 view .LVU297
 1598              		.loc 1 910 1 is_stmt 0 view .LVU298
 1599 006c DAE7     		b	.L151
 1600              	.L165:
 1601 006e 00BF     		.align	2
 1602              	.L164:
 1603 0070 00040048 		.word	1207960576
 1604 0074 00080048 		.word	1207961600
 1605 0078 000C0048 		.word	1207962624
 1606 007c 00100048 		.word	1207963648
 1607 0080 00140048 		.word	1207964672
 1608 0084 00000140 		.word	1073807360
 1609              		.cfi_endproc
 1610              	.LFE173:
 1612              		.section	.text.HAL_SYSCFG_CCMSRAMErase,"ax",%progbits
 1613              		.align	1
 1614              		.global	HAL_SYSCFG_CCMSRAMErase
 1615              		.syntax unified
 1616              		.thumb
 1617              		.thumb_func
 1619              	HAL_SYSCFG_CCMSRAMErase:
 1620              	.LFB174:
 911:../../../../../Drivers/PY32E407_HAL_Driver/Src/py32e407_hal.c **** 
 912:../../../../../Drivers/PY32E407_HAL_Driver/Src/py32e407_hal.c **** /**
 913:../../../../../Drivers/PY32E407_HAL_Driver/Src/py32e407_hal.c ****   * @brief  Start a hardware CCMSRAM erase operation.
 914:../../../../../Drivers/PY32E407_HAL_Driver/Src/py32e407_hal.c ****   * @note   As long as CCMSRAM is not erased the CCMER bit will be set.
 915:../../../../../Drivers/PY32E407_HAL_Driver/Src/py32e407_hal.c ****   *         This bit is automatically reset at the end of the CCMSRAM erase operation.
 916:../../../../../Drivers/PY32E407_HAL_Driver/Src/py32e407_hal.c ****   * @retval None
 917:../../../../../Drivers/PY32E407_HAL_Driver/Src/py32e407_hal.c ****   */
 918:../../../../../Drivers/PY32E407_HAL_Driver/Src/py32e407_hal.c **** void HAL_SYSCFG_CCMSRAMErase(void)
 919:../../../../../Drivers/PY32E407_HAL_Driver/Src/py32e407_hal.c **** {
 1621              		.loc 1 919 1 is_stmt 1 view -0
 1622              		.cfi_startproc
 1623              		@ args = 0, pretend = 0, frame = 0
 1624              		@ frame_needed = 0, uses_anonymous_args = 0
 1625              		@ link register save eliminated.
 920:../../../../../Drivers/PY32E407_HAL_Driver/Src/py32e407_hal.c ****   /* unlock the write protection of the CCMER bit */
 921:../../../../../Drivers/PY32E407_HAL_Driver/Src/py32e407_hal.c ****   SYSCFG->SKR = 0xCA;
ARM GAS  C:\Users\n11ak\AppData\Local\Temp\ccC2s8Vl.s 			page 46


 1626              		.loc 1 921 3 view .LVU300
 1627              		.loc 1 921 15 is_stmt 0 view .LVU301
 1628 0000 044B     		ldr	r3, .L167
 1629 0002 CA22     		movs	r2, #202
 1630 0004 9A67     		str	r2, [r3, #120]
 922:../../../../../Drivers/PY32E407_HAL_Driver/Src/py32e407_hal.c ****   SYSCFG->SKR = 0x53;
 1631              		.loc 1 922 3 is_stmt 1 view .LVU302
 1632              		.loc 1 922 15 is_stmt 0 view .LVU303
 1633 0006 5322     		movs	r2, #83
 1634 0008 9A67     		str	r2, [r3, #120]
 923:../../../../../Drivers/PY32E407_HAL_Driver/Src/py32e407_hal.c ****   /* Starts a hardware CCMSRAM erase operation*/
 924:../../../../../Drivers/PY32E407_HAL_Driver/Src/py32e407_hal.c ****   SET_BIT(SYSCFG->SCSR, SYSCFG_SCSR_CCMER);
 1635              		.loc 1 924 3 is_stmt 1 view .LVU304
 1636 000a 1A6F     		ldr	r2, [r3, #112]
 1637 000c 42F00102 		orr	r2, r2, #1
 1638 0010 1A67     		str	r2, [r3, #112]
 925:../../../../../Drivers/PY32E407_HAL_Driver/Src/py32e407_hal.c **** }
 1639              		.loc 1 925 1 is_stmt 0 view .LVU305
 1640 0012 7047     		bx	lr
 1641              	.L168:
 1642              		.align	2
 1643              	.L167:
 1644 0014 00000140 		.word	1073807360
 1645              		.cfi_endproc
 1646              	.LFE174:
 1648              		.section	.text.HAL_SYSCFG_CCMSRAM_WriteProtectionEnable,"ax",%progbits
 1649              		.align	1
 1650              		.global	HAL_SYSCFG_CCMSRAM_WriteProtectionEnable
 1651              		.syntax unified
 1652              		.thumb
 1653              		.thumb_func
 1655              	HAL_SYSCFG_CCMSRAM_WriteProtectionEnable:
 1656              	.LVL87:
 1657              	.LFB175:
 926:../../../../../Drivers/PY32E407_HAL_Driver/Src/py32e407_hal.c **** 
 927:../../../../../Drivers/PY32E407_HAL_Driver/Src/py32e407_hal.c **** /** @brief  CCMSRAM page write protection enable
 928:../../../../../Drivers/PY32E407_HAL_Driver/Src/py32e407_hal.c ****   * @param Page: This parameter is a long 32bit value and can be a value of @ref SYSCFG_CCMSRAMWRP
 929:../../../../../Drivers/PY32E407_HAL_Driver/Src/py32e407_hal.c ****   * @note   write protection can only be disabled by a system reset
 930:../../../../../Drivers/PY32E407_HAL_Driver/Src/py32e407_hal.c ****   * @retval None
 931:../../../../../Drivers/PY32E407_HAL_Driver/Src/py32e407_hal.c ****   */
 932:../../../../../Drivers/PY32E407_HAL_Driver/Src/py32e407_hal.c **** void HAL_SYSCFG_CCMSRAM_WriteProtectionEnable(uint32_t Page)
 933:../../../../../Drivers/PY32E407_HAL_Driver/Src/py32e407_hal.c **** {
 1658              		.loc 1 933 1 is_stmt 1 view -0
 1659              		.cfi_startproc
 1660              		@ args = 0, pretend = 0, frame = 0
 1661              		@ frame_needed = 0, uses_anonymous_args = 0
 1662              		@ link register save eliminated.
 934:../../../../../Drivers/PY32E407_HAL_Driver/Src/py32e407_hal.c ****   assert_param(IS_SYSCFG_CCMSRAMWRP_PAGE(Page));
 1663              		.loc 1 934 3 view .LVU307
 935:../../../../../Drivers/PY32E407_HAL_Driver/Src/py32e407_hal.c **** 
 936:../../../../../Drivers/PY32E407_HAL_Driver/Src/py32e407_hal.c ****   SET_BIT(SYSCFG->SWPR, (uint32_t)(Page));
 1664              		.loc 1 936 3 view .LVU308
 1665 0000 024A     		ldr	r2, .L170
 1666 0002 536F     		ldr	r3, [r2, #116]
 1667 0004 0343     		orrs	r3, r3, r0
 1668 0006 5367     		str	r3, [r2, #116]
 937:../../../../../Drivers/PY32E407_HAL_Driver/Src/py32e407_hal.c **** }
ARM GAS  C:\Users\n11ak\AppData\Local\Temp\ccC2s8Vl.s 			page 47


 1669              		.loc 1 937 1 is_stmt 0 view .LVU309
 1670 0008 7047     		bx	lr
 1671              	.L171:
 1672 000a 00BF     		.align	2
 1673              	.L170:
 1674 000c 00000140 		.word	1073807360
 1675              		.cfi_endproc
 1676              	.LFE175:
 1678              		.global	uwTickFreq
 1679              		.global	uwTickPrio
 1680              		.global	uwTick
 1681              		.section	.bss.uwTick,"aw",%nobits
 1682              		.align	2
 1683              		.set	.LANCHOR2,. + 0
 1686              	uwTick:
 1687 0000 00000000 		.space	4
 1688              		.section	.data.uwTickFreq,"aw"
 1689              		.align	2
 1690              		.set	.LANCHOR0,. + 0
 1693              	uwTickFreq:
 1694 0000 01000000 		.word	1
 1695              		.section	.data.uwTickPrio,"aw"
 1696              		.align	2
 1697              		.set	.LANCHOR1,. + 0
 1700              	uwTickPrio:
 1701 0000 08000000 		.word	8
 1702              		.text
 1703              	.Letext0:
 1704              		.file 2 "h:\\program files (x86)\\puyasde\\tool\\arm-none-eabi\\include\\machine\\_default_types.h
 1705              		.file 3 "h:\\program files (x86)\\puyasde\\tool\\arm-none-eabi\\include\\sys\\_stdint.h"
 1706              		.file 4 "h:\\drivers\\cmsis\\include\\core_cm4.h"
 1707              		.file 5 "h:\\drivers\\cmsis\\device\\puya\\py32e407\\include\\py32e407xE.h"
 1708              		.file 6 "h:\\drivers\\py32e407_hal_driver\\inc\\py32e407_hal_def.h"
 1709              		.file 7 "h:\\drivers\\cmsis\\device\\puya\\py32e407\\include\\system_py32e4xx.h"
 1710              		.file 8 "h:\\drivers\\py32e407_hal_driver\\inc\\py32e4xx_hal.h"
 1711              		.file 9 "h:\\drivers\\py32e407_hal_driver\\inc\\py32e407_hal_cortex.h"
ARM GAS  C:\Users\n11ak\AppData\Local\Temp\ccC2s8Vl.s 			page 48


DEFINED SYMBOLS
                            *ABS*:00000000 py32e407_hal.c
C:\Users\n11ak\AppData\Local\Temp\ccC2s8Vl.s:20     .text.HAL_MspInit:00000000 $t
C:\Users\n11ak\AppData\Local\Temp\ccC2s8Vl.s:26     .text.HAL_MspInit:00000000 HAL_MspInit
C:\Users\n11ak\AppData\Local\Temp\ccC2s8Vl.s:40     .text.HAL_MspDeInit:00000000 $t
C:\Users\n11ak\AppData\Local\Temp\ccC2s8Vl.s:46     .text.HAL_MspDeInit:00000000 HAL_MspDeInit
C:\Users\n11ak\AppData\Local\Temp\ccC2s8Vl.s:59     .text.HAL_DeInit:00000000 $t
C:\Users\n11ak\AppData\Local\Temp\ccC2s8Vl.s:65     .text.HAL_DeInit:00000000 HAL_DeInit
C:\Users\n11ak\AppData\Local\Temp\ccC2s8Vl.s:109    .text.HAL_DeInit:00000028 $d
C:\Users\n11ak\AppData\Local\Temp\ccC2s8Vl.s:114    .text.HAL_InitTick:00000000 $t
C:\Users\n11ak\AppData\Local\Temp\ccC2s8Vl.s:120    .text.HAL_InitTick:00000000 HAL_InitTick
C:\Users\n11ak\AppData\Local\Temp\ccC2s8Vl.s:183    .text.HAL_InitTick:00000040 $d
C:\Users\n11ak\AppData\Local\Temp\ccC2s8Vl.s:190    .text.HAL_Init:00000000 $t
C:\Users\n11ak\AppData\Local\Temp\ccC2s8Vl.s:196    .text.HAL_Init:00000000 HAL_Init
C:\Users\n11ak\AppData\Local\Temp\ccC2s8Vl.s:240    .text.HAL_IncTick:00000000 $t
C:\Users\n11ak\AppData\Local\Temp\ccC2s8Vl.s:246    .text.HAL_IncTick:00000000 HAL_IncTick
C:\Users\n11ak\AppData\Local\Temp\ccC2s8Vl.s:266    .text.HAL_IncTick:00000010 $d
C:\Users\n11ak\AppData\Local\Temp\ccC2s8Vl.s:272    .text.HAL_GetTick:00000000 $t
C:\Users\n11ak\AppData\Local\Temp\ccC2s8Vl.s:278    .text.HAL_GetTick:00000000 HAL_GetTick
C:\Users\n11ak\AppData\Local\Temp\ccC2s8Vl.s:294    .text.HAL_GetTick:00000008 $d
C:\Users\n11ak\AppData\Local\Temp\ccC2s8Vl.s:299    .text.HAL_GetTickPrio:00000000 $t
C:\Users\n11ak\AppData\Local\Temp\ccC2s8Vl.s:305    .text.HAL_GetTickPrio:00000000 HAL_GetTickPrio
C:\Users\n11ak\AppData\Local\Temp\ccC2s8Vl.s:320    .text.HAL_GetTickPrio:00000008 $d
C:\Users\n11ak\AppData\Local\Temp\ccC2s8Vl.s:325    .text.HAL_SetTickFreq:00000000 $t
C:\Users\n11ak\AppData\Local\Temp\ccC2s8Vl.s:331    .text.HAL_SetTickFreq:00000000 HAL_SetTickFreq
C:\Users\n11ak\AppData\Local\Temp\ccC2s8Vl.s:388    .text.HAL_SetTickFreq:00000024 $d
C:\Users\n11ak\AppData\Local\Temp\ccC2s8Vl.s:394    .text.HAL_GetTickFreq:00000000 $t
C:\Users\n11ak\AppData\Local\Temp\ccC2s8Vl.s:400    .text.HAL_GetTickFreq:00000000 HAL_GetTickFreq
C:\Users\n11ak\AppData\Local\Temp\ccC2s8Vl.s:415    .text.HAL_GetTickFreq:00000008 $d
C:\Users\n11ak\AppData\Local\Temp\ccC2s8Vl.s:420    .text.HAL_Delay:00000000 $t
C:\Users\n11ak\AppData\Local\Temp\ccC2s8Vl.s:426    .text.HAL_Delay:00000000 HAL_Delay
C:\Users\n11ak\AppData\Local\Temp\ccC2s8Vl.s:479    .text.HAL_Delay:00000024 $d
C:\Users\n11ak\AppData\Local\Temp\ccC2s8Vl.s:484    .text.HAL_SuspendTick:00000000 $t
C:\Users\n11ak\AppData\Local\Temp\ccC2s8Vl.s:490    .text.HAL_SuspendTick:00000000 HAL_SuspendTick
C:\Users\n11ak\AppData\Local\Temp\ccC2s8Vl.s:508    .text.HAL_ResumeTick:00000000 $t
C:\Users\n11ak\AppData\Local\Temp\ccC2s8Vl.s:514    .text.HAL_ResumeTick:00000000 HAL_ResumeTick
C:\Users\n11ak\AppData\Local\Temp\ccC2s8Vl.s:532    .text.HAL_GetHalVersion:00000000 $t
C:\Users\n11ak\AppData\Local\Temp\ccC2s8Vl.s:538    .text.HAL_GetHalVersion:00000000 HAL_GetHalVersion
C:\Users\n11ak\AppData\Local\Temp\ccC2s8Vl.s:553    .text.HAL_GetREVID:00000000 $t
C:\Users\n11ak\AppData\Local\Temp\ccC2s8Vl.s:559    .text.HAL_GetREVID:00000000 HAL_GetREVID
C:\Users\n11ak\AppData\Local\Temp\ccC2s8Vl.s:575    .text.HAL_GetREVID:00000008 $d
C:\Users\n11ak\AppData\Local\Temp\ccC2s8Vl.s:580    .text.HAL_GetDEVID:00000000 $t
C:\Users\n11ak\AppData\Local\Temp\ccC2s8Vl.s:586    .text.HAL_GetDEVID:00000000 HAL_GetDEVID
C:\Users\n11ak\AppData\Local\Temp\ccC2s8Vl.s:603    .text.HAL_GetDEVID:0000000c $d
C:\Users\n11ak\AppData\Local\Temp\ccC2s8Vl.s:608    .text.HAL_GetUID:00000000 $t
C:\Users\n11ak\AppData\Local\Temp\ccC2s8Vl.s:614    .text.HAL_GetUID:00000000 HAL_GetUID
C:\Users\n11ak\AppData\Local\Temp\ccC2s8Vl.s:636    .text.HAL_GetUIDw0:00000000 $t
C:\Users\n11ak\AppData\Local\Temp\ccC2s8Vl.s:642    .text.HAL_GetUIDw0:00000000 HAL_GetUIDw0
C:\Users\n11ak\AppData\Local\Temp\ccC2s8Vl.s:657    .text.HAL_GetUIDw0:00000008 $d
C:\Users\n11ak\AppData\Local\Temp\ccC2s8Vl.s:662    .text.HAL_GetUIDw1:00000000 $t
C:\Users\n11ak\AppData\Local\Temp\ccC2s8Vl.s:668    .text.HAL_GetUIDw1:00000000 HAL_GetUIDw1
C:\Users\n11ak\AppData\Local\Temp\ccC2s8Vl.s:683    .text.HAL_GetUIDw1:00000008 $d
C:\Users\n11ak\AppData\Local\Temp\ccC2s8Vl.s:688    .text.HAL_GetUIDw2:00000000 $t
C:\Users\n11ak\AppData\Local\Temp\ccC2s8Vl.s:694    .text.HAL_GetUIDw2:00000000 HAL_GetUIDw2
C:\Users\n11ak\AppData\Local\Temp\ccC2s8Vl.s:709    .text.HAL_GetUIDw2:00000008 $d
C:\Users\n11ak\AppData\Local\Temp\ccC2s8Vl.s:714    .text.HAL_DBGMCU_EnableDBGSleepMode:00000000 $t
C:\Users\n11ak\AppData\Local\Temp\ccC2s8Vl.s:720    .text.HAL_DBGMCU_EnableDBGSleepMode:00000000 HAL_DBGMCU_EnableDBGSleepMode
ARM GAS  C:\Users\n11ak\AppData\Local\Temp\ccC2s8Vl.s 			page 49


C:\Users\n11ak\AppData\Local\Temp\ccC2s8Vl.s:737    .text.HAL_DBGMCU_EnableDBGSleepMode:0000000c $d
C:\Users\n11ak\AppData\Local\Temp\ccC2s8Vl.s:742    .text.HAL_DBGMCU_DisableDBGSleepMode:00000000 $t
C:\Users\n11ak\AppData\Local\Temp\ccC2s8Vl.s:748    .text.HAL_DBGMCU_DisableDBGSleepMode:00000000 HAL_DBGMCU_DisableDBGSleepMode
C:\Users\n11ak\AppData\Local\Temp\ccC2s8Vl.s:765    .text.HAL_DBGMCU_DisableDBGSleepMode:0000000c $d
C:\Users\n11ak\AppData\Local\Temp\ccC2s8Vl.s:770    .text.HAL_DBGMCU_EnableDBGStopMode:00000000 $t
C:\Users\n11ak\AppData\Local\Temp\ccC2s8Vl.s:776    .text.HAL_DBGMCU_EnableDBGStopMode:00000000 HAL_DBGMCU_EnableDBGStopMode
C:\Users\n11ak\AppData\Local\Temp\ccC2s8Vl.s:793    .text.HAL_DBGMCU_EnableDBGStopMode:0000000c $d
C:\Users\n11ak\AppData\Local\Temp\ccC2s8Vl.s:798    .text.HAL_DBGMCU_DisableDBGStopMode:00000000 $t
C:\Users\n11ak\AppData\Local\Temp\ccC2s8Vl.s:804    .text.HAL_DBGMCU_DisableDBGStopMode:00000000 HAL_DBGMCU_DisableDBGStopMode
C:\Users\n11ak\AppData\Local\Temp\ccC2s8Vl.s:821    .text.HAL_DBGMCU_DisableDBGStopMode:0000000c $d
C:\Users\n11ak\AppData\Local\Temp\ccC2s8Vl.s:826    .text.HAL_DBGMCU_EnableDBGStandbyMode:00000000 $t
C:\Users\n11ak\AppData\Local\Temp\ccC2s8Vl.s:832    .text.HAL_DBGMCU_EnableDBGStandbyMode:00000000 HAL_DBGMCU_EnableDBGStandbyMode
C:\Users\n11ak\AppData\Local\Temp\ccC2s8Vl.s:849    .text.HAL_DBGMCU_EnableDBGStandbyMode:0000000c $d
C:\Users\n11ak\AppData\Local\Temp\ccC2s8Vl.s:854    .text.HAL_DBGMCU_DisableDBGStandbyMode:00000000 $t
C:\Users\n11ak\AppData\Local\Temp\ccC2s8Vl.s:860    .text.HAL_DBGMCU_DisableDBGStandbyMode:00000000 HAL_DBGMCU_DisableDBGStandbyMode
C:\Users\n11ak\AppData\Local\Temp\ccC2s8Vl.s:877    .text.HAL_DBGMCU_DisableDBGStandbyMode:0000000c $d
C:\Users\n11ak\AppData\Local\Temp\ccC2s8Vl.s:882    .text.HAL_SYSCFG_SetRemapMemory:00000000 $t
C:\Users\n11ak\AppData\Local\Temp\ccC2s8Vl.s:888    .text.HAL_SYSCFG_SetRemapMemory:00000000 HAL_SYSCFG_SetRemapMemory
C:\Users\n11ak\AppData\Local\Temp\ccC2s8Vl.s:907    .text.HAL_SYSCFG_SetRemapMemory:00000010 $d
C:\Users\n11ak\AppData\Local\Temp\ccC2s8Vl.s:912    .text.HAL_SYSCFG_GetRemapMemory:00000000 $t
C:\Users\n11ak\AppData\Local\Temp\ccC2s8Vl.s:918    .text.HAL_SYSCFG_GetRemapMemory:00000000 HAL_SYSCFG_GetRemapMemory
C:\Users\n11ak\AppData\Local\Temp\ccC2s8Vl.s:935    .text.HAL_SYSCFG_GetRemapMemory:0000000c $d
C:\Users\n11ak\AppData\Local\Temp\ccC2s8Vl.s:940    .text.HAL_SYSCFG_SetETHPhysicalInterface:00000000 $t
C:\Users\n11ak\AppData\Local\Temp\ccC2s8Vl.s:946    .text.HAL_SYSCFG_SetETHPhysicalInterface:00000000 HAL_SYSCFG_SetETHPhysicalInterface
C:\Users\n11ak\AppData\Local\Temp\ccC2s8Vl.s:965    .text.HAL_SYSCFG_SetETHPhysicalInterface:00000010 $d
C:\Users\n11ak\AppData\Local\Temp\ccC2s8Vl.s:970    .text.HAL_SYSCFG_GetETHPhysicalInterface:00000000 $t
C:\Users\n11ak\AppData\Local\Temp\ccC2s8Vl.s:976    .text.HAL_SYSCFG_GetETHPhysicalInterface:00000000 HAL_SYSCFG_GetETHPhysicalInterface
C:\Users\n11ak\AppData\Local\Temp\ccC2s8Vl.s:993    .text.HAL_SYSCFG_GetETHPhysicalInterface:0000000c $d
C:\Users\n11ak\AppData\Local\Temp\ccC2s8Vl.s:998    .text.HAL_SYSCFG_SetRemapTIM2InternalTrigger1:00000000 $t
C:\Users\n11ak\AppData\Local\Temp\ccC2s8Vl.s:1004   .text.HAL_SYSCFG_SetRemapTIM2InternalTrigger1:00000000 HAL_SYSCFG_SetRemapTIM2InternalTrigger1
C:\Users\n11ak\AppData\Local\Temp\ccC2s8Vl.s:1024   .text.HAL_SYSCFG_SetRemapTIM2InternalTrigger1:00000010 $d
C:\Users\n11ak\AppData\Local\Temp\ccC2s8Vl.s:1029   .text.HAL_SYSCFG_GetRemapTIM2InternalTrigger1:00000000 $t
C:\Users\n11ak\AppData\Local\Temp\ccC2s8Vl.s:1035   .text.HAL_SYSCFG_GetRemapTIM2InternalTrigger1:00000000 HAL_SYSCFG_GetRemapTIM2InternalTrigger1
C:\Users\n11ak\AppData\Local\Temp\ccC2s8Vl.s:1052   .text.HAL_SYSCFG_GetRemapTIM2InternalTrigger1:0000000c $d
C:\Users\n11ak\AppData\Local\Temp\ccC2s8Vl.s:1057   .text.HAL_SYSCFG_EnableI2CAnalogFilter:00000000 $t
C:\Users\n11ak\AppData\Local\Temp\ccC2s8Vl.s:1063   .text.HAL_SYSCFG_EnableI2CAnalogFilter:00000000 HAL_SYSCFG_EnableI2CAnalogFilter
C:\Users\n11ak\AppData\Local\Temp\ccC2s8Vl.s:1082   .text.HAL_SYSCFG_EnableI2CAnalogFilter:0000000c $d
C:\Users\n11ak\AppData\Local\Temp\ccC2s8Vl.s:1087   .text.HAL_SYSCFG_DisableI2CAnalogFilter:00000000 $t
C:\Users\n11ak\AppData\Local\Temp\ccC2s8Vl.s:1093   .text.HAL_SYSCFG_DisableI2CAnalogFilter:00000000 HAL_SYSCFG_DisableI2CAnalogFilter
C:\Users\n11ak\AppData\Local\Temp\ccC2s8Vl.s:1112   .text.HAL_SYSCFG_DisableI2CAnalogFilter:0000000c $d
C:\Users\n11ak\AppData\Local\Temp\ccC2s8Vl.s:1117   .text.HAL_SYSCFG_EnableGPIONoiseFilter:00000000 $t
C:\Users\n11ak\AppData\Local\Temp\ccC2s8Vl.s:1123   .text.HAL_SYSCFG_EnableGPIONoiseFilter:00000000 HAL_SYSCFG_EnableGPIONoiseFilter
C:\Users\n11ak\AppData\Local\Temp\ccC2s8Vl.s:1231   .text.HAL_SYSCFG_EnableGPIONoiseFilter:00000064 $d
C:\Users\n11ak\AppData\Local\Temp\ccC2s8Vl.s:1241   .text.HAL_SYSCFG_DisableGPIONoiseFilter:00000000 $t
C:\Users\n11ak\AppData\Local\Temp\ccC2s8Vl.s:1247   .text.HAL_SYSCFG_DisableGPIONoiseFilter:00000000 HAL_SYSCFG_DisableGPIONoiseFilter
C:\Users\n11ak\AppData\Local\Temp\ccC2s8Vl.s:1355   .text.HAL_SYSCFG_DisableGPIONoiseFilter:00000070 $d
C:\Users\n11ak\AppData\Local\Temp\ccC2s8Vl.s:1365   .text.HAL_SYSCFG_EnableGPIOAnalogMode:00000000 $t
C:\Users\n11ak\AppData\Local\Temp\ccC2s8Vl.s:1371   .text.HAL_SYSCFG_EnableGPIOAnalogMode:00000000 HAL_SYSCFG_EnableGPIOAnalogMode
C:\Users\n11ak\AppData\Local\Temp\ccC2s8Vl.s:1479   .text.HAL_SYSCFG_EnableGPIOAnalogMode:00000064 $d
C:\Users\n11ak\AppData\Local\Temp\ccC2s8Vl.s:1489   .text.HAL_SYSCFG_DisableGPIOAnalogMode:00000000 $t
C:\Users\n11ak\AppData\Local\Temp\ccC2s8Vl.s:1495   .text.HAL_SYSCFG_DisableGPIOAnalogMode:00000000 HAL_SYSCFG_DisableGPIOAnalogMode
C:\Users\n11ak\AppData\Local\Temp\ccC2s8Vl.s:1603   .text.HAL_SYSCFG_DisableGPIOAnalogMode:00000070 $d
C:\Users\n11ak\AppData\Local\Temp\ccC2s8Vl.s:1613   .text.HAL_SYSCFG_CCMSRAMErase:00000000 $t
C:\Users\n11ak\AppData\Local\Temp\ccC2s8Vl.s:1619   .text.HAL_SYSCFG_CCMSRAMErase:00000000 HAL_SYSCFG_CCMSRAMErase
C:\Users\n11ak\AppData\Local\Temp\ccC2s8Vl.s:1644   .text.HAL_SYSCFG_CCMSRAMErase:00000014 $d
C:\Users\n11ak\AppData\Local\Temp\ccC2s8Vl.s:1649   .text.HAL_SYSCFG_CCMSRAM_WriteProtectionEnable:00000000 $t
C:\Users\n11ak\AppData\Local\Temp\ccC2s8Vl.s:1655   .text.HAL_SYSCFG_CCMSRAM_WriteProtectionEnable:00000000 HAL_SYSCFG_CCMSRAM_WriteProtectionEnable
ARM GAS  C:\Users\n11ak\AppData\Local\Temp\ccC2s8Vl.s 			page 50


C:\Users\n11ak\AppData\Local\Temp\ccC2s8Vl.s:1674   .text.HAL_SYSCFG_CCMSRAM_WriteProtectionEnable:0000000c $d
C:\Users\n11ak\AppData\Local\Temp\ccC2s8Vl.s:1693   .data.uwTickFreq:00000000 uwTickFreq
C:\Users\n11ak\AppData\Local\Temp\ccC2s8Vl.s:1700   .data.uwTickPrio:00000000 uwTickPrio
C:\Users\n11ak\AppData\Local\Temp\ccC2s8Vl.s:1686   .bss.uwTick:00000000 uwTick
C:\Users\n11ak\AppData\Local\Temp\ccC2s8Vl.s:1682   .bss.uwTick:00000000 $d
C:\Users\n11ak\AppData\Local\Temp\ccC2s8Vl.s:1689   .data.uwTickFreq:00000000 $d
C:\Users\n11ak\AppData\Local\Temp\ccC2s8Vl.s:1696   .data.uwTickPrio:00000000 $d

UNDEFINED SYMBOLS
HAL_SYSTICK_Config
HAL_NVIC_SetPriority
SystemCoreClock
HAL_NVIC_SetPriorityGrouping
