ARM GAS  C:\Users\n11ak\AppData\Local\Temp\cc4kuuJl.s 			page 1


   1              		.cpu cortex-m4
   2              		.arch armv7e-m
   3              		.fpu fpv4-sp-d16
   4              		.eabi_attribute 27, 1
   5              		.eabi_attribute 28, 1
   6              		.eabi_attribute 20, 1
   7              		.eabi_attribute 21, 1
   8              		.eabi_attribute 23, 3
   9              		.eabi_attribute 24, 1
  10              		.eabi_attribute 25, 1
  11              		.eabi_attribute 26, 1
  12              		.eabi_attribute 30, 1
  13              		.eabi_attribute 34, 1
  14              		.eabi_attribute 18, 4
  15              		.file	"py32e407_hal_cortex.c"
  16              		.text
  17              	.Ltext0:
  18              		.cfi_sections	.debug_frame
  19              		.section	.text.HAL_NVIC_SetPriorityGrouping,"ax",%progbits
  20              		.align	1
  21              		.global	HAL_NVIC_SetPriorityGrouping
  22              		.syntax unified
  23              		.thumb
  24              		.thumb_func
  26              	HAL_NVIC_SetPriorityGrouping:
  27              	.LVL0:
  28              	.LFB136:
  29              		.file 1 "../../../../../Drivers/PY32E407_HAL_Driver/Src/py32e407_hal_cortex.c"
   1:../../../../../Drivers/PY32E407_HAL_Driver/Src/py32e407_hal_cortex.c **** /**
   2:../../../../../Drivers/PY32E407_HAL_Driver/Src/py32e407_hal_cortex.c ****   ******************************************************************************
   3:../../../../../Drivers/PY32E407_HAL_Driver/Src/py32e407_hal_cortex.c ****   * @file    py32e407_hal_cortex.c
   4:../../../../../Drivers/PY32E407_HAL_Driver/Src/py32e407_hal_cortex.c ****   * @author  MCU Application Team
   5:../../../../../Drivers/PY32E407_HAL_Driver/Src/py32e407_hal_cortex.c ****   * @brief   CORTEX HAL module driver.
   6:../../../../../Drivers/PY32E407_HAL_Driver/Src/py32e407_hal_cortex.c ****   *          This file provides firmware functions to manage the following 
   7:../../../../../Drivers/PY32E407_HAL_Driver/Src/py32e407_hal_cortex.c ****   *          functionalities of the CORTEX:
   8:../../../../../Drivers/PY32E407_HAL_Driver/Src/py32e407_hal_cortex.c ****   *           + Initialization and de-initialization functions
   9:../../../../../Drivers/PY32E407_HAL_Driver/Src/py32e407_hal_cortex.c ****   *           + Peripheral Control functions 
  10:../../../../../Drivers/PY32E407_HAL_Driver/Src/py32e407_hal_cortex.c ****   *
  11:../../../../../Drivers/PY32E407_HAL_Driver/Src/py32e407_hal_cortex.c ****   @verbatim  
  12:../../../../../Drivers/PY32E407_HAL_Driver/Src/py32e407_hal_cortex.c ****   ==============================================================================
  13:../../../../../Drivers/PY32E407_HAL_Driver/Src/py32e407_hal_cortex.c ****                         ##### How to use this driver #####
  14:../../../../../Drivers/PY32E407_HAL_Driver/Src/py32e407_hal_cortex.c ****   ==============================================================================
  15:../../../../../Drivers/PY32E407_HAL_Driver/Src/py32e407_hal_cortex.c **** 
  16:../../../../../Drivers/PY32E407_HAL_Driver/Src/py32e407_hal_cortex.c ****     [..]  
  17:../../../../../Drivers/PY32E407_HAL_Driver/Src/py32e407_hal_cortex.c ****     *** How to configure Interrupts using CORTEX HAL driver ***
  18:../../../../../Drivers/PY32E407_HAL_Driver/Src/py32e407_hal_cortex.c ****     ===========================================================
  19:../../../../../Drivers/PY32E407_HAL_Driver/Src/py32e407_hal_cortex.c ****     [..]     
  20:../../../../../Drivers/PY32E407_HAL_Driver/Src/py32e407_hal_cortex.c ****     This section provides functions allowing to configure the NVIC interrupts (IRQ).
  21:../../../../../Drivers/PY32E407_HAL_Driver/Src/py32e407_hal_cortex.c ****     The Cortex-M3 exceptions are managed by CMSIS functions.
  22:../../../../../Drivers/PY32E407_HAL_Driver/Src/py32e407_hal_cortex.c ****    
  23:../../../../../Drivers/PY32E407_HAL_Driver/Src/py32e407_hal_cortex.c ****     (#) Configure the NVIC Priority Grouping using HAL_NVIC_SetPriorityGrouping()
  24:../../../../../Drivers/PY32E407_HAL_Driver/Src/py32e407_hal_cortex.c ****         function according to the following table.
  25:../../../../../Drivers/PY32E407_HAL_Driver/Src/py32e407_hal_cortex.c ****     (#) Configure the priority of the selected IRQ Channels using HAL_NVIC_SetPriority(). 
  26:../../../../../Drivers/PY32E407_HAL_Driver/Src/py32e407_hal_cortex.c ****     (#) Enable the selected IRQ Channels using HAL_NVIC_EnableIRQ().
  27:../../../../../Drivers/PY32E407_HAL_Driver/Src/py32e407_hal_cortex.c ****     (#) please refer to programming manual for details in how to configure priority. 
  28:../../../../../Drivers/PY32E407_HAL_Driver/Src/py32e407_hal_cortex.c ****       
  29:../../../../../Drivers/PY32E407_HAL_Driver/Src/py32e407_hal_cortex.c ****      -@- When the NVIC_PRIORITYGROUP_0 is selected, IRQ preemption is no more possible. 
ARM GAS  C:\Users\n11ak\AppData\Local\Temp\cc4kuuJl.s 			page 2


  30:../../../../../Drivers/PY32E407_HAL_Driver/Src/py32e407_hal_cortex.c ****          The pending IRQ priority will be managed only by the sub priority.
  31:../../../../../Drivers/PY32E407_HAL_Driver/Src/py32e407_hal_cortex.c ****    
  32:../../../../../Drivers/PY32E407_HAL_Driver/Src/py32e407_hal_cortex.c ****      -@- IRQ priority order (sorted by highest to lowest priority):
  33:../../../../../Drivers/PY32E407_HAL_Driver/Src/py32e407_hal_cortex.c ****         (+@) Lowest preemption priority
  34:../../../../../Drivers/PY32E407_HAL_Driver/Src/py32e407_hal_cortex.c ****         (+@) Lowest sub priority
  35:../../../../../Drivers/PY32E407_HAL_Driver/Src/py32e407_hal_cortex.c ****         (+@) Lowest hardware priority (IRQ number)
  36:../../../../../Drivers/PY32E407_HAL_Driver/Src/py32e407_hal_cortex.c ****  
  37:../../../../../Drivers/PY32E407_HAL_Driver/Src/py32e407_hal_cortex.c ****     [..]  
  38:../../../../../Drivers/PY32E407_HAL_Driver/Src/py32e407_hal_cortex.c ****     *** How to configure Systick using CORTEX HAL driver ***
  39:../../../../../Drivers/PY32E407_HAL_Driver/Src/py32e407_hal_cortex.c ****     ========================================================
  40:../../../../../Drivers/PY32E407_HAL_Driver/Src/py32e407_hal_cortex.c ****     [..]
  41:../../../../../Drivers/PY32E407_HAL_Driver/Src/py32e407_hal_cortex.c ****     Setup SysTick Timer for time base.
  42:../../../../../Drivers/PY32E407_HAL_Driver/Src/py32e407_hal_cortex.c ****            
  43:../../../../../Drivers/PY32E407_HAL_Driver/Src/py32e407_hal_cortex.c ****    (+) The HAL_SYSTICK_Config()function calls the SysTick_Config() function which
  44:../../../../../Drivers/PY32E407_HAL_Driver/Src/py32e407_hal_cortex.c ****        is a CMSIS function that:
  45:../../../../../Drivers/PY32E407_HAL_Driver/Src/py32e407_hal_cortex.c ****         (++) Configures the SysTick Reload register with value passed as function parameter.
  46:../../../../../Drivers/PY32E407_HAL_Driver/Src/py32e407_hal_cortex.c ****         (++) Configures the SysTick IRQ priority to the lowest value 0x0F.
  47:../../../../../Drivers/PY32E407_HAL_Driver/Src/py32e407_hal_cortex.c ****         (++) Resets the SysTick Counter register.
  48:../../../../../Drivers/PY32E407_HAL_Driver/Src/py32e407_hal_cortex.c ****         (++) Configures the SysTick Counter clock source to be Core Clock Source (HCLK).
  49:../../../../../Drivers/PY32E407_HAL_Driver/Src/py32e407_hal_cortex.c ****         (++) Enables the SysTick Interrupt.
  50:../../../../../Drivers/PY32E407_HAL_Driver/Src/py32e407_hal_cortex.c ****         (++) Starts the SysTick Counter.
  51:../../../../../Drivers/PY32E407_HAL_Driver/Src/py32e407_hal_cortex.c ****     
  52:../../../../../Drivers/PY32E407_HAL_Driver/Src/py32e407_hal_cortex.c ****    (+) You can change the SysTick Clock source to be HCLK_Div8 by calling the macro
  53:../../../../../Drivers/PY32E407_HAL_Driver/Src/py32e407_hal_cortex.c ****        __HAL_CORTEX_SYSTICKCLK_CONFIG(SYSTICK_CLKSOURCE_HCLK_DIV8) just after the
  54:../../../../../Drivers/PY32E407_HAL_Driver/Src/py32e407_hal_cortex.c ****        HAL_SYSTICK_Config() function call. The __HAL_CORTEX_SYSTICKCLK_CONFIG() macro is defined
  55:../../../../../Drivers/PY32E407_HAL_Driver/Src/py32e407_hal_cortex.c ****        inside the py32e407_hal_cortex.h file.
  56:../../../../../Drivers/PY32E407_HAL_Driver/Src/py32e407_hal_cortex.c **** 
  57:../../../../../Drivers/PY32E407_HAL_Driver/Src/py32e407_hal_cortex.c ****    (+) You can change the SysTick IRQ priority by calling the
  58:../../../../../Drivers/PY32E407_HAL_Driver/Src/py32e407_hal_cortex.c ****        HAL_NVIC_SetPriority(SysTick_IRQn,...) function just after the HAL_SYSTICK_Config() function
  59:../../../../../Drivers/PY32E407_HAL_Driver/Src/py32e407_hal_cortex.c ****        call. The HAL_NVIC_SetPriority() call the NVIC_SetPriority() function which is a CMSIS funct
  60:../../../../../Drivers/PY32E407_HAL_Driver/Src/py32e407_hal_cortex.c **** 
  61:../../../../../Drivers/PY32E407_HAL_Driver/Src/py32e407_hal_cortex.c ****    (+) To adjust the SysTick time base, use the following formula:
  62:../../../../../Drivers/PY32E407_HAL_Driver/Src/py32e407_hal_cortex.c ****                             
  63:../../../../../Drivers/PY32E407_HAL_Driver/Src/py32e407_hal_cortex.c ****        Reload Value = SysTick Counter Clock (Hz) x  Desired Time base (s)
  64:../../../../../Drivers/PY32E407_HAL_Driver/Src/py32e407_hal_cortex.c ****        (++) Reload Value is the parameter to be passed for HAL_SYSTICK_Config() function
  65:../../../../../Drivers/PY32E407_HAL_Driver/Src/py32e407_hal_cortex.c ****        (++) Reload Value should not exceed 0xFFFFFF
  66:../../../../../Drivers/PY32E407_HAL_Driver/Src/py32e407_hal_cortex.c ****    
  67:../../../../../Drivers/PY32E407_HAL_Driver/Src/py32e407_hal_cortex.c ****   @endverbatim
  68:../../../../../Drivers/PY32E407_HAL_Driver/Src/py32e407_hal_cortex.c ****   ******************************************************************************
  69:../../../../../Drivers/PY32E407_HAL_Driver/Src/py32e407_hal_cortex.c ****   * @attention
  70:../../../../../Drivers/PY32E407_HAL_Driver/Src/py32e407_hal_cortex.c ****   *
  71:../../../../../Drivers/PY32E407_HAL_Driver/Src/py32e407_hal_cortex.c ****   * <h2><center>&copy; Copyright (c) 2023 Puya Semiconductor Co.
  72:../../../../../Drivers/PY32E407_HAL_Driver/Src/py32e407_hal_cortex.c ****   * All rights reserved.</center></h2>
  73:../../../../../Drivers/PY32E407_HAL_Driver/Src/py32e407_hal_cortex.c ****   *
  74:../../../../../Drivers/PY32E407_HAL_Driver/Src/py32e407_hal_cortex.c ****   * This software component is licensed by Puya under BSD 3-Clause license,
  75:../../../../../Drivers/PY32E407_HAL_Driver/Src/py32e407_hal_cortex.c ****   * the "License"; You may not use this file except in compliance with the
  76:../../../../../Drivers/PY32E407_HAL_Driver/Src/py32e407_hal_cortex.c ****   * License. You may obtain a copy of the License at:
  77:../../../../../Drivers/PY32E407_HAL_Driver/Src/py32e407_hal_cortex.c ****   *                        opensource.org/licenses/BSD-3-Clause
  78:../../../../../Drivers/PY32E407_HAL_Driver/Src/py32e407_hal_cortex.c ****   *
  79:../../../../../Drivers/PY32E407_HAL_Driver/Src/py32e407_hal_cortex.c ****   ******************************************************************************
  80:../../../../../Drivers/PY32E407_HAL_Driver/Src/py32e407_hal_cortex.c ****   * @attention
  81:../../../../../Drivers/PY32E407_HAL_Driver/Src/py32e407_hal_cortex.c ****   *
  82:../../../../../Drivers/PY32E407_HAL_Driver/Src/py32e407_hal_cortex.c ****   * <h2><center>&copy; Copyright (c) 2016 STMicroelectronics.
  83:../../../../../Drivers/PY32E407_HAL_Driver/Src/py32e407_hal_cortex.c ****   * All rights reserved.</center></h2>
  84:../../../../../Drivers/PY32E407_HAL_Driver/Src/py32e407_hal_cortex.c ****   *
  85:../../../../../Drivers/PY32E407_HAL_Driver/Src/py32e407_hal_cortex.c ****   * This software component is licensed by ST under BSD 3-Clause license,
  86:../../../../../Drivers/PY32E407_HAL_Driver/Src/py32e407_hal_cortex.c ****   * the "License"; You may not use this file except in compliance with the
ARM GAS  C:\Users\n11ak\AppData\Local\Temp\cc4kuuJl.s 			page 3


  87:../../../../../Drivers/PY32E407_HAL_Driver/Src/py32e407_hal_cortex.c ****   * License. You may obtain a copy of the License at:
  88:../../../../../Drivers/PY32E407_HAL_Driver/Src/py32e407_hal_cortex.c ****   *                        opensource.org/licenses/BSD-3-Clause
  89:../../../../../Drivers/PY32E407_HAL_Driver/Src/py32e407_hal_cortex.c ****   *
  90:../../../../../Drivers/PY32E407_HAL_Driver/Src/py32e407_hal_cortex.c ****   ******************************************************************************
  91:../../../../../Drivers/PY32E407_HAL_Driver/Src/py32e407_hal_cortex.c ****   */
  92:../../../../../Drivers/PY32E407_HAL_Driver/Src/py32e407_hal_cortex.c **** 
  93:../../../../../Drivers/PY32E407_HAL_Driver/Src/py32e407_hal_cortex.c **** /* Includes ------------------------------------------------------------------*/
  94:../../../../../Drivers/PY32E407_HAL_Driver/Src/py32e407_hal_cortex.c **** #include "py32e4xx_hal.h"
  95:../../../../../Drivers/PY32E407_HAL_Driver/Src/py32e407_hal_cortex.c **** 
  96:../../../../../Drivers/PY32E407_HAL_Driver/Src/py32e407_hal_cortex.c **** /** @addtogroup PY32E407_HAL_Driver
  97:../../../../../Drivers/PY32E407_HAL_Driver/Src/py32e407_hal_cortex.c ****   * @{
  98:../../../../../Drivers/PY32E407_HAL_Driver/Src/py32e407_hal_cortex.c ****   */
  99:../../../../../Drivers/PY32E407_HAL_Driver/Src/py32e407_hal_cortex.c **** 
 100:../../../../../Drivers/PY32E407_HAL_Driver/Src/py32e407_hal_cortex.c **** /** @defgroup CORTEX CORTEX
 101:../../../../../Drivers/PY32E407_HAL_Driver/Src/py32e407_hal_cortex.c ****   * @brief CORTEX HAL module driver
 102:../../../../../Drivers/PY32E407_HAL_Driver/Src/py32e407_hal_cortex.c ****   * @{
 103:../../../../../Drivers/PY32E407_HAL_Driver/Src/py32e407_hal_cortex.c ****   */
 104:../../../../../Drivers/PY32E407_HAL_Driver/Src/py32e407_hal_cortex.c **** 
 105:../../../../../Drivers/PY32E407_HAL_Driver/Src/py32e407_hal_cortex.c **** #ifdef HAL_CORTEX_MODULE_ENABLED
 106:../../../../../Drivers/PY32E407_HAL_Driver/Src/py32e407_hal_cortex.c **** 
 107:../../../../../Drivers/PY32E407_HAL_Driver/Src/py32e407_hal_cortex.c **** /* Private types -------------------------------------------------------------*/
 108:../../../../../Drivers/PY32E407_HAL_Driver/Src/py32e407_hal_cortex.c **** /* Private variables ---------------------------------------------------------*/
 109:../../../../../Drivers/PY32E407_HAL_Driver/Src/py32e407_hal_cortex.c **** /* Private constants ---------------------------------------------------------*/
 110:../../../../../Drivers/PY32E407_HAL_Driver/Src/py32e407_hal_cortex.c **** /* Private macros ------------------------------------------------------------*/
 111:../../../../../Drivers/PY32E407_HAL_Driver/Src/py32e407_hal_cortex.c **** /* Private functions ---------------------------------------------------------*/
 112:../../../../../Drivers/PY32E407_HAL_Driver/Src/py32e407_hal_cortex.c **** /* Exported functions --------------------------------------------------------*/
 113:../../../../../Drivers/PY32E407_HAL_Driver/Src/py32e407_hal_cortex.c **** 
 114:../../../../../Drivers/PY32E407_HAL_Driver/Src/py32e407_hal_cortex.c **** /** @defgroup CORTEX_Exported_Functions CORTEX Exported Functions
 115:../../../../../Drivers/PY32E407_HAL_Driver/Src/py32e407_hal_cortex.c ****   * @{
 116:../../../../../Drivers/PY32E407_HAL_Driver/Src/py32e407_hal_cortex.c ****   */
 117:../../../../../Drivers/PY32E407_HAL_Driver/Src/py32e407_hal_cortex.c **** 
 118:../../../../../Drivers/PY32E407_HAL_Driver/Src/py32e407_hal_cortex.c **** 
 119:../../../../../Drivers/PY32E407_HAL_Driver/Src/py32e407_hal_cortex.c **** /** @defgroup CORTEX_Exported_Functions_Group1 Initialization and de-initialization functions
 120:../../../../../Drivers/PY32E407_HAL_Driver/Src/py32e407_hal_cortex.c ****   *  @brief    Initialization and Configuration functions 
 121:../../../../../Drivers/PY32E407_HAL_Driver/Src/py32e407_hal_cortex.c ****   *
 122:../../../../../Drivers/PY32E407_HAL_Driver/Src/py32e407_hal_cortex.c **** @verbatim    
 123:../../../../../Drivers/PY32E407_HAL_Driver/Src/py32e407_hal_cortex.c ****   ==============================================================================
 124:../../../../../Drivers/PY32E407_HAL_Driver/Src/py32e407_hal_cortex.c ****               ##### Initialization and de-initialization functions #####
 125:../../../../../Drivers/PY32E407_HAL_Driver/Src/py32e407_hal_cortex.c ****   ==============================================================================
 126:../../../../../Drivers/PY32E407_HAL_Driver/Src/py32e407_hal_cortex.c ****     [..]
 127:../../../../../Drivers/PY32E407_HAL_Driver/Src/py32e407_hal_cortex.c ****       This section provides the CORTEX HAL driver functions allowing to configure Interrupts
 128:../../../../../Drivers/PY32E407_HAL_Driver/Src/py32e407_hal_cortex.c ****       Systick functionalities 
 129:../../../../../Drivers/PY32E407_HAL_Driver/Src/py32e407_hal_cortex.c **** 
 130:../../../../../Drivers/PY32E407_HAL_Driver/Src/py32e407_hal_cortex.c **** @endverbatim
 131:../../../../../Drivers/PY32E407_HAL_Driver/Src/py32e407_hal_cortex.c ****   * @{
 132:../../../../../Drivers/PY32E407_HAL_Driver/Src/py32e407_hal_cortex.c ****   */
 133:../../../../../Drivers/PY32E407_HAL_Driver/Src/py32e407_hal_cortex.c **** 
 134:../../../../../Drivers/PY32E407_HAL_Driver/Src/py32e407_hal_cortex.c **** 
 135:../../../../../Drivers/PY32E407_HAL_Driver/Src/py32e407_hal_cortex.c **** /**
 136:../../../../../Drivers/PY32E407_HAL_Driver/Src/py32e407_hal_cortex.c ****   * @brief  Sets the priority grouping field (preemption priority and subpriority)
 137:../../../../../Drivers/PY32E407_HAL_Driver/Src/py32e407_hal_cortex.c ****   *         using the required unlock sequence.
 138:../../../../../Drivers/PY32E407_HAL_Driver/Src/py32e407_hal_cortex.c ****   * @param  PriorityGroup: The priority grouping bits length. 
 139:../../../../../Drivers/PY32E407_HAL_Driver/Src/py32e407_hal_cortex.c ****   *         This parameter can be one of the following values:
 140:../../../../../Drivers/PY32E407_HAL_Driver/Src/py32e407_hal_cortex.c ****   *         @arg NVIC_PRIORITYGROUP_0: 0 bits for preemption priority
 141:../../../../../Drivers/PY32E407_HAL_Driver/Src/py32e407_hal_cortex.c ****   *                                    3 bits for subpriority
 142:../../../../../Drivers/PY32E407_HAL_Driver/Src/py32e407_hal_cortex.c ****   *         @arg NVIC_PRIORITYGROUP_1: 1 bits for preemption priority
 143:../../../../../Drivers/PY32E407_HAL_Driver/Src/py32e407_hal_cortex.c ****   *                                    2 bits for subpriority
ARM GAS  C:\Users\n11ak\AppData\Local\Temp\cc4kuuJl.s 			page 4


 144:../../../../../Drivers/PY32E407_HAL_Driver/Src/py32e407_hal_cortex.c ****   *         @arg NVIC_PRIORITYGROUP_2: 2 bits for preemption priority
 145:../../../../../Drivers/PY32E407_HAL_Driver/Src/py32e407_hal_cortex.c ****   *                                    1 bits for subpriority
 146:../../../../../Drivers/PY32E407_HAL_Driver/Src/py32e407_hal_cortex.c ****   *         @arg NVIC_PRIORITYGROUP_3: 3 bits for preemption priority
 147:../../../../../Drivers/PY32E407_HAL_Driver/Src/py32e407_hal_cortex.c ****   *                                    0 bits for subpriority
 148:../../../../../Drivers/PY32E407_HAL_Driver/Src/py32e407_hal_cortex.c ****   * @note   When the NVIC_PriorityGroup_0 is selected, IRQ preemption is no more possible. 
 149:../../../../../Drivers/PY32E407_HAL_Driver/Src/py32e407_hal_cortex.c ****   *         The pending IRQ priority will be managed only by the subpriority. 
 150:../../../../../Drivers/PY32E407_HAL_Driver/Src/py32e407_hal_cortex.c ****   * @retval None
 151:../../../../../Drivers/PY32E407_HAL_Driver/Src/py32e407_hal_cortex.c ****   */
 152:../../../../../Drivers/PY32E407_HAL_Driver/Src/py32e407_hal_cortex.c **** void HAL_NVIC_SetPriorityGrouping(uint32_t PriorityGroup)
 153:../../../../../Drivers/PY32E407_HAL_Driver/Src/py32e407_hal_cortex.c **** {
  30              		.loc 1 153 1 view -0
  31              		.cfi_startproc
  32              		@ args = 0, pretend = 0, frame = 0
  33              		@ frame_needed = 0, uses_anonymous_args = 0
  34              		@ link register save eliminated.
 154:../../../../../Drivers/PY32E407_HAL_Driver/Src/py32e407_hal_cortex.c ****   /* Check the parameters */
 155:../../../../../Drivers/PY32E407_HAL_Driver/Src/py32e407_hal_cortex.c ****   assert_param(IS_NVIC_PRIORITY_GROUP(PriorityGroup));
  35              		.loc 1 155 3 view .LVU1
 156:../../../../../Drivers/PY32E407_HAL_Driver/Src/py32e407_hal_cortex.c ****   
 157:../../../../../Drivers/PY32E407_HAL_Driver/Src/py32e407_hal_cortex.c ****   /* Set the PRIGROUP[10:8] bits according to the PriorityGroup parameter value */
 158:../../../../../Drivers/PY32E407_HAL_Driver/Src/py32e407_hal_cortex.c ****   NVIC_SetPriorityGrouping(PriorityGroup);
  36              		.loc 1 158 3 view .LVU2
  37              	.LBB36:
  38              	.LBI36:
  39              		.file 2 "h:\\drivers\\cmsis\\include\\core_cm4.h"
   1:h:\drivers\cmsis\include\core_cm4.h **** /**************************************************************************//**
   2:h:\drivers\cmsis\include\core_cm4.h ****  * @file     core_cm4.h
   3:h:\drivers\cmsis\include\core_cm4.h ****  * @brief    CMSIS Cortex-M4 Core Peripheral Access Layer Header File
   4:h:\drivers\cmsis\include\core_cm4.h ****  * @version  V5.1.1
   5:h:\drivers\cmsis\include\core_cm4.h ****  * @date     27. March 2020
   6:h:\drivers\cmsis\include\core_cm4.h ****  ******************************************************************************/
   7:h:\drivers\cmsis\include\core_cm4.h **** /*
   8:h:\drivers\cmsis\include\core_cm4.h ****  * Copyright (c) 2009-2020 Arm Limited. All rights reserved.
   9:h:\drivers\cmsis\include\core_cm4.h ****  *
  10:h:\drivers\cmsis\include\core_cm4.h ****  * SPDX-License-Identifier: Apache-2.0
  11:h:\drivers\cmsis\include\core_cm4.h ****  *
  12:h:\drivers\cmsis\include\core_cm4.h ****  * Licensed under the Apache License, Version 2.0 (the License); you may
  13:h:\drivers\cmsis\include\core_cm4.h ****  * not use this file except in compliance with the License.
  14:h:\drivers\cmsis\include\core_cm4.h ****  * You may obtain a copy of the License at
  15:h:\drivers\cmsis\include\core_cm4.h ****  *
  16:h:\drivers\cmsis\include\core_cm4.h ****  * www.apache.org/licenses/LICENSE-2.0
  17:h:\drivers\cmsis\include\core_cm4.h ****  *
  18:h:\drivers\cmsis\include\core_cm4.h ****  * Unless required by applicable law or agreed to in writing, software
  19:h:\drivers\cmsis\include\core_cm4.h ****  * distributed under the License is distributed on an AS IS BASIS, WITHOUT
  20:h:\drivers\cmsis\include\core_cm4.h ****  * WARRANTIES OR CONDITIONS OF ANY KIND, either express or implied.
  21:h:\drivers\cmsis\include\core_cm4.h ****  * See the License for the specific language governing permissions and
  22:h:\drivers\cmsis\include\core_cm4.h ****  * limitations under the License.
  23:h:\drivers\cmsis\include\core_cm4.h ****  */
  24:h:\drivers\cmsis\include\core_cm4.h **** 
  25:h:\drivers\cmsis\include\core_cm4.h **** #if   defined ( __ICCARM__ )
  26:h:\drivers\cmsis\include\core_cm4.h ****   #pragma system_include         /* treat file as system include file for MISRA check */
  27:h:\drivers\cmsis\include\core_cm4.h **** #elif defined (__clang__)
  28:h:\drivers\cmsis\include\core_cm4.h ****   #pragma clang system_header   /* treat file as system include file */
  29:h:\drivers\cmsis\include\core_cm4.h **** #endif
  30:h:\drivers\cmsis\include\core_cm4.h **** 
  31:h:\drivers\cmsis\include\core_cm4.h **** #ifndef __CORE_CM4_H_GENERIC
  32:h:\drivers\cmsis\include\core_cm4.h **** #define __CORE_CM4_H_GENERIC
ARM GAS  C:\Users\n11ak\AppData\Local\Temp\cc4kuuJl.s 			page 5


  33:h:\drivers\cmsis\include\core_cm4.h **** 
  34:h:\drivers\cmsis\include\core_cm4.h **** #include <stdint.h>
  35:h:\drivers\cmsis\include\core_cm4.h **** 
  36:h:\drivers\cmsis\include\core_cm4.h **** #ifdef __cplusplus
  37:h:\drivers\cmsis\include\core_cm4.h ****  extern "C" {
  38:h:\drivers\cmsis\include\core_cm4.h **** #endif
  39:h:\drivers\cmsis\include\core_cm4.h **** 
  40:h:\drivers\cmsis\include\core_cm4.h **** /**
  41:h:\drivers\cmsis\include\core_cm4.h ****   \page CMSIS_MISRA_Exceptions  MISRA-C:2004 Compliance Exceptions
  42:h:\drivers\cmsis\include\core_cm4.h ****   CMSIS violates the following MISRA-C:2004 rules:
  43:h:\drivers\cmsis\include\core_cm4.h **** 
  44:h:\drivers\cmsis\include\core_cm4.h ****    \li Required Rule 8.5, object/function definition in header file.<br>
  45:h:\drivers\cmsis\include\core_cm4.h ****      Function definitions in header files are used to allow 'inlining'.
  46:h:\drivers\cmsis\include\core_cm4.h **** 
  47:h:\drivers\cmsis\include\core_cm4.h ****    \li Required Rule 18.4, declaration of union type or object of union type: '{...}'.<br>
  48:h:\drivers\cmsis\include\core_cm4.h ****      Unions are used for effective representation of core registers.
  49:h:\drivers\cmsis\include\core_cm4.h **** 
  50:h:\drivers\cmsis\include\core_cm4.h ****    \li Advisory Rule 19.7, Function-like macro defined.<br>
  51:h:\drivers\cmsis\include\core_cm4.h ****      Function-like macros are used to allow more efficient code.
  52:h:\drivers\cmsis\include\core_cm4.h ****  */
  53:h:\drivers\cmsis\include\core_cm4.h **** 
  54:h:\drivers\cmsis\include\core_cm4.h **** 
  55:h:\drivers\cmsis\include\core_cm4.h **** /*******************************************************************************
  56:h:\drivers\cmsis\include\core_cm4.h ****  *                 CMSIS definitions
  57:h:\drivers\cmsis\include\core_cm4.h ****  ******************************************************************************/
  58:h:\drivers\cmsis\include\core_cm4.h **** /**
  59:h:\drivers\cmsis\include\core_cm4.h ****   \ingroup Cortex_M4
  60:h:\drivers\cmsis\include\core_cm4.h ****   @{
  61:h:\drivers\cmsis\include\core_cm4.h ****  */
  62:h:\drivers\cmsis\include\core_cm4.h **** 
  63:h:\drivers\cmsis\include\core_cm4.h **** #include "cmsis_version.h"
  64:h:\drivers\cmsis\include\core_cm4.h **** 
  65:h:\drivers\cmsis\include\core_cm4.h **** /* CMSIS CM4 definitions */
  66:h:\drivers\cmsis\include\core_cm4.h **** #define __CM4_CMSIS_VERSION_MAIN  (__CM_CMSIS_VERSION_MAIN)              /*!< \deprecated [31:16] C
  67:h:\drivers\cmsis\include\core_cm4.h **** #define __CM4_CMSIS_VERSION_SUB   (__CM_CMSIS_VERSION_SUB)               /*!< \deprecated [15:0]  C
  68:h:\drivers\cmsis\include\core_cm4.h **** #define __CM4_CMSIS_VERSION       ((__CM4_CMSIS_VERSION_MAIN << 16U) | \
  69:h:\drivers\cmsis\include\core_cm4.h ****                                     __CM4_CMSIS_VERSION_SUB           )  /*!< \deprecated CMSIS HAL
  70:h:\drivers\cmsis\include\core_cm4.h **** 
  71:h:\drivers\cmsis\include\core_cm4.h **** #define __CORTEX_M                (4U)                                   /*!< Cortex-M Core */
  72:h:\drivers\cmsis\include\core_cm4.h **** 
  73:h:\drivers\cmsis\include\core_cm4.h **** /** __FPU_USED indicates whether an FPU is used or not.
  74:h:\drivers\cmsis\include\core_cm4.h ****     For this, __FPU_PRESENT has to be checked prior to making use of FPU specific registers and fun
  75:h:\drivers\cmsis\include\core_cm4.h **** */
  76:h:\drivers\cmsis\include\core_cm4.h **** #if defined ( __CC_ARM )
  77:h:\drivers\cmsis\include\core_cm4.h ****   #if defined __TARGET_FPU_VFP
  78:h:\drivers\cmsis\include\core_cm4.h ****     #if defined (__FPU_PRESENT) && (__FPU_PRESENT == 1U)
  79:h:\drivers\cmsis\include\core_cm4.h ****       #define __FPU_USED       1U
  80:h:\drivers\cmsis\include\core_cm4.h ****     #else
  81:h:\drivers\cmsis\include\core_cm4.h ****       #error "Compiler generates FPU instructions for a device without an FPU (check __FPU_PRESENT)
  82:h:\drivers\cmsis\include\core_cm4.h ****       #define __FPU_USED       0U
  83:h:\drivers\cmsis\include\core_cm4.h ****     #endif
  84:h:\drivers\cmsis\include\core_cm4.h ****   #else
  85:h:\drivers\cmsis\include\core_cm4.h ****     #define __FPU_USED         0U
  86:h:\drivers\cmsis\include\core_cm4.h ****   #endif
  87:h:\drivers\cmsis\include\core_cm4.h **** 
  88:h:\drivers\cmsis\include\core_cm4.h **** #elif defined (__ARMCC_VERSION) && (__ARMCC_VERSION >= 6010050)
  89:h:\drivers\cmsis\include\core_cm4.h ****   #if defined __ARM_FP
ARM GAS  C:\Users\n11ak\AppData\Local\Temp\cc4kuuJl.s 			page 6


  90:h:\drivers\cmsis\include\core_cm4.h ****     #if defined (__FPU_PRESENT) && (__FPU_PRESENT == 1U)
  91:h:\drivers\cmsis\include\core_cm4.h ****       #define __FPU_USED       1U
  92:h:\drivers\cmsis\include\core_cm4.h ****     #else
  93:h:\drivers\cmsis\include\core_cm4.h ****       #warning "Compiler generates FPU instructions for a device without an FPU (check __FPU_PRESEN
  94:h:\drivers\cmsis\include\core_cm4.h ****       #define __FPU_USED       0U
  95:h:\drivers\cmsis\include\core_cm4.h ****     #endif
  96:h:\drivers\cmsis\include\core_cm4.h ****   #else
  97:h:\drivers\cmsis\include\core_cm4.h ****     #define __FPU_USED         0U
  98:h:\drivers\cmsis\include\core_cm4.h ****   #endif
  99:h:\drivers\cmsis\include\core_cm4.h **** 
 100:h:\drivers\cmsis\include\core_cm4.h **** #elif defined ( __GNUC__ )
 101:h:\drivers\cmsis\include\core_cm4.h ****   #if defined (__VFP_FP__) && !defined(__SOFTFP__)
 102:h:\drivers\cmsis\include\core_cm4.h ****     #if defined (__FPU_PRESENT) && (__FPU_PRESENT == 1U)
 103:h:\drivers\cmsis\include\core_cm4.h ****       #define __FPU_USED       1U
 104:h:\drivers\cmsis\include\core_cm4.h ****     #else
 105:h:\drivers\cmsis\include\core_cm4.h ****       #error "Compiler generates FPU instructions for a device without an FPU (check __FPU_PRESENT)
 106:h:\drivers\cmsis\include\core_cm4.h ****       #define __FPU_USED       0U
 107:h:\drivers\cmsis\include\core_cm4.h ****     #endif
 108:h:\drivers\cmsis\include\core_cm4.h ****   #else
 109:h:\drivers\cmsis\include\core_cm4.h ****     #define __FPU_USED         0U
 110:h:\drivers\cmsis\include\core_cm4.h ****   #endif
 111:h:\drivers\cmsis\include\core_cm4.h **** 
 112:h:\drivers\cmsis\include\core_cm4.h **** #elif defined ( __ICCARM__ )
 113:h:\drivers\cmsis\include\core_cm4.h ****   #if defined __ARMVFP__
 114:h:\drivers\cmsis\include\core_cm4.h ****     #if defined (__FPU_PRESENT) && (__FPU_PRESENT == 1U)
 115:h:\drivers\cmsis\include\core_cm4.h ****       #define __FPU_USED       1U
 116:h:\drivers\cmsis\include\core_cm4.h ****     #else
 117:h:\drivers\cmsis\include\core_cm4.h ****       #error "Compiler generates FPU instructions for a device without an FPU (check __FPU_PRESENT)
 118:h:\drivers\cmsis\include\core_cm4.h ****       #define __FPU_USED       0U
 119:h:\drivers\cmsis\include\core_cm4.h ****     #endif
 120:h:\drivers\cmsis\include\core_cm4.h ****   #else
 121:h:\drivers\cmsis\include\core_cm4.h ****     #define __FPU_USED         0U
 122:h:\drivers\cmsis\include\core_cm4.h ****   #endif
 123:h:\drivers\cmsis\include\core_cm4.h **** 
 124:h:\drivers\cmsis\include\core_cm4.h **** #elif defined ( __TI_ARM__ )
 125:h:\drivers\cmsis\include\core_cm4.h ****   #if defined __TI_VFP_SUPPORT__
 126:h:\drivers\cmsis\include\core_cm4.h ****     #if defined (__FPU_PRESENT) && (__FPU_PRESENT == 1U)
 127:h:\drivers\cmsis\include\core_cm4.h ****       #define __FPU_USED       1U
 128:h:\drivers\cmsis\include\core_cm4.h ****     #else
 129:h:\drivers\cmsis\include\core_cm4.h ****       #error "Compiler generates FPU instructions for a device without an FPU (check __FPU_PRESENT)
 130:h:\drivers\cmsis\include\core_cm4.h ****       #define __FPU_USED       0U
 131:h:\drivers\cmsis\include\core_cm4.h ****     #endif
 132:h:\drivers\cmsis\include\core_cm4.h ****   #else
 133:h:\drivers\cmsis\include\core_cm4.h ****     #define __FPU_USED         0U
 134:h:\drivers\cmsis\include\core_cm4.h ****   #endif
 135:h:\drivers\cmsis\include\core_cm4.h **** 
 136:h:\drivers\cmsis\include\core_cm4.h **** #elif defined ( __TASKING__ )
 137:h:\drivers\cmsis\include\core_cm4.h ****   #if defined __FPU_VFP__
 138:h:\drivers\cmsis\include\core_cm4.h ****     #if defined (__FPU_PRESENT) && (__FPU_PRESENT == 1U)
 139:h:\drivers\cmsis\include\core_cm4.h ****       #define __FPU_USED       1U
 140:h:\drivers\cmsis\include\core_cm4.h ****     #else
 141:h:\drivers\cmsis\include\core_cm4.h ****       #error "Compiler generates FPU instructions for a device without an FPU (check __FPU_PRESENT)
 142:h:\drivers\cmsis\include\core_cm4.h ****       #define __FPU_USED       0U
 143:h:\drivers\cmsis\include\core_cm4.h ****     #endif
 144:h:\drivers\cmsis\include\core_cm4.h ****   #else
 145:h:\drivers\cmsis\include\core_cm4.h ****     #define __FPU_USED         0U
 146:h:\drivers\cmsis\include\core_cm4.h ****   #endif
ARM GAS  C:\Users\n11ak\AppData\Local\Temp\cc4kuuJl.s 			page 7


 147:h:\drivers\cmsis\include\core_cm4.h **** 
 148:h:\drivers\cmsis\include\core_cm4.h **** #elif defined ( __CSMC__ )
 149:h:\drivers\cmsis\include\core_cm4.h ****   #if ( __CSMC__ & 0x400U)
 150:h:\drivers\cmsis\include\core_cm4.h ****     #if defined (__FPU_PRESENT) && (__FPU_PRESENT == 1U)
 151:h:\drivers\cmsis\include\core_cm4.h ****       #define __FPU_USED       1U
 152:h:\drivers\cmsis\include\core_cm4.h ****     #else
 153:h:\drivers\cmsis\include\core_cm4.h ****       #error "Compiler generates FPU instructions for a device without an FPU (check __FPU_PRESENT)
 154:h:\drivers\cmsis\include\core_cm4.h ****       #define __FPU_USED       0U
 155:h:\drivers\cmsis\include\core_cm4.h ****     #endif
 156:h:\drivers\cmsis\include\core_cm4.h ****   #else
 157:h:\drivers\cmsis\include\core_cm4.h ****     #define __FPU_USED         0U
 158:h:\drivers\cmsis\include\core_cm4.h ****   #endif
 159:h:\drivers\cmsis\include\core_cm4.h **** 
 160:h:\drivers\cmsis\include\core_cm4.h **** #endif
 161:h:\drivers\cmsis\include\core_cm4.h **** 
 162:h:\drivers\cmsis\include\core_cm4.h **** #include "cmsis_compiler.h"               /* CMSIS compiler specific defines */
 163:h:\drivers\cmsis\include\core_cm4.h **** 
 164:h:\drivers\cmsis\include\core_cm4.h **** 
 165:h:\drivers\cmsis\include\core_cm4.h **** #ifdef __cplusplus
 166:h:\drivers\cmsis\include\core_cm4.h **** }
 167:h:\drivers\cmsis\include\core_cm4.h **** #endif
 168:h:\drivers\cmsis\include\core_cm4.h **** 
 169:h:\drivers\cmsis\include\core_cm4.h **** #endif /* __CORE_CM4_H_GENERIC */
 170:h:\drivers\cmsis\include\core_cm4.h **** 
 171:h:\drivers\cmsis\include\core_cm4.h **** #ifndef __CMSIS_GENERIC
 172:h:\drivers\cmsis\include\core_cm4.h **** 
 173:h:\drivers\cmsis\include\core_cm4.h **** #ifndef __CORE_CM4_H_DEPENDANT
 174:h:\drivers\cmsis\include\core_cm4.h **** #define __CORE_CM4_H_DEPENDANT
 175:h:\drivers\cmsis\include\core_cm4.h **** 
 176:h:\drivers\cmsis\include\core_cm4.h **** #ifdef __cplusplus
 177:h:\drivers\cmsis\include\core_cm4.h ****  extern "C" {
 178:h:\drivers\cmsis\include\core_cm4.h **** #endif
 179:h:\drivers\cmsis\include\core_cm4.h **** 
 180:h:\drivers\cmsis\include\core_cm4.h **** /* check device defines and use defaults */
 181:h:\drivers\cmsis\include\core_cm4.h **** #if defined __CHECK_DEVICE_DEFINES
 182:h:\drivers\cmsis\include\core_cm4.h ****   #ifndef __CM4_REV
 183:h:\drivers\cmsis\include\core_cm4.h ****     #define __CM4_REV               0x0000U
 184:h:\drivers\cmsis\include\core_cm4.h ****     #warning "__CM4_REV not defined in device header file; using default!"
 185:h:\drivers\cmsis\include\core_cm4.h ****   #endif
 186:h:\drivers\cmsis\include\core_cm4.h **** 
 187:h:\drivers\cmsis\include\core_cm4.h ****   #ifndef __FPU_PRESENT
 188:h:\drivers\cmsis\include\core_cm4.h ****     #define __FPU_PRESENT             0U
 189:h:\drivers\cmsis\include\core_cm4.h ****     #warning "__FPU_PRESENT not defined in device header file; using default!"
 190:h:\drivers\cmsis\include\core_cm4.h ****   #endif
 191:h:\drivers\cmsis\include\core_cm4.h **** 
 192:h:\drivers\cmsis\include\core_cm4.h ****   #ifndef __MPU_PRESENT
 193:h:\drivers\cmsis\include\core_cm4.h ****     #define __MPU_PRESENT             0U
 194:h:\drivers\cmsis\include\core_cm4.h ****     #warning "__MPU_PRESENT not defined in device header file; using default!"
 195:h:\drivers\cmsis\include\core_cm4.h ****   #endif
 196:h:\drivers\cmsis\include\core_cm4.h **** 
 197:h:\drivers\cmsis\include\core_cm4.h ****   #ifndef __VTOR_PRESENT
 198:h:\drivers\cmsis\include\core_cm4.h ****     #define __VTOR_PRESENT             1U
 199:h:\drivers\cmsis\include\core_cm4.h ****     #warning "__VTOR_PRESENT not defined in device header file; using default!"
 200:h:\drivers\cmsis\include\core_cm4.h ****   #endif
 201:h:\drivers\cmsis\include\core_cm4.h ****   
 202:h:\drivers\cmsis\include\core_cm4.h ****   #ifndef __NVIC_PRIO_BITS
 203:h:\drivers\cmsis\include\core_cm4.h ****     #define __NVIC_PRIO_BITS          3U
ARM GAS  C:\Users\n11ak\AppData\Local\Temp\cc4kuuJl.s 			page 8


 204:h:\drivers\cmsis\include\core_cm4.h ****     #warning "__NVIC_PRIO_BITS not defined in device header file; using default!"
 205:h:\drivers\cmsis\include\core_cm4.h ****   #endif
 206:h:\drivers\cmsis\include\core_cm4.h **** 
 207:h:\drivers\cmsis\include\core_cm4.h ****   #ifndef __Vendor_SysTickConfig
 208:h:\drivers\cmsis\include\core_cm4.h ****     #define __Vendor_SysTickConfig    0U
 209:h:\drivers\cmsis\include\core_cm4.h ****     #warning "__Vendor_SysTickConfig not defined in device header file; using default!"
 210:h:\drivers\cmsis\include\core_cm4.h ****   #endif
 211:h:\drivers\cmsis\include\core_cm4.h **** #endif
 212:h:\drivers\cmsis\include\core_cm4.h **** 
 213:h:\drivers\cmsis\include\core_cm4.h **** /* IO definitions (access restrictions to peripheral registers) */
 214:h:\drivers\cmsis\include\core_cm4.h **** /**
 215:h:\drivers\cmsis\include\core_cm4.h ****     \defgroup CMSIS_glob_defs CMSIS Global Defines
 216:h:\drivers\cmsis\include\core_cm4.h **** 
 217:h:\drivers\cmsis\include\core_cm4.h ****     <strong>IO Type Qualifiers</strong> are used
 218:h:\drivers\cmsis\include\core_cm4.h ****     \li to specify the access to peripheral variables.
 219:h:\drivers\cmsis\include\core_cm4.h ****     \li for automatic generation of peripheral register debug information.
 220:h:\drivers\cmsis\include\core_cm4.h **** */
 221:h:\drivers\cmsis\include\core_cm4.h **** #ifdef __cplusplus
 222:h:\drivers\cmsis\include\core_cm4.h ****   #define   __I     volatile             /*!< Defines 'read only' permissions */
 223:h:\drivers\cmsis\include\core_cm4.h **** #else
 224:h:\drivers\cmsis\include\core_cm4.h ****   #define   __I     volatile const       /*!< Defines 'read only' permissions */
 225:h:\drivers\cmsis\include\core_cm4.h **** #endif
 226:h:\drivers\cmsis\include\core_cm4.h **** #define     __O     volatile             /*!< Defines 'write only' permissions */
 227:h:\drivers\cmsis\include\core_cm4.h **** #define     __IO    volatile             /*!< Defines 'read / write' permissions */
 228:h:\drivers\cmsis\include\core_cm4.h **** 
 229:h:\drivers\cmsis\include\core_cm4.h **** /* following defines should be used for structure members */
 230:h:\drivers\cmsis\include\core_cm4.h **** #define     __IM     volatile const      /*! Defines 'read only' structure member permissions */
 231:h:\drivers\cmsis\include\core_cm4.h **** #define     __OM     volatile            /*! Defines 'write only' structure member permissions */
 232:h:\drivers\cmsis\include\core_cm4.h **** #define     __IOM    volatile            /*! Defines 'read / write' structure member permissions */
 233:h:\drivers\cmsis\include\core_cm4.h **** 
 234:h:\drivers\cmsis\include\core_cm4.h **** /*@} end of group Cortex_M4 */
 235:h:\drivers\cmsis\include\core_cm4.h **** 
 236:h:\drivers\cmsis\include\core_cm4.h **** 
 237:h:\drivers\cmsis\include\core_cm4.h **** 
 238:h:\drivers\cmsis\include\core_cm4.h **** /*******************************************************************************
 239:h:\drivers\cmsis\include\core_cm4.h ****  *                 Register Abstraction
 240:h:\drivers\cmsis\include\core_cm4.h ****   Core Register contain:
 241:h:\drivers\cmsis\include\core_cm4.h ****   - Core Register
 242:h:\drivers\cmsis\include\core_cm4.h ****   - Core NVIC Register
 243:h:\drivers\cmsis\include\core_cm4.h ****   - Core SCB Register
 244:h:\drivers\cmsis\include\core_cm4.h ****   - Core SysTick Register
 245:h:\drivers\cmsis\include\core_cm4.h ****   - Core Debug Register
 246:h:\drivers\cmsis\include\core_cm4.h ****   - Core MPU Register
 247:h:\drivers\cmsis\include\core_cm4.h ****   - Core FPU Register
 248:h:\drivers\cmsis\include\core_cm4.h ****  ******************************************************************************/
 249:h:\drivers\cmsis\include\core_cm4.h **** /**
 250:h:\drivers\cmsis\include\core_cm4.h ****   \defgroup CMSIS_core_register Defines and Type Definitions
 251:h:\drivers\cmsis\include\core_cm4.h ****   \brief Type definitions and defines for Cortex-M processor based devices.
 252:h:\drivers\cmsis\include\core_cm4.h **** */
 253:h:\drivers\cmsis\include\core_cm4.h **** 
 254:h:\drivers\cmsis\include\core_cm4.h **** /**
 255:h:\drivers\cmsis\include\core_cm4.h ****   \ingroup    CMSIS_core_register
 256:h:\drivers\cmsis\include\core_cm4.h ****   \defgroup   CMSIS_CORE  Status and Control Registers
 257:h:\drivers\cmsis\include\core_cm4.h ****   \brief      Core Register type definitions.
 258:h:\drivers\cmsis\include\core_cm4.h ****   @{
 259:h:\drivers\cmsis\include\core_cm4.h ****  */
 260:h:\drivers\cmsis\include\core_cm4.h **** 
ARM GAS  C:\Users\n11ak\AppData\Local\Temp\cc4kuuJl.s 			page 9


 261:h:\drivers\cmsis\include\core_cm4.h **** /**
 262:h:\drivers\cmsis\include\core_cm4.h ****   \brief  Union type to access the Application Program Status Register (APSR).
 263:h:\drivers\cmsis\include\core_cm4.h ****  */
 264:h:\drivers\cmsis\include\core_cm4.h **** typedef union
 265:h:\drivers\cmsis\include\core_cm4.h **** {
 266:h:\drivers\cmsis\include\core_cm4.h ****   struct
 267:h:\drivers\cmsis\include\core_cm4.h ****   {
 268:h:\drivers\cmsis\include\core_cm4.h ****     uint32_t _reserved0:16;              /*!< bit:  0..15  Reserved */
 269:h:\drivers\cmsis\include\core_cm4.h ****     uint32_t GE:4;                       /*!< bit: 16..19  Greater than or Equal flags */
 270:h:\drivers\cmsis\include\core_cm4.h ****     uint32_t _reserved1:7;               /*!< bit: 20..26  Reserved */
 271:h:\drivers\cmsis\include\core_cm4.h ****     uint32_t Q:1;                        /*!< bit:     27  Saturation condition flag */
 272:h:\drivers\cmsis\include\core_cm4.h ****     uint32_t V:1;                        /*!< bit:     28  Overflow condition code flag */
 273:h:\drivers\cmsis\include\core_cm4.h ****     uint32_t C:1;                        /*!< bit:     29  Carry condition code flag */
 274:h:\drivers\cmsis\include\core_cm4.h ****     uint32_t Z:1;                        /*!< bit:     30  Zero condition code flag */
 275:h:\drivers\cmsis\include\core_cm4.h ****     uint32_t N:1;                        /*!< bit:     31  Negative condition code flag */
 276:h:\drivers\cmsis\include\core_cm4.h ****   } b;                                   /*!< Structure used for bit  access */
 277:h:\drivers\cmsis\include\core_cm4.h ****   uint32_t w;                            /*!< Type      used for word access */
 278:h:\drivers\cmsis\include\core_cm4.h **** } APSR_Type;
 279:h:\drivers\cmsis\include\core_cm4.h **** 
 280:h:\drivers\cmsis\include\core_cm4.h **** /* APSR Register Definitions */
 281:h:\drivers\cmsis\include\core_cm4.h **** #define APSR_N_Pos                         31U                                            /*!< APSR
 282:h:\drivers\cmsis\include\core_cm4.h **** #define APSR_N_Msk                         (1UL << APSR_N_Pos)                            /*!< APSR
 283:h:\drivers\cmsis\include\core_cm4.h **** 
 284:h:\drivers\cmsis\include\core_cm4.h **** #define APSR_Z_Pos                         30U                                            /*!< APSR
 285:h:\drivers\cmsis\include\core_cm4.h **** #define APSR_Z_Msk                         (1UL << APSR_Z_Pos)                            /*!< APSR
 286:h:\drivers\cmsis\include\core_cm4.h **** 
 287:h:\drivers\cmsis\include\core_cm4.h **** #define APSR_C_Pos                         29U                                            /*!< APSR
 288:h:\drivers\cmsis\include\core_cm4.h **** #define APSR_C_Msk                         (1UL << APSR_C_Pos)                            /*!< APSR
 289:h:\drivers\cmsis\include\core_cm4.h **** 
 290:h:\drivers\cmsis\include\core_cm4.h **** #define APSR_V_Pos                         28U                                            /*!< APSR
 291:h:\drivers\cmsis\include\core_cm4.h **** #define APSR_V_Msk                         (1UL << APSR_V_Pos)                            /*!< APSR
 292:h:\drivers\cmsis\include\core_cm4.h **** 
 293:h:\drivers\cmsis\include\core_cm4.h **** #define APSR_Q_Pos                         27U                                            /*!< APSR
 294:h:\drivers\cmsis\include\core_cm4.h **** #define APSR_Q_Msk                         (1UL << APSR_Q_Pos)                            /*!< APSR
 295:h:\drivers\cmsis\include\core_cm4.h **** 
 296:h:\drivers\cmsis\include\core_cm4.h **** #define APSR_GE_Pos                        16U                                            /*!< APSR
 297:h:\drivers\cmsis\include\core_cm4.h **** #define APSR_GE_Msk                        (0xFUL << APSR_GE_Pos)                         /*!< APSR
 298:h:\drivers\cmsis\include\core_cm4.h **** 
 299:h:\drivers\cmsis\include\core_cm4.h **** 
 300:h:\drivers\cmsis\include\core_cm4.h **** /**
 301:h:\drivers\cmsis\include\core_cm4.h ****   \brief  Union type to access the Interrupt Program Status Register (IPSR).
 302:h:\drivers\cmsis\include\core_cm4.h ****  */
 303:h:\drivers\cmsis\include\core_cm4.h **** typedef union
 304:h:\drivers\cmsis\include\core_cm4.h **** {
 305:h:\drivers\cmsis\include\core_cm4.h ****   struct
 306:h:\drivers\cmsis\include\core_cm4.h ****   {
 307:h:\drivers\cmsis\include\core_cm4.h ****     uint32_t ISR:9;                      /*!< bit:  0.. 8  Exception number */
 308:h:\drivers\cmsis\include\core_cm4.h ****     uint32_t _reserved0:23;              /*!< bit:  9..31  Reserved */
 309:h:\drivers\cmsis\include\core_cm4.h ****   } b;                                   /*!< Structure used for bit  access */
 310:h:\drivers\cmsis\include\core_cm4.h ****   uint32_t w;                            /*!< Type      used for word access */
 311:h:\drivers\cmsis\include\core_cm4.h **** } IPSR_Type;
 312:h:\drivers\cmsis\include\core_cm4.h **** 
 313:h:\drivers\cmsis\include\core_cm4.h **** /* IPSR Register Definitions */
 314:h:\drivers\cmsis\include\core_cm4.h **** #define IPSR_ISR_Pos                        0U                                            /*!< IPSR
 315:h:\drivers\cmsis\include\core_cm4.h **** #define IPSR_ISR_Msk                       (0x1FFUL /*<< IPSR_ISR_Pos*/)                  /*!< IPSR
 316:h:\drivers\cmsis\include\core_cm4.h **** 
 317:h:\drivers\cmsis\include\core_cm4.h **** 
ARM GAS  C:\Users\n11ak\AppData\Local\Temp\cc4kuuJl.s 			page 10


 318:h:\drivers\cmsis\include\core_cm4.h **** /**
 319:h:\drivers\cmsis\include\core_cm4.h ****   \brief  Union type to access the Special-Purpose Program Status Registers (xPSR).
 320:h:\drivers\cmsis\include\core_cm4.h ****  */
 321:h:\drivers\cmsis\include\core_cm4.h **** typedef union
 322:h:\drivers\cmsis\include\core_cm4.h **** {
 323:h:\drivers\cmsis\include\core_cm4.h ****   struct
 324:h:\drivers\cmsis\include\core_cm4.h ****   {
 325:h:\drivers\cmsis\include\core_cm4.h ****     uint32_t ISR:9;                      /*!< bit:  0.. 8  Exception number */
 326:h:\drivers\cmsis\include\core_cm4.h ****     uint32_t _reserved0:1;               /*!< bit:      9  Reserved */
 327:h:\drivers\cmsis\include\core_cm4.h ****     uint32_t ICI_IT_1:6;                 /*!< bit: 10..15  ICI/IT part 1 */
 328:h:\drivers\cmsis\include\core_cm4.h ****     uint32_t GE:4;                       /*!< bit: 16..19  Greater than or Equal flags */
 329:h:\drivers\cmsis\include\core_cm4.h ****     uint32_t _reserved1:4;               /*!< bit: 20..23  Reserved */
 330:h:\drivers\cmsis\include\core_cm4.h ****     uint32_t T:1;                        /*!< bit:     24  Thumb bit */
 331:h:\drivers\cmsis\include\core_cm4.h ****     uint32_t ICI_IT_2:2;                 /*!< bit: 25..26  ICI/IT part 2 */
 332:h:\drivers\cmsis\include\core_cm4.h ****     uint32_t Q:1;                        /*!< bit:     27  Saturation condition flag */
 333:h:\drivers\cmsis\include\core_cm4.h ****     uint32_t V:1;                        /*!< bit:     28  Overflow condition code flag */
 334:h:\drivers\cmsis\include\core_cm4.h ****     uint32_t C:1;                        /*!< bit:     29  Carry condition code flag */
 335:h:\drivers\cmsis\include\core_cm4.h ****     uint32_t Z:1;                        /*!< bit:     30  Zero condition code flag */
 336:h:\drivers\cmsis\include\core_cm4.h ****     uint32_t N:1;                        /*!< bit:     31  Negative condition code flag */
 337:h:\drivers\cmsis\include\core_cm4.h ****   } b;                                   /*!< Structure used for bit  access */
 338:h:\drivers\cmsis\include\core_cm4.h ****   uint32_t w;                            /*!< Type      used for word access */
 339:h:\drivers\cmsis\include\core_cm4.h **** } xPSR_Type;
 340:h:\drivers\cmsis\include\core_cm4.h **** 
 341:h:\drivers\cmsis\include\core_cm4.h **** /* xPSR Register Definitions */
 342:h:\drivers\cmsis\include\core_cm4.h **** #define xPSR_N_Pos                         31U                                            /*!< xPSR
 343:h:\drivers\cmsis\include\core_cm4.h **** #define xPSR_N_Msk                         (1UL << xPSR_N_Pos)                            /*!< xPSR
 344:h:\drivers\cmsis\include\core_cm4.h **** 
 345:h:\drivers\cmsis\include\core_cm4.h **** #define xPSR_Z_Pos                         30U                                            /*!< xPSR
 346:h:\drivers\cmsis\include\core_cm4.h **** #define xPSR_Z_Msk                         (1UL << xPSR_Z_Pos)                            /*!< xPSR
 347:h:\drivers\cmsis\include\core_cm4.h **** 
 348:h:\drivers\cmsis\include\core_cm4.h **** #define xPSR_C_Pos                         29U                                            /*!< xPSR
 349:h:\drivers\cmsis\include\core_cm4.h **** #define xPSR_C_Msk                         (1UL << xPSR_C_Pos)                            /*!< xPSR
 350:h:\drivers\cmsis\include\core_cm4.h **** 
 351:h:\drivers\cmsis\include\core_cm4.h **** #define xPSR_V_Pos                         28U                                            /*!< xPSR
 352:h:\drivers\cmsis\include\core_cm4.h **** #define xPSR_V_Msk                         (1UL << xPSR_V_Pos)                            /*!< xPSR
 353:h:\drivers\cmsis\include\core_cm4.h **** 
 354:h:\drivers\cmsis\include\core_cm4.h **** #define xPSR_Q_Pos                         27U                                            /*!< xPSR
 355:h:\drivers\cmsis\include\core_cm4.h **** #define xPSR_Q_Msk                         (1UL << xPSR_Q_Pos)                            /*!< xPSR
 356:h:\drivers\cmsis\include\core_cm4.h **** 
 357:h:\drivers\cmsis\include\core_cm4.h **** #define xPSR_ICI_IT_2_Pos                  25U                                            /*!< xPSR
 358:h:\drivers\cmsis\include\core_cm4.h **** #define xPSR_ICI_IT_2_Msk                  (3UL << xPSR_ICI_IT_2_Pos)                     /*!< xPSR
 359:h:\drivers\cmsis\include\core_cm4.h **** 
 360:h:\drivers\cmsis\include\core_cm4.h **** #define xPSR_T_Pos                         24U                                            /*!< xPSR
 361:h:\drivers\cmsis\include\core_cm4.h **** #define xPSR_T_Msk                         (1UL << xPSR_T_Pos)                            /*!< xPSR
 362:h:\drivers\cmsis\include\core_cm4.h **** 
 363:h:\drivers\cmsis\include\core_cm4.h **** #define xPSR_GE_Pos                        16U                                            /*!< xPSR
 364:h:\drivers\cmsis\include\core_cm4.h **** #define xPSR_GE_Msk                        (0xFUL << xPSR_GE_Pos)                         /*!< xPSR
 365:h:\drivers\cmsis\include\core_cm4.h **** 
 366:h:\drivers\cmsis\include\core_cm4.h **** #define xPSR_ICI_IT_1_Pos                  10U                                            /*!< xPSR
 367:h:\drivers\cmsis\include\core_cm4.h **** #define xPSR_ICI_IT_1_Msk                  (0x3FUL << xPSR_ICI_IT_1_Pos)                  /*!< xPSR
 368:h:\drivers\cmsis\include\core_cm4.h **** 
 369:h:\drivers\cmsis\include\core_cm4.h **** #define xPSR_ISR_Pos                        0U                                            /*!< xPSR
 370:h:\drivers\cmsis\include\core_cm4.h **** #define xPSR_ISR_Msk                       (0x1FFUL /*<< xPSR_ISR_Pos*/)                  /*!< xPSR
 371:h:\drivers\cmsis\include\core_cm4.h **** 
 372:h:\drivers\cmsis\include\core_cm4.h **** 
 373:h:\drivers\cmsis\include\core_cm4.h **** /**
 374:h:\drivers\cmsis\include\core_cm4.h ****   \brief  Union type to access the Control Registers (CONTROL).
ARM GAS  C:\Users\n11ak\AppData\Local\Temp\cc4kuuJl.s 			page 11


 375:h:\drivers\cmsis\include\core_cm4.h ****  */
 376:h:\drivers\cmsis\include\core_cm4.h **** typedef union
 377:h:\drivers\cmsis\include\core_cm4.h **** {
 378:h:\drivers\cmsis\include\core_cm4.h ****   struct
 379:h:\drivers\cmsis\include\core_cm4.h ****   {
 380:h:\drivers\cmsis\include\core_cm4.h ****     uint32_t nPRIV:1;                    /*!< bit:      0  Execution privilege in Thread mode */
 381:h:\drivers\cmsis\include\core_cm4.h ****     uint32_t SPSEL:1;                    /*!< bit:      1  Stack to be used */
 382:h:\drivers\cmsis\include\core_cm4.h ****     uint32_t FPCA:1;                     /*!< bit:      2  FP extension active flag */
 383:h:\drivers\cmsis\include\core_cm4.h ****     uint32_t _reserved0:29;              /*!< bit:  3..31  Reserved */
 384:h:\drivers\cmsis\include\core_cm4.h ****   } b;                                   /*!< Structure used for bit  access */
 385:h:\drivers\cmsis\include\core_cm4.h ****   uint32_t w;                            /*!< Type      used for word access */
 386:h:\drivers\cmsis\include\core_cm4.h **** } CONTROL_Type;
 387:h:\drivers\cmsis\include\core_cm4.h **** 
 388:h:\drivers\cmsis\include\core_cm4.h **** /* CONTROL Register Definitions */
 389:h:\drivers\cmsis\include\core_cm4.h **** #define CONTROL_FPCA_Pos                    2U                                            /*!< CONT
 390:h:\drivers\cmsis\include\core_cm4.h **** #define CONTROL_FPCA_Msk                   (1UL << CONTROL_FPCA_Pos)                      /*!< CONT
 391:h:\drivers\cmsis\include\core_cm4.h **** 
 392:h:\drivers\cmsis\include\core_cm4.h **** #define CONTROL_SPSEL_Pos                   1U                                            /*!< CONT
 393:h:\drivers\cmsis\include\core_cm4.h **** #define CONTROL_SPSEL_Msk                  (1UL << CONTROL_SPSEL_Pos)                     /*!< CONT
 394:h:\drivers\cmsis\include\core_cm4.h **** 
 395:h:\drivers\cmsis\include\core_cm4.h **** #define CONTROL_nPRIV_Pos                   0U                                            /*!< CONT
 396:h:\drivers\cmsis\include\core_cm4.h **** #define CONTROL_nPRIV_Msk                  (1UL /*<< CONTROL_nPRIV_Pos*/)                 /*!< CONT
 397:h:\drivers\cmsis\include\core_cm4.h **** 
 398:h:\drivers\cmsis\include\core_cm4.h **** /*@} end of group CMSIS_CORE */
 399:h:\drivers\cmsis\include\core_cm4.h **** 
 400:h:\drivers\cmsis\include\core_cm4.h **** 
 401:h:\drivers\cmsis\include\core_cm4.h **** /**
 402:h:\drivers\cmsis\include\core_cm4.h ****   \ingroup    CMSIS_core_register
 403:h:\drivers\cmsis\include\core_cm4.h ****   \defgroup   CMSIS_NVIC  Nested Vectored Interrupt Controller (NVIC)
 404:h:\drivers\cmsis\include\core_cm4.h ****   \brief      Type definitions for the NVIC Registers
 405:h:\drivers\cmsis\include\core_cm4.h ****   @{
 406:h:\drivers\cmsis\include\core_cm4.h ****  */
 407:h:\drivers\cmsis\include\core_cm4.h **** 
 408:h:\drivers\cmsis\include\core_cm4.h **** /**
 409:h:\drivers\cmsis\include\core_cm4.h ****   \brief  Structure type to access the Nested Vectored Interrupt Controller (NVIC).
 410:h:\drivers\cmsis\include\core_cm4.h ****  */
 411:h:\drivers\cmsis\include\core_cm4.h **** typedef struct
 412:h:\drivers\cmsis\include\core_cm4.h **** {
 413:h:\drivers\cmsis\include\core_cm4.h ****   __IOM uint32_t ISER[8U];               /*!< Offset: 0x000 (R/W)  Interrupt Set Enable Register */
 414:h:\drivers\cmsis\include\core_cm4.h ****         uint32_t RESERVED0[24U];
 415:h:\drivers\cmsis\include\core_cm4.h ****   __IOM uint32_t ICER[8U];               /*!< Offset: 0x080 (R/W)  Interrupt Clear Enable Register 
 416:h:\drivers\cmsis\include\core_cm4.h ****         uint32_t RESERVED1[24U];
 417:h:\drivers\cmsis\include\core_cm4.h ****   __IOM uint32_t ISPR[8U];               /*!< Offset: 0x100 (R/W)  Interrupt Set Pending Register *
 418:h:\drivers\cmsis\include\core_cm4.h ****         uint32_t RESERVED2[24U];
 419:h:\drivers\cmsis\include\core_cm4.h ****   __IOM uint32_t ICPR[8U];               /*!< Offset: 0x180 (R/W)  Interrupt Clear Pending Register
 420:h:\drivers\cmsis\include\core_cm4.h ****         uint32_t RESERVED3[24U];
 421:h:\drivers\cmsis\include\core_cm4.h ****   __IOM uint32_t IABR[8U];               /*!< Offset: 0x200 (R/W)  Interrupt Active bit Register */
 422:h:\drivers\cmsis\include\core_cm4.h ****         uint32_t RESERVED4[56U];
 423:h:\drivers\cmsis\include\core_cm4.h ****   __IOM uint8_t  IP[240U];               /*!< Offset: 0x300 (R/W)  Interrupt Priority Register (8Bi
 424:h:\drivers\cmsis\include\core_cm4.h ****         uint32_t RESERVED5[644U];
 425:h:\drivers\cmsis\include\core_cm4.h ****   __OM  uint32_t STIR;                   /*!< Offset: 0xE00 ( /W)  Software Trigger Interrupt Regis
 426:h:\drivers\cmsis\include\core_cm4.h **** }  NVIC_Type;
 427:h:\drivers\cmsis\include\core_cm4.h **** 
 428:h:\drivers\cmsis\include\core_cm4.h **** /* Software Triggered Interrupt Register Definitions */
 429:h:\drivers\cmsis\include\core_cm4.h **** #define NVIC_STIR_INTID_Pos                 0U                                         /*!< STIR: I
 430:h:\drivers\cmsis\include\core_cm4.h **** #define NVIC_STIR_INTID_Msk                (0x1FFUL /*<< NVIC_STIR_INTID_Pos*/)        /*!< STIR: I
 431:h:\drivers\cmsis\include\core_cm4.h **** 
ARM GAS  C:\Users\n11ak\AppData\Local\Temp\cc4kuuJl.s 			page 12


 432:h:\drivers\cmsis\include\core_cm4.h **** /*@} end of group CMSIS_NVIC */
 433:h:\drivers\cmsis\include\core_cm4.h **** 
 434:h:\drivers\cmsis\include\core_cm4.h **** 
 435:h:\drivers\cmsis\include\core_cm4.h **** /**
 436:h:\drivers\cmsis\include\core_cm4.h ****   \ingroup  CMSIS_core_register
 437:h:\drivers\cmsis\include\core_cm4.h ****   \defgroup CMSIS_SCB     System Control Block (SCB)
 438:h:\drivers\cmsis\include\core_cm4.h ****   \brief    Type definitions for the System Control Block Registers
 439:h:\drivers\cmsis\include\core_cm4.h ****   @{
 440:h:\drivers\cmsis\include\core_cm4.h ****  */
 441:h:\drivers\cmsis\include\core_cm4.h **** 
 442:h:\drivers\cmsis\include\core_cm4.h **** /**
 443:h:\drivers\cmsis\include\core_cm4.h ****   \brief  Structure type to access the System Control Block (SCB).
 444:h:\drivers\cmsis\include\core_cm4.h ****  */
 445:h:\drivers\cmsis\include\core_cm4.h **** typedef struct
 446:h:\drivers\cmsis\include\core_cm4.h **** {
 447:h:\drivers\cmsis\include\core_cm4.h ****   __IM  uint32_t CPUID;                  /*!< Offset: 0x000 (R/ )  CPUID Base Register */
 448:h:\drivers\cmsis\include\core_cm4.h ****   __IOM uint32_t ICSR;                   /*!< Offset: 0x004 (R/W)  Interrupt Control and State Regi
 449:h:\drivers\cmsis\include\core_cm4.h ****   __IOM uint32_t VTOR;                   /*!< Offset: 0x008 (R/W)  Vector Table Offset Register */
 450:h:\drivers\cmsis\include\core_cm4.h ****   __IOM uint32_t AIRCR;                  /*!< Offset: 0x00C (R/W)  Application Interrupt and Reset 
 451:h:\drivers\cmsis\include\core_cm4.h ****   __IOM uint32_t SCR;                    /*!< Offset: 0x010 (R/W)  System Control Register */
 452:h:\drivers\cmsis\include\core_cm4.h ****   __IOM uint32_t CCR;                    /*!< Offset: 0x014 (R/W)  Configuration Control Register *
 453:h:\drivers\cmsis\include\core_cm4.h ****   __IOM uint8_t  SHP[12U];               /*!< Offset: 0x018 (R/W)  System Handlers Priority Registe
 454:h:\drivers\cmsis\include\core_cm4.h ****   __IOM uint32_t SHCSR;                  /*!< Offset: 0x024 (R/W)  System Handler Control and State
 455:h:\drivers\cmsis\include\core_cm4.h ****   __IOM uint32_t CFSR;                   /*!< Offset: 0x028 (R/W)  Configurable Fault Status Regist
 456:h:\drivers\cmsis\include\core_cm4.h ****   __IOM uint32_t HFSR;                   /*!< Offset: 0x02C (R/W)  HardFault Status Register */
 457:h:\drivers\cmsis\include\core_cm4.h ****   __IOM uint32_t DFSR;                   /*!< Offset: 0x030 (R/W)  Debug Fault Status Register */
 458:h:\drivers\cmsis\include\core_cm4.h ****   __IOM uint32_t MMFAR;                  /*!< Offset: 0x034 (R/W)  MemManage Fault Address Register
 459:h:\drivers\cmsis\include\core_cm4.h ****   __IOM uint32_t BFAR;                   /*!< Offset: 0x038 (R/W)  BusFault Address Register */
 460:h:\drivers\cmsis\include\core_cm4.h ****   __IOM uint32_t AFSR;                   /*!< Offset: 0x03C (R/W)  Auxiliary Fault Status Register 
 461:h:\drivers\cmsis\include\core_cm4.h ****   __IM  uint32_t PFR[2U];                /*!< Offset: 0x040 (R/ )  Processor Feature Register */
 462:h:\drivers\cmsis\include\core_cm4.h ****   __IM  uint32_t DFR;                    /*!< Offset: 0x048 (R/ )  Debug Feature Register */
 463:h:\drivers\cmsis\include\core_cm4.h ****   __IM  uint32_t ADR;                    /*!< Offset: 0x04C (R/ )  Auxiliary Feature Register */
 464:h:\drivers\cmsis\include\core_cm4.h ****   __IM  uint32_t MMFR[4U];               /*!< Offset: 0x050 (R/ )  Memory Model Feature Register */
 465:h:\drivers\cmsis\include\core_cm4.h ****   __IM  uint32_t ISAR[5U];               /*!< Offset: 0x060 (R/ )  Instruction Set Attributes Regis
 466:h:\drivers\cmsis\include\core_cm4.h ****         uint32_t RESERVED0[5U];
 467:h:\drivers\cmsis\include\core_cm4.h ****   __IOM uint32_t CPACR;                  /*!< Offset: 0x088 (R/W)  Coprocessor Access Control Regis
 468:h:\drivers\cmsis\include\core_cm4.h **** } SCB_Type;
 469:h:\drivers\cmsis\include\core_cm4.h **** 
 470:h:\drivers\cmsis\include\core_cm4.h **** /* SCB CPUID Register Definitions */
 471:h:\drivers\cmsis\include\core_cm4.h **** #define SCB_CPUID_IMPLEMENTER_Pos          24U                                            /*!< SCB 
 472:h:\drivers\cmsis\include\core_cm4.h **** #define SCB_CPUID_IMPLEMENTER_Msk          (0xFFUL << SCB_CPUID_IMPLEMENTER_Pos)          /*!< SCB 
 473:h:\drivers\cmsis\include\core_cm4.h **** 
 474:h:\drivers\cmsis\include\core_cm4.h **** #define SCB_CPUID_VARIANT_Pos              20U                                            /*!< SCB 
 475:h:\drivers\cmsis\include\core_cm4.h **** #define SCB_CPUID_VARIANT_Msk              (0xFUL << SCB_CPUID_VARIANT_Pos)               /*!< SCB 
 476:h:\drivers\cmsis\include\core_cm4.h **** 
 477:h:\drivers\cmsis\include\core_cm4.h **** #define SCB_CPUID_ARCHITECTURE_Pos         16U                                            /*!< SCB 
 478:h:\drivers\cmsis\include\core_cm4.h **** #define SCB_CPUID_ARCHITECTURE_Msk         (0xFUL << SCB_CPUID_ARCHITECTURE_Pos)          /*!< SCB 
 479:h:\drivers\cmsis\include\core_cm4.h **** 
 480:h:\drivers\cmsis\include\core_cm4.h **** #define SCB_CPUID_PARTNO_Pos                4U                                            /*!< SCB 
 481:h:\drivers\cmsis\include\core_cm4.h **** #define SCB_CPUID_PARTNO_Msk               (0xFFFUL << SCB_CPUID_PARTNO_Pos)              /*!< SCB 
 482:h:\drivers\cmsis\include\core_cm4.h **** 
 483:h:\drivers\cmsis\include\core_cm4.h **** #define SCB_CPUID_REVISION_Pos              0U                                            /*!< SCB 
 484:h:\drivers\cmsis\include\core_cm4.h **** #define SCB_CPUID_REVISION_Msk             (0xFUL /*<< SCB_CPUID_REVISION_Pos*/)          /*!< SCB 
 485:h:\drivers\cmsis\include\core_cm4.h **** 
 486:h:\drivers\cmsis\include\core_cm4.h **** /* SCB Interrupt Control State Register Definitions */
 487:h:\drivers\cmsis\include\core_cm4.h **** #define SCB_ICSR_NMIPENDSET_Pos            31U                                            /*!< SCB 
 488:h:\drivers\cmsis\include\core_cm4.h **** #define SCB_ICSR_NMIPENDSET_Msk            (1UL << SCB_ICSR_NMIPENDSET_Pos)               /*!< SCB 
ARM GAS  C:\Users\n11ak\AppData\Local\Temp\cc4kuuJl.s 			page 13


 489:h:\drivers\cmsis\include\core_cm4.h **** 
 490:h:\drivers\cmsis\include\core_cm4.h **** #define SCB_ICSR_PENDSVSET_Pos             28U                                            /*!< SCB 
 491:h:\drivers\cmsis\include\core_cm4.h **** #define SCB_ICSR_PENDSVSET_Msk             (1UL << SCB_ICSR_PENDSVSET_Pos)                /*!< SCB 
 492:h:\drivers\cmsis\include\core_cm4.h **** 
 493:h:\drivers\cmsis\include\core_cm4.h **** #define SCB_ICSR_PENDSVCLR_Pos             27U                                            /*!< SCB 
 494:h:\drivers\cmsis\include\core_cm4.h **** #define SCB_ICSR_PENDSVCLR_Msk             (1UL << SCB_ICSR_PENDSVCLR_Pos)                /*!< SCB 
 495:h:\drivers\cmsis\include\core_cm4.h **** 
 496:h:\drivers\cmsis\include\core_cm4.h **** #define SCB_ICSR_PENDSTSET_Pos             26U                                            /*!< SCB 
 497:h:\drivers\cmsis\include\core_cm4.h **** #define SCB_ICSR_PENDSTSET_Msk             (1UL << SCB_ICSR_PENDSTSET_Pos)                /*!< SCB 
 498:h:\drivers\cmsis\include\core_cm4.h **** 
 499:h:\drivers\cmsis\include\core_cm4.h **** #define SCB_ICSR_PENDSTCLR_Pos             25U                                            /*!< SCB 
 500:h:\drivers\cmsis\include\core_cm4.h **** #define SCB_ICSR_PENDSTCLR_Msk             (1UL << SCB_ICSR_PENDSTCLR_Pos)                /*!< SCB 
 501:h:\drivers\cmsis\include\core_cm4.h **** 
 502:h:\drivers\cmsis\include\core_cm4.h **** #define SCB_ICSR_ISRPREEMPT_Pos            23U                                            /*!< SCB 
 503:h:\drivers\cmsis\include\core_cm4.h **** #define SCB_ICSR_ISRPREEMPT_Msk            (1UL << SCB_ICSR_ISRPREEMPT_Pos)               /*!< SCB 
 504:h:\drivers\cmsis\include\core_cm4.h **** 
 505:h:\drivers\cmsis\include\core_cm4.h **** #define SCB_ICSR_ISRPENDING_Pos            22U                                            /*!< SCB 
 506:h:\drivers\cmsis\include\core_cm4.h **** #define SCB_ICSR_ISRPENDING_Msk            (1UL << SCB_ICSR_ISRPENDING_Pos)               /*!< SCB 
 507:h:\drivers\cmsis\include\core_cm4.h **** 
 508:h:\drivers\cmsis\include\core_cm4.h **** #define SCB_ICSR_VECTPENDING_Pos           12U                                            /*!< SCB 
 509:h:\drivers\cmsis\include\core_cm4.h **** #define SCB_ICSR_VECTPENDING_Msk           (0x1FFUL << SCB_ICSR_VECTPENDING_Pos)          /*!< SCB 
 510:h:\drivers\cmsis\include\core_cm4.h **** 
 511:h:\drivers\cmsis\include\core_cm4.h **** #define SCB_ICSR_RETTOBASE_Pos             11U                                            /*!< SCB 
 512:h:\drivers\cmsis\include\core_cm4.h **** #define SCB_ICSR_RETTOBASE_Msk             (1UL << SCB_ICSR_RETTOBASE_Pos)                /*!< SCB 
 513:h:\drivers\cmsis\include\core_cm4.h **** 
 514:h:\drivers\cmsis\include\core_cm4.h **** #define SCB_ICSR_VECTACTIVE_Pos             0U                                            /*!< SCB 
 515:h:\drivers\cmsis\include\core_cm4.h **** #define SCB_ICSR_VECTACTIVE_Msk            (0x1FFUL /*<< SCB_ICSR_VECTACTIVE_Pos*/)       /*!< SCB 
 516:h:\drivers\cmsis\include\core_cm4.h **** 
 517:h:\drivers\cmsis\include\core_cm4.h **** /* SCB Vector Table Offset Register Definitions */
 518:h:\drivers\cmsis\include\core_cm4.h **** #define SCB_VTOR_TBLOFF_Pos                 7U                                            /*!< SCB 
 519:h:\drivers\cmsis\include\core_cm4.h **** #define SCB_VTOR_TBLOFF_Msk                (0x1FFFFFFUL << SCB_VTOR_TBLOFF_Pos)           /*!< SCB 
 520:h:\drivers\cmsis\include\core_cm4.h **** 
 521:h:\drivers\cmsis\include\core_cm4.h **** /* SCB Application Interrupt and Reset Control Register Definitions */
 522:h:\drivers\cmsis\include\core_cm4.h **** #define SCB_AIRCR_VECTKEY_Pos              16U                                            /*!< SCB 
 523:h:\drivers\cmsis\include\core_cm4.h **** #define SCB_AIRCR_VECTKEY_Msk              (0xFFFFUL << SCB_AIRCR_VECTKEY_Pos)            /*!< SCB 
 524:h:\drivers\cmsis\include\core_cm4.h **** 
 525:h:\drivers\cmsis\include\core_cm4.h **** #define SCB_AIRCR_VECTKEYSTAT_Pos          16U                                            /*!< SCB 
 526:h:\drivers\cmsis\include\core_cm4.h **** #define SCB_AIRCR_VECTKEYSTAT_Msk          (0xFFFFUL << SCB_AIRCR_VECTKEYSTAT_Pos)        /*!< SCB 
 527:h:\drivers\cmsis\include\core_cm4.h **** 
 528:h:\drivers\cmsis\include\core_cm4.h **** #define SCB_AIRCR_ENDIANESS_Pos            15U                                            /*!< SCB 
 529:h:\drivers\cmsis\include\core_cm4.h **** #define SCB_AIRCR_ENDIANESS_Msk            (1UL << SCB_AIRCR_ENDIANESS_Pos)               /*!< SCB 
 530:h:\drivers\cmsis\include\core_cm4.h **** 
 531:h:\drivers\cmsis\include\core_cm4.h **** #define SCB_AIRCR_PRIGROUP_Pos              8U                                            /*!< SCB 
 532:h:\drivers\cmsis\include\core_cm4.h **** #define SCB_AIRCR_PRIGROUP_Msk             (7UL << SCB_AIRCR_PRIGROUP_Pos)                /*!< SCB 
 533:h:\drivers\cmsis\include\core_cm4.h **** 
 534:h:\drivers\cmsis\include\core_cm4.h **** #define SCB_AIRCR_SYSRESETREQ_Pos           2U                                            /*!< SCB 
 535:h:\drivers\cmsis\include\core_cm4.h **** #define SCB_AIRCR_SYSRESETREQ_Msk          (1UL << SCB_AIRCR_SYSRESETREQ_Pos)             /*!< SCB 
 536:h:\drivers\cmsis\include\core_cm4.h **** 
 537:h:\drivers\cmsis\include\core_cm4.h **** #define SCB_AIRCR_VECTCLRACTIVE_Pos         1U                                            /*!< SCB 
 538:h:\drivers\cmsis\include\core_cm4.h **** #define SCB_AIRCR_VECTCLRACTIVE_Msk        (1UL << SCB_AIRCR_VECTCLRACTIVE_Pos)           /*!< SCB 
 539:h:\drivers\cmsis\include\core_cm4.h **** 
 540:h:\drivers\cmsis\include\core_cm4.h **** #define SCB_AIRCR_VECTRESET_Pos             0U                                            /*!< SCB 
 541:h:\drivers\cmsis\include\core_cm4.h **** #define SCB_AIRCR_VECTRESET_Msk            (1UL /*<< SCB_AIRCR_VECTRESET_Pos*/)           /*!< SCB 
 542:h:\drivers\cmsis\include\core_cm4.h **** 
 543:h:\drivers\cmsis\include\core_cm4.h **** /* SCB System Control Register Definitions */
 544:h:\drivers\cmsis\include\core_cm4.h **** #define SCB_SCR_SEVONPEND_Pos               4U                                            /*!< SCB 
 545:h:\drivers\cmsis\include\core_cm4.h **** #define SCB_SCR_SEVONPEND_Msk              (1UL << SCB_SCR_SEVONPEND_Pos)                 /*!< SCB 
ARM GAS  C:\Users\n11ak\AppData\Local\Temp\cc4kuuJl.s 			page 14


 546:h:\drivers\cmsis\include\core_cm4.h **** 
 547:h:\drivers\cmsis\include\core_cm4.h **** #define SCB_SCR_SLEEPDEEP_Pos               2U                                            /*!< SCB 
 548:h:\drivers\cmsis\include\core_cm4.h **** #define SCB_SCR_SLEEPDEEP_Msk              (1UL << SCB_SCR_SLEEPDEEP_Pos)                 /*!< SCB 
 549:h:\drivers\cmsis\include\core_cm4.h **** 
 550:h:\drivers\cmsis\include\core_cm4.h **** #define SCB_SCR_SLEEPONEXIT_Pos             1U                                            /*!< SCB 
 551:h:\drivers\cmsis\include\core_cm4.h **** #define SCB_SCR_SLEEPONEXIT_Msk            (1UL << SCB_SCR_SLEEPONEXIT_Pos)               /*!< SCB 
 552:h:\drivers\cmsis\include\core_cm4.h **** 
 553:h:\drivers\cmsis\include\core_cm4.h **** /* SCB Configuration Control Register Definitions */
 554:h:\drivers\cmsis\include\core_cm4.h **** #define SCB_CCR_STKALIGN_Pos                9U                                            /*!< SCB 
 555:h:\drivers\cmsis\include\core_cm4.h **** #define SCB_CCR_STKALIGN_Msk               (1UL << SCB_CCR_STKALIGN_Pos)                  /*!< SCB 
 556:h:\drivers\cmsis\include\core_cm4.h **** 
 557:h:\drivers\cmsis\include\core_cm4.h **** #define SCB_CCR_BFHFNMIGN_Pos               8U                                            /*!< SCB 
 558:h:\drivers\cmsis\include\core_cm4.h **** #define SCB_CCR_BFHFNMIGN_Msk              (1UL << SCB_CCR_BFHFNMIGN_Pos)                 /*!< SCB 
 559:h:\drivers\cmsis\include\core_cm4.h **** 
 560:h:\drivers\cmsis\include\core_cm4.h **** #define SCB_CCR_DIV_0_TRP_Pos               4U                                            /*!< SCB 
 561:h:\drivers\cmsis\include\core_cm4.h **** #define SCB_CCR_DIV_0_TRP_Msk              (1UL << SCB_CCR_DIV_0_TRP_Pos)                 /*!< SCB 
 562:h:\drivers\cmsis\include\core_cm4.h **** 
 563:h:\drivers\cmsis\include\core_cm4.h **** #define SCB_CCR_UNALIGN_TRP_Pos             3U                                            /*!< SCB 
 564:h:\drivers\cmsis\include\core_cm4.h **** #define SCB_CCR_UNALIGN_TRP_Msk            (1UL << SCB_CCR_UNALIGN_TRP_Pos)               /*!< SCB 
 565:h:\drivers\cmsis\include\core_cm4.h **** 
 566:h:\drivers\cmsis\include\core_cm4.h **** #define SCB_CCR_USERSETMPEND_Pos            1U                                            /*!< SCB 
 567:h:\drivers\cmsis\include\core_cm4.h **** #define SCB_CCR_USERSETMPEND_Msk           (1UL << SCB_CCR_USERSETMPEND_Pos)              /*!< SCB 
 568:h:\drivers\cmsis\include\core_cm4.h **** 
 569:h:\drivers\cmsis\include\core_cm4.h **** #define SCB_CCR_NONBASETHRDENA_Pos          0U                                            /*!< SCB 
 570:h:\drivers\cmsis\include\core_cm4.h **** #define SCB_CCR_NONBASETHRDENA_Msk         (1UL /*<< SCB_CCR_NONBASETHRDENA_Pos*/)        /*!< SCB 
 571:h:\drivers\cmsis\include\core_cm4.h **** 
 572:h:\drivers\cmsis\include\core_cm4.h **** /* SCB System Handler Control and State Register Definitions */
 573:h:\drivers\cmsis\include\core_cm4.h **** #define SCB_SHCSR_USGFAULTENA_Pos          18U                                            /*!< SCB 
 574:h:\drivers\cmsis\include\core_cm4.h **** #define SCB_SHCSR_USGFAULTENA_Msk          (1UL << SCB_SHCSR_USGFAULTENA_Pos)             /*!< SCB 
 575:h:\drivers\cmsis\include\core_cm4.h **** 
 576:h:\drivers\cmsis\include\core_cm4.h **** #define SCB_SHCSR_BUSFAULTENA_Pos          17U                                            /*!< SCB 
 577:h:\drivers\cmsis\include\core_cm4.h **** #define SCB_SHCSR_BUSFAULTENA_Msk          (1UL << SCB_SHCSR_BUSFAULTENA_Pos)             /*!< SCB 
 578:h:\drivers\cmsis\include\core_cm4.h **** 
 579:h:\drivers\cmsis\include\core_cm4.h **** #define SCB_SHCSR_MEMFAULTENA_Pos          16U                                            /*!< SCB 
 580:h:\drivers\cmsis\include\core_cm4.h **** #define SCB_SHCSR_MEMFAULTENA_Msk          (1UL << SCB_SHCSR_MEMFAULTENA_Pos)             /*!< SCB 
 581:h:\drivers\cmsis\include\core_cm4.h **** 
 582:h:\drivers\cmsis\include\core_cm4.h **** #define SCB_SHCSR_SVCALLPENDED_Pos         15U                                            /*!< SCB 
 583:h:\drivers\cmsis\include\core_cm4.h **** #define SCB_SHCSR_SVCALLPENDED_Msk         (1UL << SCB_SHCSR_SVCALLPENDED_Pos)            /*!< SCB 
 584:h:\drivers\cmsis\include\core_cm4.h **** 
 585:h:\drivers\cmsis\include\core_cm4.h **** #define SCB_SHCSR_BUSFAULTPENDED_Pos       14U                                            /*!< SCB 
 586:h:\drivers\cmsis\include\core_cm4.h **** #define SCB_SHCSR_BUSFAULTPENDED_Msk       (1UL << SCB_SHCSR_BUSFAULTPENDED_Pos)          /*!< SCB 
 587:h:\drivers\cmsis\include\core_cm4.h **** 
 588:h:\drivers\cmsis\include\core_cm4.h **** #define SCB_SHCSR_MEMFAULTPENDED_Pos       13U                                            /*!< SCB 
 589:h:\drivers\cmsis\include\core_cm4.h **** #define SCB_SHCSR_MEMFAULTPENDED_Msk       (1UL << SCB_SHCSR_MEMFAULTPENDED_Pos)          /*!< SCB 
 590:h:\drivers\cmsis\include\core_cm4.h **** 
 591:h:\drivers\cmsis\include\core_cm4.h **** #define SCB_SHCSR_USGFAULTPENDED_Pos       12U                                            /*!< SCB 
 592:h:\drivers\cmsis\include\core_cm4.h **** #define SCB_SHCSR_USGFAULTPENDED_Msk       (1UL << SCB_SHCSR_USGFAULTPENDED_Pos)          /*!< SCB 
 593:h:\drivers\cmsis\include\core_cm4.h **** 
 594:h:\drivers\cmsis\include\core_cm4.h **** #define SCB_SHCSR_SYSTICKACT_Pos           11U                                            /*!< SCB 
 595:h:\drivers\cmsis\include\core_cm4.h **** #define SCB_SHCSR_SYSTICKACT_Msk           (1UL << SCB_SHCSR_SYSTICKACT_Pos)              /*!< SCB 
 596:h:\drivers\cmsis\include\core_cm4.h **** 
 597:h:\drivers\cmsis\include\core_cm4.h **** #define SCB_SHCSR_PENDSVACT_Pos            10U                                            /*!< SCB 
 598:h:\drivers\cmsis\include\core_cm4.h **** #define SCB_SHCSR_PENDSVACT_Msk            (1UL << SCB_SHCSR_PENDSVACT_Pos)               /*!< SCB 
 599:h:\drivers\cmsis\include\core_cm4.h **** 
 600:h:\drivers\cmsis\include\core_cm4.h **** #define SCB_SHCSR_MONITORACT_Pos            8U                                            /*!< SCB 
 601:h:\drivers\cmsis\include\core_cm4.h **** #define SCB_SHCSR_MONITORACT_Msk           (1UL << SCB_SHCSR_MONITORACT_Pos)              /*!< SCB 
 602:h:\drivers\cmsis\include\core_cm4.h **** 
ARM GAS  C:\Users\n11ak\AppData\Local\Temp\cc4kuuJl.s 			page 15


 603:h:\drivers\cmsis\include\core_cm4.h **** #define SCB_SHCSR_SVCALLACT_Pos             7U                                            /*!< SCB 
 604:h:\drivers\cmsis\include\core_cm4.h **** #define SCB_SHCSR_SVCALLACT_Msk            (1UL << SCB_SHCSR_SVCALLACT_Pos)               /*!< SCB 
 605:h:\drivers\cmsis\include\core_cm4.h **** 
 606:h:\drivers\cmsis\include\core_cm4.h **** #define SCB_SHCSR_USGFAULTACT_Pos           3U                                            /*!< SCB 
 607:h:\drivers\cmsis\include\core_cm4.h **** #define SCB_SHCSR_USGFAULTACT_Msk          (1UL << SCB_SHCSR_USGFAULTACT_Pos)             /*!< SCB 
 608:h:\drivers\cmsis\include\core_cm4.h **** 
 609:h:\drivers\cmsis\include\core_cm4.h **** #define SCB_SHCSR_BUSFAULTACT_Pos           1U                                            /*!< SCB 
 610:h:\drivers\cmsis\include\core_cm4.h **** #define SCB_SHCSR_BUSFAULTACT_Msk          (1UL << SCB_SHCSR_BUSFAULTACT_Pos)             /*!< SCB 
 611:h:\drivers\cmsis\include\core_cm4.h **** 
 612:h:\drivers\cmsis\include\core_cm4.h **** #define SCB_SHCSR_MEMFAULTACT_Pos           0U                                            /*!< SCB 
 613:h:\drivers\cmsis\include\core_cm4.h **** #define SCB_SHCSR_MEMFAULTACT_Msk          (1UL /*<< SCB_SHCSR_MEMFAULTACT_Pos*/)         /*!< SCB 
 614:h:\drivers\cmsis\include\core_cm4.h **** 
 615:h:\drivers\cmsis\include\core_cm4.h **** /* SCB Configurable Fault Status Register Definitions */
 616:h:\drivers\cmsis\include\core_cm4.h **** #define SCB_CFSR_USGFAULTSR_Pos            16U                                            /*!< SCB 
 617:h:\drivers\cmsis\include\core_cm4.h **** #define SCB_CFSR_USGFAULTSR_Msk            (0xFFFFUL << SCB_CFSR_USGFAULTSR_Pos)          /*!< SCB 
 618:h:\drivers\cmsis\include\core_cm4.h **** 
 619:h:\drivers\cmsis\include\core_cm4.h **** #define SCB_CFSR_BUSFAULTSR_Pos             8U                                            /*!< SCB 
 620:h:\drivers\cmsis\include\core_cm4.h **** #define SCB_CFSR_BUSFAULTSR_Msk            (0xFFUL << SCB_CFSR_BUSFAULTSR_Pos)            /*!< SCB 
 621:h:\drivers\cmsis\include\core_cm4.h **** 
 622:h:\drivers\cmsis\include\core_cm4.h **** #define SCB_CFSR_MEMFAULTSR_Pos             0U                                            /*!< SCB 
 623:h:\drivers\cmsis\include\core_cm4.h **** #define SCB_CFSR_MEMFAULTSR_Msk            (0xFFUL /*<< SCB_CFSR_MEMFAULTSR_Pos*/)        /*!< SCB 
 624:h:\drivers\cmsis\include\core_cm4.h **** 
 625:h:\drivers\cmsis\include\core_cm4.h **** /* MemManage Fault Status Register (part of SCB Configurable Fault Status Register) */
 626:h:\drivers\cmsis\include\core_cm4.h **** #define SCB_CFSR_MMARVALID_Pos             (SCB_SHCSR_MEMFAULTACT_Pos + 7U)               /*!< SCB 
 627:h:\drivers\cmsis\include\core_cm4.h **** #define SCB_CFSR_MMARVALID_Msk             (1UL << SCB_CFSR_MMARVALID_Pos)                /*!< SCB 
 628:h:\drivers\cmsis\include\core_cm4.h **** 
 629:h:\drivers\cmsis\include\core_cm4.h **** #define SCB_CFSR_MLSPERR_Pos               (SCB_SHCSR_MEMFAULTACT_Pos + 5U)               /*!< SCB 
 630:h:\drivers\cmsis\include\core_cm4.h **** #define SCB_CFSR_MLSPERR_Msk               (1UL << SCB_CFSR_MLSPERR_Pos)                  /*!< SCB 
 631:h:\drivers\cmsis\include\core_cm4.h **** 
 632:h:\drivers\cmsis\include\core_cm4.h **** #define SCB_CFSR_MSTKERR_Pos               (SCB_SHCSR_MEMFAULTACT_Pos + 4U)               /*!< SCB 
 633:h:\drivers\cmsis\include\core_cm4.h **** #define SCB_CFSR_MSTKERR_Msk               (1UL << SCB_CFSR_MSTKERR_Pos)                  /*!< SCB 
 634:h:\drivers\cmsis\include\core_cm4.h **** 
 635:h:\drivers\cmsis\include\core_cm4.h **** #define SCB_CFSR_MUNSTKERR_Pos             (SCB_SHCSR_MEMFAULTACT_Pos + 3U)               /*!< SCB 
 636:h:\drivers\cmsis\include\core_cm4.h **** #define SCB_CFSR_MUNSTKERR_Msk             (1UL << SCB_CFSR_MUNSTKERR_Pos)                /*!< SCB 
 637:h:\drivers\cmsis\include\core_cm4.h **** 
 638:h:\drivers\cmsis\include\core_cm4.h **** #define SCB_CFSR_DACCVIOL_Pos              (SCB_SHCSR_MEMFAULTACT_Pos + 1U)               /*!< SCB 
 639:h:\drivers\cmsis\include\core_cm4.h **** #define SCB_CFSR_DACCVIOL_Msk              (1UL << SCB_CFSR_DACCVIOL_Pos)                 /*!< SCB 
 640:h:\drivers\cmsis\include\core_cm4.h **** 
 641:h:\drivers\cmsis\include\core_cm4.h **** #define SCB_CFSR_IACCVIOL_Pos              (SCB_SHCSR_MEMFAULTACT_Pos + 0U)               /*!< SCB 
 642:h:\drivers\cmsis\include\core_cm4.h **** #define SCB_CFSR_IACCVIOL_Msk              (1UL /*<< SCB_CFSR_IACCVIOL_Pos*/)             /*!< SCB 
 643:h:\drivers\cmsis\include\core_cm4.h **** 
 644:h:\drivers\cmsis\include\core_cm4.h **** /* BusFault Status Register (part of SCB Configurable Fault Status Register) */
 645:h:\drivers\cmsis\include\core_cm4.h **** #define SCB_CFSR_BFARVALID_Pos            (SCB_CFSR_BUSFAULTSR_Pos + 7U)                  /*!< SCB 
 646:h:\drivers\cmsis\include\core_cm4.h **** #define SCB_CFSR_BFARVALID_Msk            (1UL << SCB_CFSR_BFARVALID_Pos)                 /*!< SCB 
 647:h:\drivers\cmsis\include\core_cm4.h **** 
 648:h:\drivers\cmsis\include\core_cm4.h **** #define SCB_CFSR_LSPERR_Pos               (SCB_CFSR_BUSFAULTSR_Pos + 5U)                  /*!< SCB 
 649:h:\drivers\cmsis\include\core_cm4.h **** #define SCB_CFSR_LSPERR_Msk               (1UL << SCB_CFSR_LSPERR_Pos)                    /*!< SCB 
 650:h:\drivers\cmsis\include\core_cm4.h **** 
 651:h:\drivers\cmsis\include\core_cm4.h **** #define SCB_CFSR_STKERR_Pos               (SCB_CFSR_BUSFAULTSR_Pos + 4U)                  /*!< SCB 
 652:h:\drivers\cmsis\include\core_cm4.h **** #define SCB_CFSR_STKERR_Msk               (1UL << SCB_CFSR_STKERR_Pos)                    /*!< SCB 
 653:h:\drivers\cmsis\include\core_cm4.h **** 
 654:h:\drivers\cmsis\include\core_cm4.h **** #define SCB_CFSR_UNSTKERR_Pos             (SCB_CFSR_BUSFAULTSR_Pos + 3U)                  /*!< SCB 
 655:h:\drivers\cmsis\include\core_cm4.h **** #define SCB_CFSR_UNSTKERR_Msk             (1UL << SCB_CFSR_UNSTKERR_Pos)                  /*!< SCB 
 656:h:\drivers\cmsis\include\core_cm4.h **** 
 657:h:\drivers\cmsis\include\core_cm4.h **** #define SCB_CFSR_IMPRECISERR_Pos          (SCB_CFSR_BUSFAULTSR_Pos + 2U)                  /*!< SCB 
 658:h:\drivers\cmsis\include\core_cm4.h **** #define SCB_CFSR_IMPRECISERR_Msk          (1UL << SCB_CFSR_IMPRECISERR_Pos)               /*!< SCB 
 659:h:\drivers\cmsis\include\core_cm4.h **** 
ARM GAS  C:\Users\n11ak\AppData\Local\Temp\cc4kuuJl.s 			page 16


 660:h:\drivers\cmsis\include\core_cm4.h **** #define SCB_CFSR_PRECISERR_Pos            (SCB_CFSR_BUSFAULTSR_Pos + 1U)                  /*!< SCB 
 661:h:\drivers\cmsis\include\core_cm4.h **** #define SCB_CFSR_PRECISERR_Msk            (1UL << SCB_CFSR_PRECISERR_Pos)                 /*!< SCB 
 662:h:\drivers\cmsis\include\core_cm4.h **** 
 663:h:\drivers\cmsis\include\core_cm4.h **** #define SCB_CFSR_IBUSERR_Pos              (SCB_CFSR_BUSFAULTSR_Pos + 0U)                  /*!< SCB 
 664:h:\drivers\cmsis\include\core_cm4.h **** #define SCB_CFSR_IBUSERR_Msk              (1UL << SCB_CFSR_IBUSERR_Pos)                   /*!< SCB 
 665:h:\drivers\cmsis\include\core_cm4.h **** 
 666:h:\drivers\cmsis\include\core_cm4.h **** /* UsageFault Status Register (part of SCB Configurable Fault Status Register) */
 667:h:\drivers\cmsis\include\core_cm4.h **** #define SCB_CFSR_DIVBYZERO_Pos            (SCB_CFSR_USGFAULTSR_Pos + 9U)                  /*!< SCB 
 668:h:\drivers\cmsis\include\core_cm4.h **** #define SCB_CFSR_DIVBYZERO_Msk            (1UL << SCB_CFSR_DIVBYZERO_Pos)                 /*!< SCB 
 669:h:\drivers\cmsis\include\core_cm4.h **** 
 670:h:\drivers\cmsis\include\core_cm4.h **** #define SCB_CFSR_UNALIGNED_Pos            (SCB_CFSR_USGFAULTSR_Pos + 8U)                  /*!< SCB 
 671:h:\drivers\cmsis\include\core_cm4.h **** #define SCB_CFSR_UNALIGNED_Msk            (1UL << SCB_CFSR_UNALIGNED_Pos)                 /*!< SCB 
 672:h:\drivers\cmsis\include\core_cm4.h **** 
 673:h:\drivers\cmsis\include\core_cm4.h **** #define SCB_CFSR_NOCP_Pos                 (SCB_CFSR_USGFAULTSR_Pos + 3U)                  /*!< SCB 
 674:h:\drivers\cmsis\include\core_cm4.h **** #define SCB_CFSR_NOCP_Msk                 (1UL << SCB_CFSR_NOCP_Pos)                      /*!< SCB 
 675:h:\drivers\cmsis\include\core_cm4.h **** 
 676:h:\drivers\cmsis\include\core_cm4.h **** #define SCB_CFSR_INVPC_Pos                (SCB_CFSR_USGFAULTSR_Pos + 2U)                  /*!< SCB 
 677:h:\drivers\cmsis\include\core_cm4.h **** #define SCB_CFSR_INVPC_Msk                (1UL << SCB_CFSR_INVPC_Pos)                     /*!< SCB 
 678:h:\drivers\cmsis\include\core_cm4.h **** 
 679:h:\drivers\cmsis\include\core_cm4.h **** #define SCB_CFSR_INVSTATE_Pos             (SCB_CFSR_USGFAULTSR_Pos + 1U)                  /*!< SCB 
 680:h:\drivers\cmsis\include\core_cm4.h **** #define SCB_CFSR_INVSTATE_Msk             (1UL << SCB_CFSR_INVSTATE_Pos)                  /*!< SCB 
 681:h:\drivers\cmsis\include\core_cm4.h **** 
 682:h:\drivers\cmsis\include\core_cm4.h **** #define SCB_CFSR_UNDEFINSTR_Pos           (SCB_CFSR_USGFAULTSR_Pos + 0U)                  /*!< SCB 
 683:h:\drivers\cmsis\include\core_cm4.h **** #define SCB_CFSR_UNDEFINSTR_Msk           (1UL << SCB_CFSR_UNDEFINSTR_Pos)                /*!< SCB 
 684:h:\drivers\cmsis\include\core_cm4.h **** 
 685:h:\drivers\cmsis\include\core_cm4.h **** /* SCB Hard Fault Status Register Definitions */
 686:h:\drivers\cmsis\include\core_cm4.h **** #define SCB_HFSR_DEBUGEVT_Pos              31U                                            /*!< SCB 
 687:h:\drivers\cmsis\include\core_cm4.h **** #define SCB_HFSR_DEBUGEVT_Msk              (1UL << SCB_HFSR_DEBUGEVT_Pos)                 /*!< SCB 
 688:h:\drivers\cmsis\include\core_cm4.h **** 
 689:h:\drivers\cmsis\include\core_cm4.h **** #define SCB_HFSR_FORCED_Pos                30U                                            /*!< SCB 
 690:h:\drivers\cmsis\include\core_cm4.h **** #define SCB_HFSR_FORCED_Msk                (1UL << SCB_HFSR_FORCED_Pos)                   /*!< SCB 
 691:h:\drivers\cmsis\include\core_cm4.h **** 
 692:h:\drivers\cmsis\include\core_cm4.h **** #define SCB_HFSR_VECTTBL_Pos                1U                                            /*!< SCB 
 693:h:\drivers\cmsis\include\core_cm4.h **** #define SCB_HFSR_VECTTBL_Msk               (1UL << SCB_HFSR_VECTTBL_Pos)                  /*!< SCB 
 694:h:\drivers\cmsis\include\core_cm4.h **** 
 695:h:\drivers\cmsis\include\core_cm4.h **** /* SCB Debug Fault Status Register Definitions */
 696:h:\drivers\cmsis\include\core_cm4.h **** #define SCB_DFSR_EXTERNAL_Pos               4U                                            /*!< SCB 
 697:h:\drivers\cmsis\include\core_cm4.h **** #define SCB_DFSR_EXTERNAL_Msk              (1UL << SCB_DFSR_EXTERNAL_Pos)                 /*!< SCB 
 698:h:\drivers\cmsis\include\core_cm4.h **** 
 699:h:\drivers\cmsis\include\core_cm4.h **** #define SCB_DFSR_VCATCH_Pos                 3U                                            /*!< SCB 
 700:h:\drivers\cmsis\include\core_cm4.h **** #define SCB_DFSR_VCATCH_Msk                (1UL << SCB_DFSR_VCATCH_Pos)                   /*!< SCB 
 701:h:\drivers\cmsis\include\core_cm4.h **** 
 702:h:\drivers\cmsis\include\core_cm4.h **** #define SCB_DFSR_DWTTRAP_Pos                2U                                            /*!< SCB 
 703:h:\drivers\cmsis\include\core_cm4.h **** #define SCB_DFSR_DWTTRAP_Msk               (1UL << SCB_DFSR_DWTTRAP_Pos)                  /*!< SCB 
 704:h:\drivers\cmsis\include\core_cm4.h **** 
 705:h:\drivers\cmsis\include\core_cm4.h **** #define SCB_DFSR_BKPT_Pos                   1U                                            /*!< SCB 
 706:h:\drivers\cmsis\include\core_cm4.h **** #define SCB_DFSR_BKPT_Msk                  (1UL << SCB_DFSR_BKPT_Pos)                     /*!< SCB 
 707:h:\drivers\cmsis\include\core_cm4.h **** 
 708:h:\drivers\cmsis\include\core_cm4.h **** #define SCB_DFSR_HALTED_Pos                 0U                                            /*!< SCB 
 709:h:\drivers\cmsis\include\core_cm4.h **** #define SCB_DFSR_HALTED_Msk                (1UL /*<< SCB_DFSR_HALTED_Pos*/)               /*!< SCB 
 710:h:\drivers\cmsis\include\core_cm4.h **** 
 711:h:\drivers\cmsis\include\core_cm4.h **** /*@} end of group CMSIS_SCB */
 712:h:\drivers\cmsis\include\core_cm4.h **** 
 713:h:\drivers\cmsis\include\core_cm4.h **** 
 714:h:\drivers\cmsis\include\core_cm4.h **** /**
 715:h:\drivers\cmsis\include\core_cm4.h ****   \ingroup  CMSIS_core_register
 716:h:\drivers\cmsis\include\core_cm4.h ****   \defgroup CMSIS_SCnSCB System Controls not in SCB (SCnSCB)
ARM GAS  C:\Users\n11ak\AppData\Local\Temp\cc4kuuJl.s 			page 17


 717:h:\drivers\cmsis\include\core_cm4.h ****   \brief    Type definitions for the System Control and ID Register not in the SCB
 718:h:\drivers\cmsis\include\core_cm4.h ****   @{
 719:h:\drivers\cmsis\include\core_cm4.h ****  */
 720:h:\drivers\cmsis\include\core_cm4.h **** 
 721:h:\drivers\cmsis\include\core_cm4.h **** /**
 722:h:\drivers\cmsis\include\core_cm4.h ****   \brief  Structure type to access the System Control and ID Register not in the SCB.
 723:h:\drivers\cmsis\include\core_cm4.h ****  */
 724:h:\drivers\cmsis\include\core_cm4.h **** typedef struct
 725:h:\drivers\cmsis\include\core_cm4.h **** {
 726:h:\drivers\cmsis\include\core_cm4.h ****         uint32_t RESERVED0[1U];
 727:h:\drivers\cmsis\include\core_cm4.h ****   __IM  uint32_t ICTR;                   /*!< Offset: 0x004 (R/ )  Interrupt Controller Type Regist
 728:h:\drivers\cmsis\include\core_cm4.h ****   __IOM uint32_t ACTLR;                  /*!< Offset: 0x008 (R/W)  Auxiliary Control Register */
 729:h:\drivers\cmsis\include\core_cm4.h **** } SCnSCB_Type;
 730:h:\drivers\cmsis\include\core_cm4.h **** 
 731:h:\drivers\cmsis\include\core_cm4.h **** /* Interrupt Controller Type Register Definitions */
 732:h:\drivers\cmsis\include\core_cm4.h **** #define SCnSCB_ICTR_INTLINESNUM_Pos         0U                                         /*!< ICTR: I
 733:h:\drivers\cmsis\include\core_cm4.h **** #define SCnSCB_ICTR_INTLINESNUM_Msk        (0xFUL /*<< SCnSCB_ICTR_INTLINESNUM_Pos*/)  /*!< ICTR: I
 734:h:\drivers\cmsis\include\core_cm4.h **** 
 735:h:\drivers\cmsis\include\core_cm4.h **** /* Auxiliary Control Register Definitions */
 736:h:\drivers\cmsis\include\core_cm4.h **** #define SCnSCB_ACTLR_DISOOFP_Pos            9U                                         /*!< ACTLR: 
 737:h:\drivers\cmsis\include\core_cm4.h **** #define SCnSCB_ACTLR_DISOOFP_Msk           (1UL << SCnSCB_ACTLR_DISOOFP_Pos)           /*!< ACTLR: 
 738:h:\drivers\cmsis\include\core_cm4.h **** 
 739:h:\drivers\cmsis\include\core_cm4.h **** #define SCnSCB_ACTLR_DISFPCA_Pos            8U                                         /*!< ACTLR: 
 740:h:\drivers\cmsis\include\core_cm4.h **** #define SCnSCB_ACTLR_DISFPCA_Msk           (1UL << SCnSCB_ACTLR_DISFPCA_Pos)           /*!< ACTLR: 
 741:h:\drivers\cmsis\include\core_cm4.h **** 
 742:h:\drivers\cmsis\include\core_cm4.h **** #define SCnSCB_ACTLR_DISFOLD_Pos            2U                                         /*!< ACTLR: 
 743:h:\drivers\cmsis\include\core_cm4.h **** #define SCnSCB_ACTLR_DISFOLD_Msk           (1UL << SCnSCB_ACTLR_DISFOLD_Pos)           /*!< ACTLR: 
 744:h:\drivers\cmsis\include\core_cm4.h **** 
 745:h:\drivers\cmsis\include\core_cm4.h **** #define SCnSCB_ACTLR_DISDEFWBUF_Pos         1U                                         /*!< ACTLR: 
 746:h:\drivers\cmsis\include\core_cm4.h **** #define SCnSCB_ACTLR_DISDEFWBUF_Msk        (1UL << SCnSCB_ACTLR_DISDEFWBUF_Pos)        /*!< ACTLR: 
 747:h:\drivers\cmsis\include\core_cm4.h **** 
 748:h:\drivers\cmsis\include\core_cm4.h **** #define SCnSCB_ACTLR_DISMCYCINT_Pos         0U                                         /*!< ACTLR: 
 749:h:\drivers\cmsis\include\core_cm4.h **** #define SCnSCB_ACTLR_DISMCYCINT_Msk        (1UL /*<< SCnSCB_ACTLR_DISMCYCINT_Pos*/)    /*!< ACTLR: 
 750:h:\drivers\cmsis\include\core_cm4.h **** 
 751:h:\drivers\cmsis\include\core_cm4.h **** /*@} end of group CMSIS_SCnotSCB */
 752:h:\drivers\cmsis\include\core_cm4.h **** 
 753:h:\drivers\cmsis\include\core_cm4.h **** 
 754:h:\drivers\cmsis\include\core_cm4.h **** /**
 755:h:\drivers\cmsis\include\core_cm4.h ****   \ingroup  CMSIS_core_register
 756:h:\drivers\cmsis\include\core_cm4.h ****   \defgroup CMSIS_SysTick     System Tick Timer (SysTick)
 757:h:\drivers\cmsis\include\core_cm4.h ****   \brief    Type definitions for the System Timer Registers.
 758:h:\drivers\cmsis\include\core_cm4.h ****   @{
 759:h:\drivers\cmsis\include\core_cm4.h ****  */
 760:h:\drivers\cmsis\include\core_cm4.h **** 
 761:h:\drivers\cmsis\include\core_cm4.h **** /**
 762:h:\drivers\cmsis\include\core_cm4.h ****   \brief  Structure type to access the System Timer (SysTick).
 763:h:\drivers\cmsis\include\core_cm4.h ****  */
 764:h:\drivers\cmsis\include\core_cm4.h **** typedef struct
 765:h:\drivers\cmsis\include\core_cm4.h **** {
 766:h:\drivers\cmsis\include\core_cm4.h ****   __IOM uint32_t CTRL;                   /*!< Offset: 0x000 (R/W)  SysTick Control and Status Regis
 767:h:\drivers\cmsis\include\core_cm4.h ****   __IOM uint32_t LOAD;                   /*!< Offset: 0x004 (R/W)  SysTick Reload Value Register */
 768:h:\drivers\cmsis\include\core_cm4.h ****   __IOM uint32_t VAL;                    /*!< Offset: 0x008 (R/W)  SysTick Current Value Register *
 769:h:\drivers\cmsis\include\core_cm4.h ****   __IM  uint32_t CALIB;                  /*!< Offset: 0x00C (R/ )  SysTick Calibration Register */
 770:h:\drivers\cmsis\include\core_cm4.h **** } SysTick_Type;
 771:h:\drivers\cmsis\include\core_cm4.h **** 
 772:h:\drivers\cmsis\include\core_cm4.h **** /* SysTick Control / Status Register Definitions */
 773:h:\drivers\cmsis\include\core_cm4.h **** #define SysTick_CTRL_COUNTFLAG_Pos         16U                                            /*!< SysT
ARM GAS  C:\Users\n11ak\AppData\Local\Temp\cc4kuuJl.s 			page 18


 774:h:\drivers\cmsis\include\core_cm4.h **** #define SysTick_CTRL_COUNTFLAG_Msk         (1UL << SysTick_CTRL_COUNTFLAG_Pos)            /*!< SysT
 775:h:\drivers\cmsis\include\core_cm4.h **** 
 776:h:\drivers\cmsis\include\core_cm4.h **** #define SysTick_CTRL_CLKSOURCE_Pos          2U                                            /*!< SysT
 777:h:\drivers\cmsis\include\core_cm4.h **** #define SysTick_CTRL_CLKSOURCE_Msk         (1UL << SysTick_CTRL_CLKSOURCE_Pos)            /*!< SysT
 778:h:\drivers\cmsis\include\core_cm4.h **** 
 779:h:\drivers\cmsis\include\core_cm4.h **** #define SysTick_CTRL_TICKINT_Pos            1U                                            /*!< SysT
 780:h:\drivers\cmsis\include\core_cm4.h **** #define SysTick_CTRL_TICKINT_Msk           (1UL << SysTick_CTRL_TICKINT_Pos)              /*!< SysT
 781:h:\drivers\cmsis\include\core_cm4.h **** 
 782:h:\drivers\cmsis\include\core_cm4.h **** #define SysTick_CTRL_ENABLE_Pos             0U                                            /*!< SysT
 783:h:\drivers\cmsis\include\core_cm4.h **** #define SysTick_CTRL_ENABLE_Msk            (1UL /*<< SysTick_CTRL_ENABLE_Pos*/)           /*!< SysT
 784:h:\drivers\cmsis\include\core_cm4.h **** 
 785:h:\drivers\cmsis\include\core_cm4.h **** /* SysTick Reload Register Definitions */
 786:h:\drivers\cmsis\include\core_cm4.h **** #define SysTick_LOAD_RELOAD_Pos             0U                                            /*!< SysT
 787:h:\drivers\cmsis\include\core_cm4.h **** #define SysTick_LOAD_RELOAD_Msk            (0xFFFFFFUL /*<< SysTick_LOAD_RELOAD_Pos*/)    /*!< SysT
 788:h:\drivers\cmsis\include\core_cm4.h **** 
 789:h:\drivers\cmsis\include\core_cm4.h **** /* SysTick Current Register Definitions */
 790:h:\drivers\cmsis\include\core_cm4.h **** #define SysTick_VAL_CURRENT_Pos             0U                                            /*!< SysT
 791:h:\drivers\cmsis\include\core_cm4.h **** #define SysTick_VAL_CURRENT_Msk            (0xFFFFFFUL /*<< SysTick_VAL_CURRENT_Pos*/)    /*!< SysT
 792:h:\drivers\cmsis\include\core_cm4.h **** 
 793:h:\drivers\cmsis\include\core_cm4.h **** /* SysTick Calibration Register Definitions */
 794:h:\drivers\cmsis\include\core_cm4.h **** #define SysTick_CALIB_NOREF_Pos            31U                                            /*!< SysT
 795:h:\drivers\cmsis\include\core_cm4.h **** #define SysTick_CALIB_NOREF_Msk            (1UL << SysTick_CALIB_NOREF_Pos)               /*!< SysT
 796:h:\drivers\cmsis\include\core_cm4.h **** 
 797:h:\drivers\cmsis\include\core_cm4.h **** #define SysTick_CALIB_SKEW_Pos             30U                                            /*!< SysT
 798:h:\drivers\cmsis\include\core_cm4.h **** #define SysTick_CALIB_SKEW_Msk             (1UL << SysTick_CALIB_SKEW_Pos)                /*!< SysT
 799:h:\drivers\cmsis\include\core_cm4.h **** 
 800:h:\drivers\cmsis\include\core_cm4.h **** #define SysTick_CALIB_TENMS_Pos             0U                                            /*!< SysT
 801:h:\drivers\cmsis\include\core_cm4.h **** #define SysTick_CALIB_TENMS_Msk            (0xFFFFFFUL /*<< SysTick_CALIB_TENMS_Pos*/)    /*!< SysT
 802:h:\drivers\cmsis\include\core_cm4.h **** 
 803:h:\drivers\cmsis\include\core_cm4.h **** /*@} end of group CMSIS_SysTick */
 804:h:\drivers\cmsis\include\core_cm4.h **** 
 805:h:\drivers\cmsis\include\core_cm4.h **** 
 806:h:\drivers\cmsis\include\core_cm4.h **** /**
 807:h:\drivers\cmsis\include\core_cm4.h ****   \ingroup  CMSIS_core_register
 808:h:\drivers\cmsis\include\core_cm4.h ****   \defgroup CMSIS_ITM     Instrumentation Trace Macrocell (ITM)
 809:h:\drivers\cmsis\include\core_cm4.h ****   \brief    Type definitions for the Instrumentation Trace Macrocell (ITM)
 810:h:\drivers\cmsis\include\core_cm4.h ****   @{
 811:h:\drivers\cmsis\include\core_cm4.h ****  */
 812:h:\drivers\cmsis\include\core_cm4.h **** 
 813:h:\drivers\cmsis\include\core_cm4.h **** /**
 814:h:\drivers\cmsis\include\core_cm4.h ****   \brief  Structure type to access the Instrumentation Trace Macrocell Register (ITM).
 815:h:\drivers\cmsis\include\core_cm4.h ****  */
 816:h:\drivers\cmsis\include\core_cm4.h **** typedef struct
 817:h:\drivers\cmsis\include\core_cm4.h **** {
 818:h:\drivers\cmsis\include\core_cm4.h ****   __OM  union
 819:h:\drivers\cmsis\include\core_cm4.h ****   {
 820:h:\drivers\cmsis\include\core_cm4.h ****     __OM  uint8_t    u8;                 /*!< Offset: 0x000 ( /W)  ITM Stimulus Port 8-bit */
 821:h:\drivers\cmsis\include\core_cm4.h ****     __OM  uint16_t   u16;                /*!< Offset: 0x000 ( /W)  ITM Stimulus Port 16-bit */
 822:h:\drivers\cmsis\include\core_cm4.h ****     __OM  uint32_t   u32;                /*!< Offset: 0x000 ( /W)  ITM Stimulus Port 32-bit */
 823:h:\drivers\cmsis\include\core_cm4.h ****   }  PORT [32U];                         /*!< Offset: 0x000 ( /W)  ITM Stimulus Port Registers */
 824:h:\drivers\cmsis\include\core_cm4.h ****         uint32_t RESERVED0[864U];
 825:h:\drivers\cmsis\include\core_cm4.h ****   __IOM uint32_t TER;                    /*!< Offset: 0xE00 (R/W)  ITM Trace Enable Register */
 826:h:\drivers\cmsis\include\core_cm4.h ****         uint32_t RESERVED1[15U];
 827:h:\drivers\cmsis\include\core_cm4.h ****   __IOM uint32_t TPR;                    /*!< Offset: 0xE40 (R/W)  ITM Trace Privilege Register */
 828:h:\drivers\cmsis\include\core_cm4.h ****         uint32_t RESERVED2[15U];
 829:h:\drivers\cmsis\include\core_cm4.h ****   __IOM uint32_t TCR;                    /*!< Offset: 0xE80 (R/W)  ITM Trace Control Register */
 830:h:\drivers\cmsis\include\core_cm4.h ****         uint32_t RESERVED3[32U];
ARM GAS  C:\Users\n11ak\AppData\Local\Temp\cc4kuuJl.s 			page 19


 831:h:\drivers\cmsis\include\core_cm4.h ****         uint32_t RESERVED4[43U];
 832:h:\drivers\cmsis\include\core_cm4.h ****   __OM  uint32_t LAR;                    /*!< Offset: 0xFB0 ( /W)  ITM Lock Access Register */
 833:h:\drivers\cmsis\include\core_cm4.h ****   __IM  uint32_t LSR;                    /*!< Offset: 0xFB4 (R/ )  ITM Lock Status Register */
 834:h:\drivers\cmsis\include\core_cm4.h ****         uint32_t RESERVED5[6U];
 835:h:\drivers\cmsis\include\core_cm4.h ****   __IM  uint32_t PID4;                   /*!< Offset: 0xFD0 (R/ )  ITM Peripheral Identification Re
 836:h:\drivers\cmsis\include\core_cm4.h ****   __IM  uint32_t PID5;                   /*!< Offset: 0xFD4 (R/ )  ITM Peripheral Identification Re
 837:h:\drivers\cmsis\include\core_cm4.h ****   __IM  uint32_t PID6;                   /*!< Offset: 0xFD8 (R/ )  ITM Peripheral Identification Re
 838:h:\drivers\cmsis\include\core_cm4.h ****   __IM  uint32_t PID7;                   /*!< Offset: 0xFDC (R/ )  ITM Peripheral Identification Re
 839:h:\drivers\cmsis\include\core_cm4.h ****   __IM  uint32_t PID0;                   /*!< Offset: 0xFE0 (R/ )  ITM Peripheral Identification Re
 840:h:\drivers\cmsis\include\core_cm4.h ****   __IM  uint32_t PID1;                   /*!< Offset: 0xFE4 (R/ )  ITM Peripheral Identification Re
 841:h:\drivers\cmsis\include\core_cm4.h ****   __IM  uint32_t PID2;                   /*!< Offset: 0xFE8 (R/ )  ITM Peripheral Identification Re
 842:h:\drivers\cmsis\include\core_cm4.h ****   __IM  uint32_t PID3;                   /*!< Offset: 0xFEC (R/ )  ITM Peripheral Identification Re
 843:h:\drivers\cmsis\include\core_cm4.h ****   __IM  uint32_t CID0;                   /*!< Offset: 0xFF0 (R/ )  ITM Component  Identification Re
 844:h:\drivers\cmsis\include\core_cm4.h ****   __IM  uint32_t CID1;                   /*!< Offset: 0xFF4 (R/ )  ITM Component  Identification Re
 845:h:\drivers\cmsis\include\core_cm4.h ****   __IM  uint32_t CID2;                   /*!< Offset: 0xFF8 (R/ )  ITM Component  Identification Re
 846:h:\drivers\cmsis\include\core_cm4.h ****   __IM  uint32_t CID3;                   /*!< Offset: 0xFFC (R/ )  ITM Component  Identification Re
 847:h:\drivers\cmsis\include\core_cm4.h **** } ITM_Type;
 848:h:\drivers\cmsis\include\core_cm4.h **** 
 849:h:\drivers\cmsis\include\core_cm4.h **** /* ITM Trace Privilege Register Definitions */
 850:h:\drivers\cmsis\include\core_cm4.h **** #define ITM_TPR_PRIVMASK_Pos                0U                                            /*!< ITM 
 851:h:\drivers\cmsis\include\core_cm4.h **** #define ITM_TPR_PRIVMASK_Msk               (0xFFFFFFFFUL /*<< ITM_TPR_PRIVMASK_Pos*/)     /*!< ITM 
 852:h:\drivers\cmsis\include\core_cm4.h **** 
 853:h:\drivers\cmsis\include\core_cm4.h **** /* ITM Trace Control Register Definitions */
 854:h:\drivers\cmsis\include\core_cm4.h **** #define ITM_TCR_BUSY_Pos                   23U                                            /*!< ITM 
 855:h:\drivers\cmsis\include\core_cm4.h **** #define ITM_TCR_BUSY_Msk                   (1UL << ITM_TCR_BUSY_Pos)                      /*!< ITM 
 856:h:\drivers\cmsis\include\core_cm4.h **** 
 857:h:\drivers\cmsis\include\core_cm4.h **** #define ITM_TCR_TraceBusID_Pos             16U                                            /*!< ITM 
 858:h:\drivers\cmsis\include\core_cm4.h **** #define ITM_TCR_TraceBusID_Msk             (0x7FUL << ITM_TCR_TraceBusID_Pos)             /*!< ITM 
 859:h:\drivers\cmsis\include\core_cm4.h **** 
 860:h:\drivers\cmsis\include\core_cm4.h **** #define ITM_TCR_GTSFREQ_Pos                10U                                            /*!< ITM 
 861:h:\drivers\cmsis\include\core_cm4.h **** #define ITM_TCR_GTSFREQ_Msk                (3UL << ITM_TCR_GTSFREQ_Pos)                   /*!< ITM 
 862:h:\drivers\cmsis\include\core_cm4.h **** 
 863:h:\drivers\cmsis\include\core_cm4.h **** #define ITM_TCR_TSPrescale_Pos              8U                                            /*!< ITM 
 864:h:\drivers\cmsis\include\core_cm4.h **** #define ITM_TCR_TSPrescale_Msk             (3UL << ITM_TCR_TSPrescale_Pos)                /*!< ITM 
 865:h:\drivers\cmsis\include\core_cm4.h **** 
 866:h:\drivers\cmsis\include\core_cm4.h **** #define ITM_TCR_SWOENA_Pos                  4U                                            /*!< ITM 
 867:h:\drivers\cmsis\include\core_cm4.h **** #define ITM_TCR_SWOENA_Msk                 (1UL << ITM_TCR_SWOENA_Pos)                    /*!< ITM 
 868:h:\drivers\cmsis\include\core_cm4.h **** 
 869:h:\drivers\cmsis\include\core_cm4.h **** #define ITM_TCR_DWTENA_Pos                  3U                                            /*!< ITM 
 870:h:\drivers\cmsis\include\core_cm4.h **** #define ITM_TCR_DWTENA_Msk                 (1UL << ITM_TCR_DWTENA_Pos)                    /*!< ITM 
 871:h:\drivers\cmsis\include\core_cm4.h **** 
 872:h:\drivers\cmsis\include\core_cm4.h **** #define ITM_TCR_SYNCENA_Pos                 2U                                            /*!< ITM 
 873:h:\drivers\cmsis\include\core_cm4.h **** #define ITM_TCR_SYNCENA_Msk                (1UL << ITM_TCR_SYNCENA_Pos)                   /*!< ITM 
 874:h:\drivers\cmsis\include\core_cm4.h **** 
 875:h:\drivers\cmsis\include\core_cm4.h **** #define ITM_TCR_TSENA_Pos                   1U                                            /*!< ITM 
 876:h:\drivers\cmsis\include\core_cm4.h **** #define ITM_TCR_TSENA_Msk                  (1UL << ITM_TCR_TSENA_Pos)                     /*!< ITM 
 877:h:\drivers\cmsis\include\core_cm4.h **** 
 878:h:\drivers\cmsis\include\core_cm4.h **** #define ITM_TCR_ITMENA_Pos                  0U                                            /*!< ITM 
 879:h:\drivers\cmsis\include\core_cm4.h **** #define ITM_TCR_ITMENA_Msk                 (1UL /*<< ITM_TCR_ITMENA_Pos*/)                /*!< ITM 
 880:h:\drivers\cmsis\include\core_cm4.h **** 
 881:h:\drivers\cmsis\include\core_cm4.h **** /* ITM Lock Status Register Definitions */
 882:h:\drivers\cmsis\include\core_cm4.h **** #define ITM_LSR_ByteAcc_Pos                 2U                                            /*!< ITM 
 883:h:\drivers\cmsis\include\core_cm4.h **** #define ITM_LSR_ByteAcc_Msk                (1UL << ITM_LSR_ByteAcc_Pos)                   /*!< ITM 
 884:h:\drivers\cmsis\include\core_cm4.h **** 
 885:h:\drivers\cmsis\include\core_cm4.h **** #define ITM_LSR_Access_Pos                  1U                                            /*!< ITM 
 886:h:\drivers\cmsis\include\core_cm4.h **** #define ITM_LSR_Access_Msk                 (1UL << ITM_LSR_Access_Pos)                    /*!< ITM 
 887:h:\drivers\cmsis\include\core_cm4.h **** 
ARM GAS  C:\Users\n11ak\AppData\Local\Temp\cc4kuuJl.s 			page 20


 888:h:\drivers\cmsis\include\core_cm4.h **** #define ITM_LSR_Present_Pos                 0U                                            /*!< ITM 
 889:h:\drivers\cmsis\include\core_cm4.h **** #define ITM_LSR_Present_Msk                (1UL /*<< ITM_LSR_Present_Pos*/)               /*!< ITM 
 890:h:\drivers\cmsis\include\core_cm4.h **** 
 891:h:\drivers\cmsis\include\core_cm4.h **** /*@}*/ /* end of group CMSIS_ITM */
 892:h:\drivers\cmsis\include\core_cm4.h **** 
 893:h:\drivers\cmsis\include\core_cm4.h **** 
 894:h:\drivers\cmsis\include\core_cm4.h **** /**
 895:h:\drivers\cmsis\include\core_cm4.h ****   \ingroup  CMSIS_core_register
 896:h:\drivers\cmsis\include\core_cm4.h ****   \defgroup CMSIS_DWT     Data Watchpoint and Trace (DWT)
 897:h:\drivers\cmsis\include\core_cm4.h ****   \brief    Type definitions for the Data Watchpoint and Trace (DWT)
 898:h:\drivers\cmsis\include\core_cm4.h ****   @{
 899:h:\drivers\cmsis\include\core_cm4.h ****  */
 900:h:\drivers\cmsis\include\core_cm4.h **** 
 901:h:\drivers\cmsis\include\core_cm4.h **** /**
 902:h:\drivers\cmsis\include\core_cm4.h ****   \brief  Structure type to access the Data Watchpoint and Trace Register (DWT).
 903:h:\drivers\cmsis\include\core_cm4.h ****  */
 904:h:\drivers\cmsis\include\core_cm4.h **** typedef struct
 905:h:\drivers\cmsis\include\core_cm4.h **** {
 906:h:\drivers\cmsis\include\core_cm4.h ****   __IOM uint32_t CTRL;                   /*!< Offset: 0x000 (R/W)  Control Register */
 907:h:\drivers\cmsis\include\core_cm4.h ****   __IOM uint32_t CYCCNT;                 /*!< Offset: 0x004 (R/W)  Cycle Count Register */
 908:h:\drivers\cmsis\include\core_cm4.h ****   __IOM uint32_t CPICNT;                 /*!< Offset: 0x008 (R/W)  CPI Count Register */
 909:h:\drivers\cmsis\include\core_cm4.h ****   __IOM uint32_t EXCCNT;                 /*!< Offset: 0x00C (R/W)  Exception Overhead Count Registe
 910:h:\drivers\cmsis\include\core_cm4.h ****   __IOM uint32_t SLEEPCNT;               /*!< Offset: 0x010 (R/W)  Sleep Count Register */
 911:h:\drivers\cmsis\include\core_cm4.h ****   __IOM uint32_t LSUCNT;                 /*!< Offset: 0x014 (R/W)  LSU Count Register */
 912:h:\drivers\cmsis\include\core_cm4.h ****   __IOM uint32_t FOLDCNT;                /*!< Offset: 0x018 (R/W)  Folded-instruction Count Registe
 913:h:\drivers\cmsis\include\core_cm4.h ****   __IM  uint32_t PCSR;                   /*!< Offset: 0x01C (R/ )  Program Counter Sample Register 
 914:h:\drivers\cmsis\include\core_cm4.h ****   __IOM uint32_t COMP0;                  /*!< Offset: 0x020 (R/W)  Comparator Register 0 */
 915:h:\drivers\cmsis\include\core_cm4.h ****   __IOM uint32_t MASK0;                  /*!< Offset: 0x024 (R/W)  Mask Register 0 */
 916:h:\drivers\cmsis\include\core_cm4.h ****   __IOM uint32_t FUNCTION0;              /*!< Offset: 0x028 (R/W)  Function Register 0 */
 917:h:\drivers\cmsis\include\core_cm4.h ****         uint32_t RESERVED0[1U];
 918:h:\drivers\cmsis\include\core_cm4.h ****   __IOM uint32_t COMP1;                  /*!< Offset: 0x030 (R/W)  Comparator Register 1 */
 919:h:\drivers\cmsis\include\core_cm4.h ****   __IOM uint32_t MASK1;                  /*!< Offset: 0x034 (R/W)  Mask Register 1 */
 920:h:\drivers\cmsis\include\core_cm4.h ****   __IOM uint32_t FUNCTION1;              /*!< Offset: 0x038 (R/W)  Function Register 1 */
 921:h:\drivers\cmsis\include\core_cm4.h ****         uint32_t RESERVED1[1U];
 922:h:\drivers\cmsis\include\core_cm4.h ****   __IOM uint32_t COMP2;                  /*!< Offset: 0x040 (R/W)  Comparator Register 2 */
 923:h:\drivers\cmsis\include\core_cm4.h ****   __IOM uint32_t MASK2;                  /*!< Offset: 0x044 (R/W)  Mask Register 2 */
 924:h:\drivers\cmsis\include\core_cm4.h ****   __IOM uint32_t FUNCTION2;              /*!< Offset: 0x048 (R/W)  Function Register 2 */
 925:h:\drivers\cmsis\include\core_cm4.h ****         uint32_t RESERVED2[1U];
 926:h:\drivers\cmsis\include\core_cm4.h ****   __IOM uint32_t COMP3;                  /*!< Offset: 0x050 (R/W)  Comparator Register 3 */
 927:h:\drivers\cmsis\include\core_cm4.h ****   __IOM uint32_t MASK3;                  /*!< Offset: 0x054 (R/W)  Mask Register 3 */
 928:h:\drivers\cmsis\include\core_cm4.h ****   __IOM uint32_t FUNCTION3;              /*!< Offset: 0x058 (R/W)  Function Register 3 */
 929:h:\drivers\cmsis\include\core_cm4.h **** } DWT_Type;
 930:h:\drivers\cmsis\include\core_cm4.h **** 
 931:h:\drivers\cmsis\include\core_cm4.h **** /* DWT Control Register Definitions */
 932:h:\drivers\cmsis\include\core_cm4.h **** #define DWT_CTRL_NUMCOMP_Pos               28U                                         /*!< DWT CTR
 933:h:\drivers\cmsis\include\core_cm4.h **** #define DWT_CTRL_NUMCOMP_Msk               (0xFUL << DWT_CTRL_NUMCOMP_Pos)             /*!< DWT CTR
 934:h:\drivers\cmsis\include\core_cm4.h **** 
 935:h:\drivers\cmsis\include\core_cm4.h **** #define DWT_CTRL_NOTRCPKT_Pos              27U                                         /*!< DWT CTR
 936:h:\drivers\cmsis\include\core_cm4.h **** #define DWT_CTRL_NOTRCPKT_Msk              (0x1UL << DWT_CTRL_NOTRCPKT_Pos)            /*!< DWT CTR
 937:h:\drivers\cmsis\include\core_cm4.h **** 
 938:h:\drivers\cmsis\include\core_cm4.h **** #define DWT_CTRL_NOEXTTRIG_Pos             26U                                         /*!< DWT CTR
 939:h:\drivers\cmsis\include\core_cm4.h **** #define DWT_CTRL_NOEXTTRIG_Msk             (0x1UL << DWT_CTRL_NOEXTTRIG_Pos)           /*!< DWT CTR
 940:h:\drivers\cmsis\include\core_cm4.h **** 
 941:h:\drivers\cmsis\include\core_cm4.h **** #define DWT_CTRL_NOCYCCNT_Pos              25U                                         /*!< DWT CTR
 942:h:\drivers\cmsis\include\core_cm4.h **** #define DWT_CTRL_NOCYCCNT_Msk              (0x1UL << DWT_CTRL_NOCYCCNT_Pos)            /*!< DWT CTR
 943:h:\drivers\cmsis\include\core_cm4.h **** 
 944:h:\drivers\cmsis\include\core_cm4.h **** #define DWT_CTRL_NOPRFCNT_Pos              24U                                         /*!< DWT CTR
ARM GAS  C:\Users\n11ak\AppData\Local\Temp\cc4kuuJl.s 			page 21


 945:h:\drivers\cmsis\include\core_cm4.h **** #define DWT_CTRL_NOPRFCNT_Msk              (0x1UL << DWT_CTRL_NOPRFCNT_Pos)            /*!< DWT CTR
 946:h:\drivers\cmsis\include\core_cm4.h **** 
 947:h:\drivers\cmsis\include\core_cm4.h **** #define DWT_CTRL_CYCEVTENA_Pos             22U                                         /*!< DWT CTR
 948:h:\drivers\cmsis\include\core_cm4.h **** #define DWT_CTRL_CYCEVTENA_Msk             (0x1UL << DWT_CTRL_CYCEVTENA_Pos)           /*!< DWT CTR
 949:h:\drivers\cmsis\include\core_cm4.h **** 
 950:h:\drivers\cmsis\include\core_cm4.h **** #define DWT_CTRL_FOLDEVTENA_Pos            21U                                         /*!< DWT CTR
 951:h:\drivers\cmsis\include\core_cm4.h **** #define DWT_CTRL_FOLDEVTENA_Msk            (0x1UL << DWT_CTRL_FOLDEVTENA_Pos)          /*!< DWT CTR
 952:h:\drivers\cmsis\include\core_cm4.h **** 
 953:h:\drivers\cmsis\include\core_cm4.h **** #define DWT_CTRL_LSUEVTENA_Pos             20U                                         /*!< DWT CTR
 954:h:\drivers\cmsis\include\core_cm4.h **** #define DWT_CTRL_LSUEVTENA_Msk             (0x1UL << DWT_CTRL_LSUEVTENA_Pos)           /*!< DWT CTR
 955:h:\drivers\cmsis\include\core_cm4.h **** 
 956:h:\drivers\cmsis\include\core_cm4.h **** #define DWT_CTRL_SLEEPEVTENA_Pos           19U                                         /*!< DWT CTR
 957:h:\drivers\cmsis\include\core_cm4.h **** #define DWT_CTRL_SLEEPEVTENA_Msk           (0x1UL << DWT_CTRL_SLEEPEVTENA_Pos)         /*!< DWT CTR
 958:h:\drivers\cmsis\include\core_cm4.h **** 
 959:h:\drivers\cmsis\include\core_cm4.h **** #define DWT_CTRL_EXCEVTENA_Pos             18U                                         /*!< DWT CTR
 960:h:\drivers\cmsis\include\core_cm4.h **** #define DWT_CTRL_EXCEVTENA_Msk             (0x1UL << DWT_CTRL_EXCEVTENA_Pos)           /*!< DWT CTR
 961:h:\drivers\cmsis\include\core_cm4.h **** 
 962:h:\drivers\cmsis\include\core_cm4.h **** #define DWT_CTRL_CPIEVTENA_Pos             17U                                         /*!< DWT CTR
 963:h:\drivers\cmsis\include\core_cm4.h **** #define DWT_CTRL_CPIEVTENA_Msk             (0x1UL << DWT_CTRL_CPIEVTENA_Pos)           /*!< DWT CTR
 964:h:\drivers\cmsis\include\core_cm4.h **** 
 965:h:\drivers\cmsis\include\core_cm4.h **** #define DWT_CTRL_EXCTRCENA_Pos             16U                                         /*!< DWT CTR
 966:h:\drivers\cmsis\include\core_cm4.h **** #define DWT_CTRL_EXCTRCENA_Msk             (0x1UL << DWT_CTRL_EXCTRCENA_Pos)           /*!< DWT CTR
 967:h:\drivers\cmsis\include\core_cm4.h **** 
 968:h:\drivers\cmsis\include\core_cm4.h **** #define DWT_CTRL_PCSAMPLENA_Pos            12U                                         /*!< DWT CTR
 969:h:\drivers\cmsis\include\core_cm4.h **** #define DWT_CTRL_PCSAMPLENA_Msk            (0x1UL << DWT_CTRL_PCSAMPLENA_Pos)          /*!< DWT CTR
 970:h:\drivers\cmsis\include\core_cm4.h **** 
 971:h:\drivers\cmsis\include\core_cm4.h **** #define DWT_CTRL_SYNCTAP_Pos               10U                                         /*!< DWT CTR
 972:h:\drivers\cmsis\include\core_cm4.h **** #define DWT_CTRL_SYNCTAP_Msk               (0x3UL << DWT_CTRL_SYNCTAP_Pos)             /*!< DWT CTR
 973:h:\drivers\cmsis\include\core_cm4.h **** 
 974:h:\drivers\cmsis\include\core_cm4.h **** #define DWT_CTRL_CYCTAP_Pos                 9U                                         /*!< DWT CTR
 975:h:\drivers\cmsis\include\core_cm4.h **** #define DWT_CTRL_CYCTAP_Msk                (0x1UL << DWT_CTRL_CYCTAP_Pos)              /*!< DWT CTR
 976:h:\drivers\cmsis\include\core_cm4.h **** 
 977:h:\drivers\cmsis\include\core_cm4.h **** #define DWT_CTRL_POSTINIT_Pos               5U                                         /*!< DWT CTR
 978:h:\drivers\cmsis\include\core_cm4.h **** #define DWT_CTRL_POSTINIT_Msk              (0xFUL << DWT_CTRL_POSTINIT_Pos)            /*!< DWT CTR
 979:h:\drivers\cmsis\include\core_cm4.h **** 
 980:h:\drivers\cmsis\include\core_cm4.h **** #define DWT_CTRL_POSTPRESET_Pos             1U                                         /*!< DWT CTR
 981:h:\drivers\cmsis\include\core_cm4.h **** #define DWT_CTRL_POSTPRESET_Msk            (0xFUL << DWT_CTRL_POSTPRESET_Pos)          /*!< DWT CTR
 982:h:\drivers\cmsis\include\core_cm4.h **** 
 983:h:\drivers\cmsis\include\core_cm4.h **** #define DWT_CTRL_CYCCNTENA_Pos              0U                                         /*!< DWT CTR
 984:h:\drivers\cmsis\include\core_cm4.h **** #define DWT_CTRL_CYCCNTENA_Msk             (0x1UL /*<< DWT_CTRL_CYCCNTENA_Pos*/)       /*!< DWT CTR
 985:h:\drivers\cmsis\include\core_cm4.h **** 
 986:h:\drivers\cmsis\include\core_cm4.h **** /* DWT CPI Count Register Definitions */
 987:h:\drivers\cmsis\include\core_cm4.h **** #define DWT_CPICNT_CPICNT_Pos               0U                                         /*!< DWT CPI
 988:h:\drivers\cmsis\include\core_cm4.h **** #define DWT_CPICNT_CPICNT_Msk              (0xFFUL /*<< DWT_CPICNT_CPICNT_Pos*/)       /*!< DWT CPI
 989:h:\drivers\cmsis\include\core_cm4.h **** 
 990:h:\drivers\cmsis\include\core_cm4.h **** /* DWT Exception Overhead Count Register Definitions */
 991:h:\drivers\cmsis\include\core_cm4.h **** #define DWT_EXCCNT_EXCCNT_Pos               0U                                         /*!< DWT EXC
 992:h:\drivers\cmsis\include\core_cm4.h **** #define DWT_EXCCNT_EXCCNT_Msk              (0xFFUL /*<< DWT_EXCCNT_EXCCNT_Pos*/)       /*!< DWT EXC
 993:h:\drivers\cmsis\include\core_cm4.h **** 
 994:h:\drivers\cmsis\include\core_cm4.h **** /* DWT Sleep Count Register Definitions */
 995:h:\drivers\cmsis\include\core_cm4.h **** #define DWT_SLEEPCNT_SLEEPCNT_Pos           0U                                         /*!< DWT SLE
 996:h:\drivers\cmsis\include\core_cm4.h **** #define DWT_SLEEPCNT_SLEEPCNT_Msk          (0xFFUL /*<< DWT_SLEEPCNT_SLEEPCNT_Pos*/)   /*!< DWT SLE
 997:h:\drivers\cmsis\include\core_cm4.h **** 
 998:h:\drivers\cmsis\include\core_cm4.h **** /* DWT LSU Count Register Definitions */
 999:h:\drivers\cmsis\include\core_cm4.h **** #define DWT_LSUCNT_LSUCNT_Pos               0U                                         /*!< DWT LSU
1000:h:\drivers\cmsis\include\core_cm4.h **** #define DWT_LSUCNT_LSUCNT_Msk              (0xFFUL /*<< DWT_LSUCNT_LSUCNT_Pos*/)       /*!< DWT LSU
1001:h:\drivers\cmsis\include\core_cm4.h **** 
ARM GAS  C:\Users\n11ak\AppData\Local\Temp\cc4kuuJl.s 			page 22


1002:h:\drivers\cmsis\include\core_cm4.h **** /* DWT Folded-instruction Count Register Definitions */
1003:h:\drivers\cmsis\include\core_cm4.h **** #define DWT_FOLDCNT_FOLDCNT_Pos             0U                                         /*!< DWT FOL
1004:h:\drivers\cmsis\include\core_cm4.h **** #define DWT_FOLDCNT_FOLDCNT_Msk            (0xFFUL /*<< DWT_FOLDCNT_FOLDCNT_Pos*/)     /*!< DWT FOL
1005:h:\drivers\cmsis\include\core_cm4.h **** 
1006:h:\drivers\cmsis\include\core_cm4.h **** /* DWT Comparator Mask Register Definitions */
1007:h:\drivers\cmsis\include\core_cm4.h **** #define DWT_MASK_MASK_Pos                   0U                                         /*!< DWT MAS
1008:h:\drivers\cmsis\include\core_cm4.h **** #define DWT_MASK_MASK_Msk                  (0x1FUL /*<< DWT_MASK_MASK_Pos*/)           /*!< DWT MAS
1009:h:\drivers\cmsis\include\core_cm4.h **** 
1010:h:\drivers\cmsis\include\core_cm4.h **** /* DWT Comparator Function Register Definitions */
1011:h:\drivers\cmsis\include\core_cm4.h **** #define DWT_FUNCTION_MATCHED_Pos           24U                                         /*!< DWT FUN
1012:h:\drivers\cmsis\include\core_cm4.h **** #define DWT_FUNCTION_MATCHED_Msk           (0x1UL << DWT_FUNCTION_MATCHED_Pos)         /*!< DWT FUN
1013:h:\drivers\cmsis\include\core_cm4.h **** 
1014:h:\drivers\cmsis\include\core_cm4.h **** #define DWT_FUNCTION_DATAVADDR1_Pos        16U                                         /*!< DWT FUN
1015:h:\drivers\cmsis\include\core_cm4.h **** #define DWT_FUNCTION_DATAVADDR1_Msk        (0xFUL << DWT_FUNCTION_DATAVADDR1_Pos)      /*!< DWT FUN
1016:h:\drivers\cmsis\include\core_cm4.h **** 
1017:h:\drivers\cmsis\include\core_cm4.h **** #define DWT_FUNCTION_DATAVADDR0_Pos        12U                                         /*!< DWT FUN
1018:h:\drivers\cmsis\include\core_cm4.h **** #define DWT_FUNCTION_DATAVADDR0_Msk        (0xFUL << DWT_FUNCTION_DATAVADDR0_Pos)      /*!< DWT FUN
1019:h:\drivers\cmsis\include\core_cm4.h **** 
1020:h:\drivers\cmsis\include\core_cm4.h **** #define DWT_FUNCTION_DATAVSIZE_Pos         10U                                         /*!< DWT FUN
1021:h:\drivers\cmsis\include\core_cm4.h **** #define DWT_FUNCTION_DATAVSIZE_Msk         (0x3UL << DWT_FUNCTION_DATAVSIZE_Pos)       /*!< DWT FUN
1022:h:\drivers\cmsis\include\core_cm4.h **** 
1023:h:\drivers\cmsis\include\core_cm4.h **** #define DWT_FUNCTION_LNK1ENA_Pos            9U                                         /*!< DWT FUN
1024:h:\drivers\cmsis\include\core_cm4.h **** #define DWT_FUNCTION_LNK1ENA_Msk           (0x1UL << DWT_FUNCTION_LNK1ENA_Pos)         /*!< DWT FUN
1025:h:\drivers\cmsis\include\core_cm4.h **** 
1026:h:\drivers\cmsis\include\core_cm4.h **** #define DWT_FUNCTION_DATAVMATCH_Pos         8U                                         /*!< DWT FUN
1027:h:\drivers\cmsis\include\core_cm4.h **** #define DWT_FUNCTION_DATAVMATCH_Msk        (0x1UL << DWT_FUNCTION_DATAVMATCH_Pos)      /*!< DWT FUN
1028:h:\drivers\cmsis\include\core_cm4.h **** 
1029:h:\drivers\cmsis\include\core_cm4.h **** #define DWT_FUNCTION_CYCMATCH_Pos           7U                                         /*!< DWT FUN
1030:h:\drivers\cmsis\include\core_cm4.h **** #define DWT_FUNCTION_CYCMATCH_Msk          (0x1UL << DWT_FUNCTION_CYCMATCH_Pos)        /*!< DWT FUN
1031:h:\drivers\cmsis\include\core_cm4.h **** 
1032:h:\drivers\cmsis\include\core_cm4.h **** #define DWT_FUNCTION_EMITRANGE_Pos          5U                                         /*!< DWT FUN
1033:h:\drivers\cmsis\include\core_cm4.h **** #define DWT_FUNCTION_EMITRANGE_Msk         (0x1UL << DWT_FUNCTION_EMITRANGE_Pos)       /*!< DWT FUN
1034:h:\drivers\cmsis\include\core_cm4.h **** 
1035:h:\drivers\cmsis\include\core_cm4.h **** #define DWT_FUNCTION_FUNCTION_Pos           0U                                         /*!< DWT FUN
1036:h:\drivers\cmsis\include\core_cm4.h **** #define DWT_FUNCTION_FUNCTION_Msk          (0xFUL /*<< DWT_FUNCTION_FUNCTION_Pos*/)    /*!< DWT FUN
1037:h:\drivers\cmsis\include\core_cm4.h **** 
1038:h:\drivers\cmsis\include\core_cm4.h **** /*@}*/ /* end of group CMSIS_DWT */
1039:h:\drivers\cmsis\include\core_cm4.h **** 
1040:h:\drivers\cmsis\include\core_cm4.h **** 
1041:h:\drivers\cmsis\include\core_cm4.h **** /**
1042:h:\drivers\cmsis\include\core_cm4.h ****   \ingroup  CMSIS_core_register
1043:h:\drivers\cmsis\include\core_cm4.h ****   \defgroup CMSIS_TPI     Trace Port Interface (TPI)
1044:h:\drivers\cmsis\include\core_cm4.h ****   \brief    Type definitions for the Trace Port Interface (TPI)
1045:h:\drivers\cmsis\include\core_cm4.h ****   @{
1046:h:\drivers\cmsis\include\core_cm4.h ****  */
1047:h:\drivers\cmsis\include\core_cm4.h **** 
1048:h:\drivers\cmsis\include\core_cm4.h **** /**
1049:h:\drivers\cmsis\include\core_cm4.h ****   \brief  Structure type to access the Trace Port Interface Register (TPI).
1050:h:\drivers\cmsis\include\core_cm4.h ****  */
1051:h:\drivers\cmsis\include\core_cm4.h **** typedef struct
1052:h:\drivers\cmsis\include\core_cm4.h **** {
1053:h:\drivers\cmsis\include\core_cm4.h ****   __IM  uint32_t SSPSR;                  /*!< Offset: 0x000 (R/ )  Supported Parallel Port Size Reg
1054:h:\drivers\cmsis\include\core_cm4.h ****   __IOM uint32_t CSPSR;                  /*!< Offset: 0x004 (R/W)  Current Parallel Port Size Regis
1055:h:\drivers\cmsis\include\core_cm4.h ****         uint32_t RESERVED0[2U];
1056:h:\drivers\cmsis\include\core_cm4.h ****   __IOM uint32_t ACPR;                   /*!< Offset: 0x010 (R/W)  Asynchronous Clock Prescaler Reg
1057:h:\drivers\cmsis\include\core_cm4.h ****         uint32_t RESERVED1[55U];
1058:h:\drivers\cmsis\include\core_cm4.h ****   __IOM uint32_t SPPR;                   /*!< Offset: 0x0F0 (R/W)  Selected Pin Protocol Register *
ARM GAS  C:\Users\n11ak\AppData\Local\Temp\cc4kuuJl.s 			page 23


1059:h:\drivers\cmsis\include\core_cm4.h ****         uint32_t RESERVED2[131U];
1060:h:\drivers\cmsis\include\core_cm4.h ****   __IM  uint32_t FFSR;                   /*!< Offset: 0x300 (R/ )  Formatter and Flush Status Regis
1061:h:\drivers\cmsis\include\core_cm4.h ****   __IOM uint32_t FFCR;                   /*!< Offset: 0x304 (R/W)  Formatter and Flush Control Regi
1062:h:\drivers\cmsis\include\core_cm4.h ****   __IM  uint32_t FSCR;                   /*!< Offset: 0x308 (R/ )  Formatter Synchronization Counte
1063:h:\drivers\cmsis\include\core_cm4.h ****         uint32_t RESERVED3[759U];
1064:h:\drivers\cmsis\include\core_cm4.h ****   __IM  uint32_t TRIGGER;                /*!< Offset: 0xEE8 (R/ )  TRIGGER Register */
1065:h:\drivers\cmsis\include\core_cm4.h ****   __IM  uint32_t FIFO0;                  /*!< Offset: 0xEEC (R/ )  Integration ETM Data */
1066:h:\drivers\cmsis\include\core_cm4.h ****   __IM  uint32_t ITATBCTR2;              /*!< Offset: 0xEF0 (R/ )  ITATBCTR2 */
1067:h:\drivers\cmsis\include\core_cm4.h ****         uint32_t RESERVED4[1U];
1068:h:\drivers\cmsis\include\core_cm4.h ****   __IM  uint32_t ITATBCTR0;              /*!< Offset: 0xEF8 (R/ )  ITATBCTR0 */
1069:h:\drivers\cmsis\include\core_cm4.h ****   __IM  uint32_t FIFO1;                  /*!< Offset: 0xEFC (R/ )  Integration ITM Data */
1070:h:\drivers\cmsis\include\core_cm4.h ****   __IOM uint32_t ITCTRL;                 /*!< Offset: 0xF00 (R/W)  Integration Mode Control */
1071:h:\drivers\cmsis\include\core_cm4.h ****         uint32_t RESERVED5[39U];
1072:h:\drivers\cmsis\include\core_cm4.h ****   __IOM uint32_t CLAIMSET;               /*!< Offset: 0xFA0 (R/W)  Claim tag set */
1073:h:\drivers\cmsis\include\core_cm4.h ****   __IOM uint32_t CLAIMCLR;               /*!< Offset: 0xFA4 (R/W)  Claim tag clear */
1074:h:\drivers\cmsis\include\core_cm4.h ****         uint32_t RESERVED7[8U];
1075:h:\drivers\cmsis\include\core_cm4.h ****   __IM  uint32_t DEVID;                  /*!< Offset: 0xFC8 (R/ )  TPIU_DEVID */
1076:h:\drivers\cmsis\include\core_cm4.h ****   __IM  uint32_t DEVTYPE;                /*!< Offset: 0xFCC (R/ )  TPIU_DEVTYPE */
1077:h:\drivers\cmsis\include\core_cm4.h **** } TPI_Type;
1078:h:\drivers\cmsis\include\core_cm4.h **** 
1079:h:\drivers\cmsis\include\core_cm4.h **** /* TPI Asynchronous Clock Prescaler Register Definitions */
1080:h:\drivers\cmsis\include\core_cm4.h **** #define TPI_ACPR_PRESCALER_Pos              0U                                         /*!< TPI ACP
1081:h:\drivers\cmsis\include\core_cm4.h **** #define TPI_ACPR_PRESCALER_Msk             (0x1FFFUL /*<< TPI_ACPR_PRESCALER_Pos*/)    /*!< TPI ACP
1082:h:\drivers\cmsis\include\core_cm4.h **** 
1083:h:\drivers\cmsis\include\core_cm4.h **** /* TPI Selected Pin Protocol Register Definitions */
1084:h:\drivers\cmsis\include\core_cm4.h **** #define TPI_SPPR_TXMODE_Pos                 0U                                         /*!< TPI SPP
1085:h:\drivers\cmsis\include\core_cm4.h **** #define TPI_SPPR_TXMODE_Msk                (0x3UL /*<< TPI_SPPR_TXMODE_Pos*/)          /*!< TPI SPP
1086:h:\drivers\cmsis\include\core_cm4.h **** 
1087:h:\drivers\cmsis\include\core_cm4.h **** /* TPI Formatter and Flush Status Register Definitions */
1088:h:\drivers\cmsis\include\core_cm4.h **** #define TPI_FFSR_FtNonStop_Pos              3U                                         /*!< TPI FFS
1089:h:\drivers\cmsis\include\core_cm4.h **** #define TPI_FFSR_FtNonStop_Msk             (0x1UL << TPI_FFSR_FtNonStop_Pos)           /*!< TPI FFS
1090:h:\drivers\cmsis\include\core_cm4.h **** 
1091:h:\drivers\cmsis\include\core_cm4.h **** #define TPI_FFSR_TCPresent_Pos              2U                                         /*!< TPI FFS
1092:h:\drivers\cmsis\include\core_cm4.h **** #define TPI_FFSR_TCPresent_Msk             (0x1UL << TPI_FFSR_TCPresent_Pos)           /*!< TPI FFS
1093:h:\drivers\cmsis\include\core_cm4.h **** 
1094:h:\drivers\cmsis\include\core_cm4.h **** #define TPI_FFSR_FtStopped_Pos              1U                                         /*!< TPI FFS
1095:h:\drivers\cmsis\include\core_cm4.h **** #define TPI_FFSR_FtStopped_Msk             (0x1UL << TPI_FFSR_FtStopped_Pos)           /*!< TPI FFS
1096:h:\drivers\cmsis\include\core_cm4.h **** 
1097:h:\drivers\cmsis\include\core_cm4.h **** #define TPI_FFSR_FlInProg_Pos               0U                                         /*!< TPI FFS
1098:h:\drivers\cmsis\include\core_cm4.h **** #define TPI_FFSR_FlInProg_Msk              (0x1UL /*<< TPI_FFSR_FlInProg_Pos*/)        /*!< TPI FFS
1099:h:\drivers\cmsis\include\core_cm4.h **** 
1100:h:\drivers\cmsis\include\core_cm4.h **** /* TPI Formatter and Flush Control Register Definitions */
1101:h:\drivers\cmsis\include\core_cm4.h **** #define TPI_FFCR_TrigIn_Pos                 8U                                         /*!< TPI FFC
1102:h:\drivers\cmsis\include\core_cm4.h **** #define TPI_FFCR_TrigIn_Msk                (0x1UL << TPI_FFCR_TrigIn_Pos)              /*!< TPI FFC
1103:h:\drivers\cmsis\include\core_cm4.h **** 
1104:h:\drivers\cmsis\include\core_cm4.h **** #define TPI_FFCR_EnFCont_Pos                1U                                         /*!< TPI FFC
1105:h:\drivers\cmsis\include\core_cm4.h **** #define TPI_FFCR_EnFCont_Msk               (0x1UL << TPI_FFCR_EnFCont_Pos)             /*!< TPI FFC
1106:h:\drivers\cmsis\include\core_cm4.h **** 
1107:h:\drivers\cmsis\include\core_cm4.h **** /* TPI TRIGGER Register Definitions */
1108:h:\drivers\cmsis\include\core_cm4.h **** #define TPI_TRIGGER_TRIGGER_Pos             0U                                         /*!< TPI TRI
1109:h:\drivers\cmsis\include\core_cm4.h **** #define TPI_TRIGGER_TRIGGER_Msk            (0x1UL /*<< TPI_TRIGGER_TRIGGER_Pos*/)      /*!< TPI TRI
1110:h:\drivers\cmsis\include\core_cm4.h **** 
1111:h:\drivers\cmsis\include\core_cm4.h **** /* TPI Integration ETM Data Register Definitions (FIFO0) */
1112:h:\drivers\cmsis\include\core_cm4.h **** #define TPI_FIFO0_ITM_ATVALID_Pos          29U                                         /*!< TPI FIF
1113:h:\drivers\cmsis\include\core_cm4.h **** #define TPI_FIFO0_ITM_ATVALID_Msk          (0x1UL << TPI_FIFO0_ITM_ATVALID_Pos)        /*!< TPI FIF
1114:h:\drivers\cmsis\include\core_cm4.h **** 
1115:h:\drivers\cmsis\include\core_cm4.h **** #define TPI_FIFO0_ITM_bytecount_Pos        27U                                         /*!< TPI FIF
ARM GAS  C:\Users\n11ak\AppData\Local\Temp\cc4kuuJl.s 			page 24


1116:h:\drivers\cmsis\include\core_cm4.h **** #define TPI_FIFO0_ITM_bytecount_Msk        (0x3UL << TPI_FIFO0_ITM_bytecount_Pos)      /*!< TPI FIF
1117:h:\drivers\cmsis\include\core_cm4.h **** 
1118:h:\drivers\cmsis\include\core_cm4.h **** #define TPI_FIFO0_ETM_ATVALID_Pos          26U                                         /*!< TPI FIF
1119:h:\drivers\cmsis\include\core_cm4.h **** #define TPI_FIFO0_ETM_ATVALID_Msk          (0x1UL << TPI_FIFO0_ETM_ATVALID_Pos)        /*!< TPI FIF
1120:h:\drivers\cmsis\include\core_cm4.h **** 
1121:h:\drivers\cmsis\include\core_cm4.h **** #define TPI_FIFO0_ETM_bytecount_Pos        24U                                         /*!< TPI FIF
1122:h:\drivers\cmsis\include\core_cm4.h **** #define TPI_FIFO0_ETM_bytecount_Msk        (0x3UL << TPI_FIFO0_ETM_bytecount_Pos)      /*!< TPI FIF
1123:h:\drivers\cmsis\include\core_cm4.h **** 
1124:h:\drivers\cmsis\include\core_cm4.h **** #define TPI_FIFO0_ETM2_Pos                 16U                                         /*!< TPI FIF
1125:h:\drivers\cmsis\include\core_cm4.h **** #define TPI_FIFO0_ETM2_Msk                 (0xFFUL << TPI_FIFO0_ETM2_Pos)              /*!< TPI FIF
1126:h:\drivers\cmsis\include\core_cm4.h **** 
1127:h:\drivers\cmsis\include\core_cm4.h **** #define TPI_FIFO0_ETM1_Pos                  8U                                         /*!< TPI FIF
1128:h:\drivers\cmsis\include\core_cm4.h **** #define TPI_FIFO0_ETM1_Msk                 (0xFFUL << TPI_FIFO0_ETM1_Pos)              /*!< TPI FIF
1129:h:\drivers\cmsis\include\core_cm4.h **** 
1130:h:\drivers\cmsis\include\core_cm4.h **** #define TPI_FIFO0_ETM0_Pos                  0U                                         /*!< TPI FIF
1131:h:\drivers\cmsis\include\core_cm4.h **** #define TPI_FIFO0_ETM0_Msk                 (0xFFUL /*<< TPI_FIFO0_ETM0_Pos*/)          /*!< TPI FIF
1132:h:\drivers\cmsis\include\core_cm4.h **** 
1133:h:\drivers\cmsis\include\core_cm4.h **** /* TPI ITATBCTR2 Register Definitions */
1134:h:\drivers\cmsis\include\core_cm4.h **** #define TPI_ITATBCTR2_ATREADY2_Pos          0U                                         /*!< TPI ITA
1135:h:\drivers\cmsis\include\core_cm4.h **** #define TPI_ITATBCTR2_ATREADY2_Msk         (0x1UL /*<< TPI_ITATBCTR2_ATREADY2_Pos*/)   /*!< TPI ITA
1136:h:\drivers\cmsis\include\core_cm4.h **** 
1137:h:\drivers\cmsis\include\core_cm4.h **** #define TPI_ITATBCTR2_ATREADY1_Pos          0U                                         /*!< TPI ITA
1138:h:\drivers\cmsis\include\core_cm4.h **** #define TPI_ITATBCTR2_ATREADY1_Msk         (0x1UL /*<< TPI_ITATBCTR2_ATREADY1_Pos*/)   /*!< TPI ITA
1139:h:\drivers\cmsis\include\core_cm4.h **** 
1140:h:\drivers\cmsis\include\core_cm4.h **** /* TPI Integration ITM Data Register Definitions (FIFO1) */
1141:h:\drivers\cmsis\include\core_cm4.h **** #define TPI_FIFO1_ITM_ATVALID_Pos          29U                                         /*!< TPI FIF
1142:h:\drivers\cmsis\include\core_cm4.h **** #define TPI_FIFO1_ITM_ATVALID_Msk          (0x1UL << TPI_FIFO1_ITM_ATVALID_Pos)        /*!< TPI FIF
1143:h:\drivers\cmsis\include\core_cm4.h **** 
1144:h:\drivers\cmsis\include\core_cm4.h **** #define TPI_FIFO1_ITM_bytecount_Pos        27U                                         /*!< TPI FIF
1145:h:\drivers\cmsis\include\core_cm4.h **** #define TPI_FIFO1_ITM_bytecount_Msk        (0x3UL << TPI_FIFO1_ITM_bytecount_Pos)      /*!< TPI FIF
1146:h:\drivers\cmsis\include\core_cm4.h **** 
1147:h:\drivers\cmsis\include\core_cm4.h **** #define TPI_FIFO1_ETM_ATVALID_Pos          26U                                         /*!< TPI FIF
1148:h:\drivers\cmsis\include\core_cm4.h **** #define TPI_FIFO1_ETM_ATVALID_Msk          (0x1UL << TPI_FIFO1_ETM_ATVALID_Pos)        /*!< TPI FIF
1149:h:\drivers\cmsis\include\core_cm4.h **** 
1150:h:\drivers\cmsis\include\core_cm4.h **** #define TPI_FIFO1_ETM_bytecount_Pos        24U                                         /*!< TPI FIF
1151:h:\drivers\cmsis\include\core_cm4.h **** #define TPI_FIFO1_ETM_bytecount_Msk        (0x3UL << TPI_FIFO1_ETM_bytecount_Pos)      /*!< TPI FIF
1152:h:\drivers\cmsis\include\core_cm4.h **** 
1153:h:\drivers\cmsis\include\core_cm4.h **** #define TPI_FIFO1_ITM2_Pos                 16U                                         /*!< TPI FIF
1154:h:\drivers\cmsis\include\core_cm4.h **** #define TPI_FIFO1_ITM2_Msk                 (0xFFUL << TPI_FIFO1_ITM2_Pos)              /*!< TPI FIF
1155:h:\drivers\cmsis\include\core_cm4.h **** 
1156:h:\drivers\cmsis\include\core_cm4.h **** #define TPI_FIFO1_ITM1_Pos                  8U                                         /*!< TPI FIF
1157:h:\drivers\cmsis\include\core_cm4.h **** #define TPI_FIFO1_ITM1_Msk                 (0xFFUL << TPI_FIFO1_ITM1_Pos)              /*!< TPI FIF
1158:h:\drivers\cmsis\include\core_cm4.h **** 
1159:h:\drivers\cmsis\include\core_cm4.h **** #define TPI_FIFO1_ITM0_Pos                  0U                                         /*!< TPI FIF
1160:h:\drivers\cmsis\include\core_cm4.h **** #define TPI_FIFO1_ITM0_Msk                 (0xFFUL /*<< TPI_FIFO1_ITM0_Pos*/)          /*!< TPI FIF
1161:h:\drivers\cmsis\include\core_cm4.h **** 
1162:h:\drivers\cmsis\include\core_cm4.h **** /* TPI ITATBCTR0 Register Definitions */
1163:h:\drivers\cmsis\include\core_cm4.h **** #define TPI_ITATBCTR0_ATREADY2_Pos          0U                                         /*!< TPI ITA
1164:h:\drivers\cmsis\include\core_cm4.h **** #define TPI_ITATBCTR0_ATREADY2_Msk         (0x1UL /*<< TPI_ITATBCTR0_ATREADY2_Pos*/)   /*!< TPI ITA
1165:h:\drivers\cmsis\include\core_cm4.h **** 
1166:h:\drivers\cmsis\include\core_cm4.h **** #define TPI_ITATBCTR0_ATREADY1_Pos          0U                                         /*!< TPI ITA
1167:h:\drivers\cmsis\include\core_cm4.h **** #define TPI_ITATBCTR0_ATREADY1_Msk         (0x1UL /*<< TPI_ITATBCTR0_ATREADY1_Pos*/)   /*!< TPI ITA
1168:h:\drivers\cmsis\include\core_cm4.h **** 
1169:h:\drivers\cmsis\include\core_cm4.h **** /* TPI Integration Mode Control Register Definitions */
1170:h:\drivers\cmsis\include\core_cm4.h **** #define TPI_ITCTRL_Mode_Pos                 0U                                         /*!< TPI ITC
1171:h:\drivers\cmsis\include\core_cm4.h **** #define TPI_ITCTRL_Mode_Msk                (0x3UL /*<< TPI_ITCTRL_Mode_Pos*/)          /*!< TPI ITC
1172:h:\drivers\cmsis\include\core_cm4.h **** 
ARM GAS  C:\Users\n11ak\AppData\Local\Temp\cc4kuuJl.s 			page 25


1173:h:\drivers\cmsis\include\core_cm4.h **** /* TPI DEVID Register Definitions */
1174:h:\drivers\cmsis\include\core_cm4.h **** #define TPI_DEVID_NRZVALID_Pos             11U                                         /*!< TPI DEV
1175:h:\drivers\cmsis\include\core_cm4.h **** #define TPI_DEVID_NRZVALID_Msk             (0x1UL << TPI_DEVID_NRZVALID_Pos)           /*!< TPI DEV
1176:h:\drivers\cmsis\include\core_cm4.h **** 
1177:h:\drivers\cmsis\include\core_cm4.h **** #define TPI_DEVID_MANCVALID_Pos            10U                                         /*!< TPI DEV
1178:h:\drivers\cmsis\include\core_cm4.h **** #define TPI_DEVID_MANCVALID_Msk            (0x1UL << TPI_DEVID_MANCVALID_Pos)          /*!< TPI DEV
1179:h:\drivers\cmsis\include\core_cm4.h **** 
1180:h:\drivers\cmsis\include\core_cm4.h **** #define TPI_DEVID_PTINVALID_Pos             9U                                         /*!< TPI DEV
1181:h:\drivers\cmsis\include\core_cm4.h **** #define TPI_DEVID_PTINVALID_Msk            (0x1UL << TPI_DEVID_PTINVALID_Pos)          /*!< TPI DEV
1182:h:\drivers\cmsis\include\core_cm4.h **** 
1183:h:\drivers\cmsis\include\core_cm4.h **** #define TPI_DEVID_MinBufSz_Pos              6U                                         /*!< TPI DEV
1184:h:\drivers\cmsis\include\core_cm4.h **** #define TPI_DEVID_MinBufSz_Msk             (0x7UL << TPI_DEVID_MinBufSz_Pos)           /*!< TPI DEV
1185:h:\drivers\cmsis\include\core_cm4.h **** 
1186:h:\drivers\cmsis\include\core_cm4.h **** #define TPI_DEVID_AsynClkIn_Pos             5U                                         /*!< TPI DEV
1187:h:\drivers\cmsis\include\core_cm4.h **** #define TPI_DEVID_AsynClkIn_Msk            (0x1UL << TPI_DEVID_AsynClkIn_Pos)          /*!< TPI DEV
1188:h:\drivers\cmsis\include\core_cm4.h **** 
1189:h:\drivers\cmsis\include\core_cm4.h **** #define TPI_DEVID_NrTraceInput_Pos          0U                                         /*!< TPI DEV
1190:h:\drivers\cmsis\include\core_cm4.h **** #define TPI_DEVID_NrTraceInput_Msk         (0x1FUL /*<< TPI_DEVID_NrTraceInput_Pos*/)  /*!< TPI DEV
1191:h:\drivers\cmsis\include\core_cm4.h **** 
1192:h:\drivers\cmsis\include\core_cm4.h **** /* TPI DEVTYPE Register Definitions */
1193:h:\drivers\cmsis\include\core_cm4.h **** #define TPI_DEVTYPE_SubType_Pos             4U                                         /*!< TPI DEV
1194:h:\drivers\cmsis\include\core_cm4.h **** #define TPI_DEVTYPE_SubType_Msk            (0xFUL /*<< TPI_DEVTYPE_SubType_Pos*/)      /*!< TPI DEV
1195:h:\drivers\cmsis\include\core_cm4.h **** 
1196:h:\drivers\cmsis\include\core_cm4.h **** #define TPI_DEVTYPE_MajorType_Pos           0U                                         /*!< TPI DEV
1197:h:\drivers\cmsis\include\core_cm4.h **** #define TPI_DEVTYPE_MajorType_Msk          (0xFUL << TPI_DEVTYPE_MajorType_Pos)        /*!< TPI DEV
1198:h:\drivers\cmsis\include\core_cm4.h **** 
1199:h:\drivers\cmsis\include\core_cm4.h **** /*@}*/ /* end of group CMSIS_TPI */
1200:h:\drivers\cmsis\include\core_cm4.h **** 
1201:h:\drivers\cmsis\include\core_cm4.h **** 
1202:h:\drivers\cmsis\include\core_cm4.h **** #if defined (__MPU_PRESENT) && (__MPU_PRESENT == 1U)
1203:h:\drivers\cmsis\include\core_cm4.h **** /**
1204:h:\drivers\cmsis\include\core_cm4.h ****   \ingroup  CMSIS_core_register
1205:h:\drivers\cmsis\include\core_cm4.h ****   \defgroup CMSIS_MPU     Memory Protection Unit (MPU)
1206:h:\drivers\cmsis\include\core_cm4.h ****   \brief    Type definitions for the Memory Protection Unit (MPU)
1207:h:\drivers\cmsis\include\core_cm4.h ****   @{
1208:h:\drivers\cmsis\include\core_cm4.h ****  */
1209:h:\drivers\cmsis\include\core_cm4.h **** 
1210:h:\drivers\cmsis\include\core_cm4.h **** /**
1211:h:\drivers\cmsis\include\core_cm4.h ****   \brief  Structure type to access the Memory Protection Unit (MPU).
1212:h:\drivers\cmsis\include\core_cm4.h ****  */
1213:h:\drivers\cmsis\include\core_cm4.h **** typedef struct
1214:h:\drivers\cmsis\include\core_cm4.h **** {
1215:h:\drivers\cmsis\include\core_cm4.h ****   __IM  uint32_t TYPE;                   /*!< Offset: 0x000 (R/ )  MPU Type Register */
1216:h:\drivers\cmsis\include\core_cm4.h ****   __IOM uint32_t CTRL;                   /*!< Offset: 0x004 (R/W)  MPU Control Register */
1217:h:\drivers\cmsis\include\core_cm4.h ****   __IOM uint32_t RNR;                    /*!< Offset: 0x008 (R/W)  MPU Region RNRber Register */
1218:h:\drivers\cmsis\include\core_cm4.h ****   __IOM uint32_t RBAR;                   /*!< Offset: 0x00C (R/W)  MPU Region Base Address Register
1219:h:\drivers\cmsis\include\core_cm4.h ****   __IOM uint32_t RASR;                   /*!< Offset: 0x010 (R/W)  MPU Region Attribute and Size Re
1220:h:\drivers\cmsis\include\core_cm4.h ****   __IOM uint32_t RBAR_A1;                /*!< Offset: 0x014 (R/W)  MPU Alias 1 Region Base Address 
1221:h:\drivers\cmsis\include\core_cm4.h ****   __IOM uint32_t RASR_A1;                /*!< Offset: 0x018 (R/W)  MPU Alias 1 Region Attribute and
1222:h:\drivers\cmsis\include\core_cm4.h ****   __IOM uint32_t RBAR_A2;                /*!< Offset: 0x01C (R/W)  MPU Alias 2 Region Base Address 
1223:h:\drivers\cmsis\include\core_cm4.h ****   __IOM uint32_t RASR_A2;                /*!< Offset: 0x020 (R/W)  MPU Alias 2 Region Attribute and
1224:h:\drivers\cmsis\include\core_cm4.h ****   __IOM uint32_t RBAR_A3;                /*!< Offset: 0x024 (R/W)  MPU Alias 3 Region Base Address 
1225:h:\drivers\cmsis\include\core_cm4.h ****   __IOM uint32_t RASR_A3;                /*!< Offset: 0x028 (R/W)  MPU Alias 3 Region Attribute and
1226:h:\drivers\cmsis\include\core_cm4.h **** } MPU_Type;
1227:h:\drivers\cmsis\include\core_cm4.h **** 
1228:h:\drivers\cmsis\include\core_cm4.h **** #define MPU_TYPE_RALIASES                  4U
1229:h:\drivers\cmsis\include\core_cm4.h **** 
ARM GAS  C:\Users\n11ak\AppData\Local\Temp\cc4kuuJl.s 			page 26


1230:h:\drivers\cmsis\include\core_cm4.h **** /* MPU Type Register Definitions */
1231:h:\drivers\cmsis\include\core_cm4.h **** #define MPU_TYPE_IREGION_Pos               16U                                            /*!< MPU 
1232:h:\drivers\cmsis\include\core_cm4.h **** #define MPU_TYPE_IREGION_Msk               (0xFFUL << MPU_TYPE_IREGION_Pos)               /*!< MPU 
1233:h:\drivers\cmsis\include\core_cm4.h **** 
1234:h:\drivers\cmsis\include\core_cm4.h **** #define MPU_TYPE_DREGION_Pos                8U                                            /*!< MPU 
1235:h:\drivers\cmsis\include\core_cm4.h **** #define MPU_TYPE_DREGION_Msk               (0xFFUL << MPU_TYPE_DREGION_Pos)               /*!< MPU 
1236:h:\drivers\cmsis\include\core_cm4.h **** 
1237:h:\drivers\cmsis\include\core_cm4.h **** #define MPU_TYPE_SEPARATE_Pos               0U                                            /*!< MPU 
1238:h:\drivers\cmsis\include\core_cm4.h **** #define MPU_TYPE_SEPARATE_Msk              (1UL /*<< MPU_TYPE_SEPARATE_Pos*/)             /*!< MPU 
1239:h:\drivers\cmsis\include\core_cm4.h **** 
1240:h:\drivers\cmsis\include\core_cm4.h **** /* MPU Control Register Definitions */
1241:h:\drivers\cmsis\include\core_cm4.h **** #define MPU_CTRL_PRIVDEFENA_Pos             2U                                            /*!< MPU 
1242:h:\drivers\cmsis\include\core_cm4.h **** #define MPU_CTRL_PRIVDEFENA_Msk            (1UL << MPU_CTRL_PRIVDEFENA_Pos)               /*!< MPU 
1243:h:\drivers\cmsis\include\core_cm4.h **** 
1244:h:\drivers\cmsis\include\core_cm4.h **** #define MPU_CTRL_HFNMIENA_Pos               1U                                            /*!< MPU 
1245:h:\drivers\cmsis\include\core_cm4.h **** #define MPU_CTRL_HFNMIENA_Msk              (1UL << MPU_CTRL_HFNMIENA_Pos)                 /*!< MPU 
1246:h:\drivers\cmsis\include\core_cm4.h **** 
1247:h:\drivers\cmsis\include\core_cm4.h **** #define MPU_CTRL_ENABLE_Pos                 0U                                            /*!< MPU 
1248:h:\drivers\cmsis\include\core_cm4.h **** #define MPU_CTRL_ENABLE_Msk                (1UL /*<< MPU_CTRL_ENABLE_Pos*/)               /*!< MPU 
1249:h:\drivers\cmsis\include\core_cm4.h **** 
1250:h:\drivers\cmsis\include\core_cm4.h **** /* MPU Region Number Register Definitions */
1251:h:\drivers\cmsis\include\core_cm4.h **** #define MPU_RNR_REGION_Pos                  0U                                            /*!< MPU 
1252:h:\drivers\cmsis\include\core_cm4.h **** #define MPU_RNR_REGION_Msk                 (0xFFUL /*<< MPU_RNR_REGION_Pos*/)             /*!< MPU 
1253:h:\drivers\cmsis\include\core_cm4.h **** 
1254:h:\drivers\cmsis\include\core_cm4.h **** /* MPU Region Base Address Register Definitions */
1255:h:\drivers\cmsis\include\core_cm4.h **** #define MPU_RBAR_ADDR_Pos                   5U                                            /*!< MPU 
1256:h:\drivers\cmsis\include\core_cm4.h **** #define MPU_RBAR_ADDR_Msk                  (0x7FFFFFFUL << MPU_RBAR_ADDR_Pos)             /*!< MPU 
1257:h:\drivers\cmsis\include\core_cm4.h **** 
1258:h:\drivers\cmsis\include\core_cm4.h **** #define MPU_RBAR_VALID_Pos                  4U                                            /*!< MPU 
1259:h:\drivers\cmsis\include\core_cm4.h **** #define MPU_RBAR_VALID_Msk                 (1UL << MPU_RBAR_VALID_Pos)                    /*!< MPU 
1260:h:\drivers\cmsis\include\core_cm4.h **** 
1261:h:\drivers\cmsis\include\core_cm4.h **** #define MPU_RBAR_REGION_Pos                 0U                                            /*!< MPU 
1262:h:\drivers\cmsis\include\core_cm4.h **** #define MPU_RBAR_REGION_Msk                (0xFUL /*<< MPU_RBAR_REGION_Pos*/)             /*!< MPU 
1263:h:\drivers\cmsis\include\core_cm4.h **** 
1264:h:\drivers\cmsis\include\core_cm4.h **** /* MPU Region Attribute and Size Register Definitions */
1265:h:\drivers\cmsis\include\core_cm4.h **** #define MPU_RASR_ATTRS_Pos                 16U                                            /*!< MPU 
1266:h:\drivers\cmsis\include\core_cm4.h **** #define MPU_RASR_ATTRS_Msk                 (0xFFFFUL << MPU_RASR_ATTRS_Pos)               /*!< MPU 
1267:h:\drivers\cmsis\include\core_cm4.h **** 
1268:h:\drivers\cmsis\include\core_cm4.h **** #define MPU_RASR_XN_Pos                    28U                                            /*!< MPU 
1269:h:\drivers\cmsis\include\core_cm4.h **** #define MPU_RASR_XN_Msk                    (1UL << MPU_RASR_XN_Pos)                       /*!< MPU 
1270:h:\drivers\cmsis\include\core_cm4.h **** 
1271:h:\drivers\cmsis\include\core_cm4.h **** #define MPU_RASR_AP_Pos                    24U                                            /*!< MPU 
1272:h:\drivers\cmsis\include\core_cm4.h **** #define MPU_RASR_AP_Msk                    (0x7UL << MPU_RASR_AP_Pos)                     /*!< MPU 
1273:h:\drivers\cmsis\include\core_cm4.h **** 
1274:h:\drivers\cmsis\include\core_cm4.h **** #define MPU_RASR_TEX_Pos                   19U                                            /*!< MPU 
1275:h:\drivers\cmsis\include\core_cm4.h **** #define MPU_RASR_TEX_Msk                   (0x7UL << MPU_RASR_TEX_Pos)                    /*!< MPU 
1276:h:\drivers\cmsis\include\core_cm4.h **** 
1277:h:\drivers\cmsis\include\core_cm4.h **** #define MPU_RASR_S_Pos                     18U                                            /*!< MPU 
1278:h:\drivers\cmsis\include\core_cm4.h **** #define MPU_RASR_S_Msk                     (1UL << MPU_RASR_S_Pos)                        /*!< MPU 
1279:h:\drivers\cmsis\include\core_cm4.h **** 
1280:h:\drivers\cmsis\include\core_cm4.h **** #define MPU_RASR_C_Pos                     17U                                            /*!< MPU 
1281:h:\drivers\cmsis\include\core_cm4.h **** #define MPU_RASR_C_Msk                     (1UL << MPU_RASR_C_Pos)                        /*!< MPU 
1282:h:\drivers\cmsis\include\core_cm4.h **** 
1283:h:\drivers\cmsis\include\core_cm4.h **** #define MPU_RASR_B_Pos                     16U                                            /*!< MPU 
1284:h:\drivers\cmsis\include\core_cm4.h **** #define MPU_RASR_B_Msk                     (1UL << MPU_RASR_B_Pos)                        /*!< MPU 
1285:h:\drivers\cmsis\include\core_cm4.h **** 
1286:h:\drivers\cmsis\include\core_cm4.h **** #define MPU_RASR_SRD_Pos                    8U                                            /*!< MPU 
ARM GAS  C:\Users\n11ak\AppData\Local\Temp\cc4kuuJl.s 			page 27


1287:h:\drivers\cmsis\include\core_cm4.h **** #define MPU_RASR_SRD_Msk                   (0xFFUL << MPU_RASR_SRD_Pos)                   /*!< MPU 
1288:h:\drivers\cmsis\include\core_cm4.h **** 
1289:h:\drivers\cmsis\include\core_cm4.h **** #define MPU_RASR_SIZE_Pos                   1U                                            /*!< MPU 
1290:h:\drivers\cmsis\include\core_cm4.h **** #define MPU_RASR_SIZE_Msk                  (0x1FUL << MPU_RASR_SIZE_Pos)                  /*!< MPU 
1291:h:\drivers\cmsis\include\core_cm4.h **** 
1292:h:\drivers\cmsis\include\core_cm4.h **** #define MPU_RASR_ENABLE_Pos                 0U                                            /*!< MPU 
1293:h:\drivers\cmsis\include\core_cm4.h **** #define MPU_RASR_ENABLE_Msk                (1UL /*<< MPU_RASR_ENABLE_Pos*/)               /*!< MPU 
1294:h:\drivers\cmsis\include\core_cm4.h **** 
1295:h:\drivers\cmsis\include\core_cm4.h **** /*@} end of group CMSIS_MPU */
1296:h:\drivers\cmsis\include\core_cm4.h **** #endif /* defined (__MPU_PRESENT) && (__MPU_PRESENT == 1U) */
1297:h:\drivers\cmsis\include\core_cm4.h **** 
1298:h:\drivers\cmsis\include\core_cm4.h **** 
1299:h:\drivers\cmsis\include\core_cm4.h **** /**
1300:h:\drivers\cmsis\include\core_cm4.h ****   \ingroup  CMSIS_core_register
1301:h:\drivers\cmsis\include\core_cm4.h ****   \defgroup CMSIS_FPU     Floating Point Unit (FPU)
1302:h:\drivers\cmsis\include\core_cm4.h ****   \brief    Type definitions for the Floating Point Unit (FPU)
1303:h:\drivers\cmsis\include\core_cm4.h ****   @{
1304:h:\drivers\cmsis\include\core_cm4.h ****  */
1305:h:\drivers\cmsis\include\core_cm4.h **** 
1306:h:\drivers\cmsis\include\core_cm4.h **** /**
1307:h:\drivers\cmsis\include\core_cm4.h ****   \brief  Structure type to access the Floating Point Unit (FPU).
1308:h:\drivers\cmsis\include\core_cm4.h ****  */
1309:h:\drivers\cmsis\include\core_cm4.h **** typedef struct
1310:h:\drivers\cmsis\include\core_cm4.h **** {
1311:h:\drivers\cmsis\include\core_cm4.h ****         uint32_t RESERVED0[1U];
1312:h:\drivers\cmsis\include\core_cm4.h ****   __IOM uint32_t FPCCR;                  /*!< Offset: 0x004 (R/W)  Floating-Point Context Control R
1313:h:\drivers\cmsis\include\core_cm4.h ****   __IOM uint32_t FPCAR;                  /*!< Offset: 0x008 (R/W)  Floating-Point Context Address R
1314:h:\drivers\cmsis\include\core_cm4.h ****   __IOM uint32_t FPDSCR;                 /*!< Offset: 0x00C (R/W)  Floating-Point Default Status Co
1315:h:\drivers\cmsis\include\core_cm4.h ****   __IM  uint32_t MVFR0;                  /*!< Offset: 0x010 (R/ )  Media and FP Feature Register 0 
1316:h:\drivers\cmsis\include\core_cm4.h ****   __IM  uint32_t MVFR1;                  /*!< Offset: 0x014 (R/ )  Media and FP Feature Register 1 
1317:h:\drivers\cmsis\include\core_cm4.h ****   __IM  uint32_t MVFR2;                  /*!< Offset: 0x018 (R/ )  Media and FP Feature Register 2 
1318:h:\drivers\cmsis\include\core_cm4.h **** } FPU_Type;
1319:h:\drivers\cmsis\include\core_cm4.h **** 
1320:h:\drivers\cmsis\include\core_cm4.h **** /* Floating-Point Context Control Register Definitions */
1321:h:\drivers\cmsis\include\core_cm4.h **** #define FPU_FPCCR_ASPEN_Pos                31U                                            /*!< FPCC
1322:h:\drivers\cmsis\include\core_cm4.h **** #define FPU_FPCCR_ASPEN_Msk                (1UL << FPU_FPCCR_ASPEN_Pos)                   /*!< FPCC
1323:h:\drivers\cmsis\include\core_cm4.h **** 
1324:h:\drivers\cmsis\include\core_cm4.h **** #define FPU_FPCCR_LSPEN_Pos                30U                                            /*!< FPCC
1325:h:\drivers\cmsis\include\core_cm4.h **** #define FPU_FPCCR_LSPEN_Msk                (1UL << FPU_FPCCR_LSPEN_Pos)                   /*!< FPCC
1326:h:\drivers\cmsis\include\core_cm4.h **** 
1327:h:\drivers\cmsis\include\core_cm4.h **** #define FPU_FPCCR_MONRDY_Pos                8U                                            /*!< FPCC
1328:h:\drivers\cmsis\include\core_cm4.h **** #define FPU_FPCCR_MONRDY_Msk               (1UL << FPU_FPCCR_MONRDY_Pos)                  /*!< FPCC
1329:h:\drivers\cmsis\include\core_cm4.h **** 
1330:h:\drivers\cmsis\include\core_cm4.h **** #define FPU_FPCCR_BFRDY_Pos                 6U                                            /*!< FPCC
1331:h:\drivers\cmsis\include\core_cm4.h **** #define FPU_FPCCR_BFRDY_Msk                (1UL << FPU_FPCCR_BFRDY_Pos)                   /*!< FPCC
1332:h:\drivers\cmsis\include\core_cm4.h **** 
1333:h:\drivers\cmsis\include\core_cm4.h **** #define FPU_FPCCR_MMRDY_Pos                 5U                                            /*!< FPCC
1334:h:\drivers\cmsis\include\core_cm4.h **** #define FPU_FPCCR_MMRDY_Msk                (1UL << FPU_FPCCR_MMRDY_Pos)                   /*!< FPCC
1335:h:\drivers\cmsis\include\core_cm4.h **** 
1336:h:\drivers\cmsis\include\core_cm4.h **** #define FPU_FPCCR_HFRDY_Pos                 4U                                            /*!< FPCC
1337:h:\drivers\cmsis\include\core_cm4.h **** #define FPU_FPCCR_HFRDY_Msk                (1UL << FPU_FPCCR_HFRDY_Pos)                   /*!< FPCC
1338:h:\drivers\cmsis\include\core_cm4.h **** 
1339:h:\drivers\cmsis\include\core_cm4.h **** #define FPU_FPCCR_THREAD_Pos                3U                                            /*!< FPCC
1340:h:\drivers\cmsis\include\core_cm4.h **** #define FPU_FPCCR_THREAD_Msk               (1UL << FPU_FPCCR_THREAD_Pos)                  /*!< FPCC
1341:h:\drivers\cmsis\include\core_cm4.h **** 
1342:h:\drivers\cmsis\include\core_cm4.h **** #define FPU_FPCCR_USER_Pos                  1U                                            /*!< FPCC
1343:h:\drivers\cmsis\include\core_cm4.h **** #define FPU_FPCCR_USER_Msk                 (1UL << FPU_FPCCR_USER_Pos)                    /*!< FPCC
ARM GAS  C:\Users\n11ak\AppData\Local\Temp\cc4kuuJl.s 			page 28


1344:h:\drivers\cmsis\include\core_cm4.h **** 
1345:h:\drivers\cmsis\include\core_cm4.h **** #define FPU_FPCCR_LSPACT_Pos                0U                                            /*!< FPCC
1346:h:\drivers\cmsis\include\core_cm4.h **** #define FPU_FPCCR_LSPACT_Msk               (1UL /*<< FPU_FPCCR_LSPACT_Pos*/)              /*!< FPCC
1347:h:\drivers\cmsis\include\core_cm4.h **** 
1348:h:\drivers\cmsis\include\core_cm4.h **** /* Floating-Point Context Address Register Definitions */
1349:h:\drivers\cmsis\include\core_cm4.h **** #define FPU_FPCAR_ADDRESS_Pos               3U                                            /*!< FPCA
1350:h:\drivers\cmsis\include\core_cm4.h **** #define FPU_FPCAR_ADDRESS_Msk              (0x1FFFFFFFUL << FPU_FPCAR_ADDRESS_Pos)        /*!< FPCA
1351:h:\drivers\cmsis\include\core_cm4.h **** 
1352:h:\drivers\cmsis\include\core_cm4.h **** /* Floating-Point Default Status Control Register Definitions */
1353:h:\drivers\cmsis\include\core_cm4.h **** #define FPU_FPDSCR_AHP_Pos                 26U                                            /*!< FPDS
1354:h:\drivers\cmsis\include\core_cm4.h **** #define FPU_FPDSCR_AHP_Msk                 (1UL << FPU_FPDSCR_AHP_Pos)                    /*!< FPDS
1355:h:\drivers\cmsis\include\core_cm4.h **** 
1356:h:\drivers\cmsis\include\core_cm4.h **** #define FPU_FPDSCR_DN_Pos                  25U                                            /*!< FPDS
1357:h:\drivers\cmsis\include\core_cm4.h **** #define FPU_FPDSCR_DN_Msk                  (1UL << FPU_FPDSCR_DN_Pos)                     /*!< FPDS
1358:h:\drivers\cmsis\include\core_cm4.h **** 
1359:h:\drivers\cmsis\include\core_cm4.h **** #define FPU_FPDSCR_FZ_Pos                  24U                                            /*!< FPDS
1360:h:\drivers\cmsis\include\core_cm4.h **** #define FPU_FPDSCR_FZ_Msk                  (1UL << FPU_FPDSCR_FZ_Pos)                     /*!< FPDS
1361:h:\drivers\cmsis\include\core_cm4.h **** 
1362:h:\drivers\cmsis\include\core_cm4.h **** #define FPU_FPDSCR_RMode_Pos               22U                                            /*!< FPDS
1363:h:\drivers\cmsis\include\core_cm4.h **** #define FPU_FPDSCR_RMode_Msk               (3UL << FPU_FPDSCR_RMode_Pos)                  /*!< FPDS
1364:h:\drivers\cmsis\include\core_cm4.h **** 
1365:h:\drivers\cmsis\include\core_cm4.h **** /* Media and FP Feature Register 0 Definitions */
1366:h:\drivers\cmsis\include\core_cm4.h **** #define FPU_MVFR0_FP_rounding_modes_Pos    28U                                            /*!< MVFR
1367:h:\drivers\cmsis\include\core_cm4.h **** #define FPU_MVFR0_FP_rounding_modes_Msk    (0xFUL << FPU_MVFR0_FP_rounding_modes_Pos)     /*!< MVFR
1368:h:\drivers\cmsis\include\core_cm4.h **** 
1369:h:\drivers\cmsis\include\core_cm4.h **** #define FPU_MVFR0_Short_vectors_Pos        24U                                            /*!< MVFR
1370:h:\drivers\cmsis\include\core_cm4.h **** #define FPU_MVFR0_Short_vectors_Msk        (0xFUL << FPU_MVFR0_Short_vectors_Pos)         /*!< MVFR
1371:h:\drivers\cmsis\include\core_cm4.h **** 
1372:h:\drivers\cmsis\include\core_cm4.h **** #define FPU_MVFR0_Square_root_Pos          20U                                            /*!< MVFR
1373:h:\drivers\cmsis\include\core_cm4.h **** #define FPU_MVFR0_Square_root_Msk          (0xFUL << FPU_MVFR0_Square_root_Pos)           /*!< MVFR
1374:h:\drivers\cmsis\include\core_cm4.h **** 
1375:h:\drivers\cmsis\include\core_cm4.h **** #define FPU_MVFR0_Divide_Pos               16U                                            /*!< MVFR
1376:h:\drivers\cmsis\include\core_cm4.h **** #define FPU_MVFR0_Divide_Msk               (0xFUL << FPU_MVFR0_Divide_Pos)                /*!< MVFR
1377:h:\drivers\cmsis\include\core_cm4.h **** 
1378:h:\drivers\cmsis\include\core_cm4.h **** #define FPU_MVFR0_FP_excep_trapping_Pos    12U                                            /*!< MVFR
1379:h:\drivers\cmsis\include\core_cm4.h **** #define FPU_MVFR0_FP_excep_trapping_Msk    (0xFUL << FPU_MVFR0_FP_excep_trapping_Pos)     /*!< MVFR
1380:h:\drivers\cmsis\include\core_cm4.h **** 
1381:h:\drivers\cmsis\include\core_cm4.h **** #define FPU_MVFR0_Double_precision_Pos      8U                                            /*!< MVFR
1382:h:\drivers\cmsis\include\core_cm4.h **** #define FPU_MVFR0_Double_precision_Msk     (0xFUL << FPU_MVFR0_Double_precision_Pos)      /*!< MVFR
1383:h:\drivers\cmsis\include\core_cm4.h **** 
1384:h:\drivers\cmsis\include\core_cm4.h **** #define FPU_MVFR0_Single_precision_Pos      4U                                            /*!< MVFR
1385:h:\drivers\cmsis\include\core_cm4.h **** #define FPU_MVFR0_Single_precision_Msk     (0xFUL << FPU_MVFR0_Single_precision_Pos)      /*!< MVFR
1386:h:\drivers\cmsis\include\core_cm4.h **** 
1387:h:\drivers\cmsis\include\core_cm4.h **** #define FPU_MVFR0_A_SIMD_registers_Pos      0U                                            /*!< MVFR
1388:h:\drivers\cmsis\include\core_cm4.h **** #define FPU_MVFR0_A_SIMD_registers_Msk     (0xFUL /*<< FPU_MVFR0_A_SIMD_registers_Pos*/)  /*!< MVFR
1389:h:\drivers\cmsis\include\core_cm4.h **** 
1390:h:\drivers\cmsis\include\core_cm4.h **** /* Media and FP Feature Register 1 Definitions */
1391:h:\drivers\cmsis\include\core_cm4.h **** #define FPU_MVFR1_FP_fused_MAC_Pos         28U                                            /*!< MVFR
1392:h:\drivers\cmsis\include\core_cm4.h **** #define FPU_MVFR1_FP_fused_MAC_Msk         (0xFUL << FPU_MVFR1_FP_fused_MAC_Pos)          /*!< MVFR
1393:h:\drivers\cmsis\include\core_cm4.h **** 
1394:h:\drivers\cmsis\include\core_cm4.h **** #define FPU_MVFR1_FP_HPFP_Pos              24U                                            /*!< MVFR
1395:h:\drivers\cmsis\include\core_cm4.h **** #define FPU_MVFR1_FP_HPFP_Msk              (0xFUL << FPU_MVFR1_FP_HPFP_Pos)               /*!< MVFR
1396:h:\drivers\cmsis\include\core_cm4.h **** 
1397:h:\drivers\cmsis\include\core_cm4.h **** #define FPU_MVFR1_D_NaN_mode_Pos            4U                                            /*!< MVFR
1398:h:\drivers\cmsis\include\core_cm4.h **** #define FPU_MVFR1_D_NaN_mode_Msk           (0xFUL << FPU_MVFR1_D_NaN_mode_Pos)            /*!< MVFR
1399:h:\drivers\cmsis\include\core_cm4.h **** 
1400:h:\drivers\cmsis\include\core_cm4.h **** #define FPU_MVFR1_FtZ_mode_Pos              0U                                            /*!< MVFR
ARM GAS  C:\Users\n11ak\AppData\Local\Temp\cc4kuuJl.s 			page 29


1401:h:\drivers\cmsis\include\core_cm4.h **** #define FPU_MVFR1_FtZ_mode_Msk             (0xFUL /*<< FPU_MVFR1_FtZ_mode_Pos*/)          /*!< MVFR
1402:h:\drivers\cmsis\include\core_cm4.h **** 
1403:h:\drivers\cmsis\include\core_cm4.h **** /* Media and FP Feature Register 2 Definitions */
1404:h:\drivers\cmsis\include\core_cm4.h **** 
1405:h:\drivers\cmsis\include\core_cm4.h **** #define FPU_MVFR2_VFP_Misc_Pos              4U                                            /*!< MVFR
1406:h:\drivers\cmsis\include\core_cm4.h **** #define FPU_MVFR2_VFP_Misc_Msk             (0xFUL << FPU_MVFR2_VFP_Misc_Pos)              /*!< MVFR
1407:h:\drivers\cmsis\include\core_cm4.h **** 
1408:h:\drivers\cmsis\include\core_cm4.h **** /*@} end of group CMSIS_FPU */
1409:h:\drivers\cmsis\include\core_cm4.h **** 
1410:h:\drivers\cmsis\include\core_cm4.h **** 
1411:h:\drivers\cmsis\include\core_cm4.h **** /**
1412:h:\drivers\cmsis\include\core_cm4.h ****   \ingroup  CMSIS_core_register
1413:h:\drivers\cmsis\include\core_cm4.h ****   \defgroup CMSIS_CoreDebug       Core Debug Registers (CoreDebug)
1414:h:\drivers\cmsis\include\core_cm4.h ****   \brief    Type definitions for the Core Debug Registers
1415:h:\drivers\cmsis\include\core_cm4.h ****   @{
1416:h:\drivers\cmsis\include\core_cm4.h ****  */
1417:h:\drivers\cmsis\include\core_cm4.h **** 
1418:h:\drivers\cmsis\include\core_cm4.h **** /**
1419:h:\drivers\cmsis\include\core_cm4.h ****   \brief  Structure type to access the Core Debug Register (CoreDebug).
1420:h:\drivers\cmsis\include\core_cm4.h ****  */
1421:h:\drivers\cmsis\include\core_cm4.h **** typedef struct
1422:h:\drivers\cmsis\include\core_cm4.h **** {
1423:h:\drivers\cmsis\include\core_cm4.h ****   __IOM uint32_t DHCSR;                  /*!< Offset: 0x000 (R/W)  Debug Halting Control and Status
1424:h:\drivers\cmsis\include\core_cm4.h ****   __OM  uint32_t DCRSR;                  /*!< Offset: 0x004 ( /W)  Debug Core Register Selector Reg
1425:h:\drivers\cmsis\include\core_cm4.h ****   __IOM uint32_t DCRDR;                  /*!< Offset: 0x008 (R/W)  Debug Core Register Data Registe
1426:h:\drivers\cmsis\include\core_cm4.h ****   __IOM uint32_t DEMCR;                  /*!< Offset: 0x00C (R/W)  Debug Exception and Monitor Cont
1427:h:\drivers\cmsis\include\core_cm4.h **** } CoreDebug_Type;
1428:h:\drivers\cmsis\include\core_cm4.h **** 
1429:h:\drivers\cmsis\include\core_cm4.h **** /* Debug Halting Control and Status Register Definitions */
1430:h:\drivers\cmsis\include\core_cm4.h **** #define CoreDebug_DHCSR_DBGKEY_Pos         16U                                            /*!< Core
1431:h:\drivers\cmsis\include\core_cm4.h **** #define CoreDebug_DHCSR_DBGKEY_Msk         (0xFFFFUL << CoreDebug_DHCSR_DBGKEY_Pos)       /*!< Core
1432:h:\drivers\cmsis\include\core_cm4.h **** 
1433:h:\drivers\cmsis\include\core_cm4.h **** #define CoreDebug_DHCSR_S_RESET_ST_Pos     25U                                            /*!< Core
1434:h:\drivers\cmsis\include\core_cm4.h **** #define CoreDebug_DHCSR_S_RESET_ST_Msk     (1UL << CoreDebug_DHCSR_S_RESET_ST_Pos)        /*!< Core
1435:h:\drivers\cmsis\include\core_cm4.h **** 
1436:h:\drivers\cmsis\include\core_cm4.h **** #define CoreDebug_DHCSR_S_RETIRE_ST_Pos    24U                                            /*!< Core
1437:h:\drivers\cmsis\include\core_cm4.h **** #define CoreDebug_DHCSR_S_RETIRE_ST_Msk    (1UL << CoreDebug_DHCSR_S_RETIRE_ST_Pos)       /*!< Core
1438:h:\drivers\cmsis\include\core_cm4.h **** 
1439:h:\drivers\cmsis\include\core_cm4.h **** #define CoreDebug_DHCSR_S_LOCKUP_Pos       19U                                            /*!< Core
1440:h:\drivers\cmsis\include\core_cm4.h **** #define CoreDebug_DHCSR_S_LOCKUP_Msk       (1UL << CoreDebug_DHCSR_S_LOCKUP_Pos)          /*!< Core
1441:h:\drivers\cmsis\include\core_cm4.h **** 
1442:h:\drivers\cmsis\include\core_cm4.h **** #define CoreDebug_DHCSR_S_SLEEP_Pos        18U                                            /*!< Core
1443:h:\drivers\cmsis\include\core_cm4.h **** #define CoreDebug_DHCSR_S_SLEEP_Msk        (1UL << CoreDebug_DHCSR_S_SLEEP_Pos)           /*!< Core
1444:h:\drivers\cmsis\include\core_cm4.h **** 
1445:h:\drivers\cmsis\include\core_cm4.h **** #define CoreDebug_DHCSR_S_HALT_Pos         17U                                            /*!< Core
1446:h:\drivers\cmsis\include\core_cm4.h **** #define CoreDebug_DHCSR_S_HALT_Msk         (1UL << CoreDebug_DHCSR_S_HALT_Pos)            /*!< Core
1447:h:\drivers\cmsis\include\core_cm4.h **** 
1448:h:\drivers\cmsis\include\core_cm4.h **** #define CoreDebug_DHCSR_S_REGRDY_Pos       16U                                            /*!< Core
1449:h:\drivers\cmsis\include\core_cm4.h **** #define CoreDebug_DHCSR_S_REGRDY_Msk       (1UL << CoreDebug_DHCSR_S_REGRDY_Pos)          /*!< Core
1450:h:\drivers\cmsis\include\core_cm4.h **** 
1451:h:\drivers\cmsis\include\core_cm4.h **** #define CoreDebug_DHCSR_C_SNAPSTALL_Pos     5U                                            /*!< Core
1452:h:\drivers\cmsis\include\core_cm4.h **** #define CoreDebug_DHCSR_C_SNAPSTALL_Msk    (1UL << CoreDebug_DHCSR_C_SNAPSTALL_Pos)       /*!< Core
1453:h:\drivers\cmsis\include\core_cm4.h **** 
1454:h:\drivers\cmsis\include\core_cm4.h **** #define CoreDebug_DHCSR_C_MASKINTS_Pos      3U                                            /*!< Core
1455:h:\drivers\cmsis\include\core_cm4.h **** #define CoreDebug_DHCSR_C_MASKINTS_Msk     (1UL << CoreDebug_DHCSR_C_MASKINTS_Pos)        /*!< Core
1456:h:\drivers\cmsis\include\core_cm4.h **** 
1457:h:\drivers\cmsis\include\core_cm4.h **** #define CoreDebug_DHCSR_C_STEP_Pos          2U                                            /*!< Core
ARM GAS  C:\Users\n11ak\AppData\Local\Temp\cc4kuuJl.s 			page 30


1458:h:\drivers\cmsis\include\core_cm4.h **** #define CoreDebug_DHCSR_C_STEP_Msk         (1UL << CoreDebug_DHCSR_C_STEP_Pos)            /*!< Core
1459:h:\drivers\cmsis\include\core_cm4.h **** 
1460:h:\drivers\cmsis\include\core_cm4.h **** #define CoreDebug_DHCSR_C_HALT_Pos          1U                                            /*!< Core
1461:h:\drivers\cmsis\include\core_cm4.h **** #define CoreDebug_DHCSR_C_HALT_Msk         (1UL << CoreDebug_DHCSR_C_HALT_Pos)            /*!< Core
1462:h:\drivers\cmsis\include\core_cm4.h **** 
1463:h:\drivers\cmsis\include\core_cm4.h **** #define CoreDebug_DHCSR_C_DEBUGEN_Pos       0U                                            /*!< Core
1464:h:\drivers\cmsis\include\core_cm4.h **** #define CoreDebug_DHCSR_C_DEBUGEN_Msk      (1UL /*<< CoreDebug_DHCSR_C_DEBUGEN_Pos*/)     /*!< Core
1465:h:\drivers\cmsis\include\core_cm4.h **** 
1466:h:\drivers\cmsis\include\core_cm4.h **** /* Debug Core Register Selector Register Definitions */
1467:h:\drivers\cmsis\include\core_cm4.h **** #define CoreDebug_DCRSR_REGWnR_Pos         16U                                            /*!< Core
1468:h:\drivers\cmsis\include\core_cm4.h **** #define CoreDebug_DCRSR_REGWnR_Msk         (1UL << CoreDebug_DCRSR_REGWnR_Pos)            /*!< Core
1469:h:\drivers\cmsis\include\core_cm4.h **** 
1470:h:\drivers\cmsis\include\core_cm4.h **** #define CoreDebug_DCRSR_REGSEL_Pos          0U                                            /*!< Core
1471:h:\drivers\cmsis\include\core_cm4.h **** #define CoreDebug_DCRSR_REGSEL_Msk         (0x1FUL /*<< CoreDebug_DCRSR_REGSEL_Pos*/)     /*!< Core
1472:h:\drivers\cmsis\include\core_cm4.h **** 
1473:h:\drivers\cmsis\include\core_cm4.h **** /* Debug Exception and Monitor Control Register Definitions */
1474:h:\drivers\cmsis\include\core_cm4.h **** #define CoreDebug_DEMCR_TRCENA_Pos         24U                                            /*!< Core
1475:h:\drivers\cmsis\include\core_cm4.h **** #define CoreDebug_DEMCR_TRCENA_Msk         (1UL << CoreDebug_DEMCR_TRCENA_Pos)            /*!< Core
1476:h:\drivers\cmsis\include\core_cm4.h **** 
1477:h:\drivers\cmsis\include\core_cm4.h **** #define CoreDebug_DEMCR_MON_REQ_Pos        19U                                            /*!< Core
1478:h:\drivers\cmsis\include\core_cm4.h **** #define CoreDebug_DEMCR_MON_REQ_Msk        (1UL << CoreDebug_DEMCR_MON_REQ_Pos)           /*!< Core
1479:h:\drivers\cmsis\include\core_cm4.h **** 
1480:h:\drivers\cmsis\include\core_cm4.h **** #define CoreDebug_DEMCR_MON_STEP_Pos       18U                                            /*!< Core
1481:h:\drivers\cmsis\include\core_cm4.h **** #define CoreDebug_DEMCR_MON_STEP_Msk       (1UL << CoreDebug_DEMCR_MON_STEP_Pos)          /*!< Core
1482:h:\drivers\cmsis\include\core_cm4.h **** 
1483:h:\drivers\cmsis\include\core_cm4.h **** #define CoreDebug_DEMCR_MON_PEND_Pos       17U                                            /*!< Core
1484:h:\drivers\cmsis\include\core_cm4.h **** #define CoreDebug_DEMCR_MON_PEND_Msk       (1UL << CoreDebug_DEMCR_MON_PEND_Pos)          /*!< Core
1485:h:\drivers\cmsis\include\core_cm4.h **** 
1486:h:\drivers\cmsis\include\core_cm4.h **** #define CoreDebug_DEMCR_MON_EN_Pos         16U                                            /*!< Core
1487:h:\drivers\cmsis\include\core_cm4.h **** #define CoreDebug_DEMCR_MON_EN_Msk         (1UL << CoreDebug_DEMCR_MON_EN_Pos)            /*!< Core
1488:h:\drivers\cmsis\include\core_cm4.h **** 
1489:h:\drivers\cmsis\include\core_cm4.h **** #define CoreDebug_DEMCR_VC_HARDERR_Pos     10U                                            /*!< Core
1490:h:\drivers\cmsis\include\core_cm4.h **** #define CoreDebug_DEMCR_VC_HARDERR_Msk     (1UL << CoreDebug_DEMCR_VC_HARDERR_Pos)        /*!< Core
1491:h:\drivers\cmsis\include\core_cm4.h **** 
1492:h:\drivers\cmsis\include\core_cm4.h **** #define CoreDebug_DEMCR_VC_INTERR_Pos       9U                                            /*!< Core
1493:h:\drivers\cmsis\include\core_cm4.h **** #define CoreDebug_DEMCR_VC_INTERR_Msk      (1UL << CoreDebug_DEMCR_VC_INTERR_Pos)         /*!< Core
1494:h:\drivers\cmsis\include\core_cm4.h **** 
1495:h:\drivers\cmsis\include\core_cm4.h **** #define CoreDebug_DEMCR_VC_BUSERR_Pos       8U                                            /*!< Core
1496:h:\drivers\cmsis\include\core_cm4.h **** #define CoreDebug_DEMCR_VC_BUSERR_Msk      (1UL << CoreDebug_DEMCR_VC_BUSERR_Pos)         /*!< Core
1497:h:\drivers\cmsis\include\core_cm4.h **** 
1498:h:\drivers\cmsis\include\core_cm4.h **** #define CoreDebug_DEMCR_VC_STATERR_Pos      7U                                            /*!< Core
1499:h:\drivers\cmsis\include\core_cm4.h **** #define CoreDebug_DEMCR_VC_STATERR_Msk     (1UL << CoreDebug_DEMCR_VC_STATERR_Pos)        /*!< Core
1500:h:\drivers\cmsis\include\core_cm4.h **** 
1501:h:\drivers\cmsis\include\core_cm4.h **** #define CoreDebug_DEMCR_VC_CHKERR_Pos       6U                                            /*!< Core
1502:h:\drivers\cmsis\include\core_cm4.h **** #define CoreDebug_DEMCR_VC_CHKERR_Msk      (1UL << CoreDebug_DEMCR_VC_CHKERR_Pos)         /*!< Core
1503:h:\drivers\cmsis\include\core_cm4.h **** 
1504:h:\drivers\cmsis\include\core_cm4.h **** #define CoreDebug_DEMCR_VC_NOCPERR_Pos      5U                                            /*!< Core
1505:h:\drivers\cmsis\include\core_cm4.h **** #define CoreDebug_DEMCR_VC_NOCPERR_Msk     (1UL << CoreDebug_DEMCR_VC_NOCPERR_Pos)        /*!< Core
1506:h:\drivers\cmsis\include\core_cm4.h **** 
1507:h:\drivers\cmsis\include\core_cm4.h **** #define CoreDebug_DEMCR_VC_MMERR_Pos        4U                                            /*!< Core
1508:h:\drivers\cmsis\include\core_cm4.h **** #define CoreDebug_DEMCR_VC_MMERR_Msk       (1UL << CoreDebug_DEMCR_VC_MMERR_Pos)          /*!< Core
1509:h:\drivers\cmsis\include\core_cm4.h **** 
1510:h:\drivers\cmsis\include\core_cm4.h **** #define CoreDebug_DEMCR_VC_CORERESET_Pos    0U                                            /*!< Core
1511:h:\drivers\cmsis\include\core_cm4.h **** #define CoreDebug_DEMCR_VC_CORERESET_Msk   (1UL /*<< CoreDebug_DEMCR_VC_CORERESET_Pos*/)  /*!< Core
1512:h:\drivers\cmsis\include\core_cm4.h **** 
1513:h:\drivers\cmsis\include\core_cm4.h **** /*@} end of group CMSIS_CoreDebug */
1514:h:\drivers\cmsis\include\core_cm4.h **** 
ARM GAS  C:\Users\n11ak\AppData\Local\Temp\cc4kuuJl.s 			page 31


1515:h:\drivers\cmsis\include\core_cm4.h **** 
1516:h:\drivers\cmsis\include\core_cm4.h **** /**
1517:h:\drivers\cmsis\include\core_cm4.h ****   \ingroup    CMSIS_core_register
1518:h:\drivers\cmsis\include\core_cm4.h ****   \defgroup   CMSIS_core_bitfield     Core register bit field macros
1519:h:\drivers\cmsis\include\core_cm4.h ****   \brief      Macros for use with bit field definitions (xxx_Pos, xxx_Msk).
1520:h:\drivers\cmsis\include\core_cm4.h ****   @{
1521:h:\drivers\cmsis\include\core_cm4.h ****  */
1522:h:\drivers\cmsis\include\core_cm4.h **** 
1523:h:\drivers\cmsis\include\core_cm4.h **** /**
1524:h:\drivers\cmsis\include\core_cm4.h ****   \brief   Mask and shift a bit field value for use in a register bit range.
1525:h:\drivers\cmsis\include\core_cm4.h ****   \param[in] field  Name of the register bit field.
1526:h:\drivers\cmsis\include\core_cm4.h ****   \param[in] value  Value of the bit field. This parameter is interpreted as an uint32_t type.
1527:h:\drivers\cmsis\include\core_cm4.h ****   \return           Masked and shifted value.
1528:h:\drivers\cmsis\include\core_cm4.h **** */
1529:h:\drivers\cmsis\include\core_cm4.h **** #define _VAL2FLD(field, value)    (((uint32_t)(value) << field ## _Pos) & field ## _Msk)
1530:h:\drivers\cmsis\include\core_cm4.h **** 
1531:h:\drivers\cmsis\include\core_cm4.h **** /**
1532:h:\drivers\cmsis\include\core_cm4.h ****   \brief     Mask and shift a register value to extract a bit filed value.
1533:h:\drivers\cmsis\include\core_cm4.h ****   \param[in] field  Name of the register bit field.
1534:h:\drivers\cmsis\include\core_cm4.h ****   \param[in] value  Value of register. This parameter is interpreted as an uint32_t type.
1535:h:\drivers\cmsis\include\core_cm4.h ****   \return           Masked and shifted bit field value.
1536:h:\drivers\cmsis\include\core_cm4.h **** */
1537:h:\drivers\cmsis\include\core_cm4.h **** #define _FLD2VAL(field, value)    (((uint32_t)(value) & field ## _Msk) >> field ## _Pos)
1538:h:\drivers\cmsis\include\core_cm4.h **** 
1539:h:\drivers\cmsis\include\core_cm4.h **** /*@} end of group CMSIS_core_bitfield */
1540:h:\drivers\cmsis\include\core_cm4.h **** 
1541:h:\drivers\cmsis\include\core_cm4.h **** 
1542:h:\drivers\cmsis\include\core_cm4.h **** /**
1543:h:\drivers\cmsis\include\core_cm4.h ****   \ingroup    CMSIS_core_register
1544:h:\drivers\cmsis\include\core_cm4.h ****   \defgroup   CMSIS_core_base     Core Definitions
1545:h:\drivers\cmsis\include\core_cm4.h ****   \brief      Definitions for base addresses, unions, and structures.
1546:h:\drivers\cmsis\include\core_cm4.h ****   @{
1547:h:\drivers\cmsis\include\core_cm4.h ****  */
1548:h:\drivers\cmsis\include\core_cm4.h **** 
1549:h:\drivers\cmsis\include\core_cm4.h **** /* Memory mapping of Core Hardware */
1550:h:\drivers\cmsis\include\core_cm4.h **** #define SCS_BASE            (0xE000E000UL)                            /*!< System Control Space Bas
1551:h:\drivers\cmsis\include\core_cm4.h **** #define ITM_BASE            (0xE0000000UL)                            /*!< ITM Base Address */
1552:h:\drivers\cmsis\include\core_cm4.h **** #define DWT_BASE            (0xE0001000UL)                            /*!< DWT Base Address */
1553:h:\drivers\cmsis\include\core_cm4.h **** #define TPI_BASE            (0xE0040000UL)                            /*!< TPI Base Address */
1554:h:\drivers\cmsis\include\core_cm4.h **** #define CoreDebug_BASE      (0xE000EDF0UL)                            /*!< Core Debug Base Address 
1555:h:\drivers\cmsis\include\core_cm4.h **** #define SysTick_BASE        (SCS_BASE +  0x0010UL)                    /*!< SysTick Base Address */
1556:h:\drivers\cmsis\include\core_cm4.h **** #define NVIC_BASE           (SCS_BASE +  0x0100UL)                    /*!< NVIC Base Address */
1557:h:\drivers\cmsis\include\core_cm4.h **** #define SCB_BASE            (SCS_BASE +  0x0D00UL)                    /*!< System Control Block Bas
1558:h:\drivers\cmsis\include\core_cm4.h **** 
1559:h:\drivers\cmsis\include\core_cm4.h **** #define SCnSCB              ((SCnSCB_Type    *)     SCS_BASE      )   /*!< System control Register 
1560:h:\drivers\cmsis\include\core_cm4.h **** #define SCB                 ((SCB_Type       *)     SCB_BASE      )   /*!< SCB configuration struct
1561:h:\drivers\cmsis\include\core_cm4.h **** #define SysTick             ((SysTick_Type   *)     SysTick_BASE  )   /*!< SysTick configuration st
1562:h:\drivers\cmsis\include\core_cm4.h **** #define NVIC                ((NVIC_Type      *)     NVIC_BASE     )   /*!< NVIC configuration struc
1563:h:\drivers\cmsis\include\core_cm4.h **** #define ITM                 ((ITM_Type       *)     ITM_BASE      )   /*!< ITM configuration struct
1564:h:\drivers\cmsis\include\core_cm4.h **** #define DWT                 ((DWT_Type       *)     DWT_BASE      )   /*!< DWT configuration struct
1565:h:\drivers\cmsis\include\core_cm4.h **** #define TPI                 ((TPI_Type       *)     TPI_BASE      )   /*!< TPI configuration struct
1566:h:\drivers\cmsis\include\core_cm4.h **** #define CoreDebug           ((CoreDebug_Type *)     CoreDebug_BASE)   /*!< Core Debug configuration
1567:h:\drivers\cmsis\include\core_cm4.h **** 
1568:h:\drivers\cmsis\include\core_cm4.h **** #if defined (__MPU_PRESENT) && (__MPU_PRESENT == 1U)
1569:h:\drivers\cmsis\include\core_cm4.h ****   #define MPU_BASE          (SCS_BASE +  0x0D90UL)                    /*!< Memory Protection Unit *
1570:h:\drivers\cmsis\include\core_cm4.h ****   #define MPU               ((MPU_Type       *)     MPU_BASE      )   /*!< Memory Protection Unit *
1571:h:\drivers\cmsis\include\core_cm4.h **** #endif
ARM GAS  C:\Users\n11ak\AppData\Local\Temp\cc4kuuJl.s 			page 32


1572:h:\drivers\cmsis\include\core_cm4.h **** 
1573:h:\drivers\cmsis\include\core_cm4.h **** #define FPU_BASE            (SCS_BASE +  0x0F30UL)                    /*!< Floating Point Unit */
1574:h:\drivers\cmsis\include\core_cm4.h **** #define FPU                 ((FPU_Type       *)     FPU_BASE      )   /*!< Floating Point Unit */
1575:h:\drivers\cmsis\include\core_cm4.h **** 
1576:h:\drivers\cmsis\include\core_cm4.h **** /*@} */
1577:h:\drivers\cmsis\include\core_cm4.h **** 
1578:h:\drivers\cmsis\include\core_cm4.h **** 
1579:h:\drivers\cmsis\include\core_cm4.h **** 
1580:h:\drivers\cmsis\include\core_cm4.h **** /*******************************************************************************
1581:h:\drivers\cmsis\include\core_cm4.h ****  *                Hardware Abstraction Layer
1582:h:\drivers\cmsis\include\core_cm4.h ****   Core Function Interface contains:
1583:h:\drivers\cmsis\include\core_cm4.h ****   - Core NVIC Functions
1584:h:\drivers\cmsis\include\core_cm4.h ****   - Core SysTick Functions
1585:h:\drivers\cmsis\include\core_cm4.h ****   - Core Debug Functions
1586:h:\drivers\cmsis\include\core_cm4.h ****   - Core Register Access Functions
1587:h:\drivers\cmsis\include\core_cm4.h ****  ******************************************************************************/
1588:h:\drivers\cmsis\include\core_cm4.h **** /**
1589:h:\drivers\cmsis\include\core_cm4.h ****   \defgroup CMSIS_Core_FunctionInterface Functions and Instructions Reference
1590:h:\drivers\cmsis\include\core_cm4.h **** */
1591:h:\drivers\cmsis\include\core_cm4.h **** 
1592:h:\drivers\cmsis\include\core_cm4.h **** 
1593:h:\drivers\cmsis\include\core_cm4.h **** 
1594:h:\drivers\cmsis\include\core_cm4.h **** /* ##########################   NVIC functions  #################################### */
1595:h:\drivers\cmsis\include\core_cm4.h **** /**
1596:h:\drivers\cmsis\include\core_cm4.h ****   \ingroup  CMSIS_Core_FunctionInterface
1597:h:\drivers\cmsis\include\core_cm4.h ****   \defgroup CMSIS_Core_NVICFunctions NVIC Functions
1598:h:\drivers\cmsis\include\core_cm4.h ****   \brief    Functions that manage interrupts and exceptions via the NVIC.
1599:h:\drivers\cmsis\include\core_cm4.h ****   @{
1600:h:\drivers\cmsis\include\core_cm4.h ****  */
1601:h:\drivers\cmsis\include\core_cm4.h **** 
1602:h:\drivers\cmsis\include\core_cm4.h **** #ifdef CMSIS_NVIC_VIRTUAL
1603:h:\drivers\cmsis\include\core_cm4.h ****   #ifndef CMSIS_NVIC_VIRTUAL_HEADER_FILE
1604:h:\drivers\cmsis\include\core_cm4.h ****     #define CMSIS_NVIC_VIRTUAL_HEADER_FILE "cmsis_nvic_virtual.h"
1605:h:\drivers\cmsis\include\core_cm4.h ****   #endif
1606:h:\drivers\cmsis\include\core_cm4.h ****   #include CMSIS_NVIC_VIRTUAL_HEADER_FILE
1607:h:\drivers\cmsis\include\core_cm4.h **** #else
1608:h:\drivers\cmsis\include\core_cm4.h ****   #define NVIC_SetPriorityGrouping    __NVIC_SetPriorityGrouping
1609:h:\drivers\cmsis\include\core_cm4.h ****   #define NVIC_GetPriorityGrouping    __NVIC_GetPriorityGrouping
1610:h:\drivers\cmsis\include\core_cm4.h ****   #define NVIC_EnableIRQ              __NVIC_EnableIRQ
1611:h:\drivers\cmsis\include\core_cm4.h ****   #define NVIC_GetEnableIRQ           __NVIC_GetEnableIRQ
1612:h:\drivers\cmsis\include\core_cm4.h ****   #define NVIC_DisableIRQ             __NVIC_DisableIRQ
1613:h:\drivers\cmsis\include\core_cm4.h ****   #define NVIC_GetPendingIRQ          __NVIC_GetPendingIRQ
1614:h:\drivers\cmsis\include\core_cm4.h ****   #define NVIC_SetPendingIRQ          __NVIC_SetPendingIRQ
1615:h:\drivers\cmsis\include\core_cm4.h ****   #define NVIC_ClearPendingIRQ        __NVIC_ClearPendingIRQ
1616:h:\drivers\cmsis\include\core_cm4.h ****   #define NVIC_GetActive              __NVIC_GetActive
1617:h:\drivers\cmsis\include\core_cm4.h ****   #define NVIC_SetPriority            __NVIC_SetPriority
1618:h:\drivers\cmsis\include\core_cm4.h ****   #define NVIC_GetPriority            __NVIC_GetPriority
1619:h:\drivers\cmsis\include\core_cm4.h ****   #define NVIC_SystemReset            __NVIC_SystemReset
1620:h:\drivers\cmsis\include\core_cm4.h **** #endif /* CMSIS_NVIC_VIRTUAL */
1621:h:\drivers\cmsis\include\core_cm4.h **** 
1622:h:\drivers\cmsis\include\core_cm4.h **** #ifdef CMSIS_VECTAB_VIRTUAL
1623:h:\drivers\cmsis\include\core_cm4.h ****   #ifndef CMSIS_VECTAB_VIRTUAL_HEADER_FILE
1624:h:\drivers\cmsis\include\core_cm4.h ****     #define CMSIS_VECTAB_VIRTUAL_HEADER_FILE "cmsis_vectab_virtual.h"
1625:h:\drivers\cmsis\include\core_cm4.h ****   #endif
1626:h:\drivers\cmsis\include\core_cm4.h ****   #include CMSIS_VECTAB_VIRTUAL_HEADER_FILE
1627:h:\drivers\cmsis\include\core_cm4.h **** #else
1628:h:\drivers\cmsis\include\core_cm4.h ****   #define NVIC_SetVector              __NVIC_SetVector
ARM GAS  C:\Users\n11ak\AppData\Local\Temp\cc4kuuJl.s 			page 33


1629:h:\drivers\cmsis\include\core_cm4.h ****   #define NVIC_GetVector              __NVIC_GetVector
1630:h:\drivers\cmsis\include\core_cm4.h **** #endif  /* (CMSIS_VECTAB_VIRTUAL) */
1631:h:\drivers\cmsis\include\core_cm4.h **** 
1632:h:\drivers\cmsis\include\core_cm4.h **** #define NVIC_USER_IRQ_OFFSET          16
1633:h:\drivers\cmsis\include\core_cm4.h **** 
1634:h:\drivers\cmsis\include\core_cm4.h **** 
1635:h:\drivers\cmsis\include\core_cm4.h **** /* The following EXC_RETURN values are saved the LR on exception entry */
1636:h:\drivers\cmsis\include\core_cm4.h **** #define EXC_RETURN_HANDLER         (0xFFFFFFF1UL)     /* return to Handler mode, uses MSP after ret
1637:h:\drivers\cmsis\include\core_cm4.h **** #define EXC_RETURN_THREAD_MSP      (0xFFFFFFF9UL)     /* return to Thread mode, uses MSP after retu
1638:h:\drivers\cmsis\include\core_cm4.h **** #define EXC_RETURN_THREAD_PSP      (0xFFFFFFFDUL)     /* return to Thread mode, uses PSP after retu
1639:h:\drivers\cmsis\include\core_cm4.h **** #define EXC_RETURN_HANDLER_FPU     (0xFFFFFFE1UL)     /* return to Handler mode, uses MSP after ret
1640:h:\drivers\cmsis\include\core_cm4.h **** #define EXC_RETURN_THREAD_MSP_FPU  (0xFFFFFFE9UL)     /* return to Thread mode, uses MSP after retu
1641:h:\drivers\cmsis\include\core_cm4.h **** #define EXC_RETURN_THREAD_PSP_FPU  (0xFFFFFFEDUL)     /* return to Thread mode, uses PSP after retu
1642:h:\drivers\cmsis\include\core_cm4.h **** 
1643:h:\drivers\cmsis\include\core_cm4.h **** 
1644:h:\drivers\cmsis\include\core_cm4.h **** /**
1645:h:\drivers\cmsis\include\core_cm4.h ****   \brief   Set Priority Grouping
1646:h:\drivers\cmsis\include\core_cm4.h ****   \details Sets the priority grouping field using the required unlock sequence.
1647:h:\drivers\cmsis\include\core_cm4.h ****            The parameter PriorityGroup is assigned to the field SCB->AIRCR [10:8] PRIGROUP field.
1648:h:\drivers\cmsis\include\core_cm4.h ****            Only values from 0..7 are used.
1649:h:\drivers\cmsis\include\core_cm4.h ****            In case of a conflict between priority grouping and available
1650:h:\drivers\cmsis\include\core_cm4.h ****            priority bits (__NVIC_PRIO_BITS), the smallest possible priority group is set.
1651:h:\drivers\cmsis\include\core_cm4.h ****   \param [in]      PriorityGroup  Priority grouping field.
1652:h:\drivers\cmsis\include\core_cm4.h ****  */
1653:h:\drivers\cmsis\include\core_cm4.h **** __STATIC_INLINE void __NVIC_SetPriorityGrouping(uint32_t PriorityGroup)
  40              		.loc 2 1653 22 view .LVU3
  41              	.LBB37:
1654:h:\drivers\cmsis\include\core_cm4.h **** {
1655:h:\drivers\cmsis\include\core_cm4.h ****   uint32_t reg_value;
  42              		.loc 2 1655 3 view .LVU4
1656:h:\drivers\cmsis\include\core_cm4.h ****   uint32_t PriorityGroupTmp = (PriorityGroup & (uint32_t)0x07UL);             /* only values 0..7 a
  43              		.loc 2 1656 3 view .LVU5
1657:h:\drivers\cmsis\include\core_cm4.h **** 
1658:h:\drivers\cmsis\include\core_cm4.h ****   reg_value  =  SCB->AIRCR;                                                   /* read old register 
  44              		.loc 2 1658 3 view .LVU6
  45              		.loc 2 1658 14 is_stmt 0 view .LVU7
  46 0000 074A     		ldr	r2, .L2
  47 0002 D368     		ldr	r3, [r2, #12]
  48              	.LVL1:
1659:h:\drivers\cmsis\include\core_cm4.h ****   reg_value &= ~((uint32_t)(SCB_AIRCR_VECTKEY_Msk | SCB_AIRCR_PRIGROUP_Msk)); /* clear bits to chan
  49              		.loc 2 1659 3 is_stmt 1 view .LVU8
  50              		.loc 2 1659 13 is_stmt 0 view .LVU9
  51 0004 23F4E063 		bic	r3, r3, #1792
  52              	.LVL2:
  53              		.loc 2 1659 13 view .LVU10
  54 0008 1B04     		lsls	r3, r3, #16
  55 000a 1B0C     		lsrs	r3, r3, #16
  56              	.LVL3:
1660:h:\drivers\cmsis\include\core_cm4.h ****   reg_value  =  (reg_value                                   |
  57              		.loc 2 1660 3 is_stmt 1 view .LVU11
1661:h:\drivers\cmsis\include\core_cm4.h ****                 ((uint32_t)0x5FAUL << SCB_AIRCR_VECTKEY_Pos) |
1662:h:\drivers\cmsis\include\core_cm4.h ****                 (PriorityGroupTmp << SCB_AIRCR_PRIGROUP_Pos)  );              /* Insert write key a
  58              		.loc 2 1662 35 is_stmt 0 view .LVU12
  59 000c 0002     		lsls	r0, r0, #8
  60              	.LVL4:
  61              		.loc 2 1662 35 view .LVU13
  62 000e 00F4E060 		and	r0, r0, #1792
ARM GAS  C:\Users\n11ak\AppData\Local\Temp\cc4kuuJl.s 			page 34


1661:h:\drivers\cmsis\include\core_cm4.h ****                 ((uint32_t)0x5FAUL << SCB_AIRCR_VECTKEY_Pos) |
  63              		.loc 2 1661 62 view .LVU14
  64 0012 0343     		orrs	r3, r3, r0
  65              	.LVL5:
1660:h:\drivers\cmsis\include\core_cm4.h ****   reg_value  =  (reg_value                                   |
  66              		.loc 2 1660 14 view .LVU15
  67 0014 43F0BF63 		orr	r3, r3, #100139008
  68 0018 43F40033 		orr	r3, r3, #131072
  69              	.LVL6:
1663:h:\drivers\cmsis\include\core_cm4.h ****   SCB->AIRCR =  reg_value;
  70              		.loc 2 1663 3 is_stmt 1 view .LVU16
  71              		.loc 2 1663 14 is_stmt 0 view .LVU17
  72 001c D360     		str	r3, [r2, #12]
  73              	.LVL7:
  74              		.loc 2 1663 14 view .LVU18
  75              	.LBE37:
  76              	.LBE36:
 159:../../../../../Drivers/PY32E407_HAL_Driver/Src/py32e407_hal_cortex.c **** }
  77              		.loc 1 159 1 view .LVU19
  78 001e 7047     		bx	lr
  79              	.L3:
  80              		.align	2
  81              	.L2:
  82 0020 00ED00E0 		.word	-536810240
  83              		.cfi_endproc
  84              	.LFE136:
  86              		.section	.text.HAL_NVIC_SetPriority,"ax",%progbits
  87              		.align	1
  88              		.global	HAL_NVIC_SetPriority
  89              		.syntax unified
  90              		.thumb
  91              		.thumb_func
  93              	HAL_NVIC_SetPriority:
  94              	.LVL8:
  95              	.LFB137:
 160:../../../../../Drivers/PY32E407_HAL_Driver/Src/py32e407_hal_cortex.c **** 
 161:../../../../../Drivers/PY32E407_HAL_Driver/Src/py32e407_hal_cortex.c **** /**
 162:../../../../../Drivers/PY32E407_HAL_Driver/Src/py32e407_hal_cortex.c ****   * @brief  Sets the priority of an interrupt.
 163:../../../../../Drivers/PY32E407_HAL_Driver/Src/py32e407_hal_cortex.c ****   * @param  IRQn: External interrupt number.
 164:../../../../../Drivers/PY32E407_HAL_Driver/Src/py32e407_hal_cortex.c ****   *         This parameter can be an enumerator of IRQn_Type enumeration
 165:../../../../../Drivers/PY32E407_HAL_Driver/Src/py32e407_hal_cortex.c ****   *         (For the complete PY32 Devices IRQ Channels list, please refer to the appropriate CMSIS
 166:../../../../../Drivers/PY32E407_HAL_Driver/Src/py32e407_hal_cortex.c ****   * @param  PreemptPriority: The preemption priority for the IRQn channel.
 167:../../../../../Drivers/PY32E407_HAL_Driver/Src/py32e407_hal_cortex.c ****   *         This parameter can be a value between 0 and 15
 168:../../../../../Drivers/PY32E407_HAL_Driver/Src/py32e407_hal_cortex.c ****   *         A lower priority value indicates a higher priority 
 169:../../../../../Drivers/PY32E407_HAL_Driver/Src/py32e407_hal_cortex.c ****   * @param  SubPriority: the subpriority level for the IRQ channel.
 170:../../../../../Drivers/PY32E407_HAL_Driver/Src/py32e407_hal_cortex.c ****   *         This parameter can be a value between 0 and 15
 171:../../../../../Drivers/PY32E407_HAL_Driver/Src/py32e407_hal_cortex.c ****   *         A lower priority value indicates a higher priority.          
 172:../../../../../Drivers/PY32E407_HAL_Driver/Src/py32e407_hal_cortex.c ****   * @retval None
 173:../../../../../Drivers/PY32E407_HAL_Driver/Src/py32e407_hal_cortex.c ****   */
 174:../../../../../Drivers/PY32E407_HAL_Driver/Src/py32e407_hal_cortex.c **** void HAL_NVIC_SetPriority(IRQn_Type IRQn, uint32_t PreemptPriority, uint32_t SubPriority)
 175:../../../../../Drivers/PY32E407_HAL_Driver/Src/py32e407_hal_cortex.c **** { 
  96              		.loc 1 175 1 is_stmt 1 view -0
  97              		.cfi_startproc
  98              		@ args = 0, pretend = 0, frame = 0
  99              		@ frame_needed = 0, uses_anonymous_args = 0
 100              		.loc 1 175 1 is_stmt 0 view .LVU21
 101 0000 00B5     		push	{lr}
ARM GAS  C:\Users\n11ak\AppData\Local\Temp\cc4kuuJl.s 			page 35


 102              	.LCFI0:
 103              		.cfi_def_cfa_offset 4
 104              		.cfi_offset 14, -4
 176:../../../../../Drivers/PY32E407_HAL_Driver/Src/py32e407_hal_cortex.c ****   uint32_t prioritygroup = 0x00U;
 105              		.loc 1 176 3 is_stmt 1 view .LVU22
 106              	.LVL9:
 177:../../../../../Drivers/PY32E407_HAL_Driver/Src/py32e407_hal_cortex.c ****   
 178:../../../../../Drivers/PY32E407_HAL_Driver/Src/py32e407_hal_cortex.c ****   /* Check the parameters */
 179:../../../../../Drivers/PY32E407_HAL_Driver/Src/py32e407_hal_cortex.c ****   assert_param(IS_NVIC_SUB_PRIORITY(SubPriority));
 107              		.loc 1 179 3 view .LVU23
 180:../../../../../Drivers/PY32E407_HAL_Driver/Src/py32e407_hal_cortex.c ****   assert_param(IS_NVIC_PREEMPTION_PRIORITY(PreemptPriority));
 108              		.loc 1 180 3 view .LVU24
 181:../../../../../Drivers/PY32E407_HAL_Driver/Src/py32e407_hal_cortex.c ****   
 182:../../../../../Drivers/PY32E407_HAL_Driver/Src/py32e407_hal_cortex.c ****   prioritygroup = NVIC_GetPriorityGrouping();
 109              		.loc 1 182 3 view .LVU25
 110              	.LBB44:
 111              	.LBI44:
1664:h:\drivers\cmsis\include\core_cm4.h **** }
1665:h:\drivers\cmsis\include\core_cm4.h **** 
1666:h:\drivers\cmsis\include\core_cm4.h **** 
1667:h:\drivers\cmsis\include\core_cm4.h **** /**
1668:h:\drivers\cmsis\include\core_cm4.h ****   \brief   Get Priority Grouping
1669:h:\drivers\cmsis\include\core_cm4.h ****   \details Reads the priority grouping field from the NVIC Interrupt Controller.
1670:h:\drivers\cmsis\include\core_cm4.h ****   \return                Priority grouping field (SCB->AIRCR [10:8] PRIGROUP field).
1671:h:\drivers\cmsis\include\core_cm4.h ****  */
1672:h:\drivers\cmsis\include\core_cm4.h **** __STATIC_INLINE uint32_t __NVIC_GetPriorityGrouping(void)
 112              		.loc 2 1672 26 view .LVU26
 113              	.LBB45:
1673:h:\drivers\cmsis\include\core_cm4.h **** {
1674:h:\drivers\cmsis\include\core_cm4.h ****   return ((uint32_t)((SCB->AIRCR & SCB_AIRCR_PRIGROUP_Msk) >> SCB_AIRCR_PRIGROUP_Pos));
 114              		.loc 2 1674 3 view .LVU27
 115              		.loc 2 1674 26 is_stmt 0 view .LVU28
 116 0002 194B     		ldr	r3, .L10
 117 0004 DB68     		ldr	r3, [r3, #12]
 118              		.loc 2 1674 11 view .LVU29
 119 0006 C3F30223 		ubfx	r3, r3, #8, #3
 120              	.LVL10:
 121              		.loc 2 1674 11 view .LVU30
 122              	.LBE45:
 123              	.LBE44:
 183:../../../../../Drivers/PY32E407_HAL_Driver/Src/py32e407_hal_cortex.c ****   
 184:../../../../../Drivers/PY32E407_HAL_Driver/Src/py32e407_hal_cortex.c ****   NVIC_SetPriority(IRQn, NVIC_EncodePriority(prioritygroup, PreemptPriority, SubPriority));
 124              		.loc 1 184 3 is_stmt 1 view .LVU31
 125              	.LBB46:
 126              	.LBI46:
1675:h:\drivers\cmsis\include\core_cm4.h **** }
1676:h:\drivers\cmsis\include\core_cm4.h **** 
1677:h:\drivers\cmsis\include\core_cm4.h **** 
1678:h:\drivers\cmsis\include\core_cm4.h **** /**
1679:h:\drivers\cmsis\include\core_cm4.h ****   \brief   Enable Interrupt
1680:h:\drivers\cmsis\include\core_cm4.h ****   \details Enables a device specific interrupt in the NVIC interrupt controller.
1681:h:\drivers\cmsis\include\core_cm4.h ****   \param [in]      IRQn  Device specific interrupt number.
1682:h:\drivers\cmsis\include\core_cm4.h ****   \note    IRQn must not be negative.
1683:h:\drivers\cmsis\include\core_cm4.h ****  */
1684:h:\drivers\cmsis\include\core_cm4.h **** __STATIC_INLINE void __NVIC_EnableIRQ(IRQn_Type IRQn)
1685:h:\drivers\cmsis\include\core_cm4.h **** {
1686:h:\drivers\cmsis\include\core_cm4.h ****   if ((int32_t)(IRQn) >= 0)
ARM GAS  C:\Users\n11ak\AppData\Local\Temp\cc4kuuJl.s 			page 36


1687:h:\drivers\cmsis\include\core_cm4.h ****   {
1688:h:\drivers\cmsis\include\core_cm4.h ****     __COMPILER_BARRIER();
1689:h:\drivers\cmsis\include\core_cm4.h ****     NVIC->ISER[(((uint32_t)IRQn) >> 5UL)] = (uint32_t)(1UL << (((uint32_t)IRQn) & 0x1FUL));
1690:h:\drivers\cmsis\include\core_cm4.h ****     __COMPILER_BARRIER();
1691:h:\drivers\cmsis\include\core_cm4.h ****   }
1692:h:\drivers\cmsis\include\core_cm4.h **** }
1693:h:\drivers\cmsis\include\core_cm4.h **** 
1694:h:\drivers\cmsis\include\core_cm4.h **** 
1695:h:\drivers\cmsis\include\core_cm4.h **** /**
1696:h:\drivers\cmsis\include\core_cm4.h ****   \brief   Get Interrupt Enable status
1697:h:\drivers\cmsis\include\core_cm4.h ****   \details Returns a device specific interrupt enable status from the NVIC interrupt controller.
1698:h:\drivers\cmsis\include\core_cm4.h ****   \param [in]      IRQn  Device specific interrupt number.
1699:h:\drivers\cmsis\include\core_cm4.h ****   \return             0  Interrupt is not enabled.
1700:h:\drivers\cmsis\include\core_cm4.h ****   \return             1  Interrupt is enabled.
1701:h:\drivers\cmsis\include\core_cm4.h ****   \note    IRQn must not be negative.
1702:h:\drivers\cmsis\include\core_cm4.h ****  */
1703:h:\drivers\cmsis\include\core_cm4.h **** __STATIC_INLINE uint32_t __NVIC_GetEnableIRQ(IRQn_Type IRQn)
1704:h:\drivers\cmsis\include\core_cm4.h **** {
1705:h:\drivers\cmsis\include\core_cm4.h ****   if ((int32_t)(IRQn) >= 0)
1706:h:\drivers\cmsis\include\core_cm4.h ****   {
1707:h:\drivers\cmsis\include\core_cm4.h ****     return((uint32_t)(((NVIC->ISER[(((uint32_t)IRQn) >> 5UL)] & (1UL << (((uint32_t)IRQn) & 0x1FUL)
1708:h:\drivers\cmsis\include\core_cm4.h ****   }
1709:h:\drivers\cmsis\include\core_cm4.h ****   else
1710:h:\drivers\cmsis\include\core_cm4.h ****   {
1711:h:\drivers\cmsis\include\core_cm4.h ****     return(0U);
1712:h:\drivers\cmsis\include\core_cm4.h ****   }
1713:h:\drivers\cmsis\include\core_cm4.h **** }
1714:h:\drivers\cmsis\include\core_cm4.h **** 
1715:h:\drivers\cmsis\include\core_cm4.h **** 
1716:h:\drivers\cmsis\include\core_cm4.h **** /**
1717:h:\drivers\cmsis\include\core_cm4.h ****   \brief   Disable Interrupt
1718:h:\drivers\cmsis\include\core_cm4.h ****   \details Disables a device specific interrupt in the NVIC interrupt controller.
1719:h:\drivers\cmsis\include\core_cm4.h ****   \param [in]      IRQn  Device specific interrupt number.
1720:h:\drivers\cmsis\include\core_cm4.h ****   \note    IRQn must not be negative.
1721:h:\drivers\cmsis\include\core_cm4.h ****  */
1722:h:\drivers\cmsis\include\core_cm4.h **** __STATIC_INLINE void __NVIC_DisableIRQ(IRQn_Type IRQn)
1723:h:\drivers\cmsis\include\core_cm4.h **** {
1724:h:\drivers\cmsis\include\core_cm4.h ****   if ((int32_t)(IRQn) >= 0)
1725:h:\drivers\cmsis\include\core_cm4.h ****   {
1726:h:\drivers\cmsis\include\core_cm4.h ****     NVIC->ICER[(((uint32_t)IRQn) >> 5UL)] = (uint32_t)(1UL << (((uint32_t)IRQn) & 0x1FUL));
1727:h:\drivers\cmsis\include\core_cm4.h ****     __DSB();
1728:h:\drivers\cmsis\include\core_cm4.h ****     __ISB();
1729:h:\drivers\cmsis\include\core_cm4.h ****   }
1730:h:\drivers\cmsis\include\core_cm4.h **** }
1731:h:\drivers\cmsis\include\core_cm4.h **** 
1732:h:\drivers\cmsis\include\core_cm4.h **** 
1733:h:\drivers\cmsis\include\core_cm4.h **** /**
1734:h:\drivers\cmsis\include\core_cm4.h ****   \brief   Get Pending Interrupt
1735:h:\drivers\cmsis\include\core_cm4.h ****   \details Reads the NVIC pending register and returns the pending bit for the specified device spe
1736:h:\drivers\cmsis\include\core_cm4.h ****   \param [in]      IRQn  Device specific interrupt number.
1737:h:\drivers\cmsis\include\core_cm4.h ****   \return             0  Interrupt status is not pending.
1738:h:\drivers\cmsis\include\core_cm4.h ****   \return             1  Interrupt status is pending.
1739:h:\drivers\cmsis\include\core_cm4.h ****   \note    IRQn must not be negative.
1740:h:\drivers\cmsis\include\core_cm4.h ****  */
1741:h:\drivers\cmsis\include\core_cm4.h **** __STATIC_INLINE uint32_t __NVIC_GetPendingIRQ(IRQn_Type IRQn)
1742:h:\drivers\cmsis\include\core_cm4.h **** {
1743:h:\drivers\cmsis\include\core_cm4.h ****   if ((int32_t)(IRQn) >= 0)
ARM GAS  C:\Users\n11ak\AppData\Local\Temp\cc4kuuJl.s 			page 37


1744:h:\drivers\cmsis\include\core_cm4.h ****   {
1745:h:\drivers\cmsis\include\core_cm4.h ****     return((uint32_t)(((NVIC->ISPR[(((uint32_t)IRQn) >> 5UL)] & (1UL << (((uint32_t)IRQn) & 0x1FUL)
1746:h:\drivers\cmsis\include\core_cm4.h ****   }
1747:h:\drivers\cmsis\include\core_cm4.h ****   else
1748:h:\drivers\cmsis\include\core_cm4.h ****   {
1749:h:\drivers\cmsis\include\core_cm4.h ****     return(0U);
1750:h:\drivers\cmsis\include\core_cm4.h ****   }
1751:h:\drivers\cmsis\include\core_cm4.h **** }
1752:h:\drivers\cmsis\include\core_cm4.h **** 
1753:h:\drivers\cmsis\include\core_cm4.h **** 
1754:h:\drivers\cmsis\include\core_cm4.h **** /**
1755:h:\drivers\cmsis\include\core_cm4.h ****   \brief   Set Pending Interrupt
1756:h:\drivers\cmsis\include\core_cm4.h ****   \details Sets the pending bit of a device specific interrupt in the NVIC pending register.
1757:h:\drivers\cmsis\include\core_cm4.h ****   \param [in]      IRQn  Device specific interrupt number.
1758:h:\drivers\cmsis\include\core_cm4.h ****   \note    IRQn must not be negative.
1759:h:\drivers\cmsis\include\core_cm4.h ****  */
1760:h:\drivers\cmsis\include\core_cm4.h **** __STATIC_INLINE void __NVIC_SetPendingIRQ(IRQn_Type IRQn)
1761:h:\drivers\cmsis\include\core_cm4.h **** {
1762:h:\drivers\cmsis\include\core_cm4.h ****   if ((int32_t)(IRQn) >= 0)
1763:h:\drivers\cmsis\include\core_cm4.h ****   {
1764:h:\drivers\cmsis\include\core_cm4.h ****     NVIC->ISPR[(((uint32_t)IRQn) >> 5UL)] = (uint32_t)(1UL << (((uint32_t)IRQn) & 0x1FUL));
1765:h:\drivers\cmsis\include\core_cm4.h ****   }
1766:h:\drivers\cmsis\include\core_cm4.h **** }
1767:h:\drivers\cmsis\include\core_cm4.h **** 
1768:h:\drivers\cmsis\include\core_cm4.h **** 
1769:h:\drivers\cmsis\include\core_cm4.h **** /**
1770:h:\drivers\cmsis\include\core_cm4.h ****   \brief   Clear Pending Interrupt
1771:h:\drivers\cmsis\include\core_cm4.h ****   \details Clears the pending bit of a device specific interrupt in the NVIC pending register.
1772:h:\drivers\cmsis\include\core_cm4.h ****   \param [in]      IRQn  Device specific interrupt number.
1773:h:\drivers\cmsis\include\core_cm4.h ****   \note    IRQn must not be negative.
1774:h:\drivers\cmsis\include\core_cm4.h ****  */
1775:h:\drivers\cmsis\include\core_cm4.h **** __STATIC_INLINE void __NVIC_ClearPendingIRQ(IRQn_Type IRQn)
1776:h:\drivers\cmsis\include\core_cm4.h **** {
1777:h:\drivers\cmsis\include\core_cm4.h ****   if ((int32_t)(IRQn) >= 0)
1778:h:\drivers\cmsis\include\core_cm4.h ****   {
1779:h:\drivers\cmsis\include\core_cm4.h ****     NVIC->ICPR[(((uint32_t)IRQn) >> 5UL)] = (uint32_t)(1UL << (((uint32_t)IRQn) & 0x1FUL));
1780:h:\drivers\cmsis\include\core_cm4.h ****   }
1781:h:\drivers\cmsis\include\core_cm4.h **** }
1782:h:\drivers\cmsis\include\core_cm4.h **** 
1783:h:\drivers\cmsis\include\core_cm4.h **** 
1784:h:\drivers\cmsis\include\core_cm4.h **** /**
1785:h:\drivers\cmsis\include\core_cm4.h ****   \brief   Get Active Interrupt
1786:h:\drivers\cmsis\include\core_cm4.h ****   \details Reads the active register in the NVIC and returns the active bit for the device specific
1787:h:\drivers\cmsis\include\core_cm4.h ****   \param [in]      IRQn  Device specific interrupt number.
1788:h:\drivers\cmsis\include\core_cm4.h ****   \return             0  Interrupt status is not active.
1789:h:\drivers\cmsis\include\core_cm4.h ****   \return             1  Interrupt status is active.
1790:h:\drivers\cmsis\include\core_cm4.h ****   \note    IRQn must not be negative.
1791:h:\drivers\cmsis\include\core_cm4.h ****  */
1792:h:\drivers\cmsis\include\core_cm4.h **** __STATIC_INLINE uint32_t __NVIC_GetActive(IRQn_Type IRQn)
1793:h:\drivers\cmsis\include\core_cm4.h **** {
1794:h:\drivers\cmsis\include\core_cm4.h ****   if ((int32_t)(IRQn) >= 0)
1795:h:\drivers\cmsis\include\core_cm4.h ****   {
1796:h:\drivers\cmsis\include\core_cm4.h ****     return((uint32_t)(((NVIC->IABR[(((uint32_t)IRQn) >> 5UL)] & (1UL << (((uint32_t)IRQn) & 0x1FUL)
1797:h:\drivers\cmsis\include\core_cm4.h ****   }
1798:h:\drivers\cmsis\include\core_cm4.h ****   else
1799:h:\drivers\cmsis\include\core_cm4.h ****   {
1800:h:\drivers\cmsis\include\core_cm4.h ****     return(0U);
ARM GAS  C:\Users\n11ak\AppData\Local\Temp\cc4kuuJl.s 			page 38


1801:h:\drivers\cmsis\include\core_cm4.h ****   }
1802:h:\drivers\cmsis\include\core_cm4.h **** }
1803:h:\drivers\cmsis\include\core_cm4.h **** 
1804:h:\drivers\cmsis\include\core_cm4.h **** 
1805:h:\drivers\cmsis\include\core_cm4.h **** /**
1806:h:\drivers\cmsis\include\core_cm4.h ****   \brief   Set Interrupt Priority
1807:h:\drivers\cmsis\include\core_cm4.h ****   \details Sets the priority of a device specific interrupt or a processor exception.
1808:h:\drivers\cmsis\include\core_cm4.h ****            The interrupt number can be positive to specify a device specific interrupt,
1809:h:\drivers\cmsis\include\core_cm4.h ****            or negative to specify a processor exception.
1810:h:\drivers\cmsis\include\core_cm4.h ****   \param [in]      IRQn  Interrupt number.
1811:h:\drivers\cmsis\include\core_cm4.h ****   \param [in]  priority  Priority to set.
1812:h:\drivers\cmsis\include\core_cm4.h ****   \note    The priority cannot be set for every processor exception.
1813:h:\drivers\cmsis\include\core_cm4.h ****  */
1814:h:\drivers\cmsis\include\core_cm4.h **** __STATIC_INLINE void __NVIC_SetPriority(IRQn_Type IRQn, uint32_t priority)
1815:h:\drivers\cmsis\include\core_cm4.h **** {
1816:h:\drivers\cmsis\include\core_cm4.h ****   if ((int32_t)(IRQn) >= 0)
1817:h:\drivers\cmsis\include\core_cm4.h ****   {
1818:h:\drivers\cmsis\include\core_cm4.h ****     NVIC->IP[((uint32_t)IRQn)]               = (uint8_t)((priority << (8U - __NVIC_PRIO_BITS)) & (u
1819:h:\drivers\cmsis\include\core_cm4.h ****   }
1820:h:\drivers\cmsis\include\core_cm4.h ****   else
1821:h:\drivers\cmsis\include\core_cm4.h ****   {
1822:h:\drivers\cmsis\include\core_cm4.h ****     SCB->SHP[(((uint32_t)IRQn) & 0xFUL)-4UL] = (uint8_t)((priority << (8U - __NVIC_PRIO_BITS)) & (u
1823:h:\drivers\cmsis\include\core_cm4.h ****   }
1824:h:\drivers\cmsis\include\core_cm4.h **** }
1825:h:\drivers\cmsis\include\core_cm4.h **** 
1826:h:\drivers\cmsis\include\core_cm4.h **** 
1827:h:\drivers\cmsis\include\core_cm4.h **** /**
1828:h:\drivers\cmsis\include\core_cm4.h ****   \brief   Get Interrupt Priority
1829:h:\drivers\cmsis\include\core_cm4.h ****   \details Reads the priority of a device specific interrupt or a processor exception.
1830:h:\drivers\cmsis\include\core_cm4.h ****            The interrupt number can be positive to specify a device specific interrupt,
1831:h:\drivers\cmsis\include\core_cm4.h ****            or negative to specify a processor exception.
1832:h:\drivers\cmsis\include\core_cm4.h ****   \param [in]   IRQn  Interrupt number.
1833:h:\drivers\cmsis\include\core_cm4.h ****   \return             Interrupt Priority.
1834:h:\drivers\cmsis\include\core_cm4.h ****                       Value is aligned automatically to the implemented priority bits of the microc
1835:h:\drivers\cmsis\include\core_cm4.h ****  */
1836:h:\drivers\cmsis\include\core_cm4.h **** __STATIC_INLINE uint32_t __NVIC_GetPriority(IRQn_Type IRQn)
1837:h:\drivers\cmsis\include\core_cm4.h **** {
1838:h:\drivers\cmsis\include\core_cm4.h **** 
1839:h:\drivers\cmsis\include\core_cm4.h ****   if ((int32_t)(IRQn) >= 0)
1840:h:\drivers\cmsis\include\core_cm4.h ****   {
1841:h:\drivers\cmsis\include\core_cm4.h ****     return(((uint32_t)NVIC->IP[((uint32_t)IRQn)]               >> (8U - __NVIC_PRIO_BITS)));
1842:h:\drivers\cmsis\include\core_cm4.h ****   }
1843:h:\drivers\cmsis\include\core_cm4.h ****   else
1844:h:\drivers\cmsis\include\core_cm4.h ****   {
1845:h:\drivers\cmsis\include\core_cm4.h ****     return(((uint32_t)SCB->SHP[(((uint32_t)IRQn) & 0xFUL)-4UL] >> (8U - __NVIC_PRIO_BITS)));
1846:h:\drivers\cmsis\include\core_cm4.h ****   }
1847:h:\drivers\cmsis\include\core_cm4.h **** }
1848:h:\drivers\cmsis\include\core_cm4.h **** 
1849:h:\drivers\cmsis\include\core_cm4.h **** 
1850:h:\drivers\cmsis\include\core_cm4.h **** /**
1851:h:\drivers\cmsis\include\core_cm4.h ****   \brief   Encode Priority
1852:h:\drivers\cmsis\include\core_cm4.h ****   \details Encodes the priority for an interrupt with the given priority group,
1853:h:\drivers\cmsis\include\core_cm4.h ****            preemptive priority value, and subpriority value.
1854:h:\drivers\cmsis\include\core_cm4.h ****            In case of a conflict between priority grouping and available
1855:h:\drivers\cmsis\include\core_cm4.h ****            priority bits (__NVIC_PRIO_BITS), the smallest possible priority group is set.
1856:h:\drivers\cmsis\include\core_cm4.h ****   \param [in]     PriorityGroup  Used priority group.
1857:h:\drivers\cmsis\include\core_cm4.h ****   \param [in]   PreemptPriority  Preemptive priority value (starting from 0).
ARM GAS  C:\Users\n11ak\AppData\Local\Temp\cc4kuuJl.s 			page 39


1858:h:\drivers\cmsis\include\core_cm4.h ****   \param [in]       SubPriority  Subpriority value (starting from 0).
1859:h:\drivers\cmsis\include\core_cm4.h ****   \return                        Encoded priority. Value can be used in the function \ref NVIC_SetP
1860:h:\drivers\cmsis\include\core_cm4.h ****  */
1861:h:\drivers\cmsis\include\core_cm4.h **** __STATIC_INLINE uint32_t NVIC_EncodePriority (uint32_t PriorityGroup, uint32_t PreemptPriority, uin
 127              		.loc 2 1861 26 view .LVU32
 128              	.LBB47:
1862:h:\drivers\cmsis\include\core_cm4.h **** {
1863:h:\drivers\cmsis\include\core_cm4.h ****   uint32_t PriorityGroupTmp = (PriorityGroup & (uint32_t)0x07UL);   /* only values 0..7 are used   
 129              		.loc 2 1863 3 view .LVU33
1864:h:\drivers\cmsis\include\core_cm4.h ****   uint32_t PreemptPriorityBits;
 130              		.loc 2 1864 3 view .LVU34
1865:h:\drivers\cmsis\include\core_cm4.h ****   uint32_t SubPriorityBits;
 131              		.loc 2 1865 3 view .LVU35
1866:h:\drivers\cmsis\include\core_cm4.h **** 
1867:h:\drivers\cmsis\include\core_cm4.h ****   PreemptPriorityBits = ((7UL - PriorityGroupTmp) > (uint32_t)(__NVIC_PRIO_BITS)) ? (uint32_t)(__NV
 132              		.loc 2 1867 3 view .LVU36
 133              		.loc 2 1867 31 is_stmt 0 view .LVU37
 134 000a C3F1070C 		rsb	ip, r3, #7
 135              		.loc 2 1867 23 view .LVU38
 136 000e BCF1030F 		cmp	ip, #3
 137 0012 28BF     		it	cs
 138 0014 4FF0030C 		movcs	ip, #3
 139              	.LVL11:
1868:h:\drivers\cmsis\include\core_cm4.h ****   SubPriorityBits     = ((PriorityGroupTmp + (uint32_t)(__NVIC_PRIO_BITS)) < (uint32_t)7UL) ? (uint
 140              		.loc 2 1868 3 is_stmt 1 view .LVU39
 141              		.loc 2 1868 44 is_stmt 0 view .LVU40
 142 0018 03F1030E 		add	lr, r3, #3
 143              		.loc 2 1868 109 view .LVU41
 144 001c BEF1060F 		cmp	lr, #6
 145 0020 18D9     		bls	.L8
 146 0022 043B     		subs	r3, r3, #4
 147              	.LVL12:
 148              	.L5:
1869:h:\drivers\cmsis\include\core_cm4.h **** 
1870:h:\drivers\cmsis\include\core_cm4.h ****   return (
 149              		.loc 2 1870 3 is_stmt 1 view .LVU42
1871:h:\drivers\cmsis\include\core_cm4.h ****            ((PreemptPriority & (uint32_t)((1UL << (PreemptPriorityBits)) - 1UL)) << SubPriorityBits
 150              		.loc 2 1871 30 is_stmt 0 view .LVU43
 151 0024 4FF0FF3E 		mov	lr, #-1
 152              	.LVL13:
 153              		.loc 2 1871 30 view .LVU44
 154 0028 0EFA0CFC 		lsl	ip, lr, ip
 155              	.LVL14:
 156              		.loc 2 1871 30 view .LVU45
 157 002c 21EA0C01 		bic	r1, r1, ip
 158              	.LVL15:
 159              		.loc 2 1871 82 view .LVU46
 160 0030 9940     		lsls	r1, r1, r3
1872:h:\drivers\cmsis\include\core_cm4.h ****            ((SubPriority     & (uint32_t)((1UL << (SubPriorityBits    )) - 1UL)))
 161              		.loc 2 1872 30 view .LVU47
 162 0032 0EFA03F3 		lsl	r3, lr, r3
 163              	.LVL16:
 164              		.loc 2 1872 30 view .LVU48
 165 0036 22EA0303 		bic	r3, r2, r3
1871:h:\drivers\cmsis\include\core_cm4.h ****            ((PreemptPriority & (uint32_t)((1UL << (PreemptPriorityBits)) - 1UL)) << SubPriorityBits
 166              		.loc 2 1871 102 view .LVU49
 167 003a 1943     		orrs	r1, r1, r3
ARM GAS  C:\Users\n11ak\AppData\Local\Temp\cc4kuuJl.s 			page 40


 168              	.LVL17:
1871:h:\drivers\cmsis\include\core_cm4.h ****            ((PreemptPriority & (uint32_t)((1UL << (PreemptPriorityBits)) - 1UL)) << SubPriorityBits
 169              		.loc 2 1871 102 view .LVU50
 170              	.LBE47:
 171              	.LBE46:
 172              	.LBB49:
 173              	.LBI49:
1814:h:\drivers\cmsis\include\core_cm4.h **** {
 174              		.loc 2 1814 22 is_stmt 1 view .LVU51
 175              	.LBB50:
1816:h:\drivers\cmsis\include\core_cm4.h ****   {
 176              		.loc 2 1816 3 view .LVU52
1816:h:\drivers\cmsis\include\core_cm4.h ****   {
 177              		.loc 2 1816 6 is_stmt 0 view .LVU53
 178 003c 0028     		cmp	r0, #0
 179 003e 0BDB     		blt	.L6
1818:h:\drivers\cmsis\include\core_cm4.h ****   }
 180              		.loc 2 1818 5 is_stmt 1 view .LVU54
1818:h:\drivers\cmsis\include\core_cm4.h ****   }
 181              		.loc 2 1818 48 is_stmt 0 view .LVU55
 182 0040 4901     		lsls	r1, r1, #5
 183              	.LVL18:
1818:h:\drivers\cmsis\include\core_cm4.h ****   }
 184              		.loc 2 1818 48 view .LVU56
 185 0042 C9B2     		uxtb	r1, r1
1818:h:\drivers\cmsis\include\core_cm4.h ****   }
 186              		.loc 2 1818 46 view .LVU57
 187 0044 00F16040 		add	r0, r0, #-536870912
 188              	.LVL19:
1818:h:\drivers\cmsis\include\core_cm4.h ****   }
 189              		.loc 2 1818 46 view .LVU58
 190 0048 00F56140 		add	r0, r0, #57600
 191 004c 80F80013 		strb	r1, [r0, #768]
 192              	.LVL20:
 193              	.L4:
1818:h:\drivers\cmsis\include\core_cm4.h ****   }
 194              		.loc 2 1818 46 view .LVU59
 195              	.LBE50:
 196              	.LBE49:
 185:../../../../../Drivers/PY32E407_HAL_Driver/Src/py32e407_hal_cortex.c **** }
 197              		.loc 1 185 1 view .LVU60
 198 0050 5DF804FB 		ldr	pc, [sp], #4
 199              	.LVL21:
 200              	.L8:
 201              	.LBB52:
 202              	.LBB48:
1868:h:\drivers\cmsis\include\core_cm4.h **** 
 203              		.loc 2 1868 109 view .LVU61
 204 0054 0023     		movs	r3, #0
 205              	.LVL22:
1868:h:\drivers\cmsis\include\core_cm4.h **** 
 206              		.loc 2 1868 109 view .LVU62
 207 0056 E5E7     		b	.L5
 208              	.LVL23:
 209              	.L6:
1868:h:\drivers\cmsis\include\core_cm4.h **** 
 210              		.loc 2 1868 109 view .LVU63
ARM GAS  C:\Users\n11ak\AppData\Local\Temp\cc4kuuJl.s 			page 41


 211              	.LBE48:
 212              	.LBE52:
 213              	.LBB53:
 214              	.LBB51:
1822:h:\drivers\cmsis\include\core_cm4.h ****   }
 215              		.loc 2 1822 5 is_stmt 1 view .LVU64
1822:h:\drivers\cmsis\include\core_cm4.h ****   }
 216              		.loc 2 1822 32 is_stmt 0 view .LVU65
 217 0058 00F00F00 		and	r0, r0, #15
 218              	.LVL24:
1822:h:\drivers\cmsis\include\core_cm4.h ****   }
 219              		.loc 2 1822 48 view .LVU66
 220 005c 4901     		lsls	r1, r1, #5
 221              	.LVL25:
1822:h:\drivers\cmsis\include\core_cm4.h ****   }
 222              		.loc 2 1822 48 view .LVU67
 223 005e C9B2     		uxtb	r1, r1
1822:h:\drivers\cmsis\include\core_cm4.h ****   }
 224              		.loc 2 1822 46 view .LVU68
 225 0060 024B     		ldr	r3, .L10+4
 226 0062 1954     		strb	r1, [r3, r0]
 227              	.LVL26:
1822:h:\drivers\cmsis\include\core_cm4.h ****   }
 228              		.loc 2 1822 46 view .LVU69
 229              	.LBE51:
 230              	.LBE53:
 231              		.loc 1 185 1 view .LVU70
 232 0064 F4E7     		b	.L4
 233              	.L11:
 234 0066 00BF     		.align	2
 235              	.L10:
 236 0068 00ED00E0 		.word	-536810240
 237 006c 14ED00E0 		.word	-536810220
 238              		.cfi_endproc
 239              	.LFE137:
 241              		.section	.text.HAL_NVIC_EnableIRQ,"ax",%progbits
 242              		.align	1
 243              		.global	HAL_NVIC_EnableIRQ
 244              		.syntax unified
 245              		.thumb
 246              		.thumb_func
 248              	HAL_NVIC_EnableIRQ:
 249              	.LVL27:
 250              	.LFB138:
 186:../../../../../Drivers/PY32E407_HAL_Driver/Src/py32e407_hal_cortex.c **** 
 187:../../../../../Drivers/PY32E407_HAL_Driver/Src/py32e407_hal_cortex.c **** /**
 188:../../../../../Drivers/PY32E407_HAL_Driver/Src/py32e407_hal_cortex.c ****   * @brief  Enables a device specific interrupt in the NVIC interrupt controller.
 189:../../../../../Drivers/PY32E407_HAL_Driver/Src/py32e407_hal_cortex.c ****   * @note   To configure interrupts priority correctly, the NVIC_PriorityGroupConfig()
 190:../../../../../Drivers/PY32E407_HAL_Driver/Src/py32e407_hal_cortex.c ****   *         function should be called before. 
 191:../../../../../Drivers/PY32E407_HAL_Driver/Src/py32e407_hal_cortex.c ****   * @param  IRQn External interrupt number.
 192:../../../../../Drivers/PY32E407_HAL_Driver/Src/py32e407_hal_cortex.c ****   *         This parameter can be an enumerator of IRQn_Type enumeration
 193:../../../../../Drivers/PY32E407_HAL_Driver/Src/py32e407_hal_cortex.c ****   *         (For the complete PY32 Devices IRQ Channels list, please refer to the appropriate CMSIS
 194:../../../../../Drivers/PY32E407_HAL_Driver/Src/py32e407_hal_cortex.c ****   * @retval None
 195:../../../../../Drivers/PY32E407_HAL_Driver/Src/py32e407_hal_cortex.c ****   */
 196:../../../../../Drivers/PY32E407_HAL_Driver/Src/py32e407_hal_cortex.c **** void HAL_NVIC_EnableIRQ(IRQn_Type IRQn)
 197:../../../../../Drivers/PY32E407_HAL_Driver/Src/py32e407_hal_cortex.c **** {
 251              		.loc 1 197 1 is_stmt 1 view -0
ARM GAS  C:\Users\n11ak\AppData\Local\Temp\cc4kuuJl.s 			page 42


 252              		.cfi_startproc
 253              		@ args = 0, pretend = 0, frame = 0
 254              		@ frame_needed = 0, uses_anonymous_args = 0
 255              		@ link register save eliminated.
 198:../../../../../Drivers/PY32E407_HAL_Driver/Src/py32e407_hal_cortex.c ****   /* Check the parameters */
 199:../../../../../Drivers/PY32E407_HAL_Driver/Src/py32e407_hal_cortex.c ****   assert_param(IS_NVIC_DEVICE_IRQ(IRQn));
 256              		.loc 1 199 3 view .LVU72
 200:../../../../../Drivers/PY32E407_HAL_Driver/Src/py32e407_hal_cortex.c **** 
 201:../../../../../Drivers/PY32E407_HAL_Driver/Src/py32e407_hal_cortex.c ****   /* Enable interrupt */
 202:../../../../../Drivers/PY32E407_HAL_Driver/Src/py32e407_hal_cortex.c ****   NVIC_EnableIRQ(IRQn);
 257              		.loc 1 202 3 view .LVU73
 258              	.LBB56:
 259              	.LBI56:
1684:h:\drivers\cmsis\include\core_cm4.h **** {
 260              		.loc 2 1684 22 view .LVU74
 261              	.LBB57:
1686:h:\drivers\cmsis\include\core_cm4.h ****   {
 262              		.loc 2 1686 3 view .LVU75
1686:h:\drivers\cmsis\include\core_cm4.h ****   {
 263              		.loc 2 1686 6 is_stmt 0 view .LVU76
 264 0000 0028     		cmp	r0, #0
 265              	.LVL28:
1686:h:\drivers\cmsis\include\core_cm4.h ****   {
 266              		.loc 2 1686 6 view .LVU77
 267 0002 07DB     		blt	.L12
1688:h:\drivers\cmsis\include\core_cm4.h ****     NVIC->ISER[(((uint32_t)IRQn) >> 5UL)] = (uint32_t)(1UL << (((uint32_t)IRQn) & 0x1FUL));
 268              		.loc 2 1688 5 is_stmt 1 view .LVU78
1689:h:\drivers\cmsis\include\core_cm4.h ****     __COMPILER_BARRIER();
 269              		.loc 2 1689 5 view .LVU79
1689:h:\drivers\cmsis\include\core_cm4.h ****     __COMPILER_BARRIER();
 270              		.loc 2 1689 81 is_stmt 0 view .LVU80
 271 0004 00F01F02 		and	r2, r0, #31
1689:h:\drivers\cmsis\include\core_cm4.h ****     __COMPILER_BARRIER();
 272              		.loc 2 1689 34 view .LVU81
 273 0008 4009     		lsrs	r0, r0, #5
1689:h:\drivers\cmsis\include\core_cm4.h ****     __COMPILER_BARRIER();
 274              		.loc 2 1689 45 view .LVU82
 275 000a 0123     		movs	r3, #1
 276 000c 9340     		lsls	r3, r3, r2
1689:h:\drivers\cmsis\include\core_cm4.h ****     __COMPILER_BARRIER();
 277              		.loc 2 1689 43 view .LVU83
 278 000e 024A     		ldr	r2, .L14
 279 0010 42F82030 		str	r3, [r2, r0, lsl #2]
1690:h:\drivers\cmsis\include\core_cm4.h ****   }
 280              		.loc 2 1690 5 is_stmt 1 view .LVU84
 281              	.LVL29:
 282              	.L12:
1690:h:\drivers\cmsis\include\core_cm4.h ****   }
 283              		.loc 2 1690 5 is_stmt 0 view .LVU85
 284              	.LBE57:
 285              	.LBE56:
 203:../../../../../Drivers/PY32E407_HAL_Driver/Src/py32e407_hal_cortex.c **** }
 286              		.loc 1 203 1 view .LVU86
 287 0014 7047     		bx	lr
 288              	.L15:
 289 0016 00BF     		.align	2
 290              	.L14:
ARM GAS  C:\Users\n11ak\AppData\Local\Temp\cc4kuuJl.s 			page 43


 291 0018 00E100E0 		.word	-536813312
 292              		.cfi_endproc
 293              	.LFE138:
 295              		.section	.text.HAL_NVIC_DisableIRQ,"ax",%progbits
 296              		.align	1
 297              		.global	HAL_NVIC_DisableIRQ
 298              		.syntax unified
 299              		.thumb
 300              		.thumb_func
 302              	HAL_NVIC_DisableIRQ:
 303              	.LVL30:
 304              	.LFB139:
 204:../../../../../Drivers/PY32E407_HAL_Driver/Src/py32e407_hal_cortex.c **** 
 205:../../../../../Drivers/PY32E407_HAL_Driver/Src/py32e407_hal_cortex.c **** /**
 206:../../../../../Drivers/PY32E407_HAL_Driver/Src/py32e407_hal_cortex.c ****   * @brief  Disables a device specific interrupt in the NVIC interrupt controller.
 207:../../../../../Drivers/PY32E407_HAL_Driver/Src/py32e407_hal_cortex.c ****   * @param  IRQn External interrupt number.
 208:../../../../../Drivers/PY32E407_HAL_Driver/Src/py32e407_hal_cortex.c ****   *         This parameter can be an enumerator of IRQn_Type enumeration
 209:../../../../../Drivers/PY32E407_HAL_Driver/Src/py32e407_hal_cortex.c ****   *         (For the complete PY32 Devices IRQ Channels list, please refer to the appropriate CMSIS
 210:../../../../../Drivers/PY32E407_HAL_Driver/Src/py32e407_hal_cortex.c ****   * @retval None
 211:../../../../../Drivers/PY32E407_HAL_Driver/Src/py32e407_hal_cortex.c ****   */
 212:../../../../../Drivers/PY32E407_HAL_Driver/Src/py32e407_hal_cortex.c **** void HAL_NVIC_DisableIRQ(IRQn_Type IRQn)
 213:../../../../../Drivers/PY32E407_HAL_Driver/Src/py32e407_hal_cortex.c **** {
 305              		.loc 1 213 1 is_stmt 1 view -0
 306              		.cfi_startproc
 307              		@ args = 0, pretend = 0, frame = 0
 308              		@ frame_needed = 0, uses_anonymous_args = 0
 309              		@ link register save eliminated.
 214:../../../../../Drivers/PY32E407_HAL_Driver/Src/py32e407_hal_cortex.c ****   /* Check the parameters */
 215:../../../../../Drivers/PY32E407_HAL_Driver/Src/py32e407_hal_cortex.c ****   assert_param(IS_NVIC_DEVICE_IRQ(IRQn));
 310              		.loc 1 215 3 view .LVU88
 216:../../../../../Drivers/PY32E407_HAL_Driver/Src/py32e407_hal_cortex.c **** 
 217:../../../../../Drivers/PY32E407_HAL_Driver/Src/py32e407_hal_cortex.c ****   /* Disable interrupt */
 218:../../../../../Drivers/PY32E407_HAL_Driver/Src/py32e407_hal_cortex.c ****   NVIC_DisableIRQ(IRQn);
 311              		.loc 1 218 3 view .LVU89
 312              	.LBB64:
 313              	.LBI64:
1722:h:\drivers\cmsis\include\core_cm4.h **** {
 314              		.loc 2 1722 22 view .LVU90
 315              	.LBB65:
1724:h:\drivers\cmsis\include\core_cm4.h ****   {
 316              		.loc 2 1724 3 view .LVU91
1724:h:\drivers\cmsis\include\core_cm4.h ****   {
 317              		.loc 2 1724 6 is_stmt 0 view .LVU92
 318 0000 0028     		cmp	r0, #0
 319              	.LVL31:
1724:h:\drivers\cmsis\include\core_cm4.h ****   {
 320              		.loc 2 1724 6 view .LVU93
 321 0002 0CDB     		blt	.L16
1726:h:\drivers\cmsis\include\core_cm4.h ****     __DSB();
 322              		.loc 2 1726 5 is_stmt 1 view .LVU94
1726:h:\drivers\cmsis\include\core_cm4.h ****     __DSB();
 323              		.loc 2 1726 81 is_stmt 0 view .LVU95
 324 0004 00F01F02 		and	r2, r0, #31
1726:h:\drivers\cmsis\include\core_cm4.h ****     __DSB();
 325              		.loc 2 1726 34 view .LVU96
 326 0008 4009     		lsrs	r0, r0, #5
1726:h:\drivers\cmsis\include\core_cm4.h ****     __DSB();
ARM GAS  C:\Users\n11ak\AppData\Local\Temp\cc4kuuJl.s 			page 44


 327              		.loc 2 1726 45 view .LVU97
 328 000a 0123     		movs	r3, #1
 329 000c 9340     		lsls	r3, r3, r2
1726:h:\drivers\cmsis\include\core_cm4.h ****     __DSB();
 330              		.loc 2 1726 43 view .LVU98
 331 000e 2030     		adds	r0, r0, #32
 332 0010 034A     		ldr	r2, .L18
 333 0012 42F82030 		str	r3, [r2, r0, lsl #2]
1727:h:\drivers\cmsis\include\core_cm4.h ****     __ISB();
 334              		.loc 2 1727 5 is_stmt 1 view .LVU99
 335              	.LBB66:
 336              	.LBI66:
 337              		.file 3 "h:\\drivers\\cmsis\\include\\cmsis_gcc.h"
   1:h:\drivers\cmsis\include\cmsis_gcc.h **** /**************************************************************************//**
   2:h:\drivers\cmsis\include\cmsis_gcc.h ****  * @file     cmsis_gcc.h
   3:h:\drivers\cmsis\include\cmsis_gcc.h ****  * @brief    CMSIS compiler GCC header file
   4:h:\drivers\cmsis\include\cmsis_gcc.h ****  * @version  V5.3.0
   5:h:\drivers\cmsis\include\cmsis_gcc.h ****  * @date     26. March 2020
   6:h:\drivers\cmsis\include\cmsis_gcc.h ****  ******************************************************************************/
   7:h:\drivers\cmsis\include\cmsis_gcc.h **** /*
   8:h:\drivers\cmsis\include\cmsis_gcc.h ****  * Copyright (c) 2009-2020 Arm Limited. All rights reserved.
   9:h:\drivers\cmsis\include\cmsis_gcc.h ****  *
  10:h:\drivers\cmsis\include\cmsis_gcc.h ****  * SPDX-License-Identifier: Apache-2.0
  11:h:\drivers\cmsis\include\cmsis_gcc.h ****  *
  12:h:\drivers\cmsis\include\cmsis_gcc.h ****  * Licensed under the Apache License, Version 2.0 (the License); you may
  13:h:\drivers\cmsis\include\cmsis_gcc.h ****  * not use this file except in compliance with the License.
  14:h:\drivers\cmsis\include\cmsis_gcc.h ****  * You may obtain a copy of the License at
  15:h:\drivers\cmsis\include\cmsis_gcc.h ****  *
  16:h:\drivers\cmsis\include\cmsis_gcc.h ****  * www.apache.org/licenses/LICENSE-2.0
  17:h:\drivers\cmsis\include\cmsis_gcc.h ****  *
  18:h:\drivers\cmsis\include\cmsis_gcc.h ****  * Unless required by applicable law or agreed to in writing, software
  19:h:\drivers\cmsis\include\cmsis_gcc.h ****  * distributed under the License is distributed on an AS IS BASIS, WITHOUT
  20:h:\drivers\cmsis\include\cmsis_gcc.h ****  * WARRANTIES OR CONDITIONS OF ANY KIND, either express or implied.
  21:h:\drivers\cmsis\include\cmsis_gcc.h ****  * See the License for the specific language governing permissions and
  22:h:\drivers\cmsis\include\cmsis_gcc.h ****  * limitations under the License.
  23:h:\drivers\cmsis\include\cmsis_gcc.h ****  */
  24:h:\drivers\cmsis\include\cmsis_gcc.h **** 
  25:h:\drivers\cmsis\include\cmsis_gcc.h **** #ifndef __CMSIS_GCC_H
  26:h:\drivers\cmsis\include\cmsis_gcc.h **** #define __CMSIS_GCC_H
  27:h:\drivers\cmsis\include\cmsis_gcc.h **** 
  28:h:\drivers\cmsis\include\cmsis_gcc.h **** /* ignore some GCC warnings */
  29:h:\drivers\cmsis\include\cmsis_gcc.h **** #pragma GCC diagnostic push
  30:h:\drivers\cmsis\include\cmsis_gcc.h **** #pragma GCC diagnostic ignored "-Wsign-conversion"
  31:h:\drivers\cmsis\include\cmsis_gcc.h **** #pragma GCC diagnostic ignored "-Wconversion"
  32:h:\drivers\cmsis\include\cmsis_gcc.h **** #pragma GCC diagnostic ignored "-Wunused-parameter"
  33:h:\drivers\cmsis\include\cmsis_gcc.h **** 
  34:h:\drivers\cmsis\include\cmsis_gcc.h **** /* Fallback for __has_builtin */
  35:h:\drivers\cmsis\include\cmsis_gcc.h **** #ifndef __has_builtin
  36:h:\drivers\cmsis\include\cmsis_gcc.h ****   #define __has_builtin(x) (0)
  37:h:\drivers\cmsis\include\cmsis_gcc.h **** #endif
  38:h:\drivers\cmsis\include\cmsis_gcc.h **** 
  39:h:\drivers\cmsis\include\cmsis_gcc.h **** /* CMSIS compiler specific defines */
  40:h:\drivers\cmsis\include\cmsis_gcc.h **** #ifndef   __ASM
  41:h:\drivers\cmsis\include\cmsis_gcc.h ****   #define __ASM                                  __asm
  42:h:\drivers\cmsis\include\cmsis_gcc.h **** #endif
  43:h:\drivers\cmsis\include\cmsis_gcc.h **** #ifndef   __INLINE
  44:h:\drivers\cmsis\include\cmsis_gcc.h ****   #define __INLINE                               inline
ARM GAS  C:\Users\n11ak\AppData\Local\Temp\cc4kuuJl.s 			page 45


  45:h:\drivers\cmsis\include\cmsis_gcc.h **** #endif
  46:h:\drivers\cmsis\include\cmsis_gcc.h **** #ifndef   __STATIC_INLINE
  47:h:\drivers\cmsis\include\cmsis_gcc.h ****   #define __STATIC_INLINE                        static inline
  48:h:\drivers\cmsis\include\cmsis_gcc.h **** #endif
  49:h:\drivers\cmsis\include\cmsis_gcc.h **** #ifndef   __STATIC_FORCEINLINE                 
  50:h:\drivers\cmsis\include\cmsis_gcc.h ****   #define __STATIC_FORCEINLINE                   __attribute__((always_inline)) static inline
  51:h:\drivers\cmsis\include\cmsis_gcc.h **** #endif                                           
  52:h:\drivers\cmsis\include\cmsis_gcc.h **** #ifndef   __NO_RETURN
  53:h:\drivers\cmsis\include\cmsis_gcc.h ****   #define __NO_RETURN                            __attribute__((__noreturn__))
  54:h:\drivers\cmsis\include\cmsis_gcc.h **** #endif
  55:h:\drivers\cmsis\include\cmsis_gcc.h **** #ifndef   __USED
  56:h:\drivers\cmsis\include\cmsis_gcc.h ****   #define __USED                                 __attribute__((used))
  57:h:\drivers\cmsis\include\cmsis_gcc.h **** #endif
  58:h:\drivers\cmsis\include\cmsis_gcc.h **** #ifndef   __WEAK
  59:h:\drivers\cmsis\include\cmsis_gcc.h ****   #define __WEAK                                 __attribute__((weak))
  60:h:\drivers\cmsis\include\cmsis_gcc.h **** #endif
  61:h:\drivers\cmsis\include\cmsis_gcc.h **** #ifndef   __PACKED
  62:h:\drivers\cmsis\include\cmsis_gcc.h ****   #define __PACKED                               __attribute__((packed, aligned(1)))
  63:h:\drivers\cmsis\include\cmsis_gcc.h **** #endif
  64:h:\drivers\cmsis\include\cmsis_gcc.h **** #ifndef   __PACKED_STRUCT
  65:h:\drivers\cmsis\include\cmsis_gcc.h ****   #define __PACKED_STRUCT                        struct __attribute__((packed, aligned(1)))
  66:h:\drivers\cmsis\include\cmsis_gcc.h **** #endif
  67:h:\drivers\cmsis\include\cmsis_gcc.h **** #ifndef   __PACKED_UNION
  68:h:\drivers\cmsis\include\cmsis_gcc.h ****   #define __PACKED_UNION                         union __attribute__((packed, aligned(1)))
  69:h:\drivers\cmsis\include\cmsis_gcc.h **** #endif
  70:h:\drivers\cmsis\include\cmsis_gcc.h **** #ifndef   __UNALIGNED_UINT32        /* deprecated */
  71:h:\drivers\cmsis\include\cmsis_gcc.h ****   #pragma GCC diagnostic push
  72:h:\drivers\cmsis\include\cmsis_gcc.h ****   #pragma GCC diagnostic ignored "-Wpacked"
  73:h:\drivers\cmsis\include\cmsis_gcc.h ****   #pragma GCC diagnostic ignored "-Wattributes"
  74:h:\drivers\cmsis\include\cmsis_gcc.h ****   struct __attribute__((packed)) T_UINT32 { uint32_t v; };
  75:h:\drivers\cmsis\include\cmsis_gcc.h ****   #pragma GCC diagnostic pop
  76:h:\drivers\cmsis\include\cmsis_gcc.h ****   #define __UNALIGNED_UINT32(x)                  (((struct T_UINT32 *)(x))->v)
  77:h:\drivers\cmsis\include\cmsis_gcc.h **** #endif
  78:h:\drivers\cmsis\include\cmsis_gcc.h **** #ifndef   __UNALIGNED_UINT16_WRITE
  79:h:\drivers\cmsis\include\cmsis_gcc.h ****   #pragma GCC diagnostic push
  80:h:\drivers\cmsis\include\cmsis_gcc.h ****   #pragma GCC diagnostic ignored "-Wpacked"
  81:h:\drivers\cmsis\include\cmsis_gcc.h ****   #pragma GCC diagnostic ignored "-Wattributes"
  82:h:\drivers\cmsis\include\cmsis_gcc.h ****   __PACKED_STRUCT T_UINT16_WRITE { uint16_t v; };
  83:h:\drivers\cmsis\include\cmsis_gcc.h ****   #pragma GCC diagnostic pop
  84:h:\drivers\cmsis\include\cmsis_gcc.h ****   #define __UNALIGNED_UINT16_WRITE(addr, val)    (void)((((struct T_UINT16_WRITE *)(void *)(addr))-
  85:h:\drivers\cmsis\include\cmsis_gcc.h **** #endif
  86:h:\drivers\cmsis\include\cmsis_gcc.h **** #ifndef   __UNALIGNED_UINT16_READ
  87:h:\drivers\cmsis\include\cmsis_gcc.h ****   #pragma GCC diagnostic push
  88:h:\drivers\cmsis\include\cmsis_gcc.h ****   #pragma GCC diagnostic ignored "-Wpacked"
  89:h:\drivers\cmsis\include\cmsis_gcc.h ****   #pragma GCC diagnostic ignored "-Wattributes"
  90:h:\drivers\cmsis\include\cmsis_gcc.h ****   __PACKED_STRUCT T_UINT16_READ { uint16_t v; };
  91:h:\drivers\cmsis\include\cmsis_gcc.h ****   #pragma GCC diagnostic pop
  92:h:\drivers\cmsis\include\cmsis_gcc.h ****   #define __UNALIGNED_UINT16_READ(addr)          (((const struct T_UINT16_READ *)(const void *)(add
  93:h:\drivers\cmsis\include\cmsis_gcc.h **** #endif
  94:h:\drivers\cmsis\include\cmsis_gcc.h **** #ifndef   __UNALIGNED_UINT32_WRITE
  95:h:\drivers\cmsis\include\cmsis_gcc.h ****   #pragma GCC diagnostic push
  96:h:\drivers\cmsis\include\cmsis_gcc.h ****   #pragma GCC diagnostic ignored "-Wpacked"
  97:h:\drivers\cmsis\include\cmsis_gcc.h ****   #pragma GCC diagnostic ignored "-Wattributes"
  98:h:\drivers\cmsis\include\cmsis_gcc.h ****   __PACKED_STRUCT T_UINT32_WRITE { uint32_t v; };
  99:h:\drivers\cmsis\include\cmsis_gcc.h ****   #pragma GCC diagnostic pop
 100:h:\drivers\cmsis\include\cmsis_gcc.h ****   #define __UNALIGNED_UINT32_WRITE(addr, val)    (void)((((struct T_UINT32_WRITE *)(void *)(addr))-
 101:h:\drivers\cmsis\include\cmsis_gcc.h **** #endif
ARM GAS  C:\Users\n11ak\AppData\Local\Temp\cc4kuuJl.s 			page 46


 102:h:\drivers\cmsis\include\cmsis_gcc.h **** #ifndef   __UNALIGNED_UINT32_READ
 103:h:\drivers\cmsis\include\cmsis_gcc.h ****   #pragma GCC diagnostic push
 104:h:\drivers\cmsis\include\cmsis_gcc.h ****   #pragma GCC diagnostic ignored "-Wpacked"
 105:h:\drivers\cmsis\include\cmsis_gcc.h ****   #pragma GCC diagnostic ignored "-Wattributes"
 106:h:\drivers\cmsis\include\cmsis_gcc.h ****   __PACKED_STRUCT T_UINT32_READ { uint32_t v; };
 107:h:\drivers\cmsis\include\cmsis_gcc.h ****   #pragma GCC diagnostic pop
 108:h:\drivers\cmsis\include\cmsis_gcc.h ****   #define __UNALIGNED_UINT32_READ(addr)          (((const struct T_UINT32_READ *)(const void *)(add
 109:h:\drivers\cmsis\include\cmsis_gcc.h **** #endif
 110:h:\drivers\cmsis\include\cmsis_gcc.h **** #ifndef   __ALIGNED
 111:h:\drivers\cmsis\include\cmsis_gcc.h ****   #define __ALIGNED(x)                           __attribute__((aligned(x)))
 112:h:\drivers\cmsis\include\cmsis_gcc.h **** #endif
 113:h:\drivers\cmsis\include\cmsis_gcc.h **** #ifndef   __RESTRICT
 114:h:\drivers\cmsis\include\cmsis_gcc.h ****   #define __RESTRICT                             __restrict
 115:h:\drivers\cmsis\include\cmsis_gcc.h **** #endif
 116:h:\drivers\cmsis\include\cmsis_gcc.h **** #ifndef   __COMPILER_BARRIER
 117:h:\drivers\cmsis\include\cmsis_gcc.h ****   #define __COMPILER_BARRIER()                   __ASM volatile("":::"memory")
 118:h:\drivers\cmsis\include\cmsis_gcc.h **** #endif
 119:h:\drivers\cmsis\include\cmsis_gcc.h **** 
 120:h:\drivers\cmsis\include\cmsis_gcc.h **** /* #########################  Startup and Lowlevel Init  ######################## */
 121:h:\drivers\cmsis\include\cmsis_gcc.h **** 
 122:h:\drivers\cmsis\include\cmsis_gcc.h **** #ifndef __PROGRAM_START
 123:h:\drivers\cmsis\include\cmsis_gcc.h **** 
 124:h:\drivers\cmsis\include\cmsis_gcc.h **** /**
 125:h:\drivers\cmsis\include\cmsis_gcc.h ****   \brief   Initializes data and bss sections
 126:h:\drivers\cmsis\include\cmsis_gcc.h ****   \details This default implementations initialized all data and additional bss
 127:h:\drivers\cmsis\include\cmsis_gcc.h ****            sections relying on .copy.table and .zero.table specified properly
 128:h:\drivers\cmsis\include\cmsis_gcc.h ****            in the used linker script.
 129:h:\drivers\cmsis\include\cmsis_gcc.h ****   
 130:h:\drivers\cmsis\include\cmsis_gcc.h ****  */
 131:h:\drivers\cmsis\include\cmsis_gcc.h **** __STATIC_FORCEINLINE __NO_RETURN void __cmsis_start(void)
 132:h:\drivers\cmsis\include\cmsis_gcc.h **** {
 133:h:\drivers\cmsis\include\cmsis_gcc.h ****   extern void _start(void) __NO_RETURN;
 134:h:\drivers\cmsis\include\cmsis_gcc.h ****   
 135:h:\drivers\cmsis\include\cmsis_gcc.h ****   typedef struct {
 136:h:\drivers\cmsis\include\cmsis_gcc.h ****     uint32_t const* src;
 137:h:\drivers\cmsis\include\cmsis_gcc.h ****     uint32_t* dest;
 138:h:\drivers\cmsis\include\cmsis_gcc.h ****     uint32_t  wlen;
 139:h:\drivers\cmsis\include\cmsis_gcc.h ****   } __copy_table_t;
 140:h:\drivers\cmsis\include\cmsis_gcc.h ****   
 141:h:\drivers\cmsis\include\cmsis_gcc.h ****   typedef struct {
 142:h:\drivers\cmsis\include\cmsis_gcc.h ****     uint32_t* dest;
 143:h:\drivers\cmsis\include\cmsis_gcc.h ****     uint32_t  wlen;
 144:h:\drivers\cmsis\include\cmsis_gcc.h ****   } __zero_table_t;
 145:h:\drivers\cmsis\include\cmsis_gcc.h ****   
 146:h:\drivers\cmsis\include\cmsis_gcc.h ****   extern const __copy_table_t __copy_table_start__;
 147:h:\drivers\cmsis\include\cmsis_gcc.h ****   extern const __copy_table_t __copy_table_end__;
 148:h:\drivers\cmsis\include\cmsis_gcc.h ****   extern const __zero_table_t __zero_table_start__;
 149:h:\drivers\cmsis\include\cmsis_gcc.h ****   extern const __zero_table_t __zero_table_end__;
 150:h:\drivers\cmsis\include\cmsis_gcc.h **** 
 151:h:\drivers\cmsis\include\cmsis_gcc.h ****   for (__copy_table_t const* pTable = &__copy_table_start__; pTable < &__copy_table_end__; ++pTable
 152:h:\drivers\cmsis\include\cmsis_gcc.h ****     for(uint32_t i=0u; i<pTable->wlen; ++i) {
 153:h:\drivers\cmsis\include\cmsis_gcc.h ****       pTable->dest[i] = pTable->src[i];
 154:h:\drivers\cmsis\include\cmsis_gcc.h ****     }
 155:h:\drivers\cmsis\include\cmsis_gcc.h ****   }
 156:h:\drivers\cmsis\include\cmsis_gcc.h ****  
 157:h:\drivers\cmsis\include\cmsis_gcc.h ****   for (__zero_table_t const* pTable = &__zero_table_start__; pTable < &__zero_table_end__; ++pTable
 158:h:\drivers\cmsis\include\cmsis_gcc.h ****     for(uint32_t i=0u; i<pTable->wlen; ++i) {
ARM GAS  C:\Users\n11ak\AppData\Local\Temp\cc4kuuJl.s 			page 47


 159:h:\drivers\cmsis\include\cmsis_gcc.h ****       pTable->dest[i] = 0u;
 160:h:\drivers\cmsis\include\cmsis_gcc.h ****     }
 161:h:\drivers\cmsis\include\cmsis_gcc.h ****   }
 162:h:\drivers\cmsis\include\cmsis_gcc.h ****  
 163:h:\drivers\cmsis\include\cmsis_gcc.h ****   _start();
 164:h:\drivers\cmsis\include\cmsis_gcc.h **** }
 165:h:\drivers\cmsis\include\cmsis_gcc.h ****   
 166:h:\drivers\cmsis\include\cmsis_gcc.h **** #define __PROGRAM_START           __cmsis_start
 167:h:\drivers\cmsis\include\cmsis_gcc.h **** #endif
 168:h:\drivers\cmsis\include\cmsis_gcc.h **** 
 169:h:\drivers\cmsis\include\cmsis_gcc.h **** #ifndef __INITIAL_SP
 170:h:\drivers\cmsis\include\cmsis_gcc.h **** #define __INITIAL_SP              __StackTop
 171:h:\drivers\cmsis\include\cmsis_gcc.h **** #endif
 172:h:\drivers\cmsis\include\cmsis_gcc.h **** 
 173:h:\drivers\cmsis\include\cmsis_gcc.h **** #ifndef __STACK_LIMIT
 174:h:\drivers\cmsis\include\cmsis_gcc.h **** #define __STACK_LIMIT             __StackLimit
 175:h:\drivers\cmsis\include\cmsis_gcc.h **** #endif
 176:h:\drivers\cmsis\include\cmsis_gcc.h **** 
 177:h:\drivers\cmsis\include\cmsis_gcc.h **** #ifndef __VECTOR_TABLE
 178:h:\drivers\cmsis\include\cmsis_gcc.h **** #define __VECTOR_TABLE            __Vectors
 179:h:\drivers\cmsis\include\cmsis_gcc.h **** #endif
 180:h:\drivers\cmsis\include\cmsis_gcc.h **** 
 181:h:\drivers\cmsis\include\cmsis_gcc.h **** #ifndef __VECTOR_TABLE_ATTRIBUTE
 182:h:\drivers\cmsis\include\cmsis_gcc.h **** #define __VECTOR_TABLE_ATTRIBUTE  __attribute__((used, section(".vectors")))
 183:h:\drivers\cmsis\include\cmsis_gcc.h **** #endif
 184:h:\drivers\cmsis\include\cmsis_gcc.h **** 
 185:h:\drivers\cmsis\include\cmsis_gcc.h **** /* ###########################  Core Function Access  ########################### */
 186:h:\drivers\cmsis\include\cmsis_gcc.h **** /** \ingroup  CMSIS_Core_FunctionInterface
 187:h:\drivers\cmsis\include\cmsis_gcc.h ****     \defgroup CMSIS_Core_RegAccFunctions CMSIS Core Register Access Functions
 188:h:\drivers\cmsis\include\cmsis_gcc.h ****   @{
 189:h:\drivers\cmsis\include\cmsis_gcc.h ****  */
 190:h:\drivers\cmsis\include\cmsis_gcc.h **** 
 191:h:\drivers\cmsis\include\cmsis_gcc.h **** /**
 192:h:\drivers\cmsis\include\cmsis_gcc.h ****   \brief   Enable IRQ Interrupts
 193:h:\drivers\cmsis\include\cmsis_gcc.h ****   \details Enables IRQ interrupts by clearing the I-bit in the CPSR.
 194:h:\drivers\cmsis\include\cmsis_gcc.h ****            Can only be executed in Privileged modes.
 195:h:\drivers\cmsis\include\cmsis_gcc.h ****  */
 196:h:\drivers\cmsis\include\cmsis_gcc.h **** __STATIC_FORCEINLINE void __enable_irq(void)
 197:h:\drivers\cmsis\include\cmsis_gcc.h **** {
 198:h:\drivers\cmsis\include\cmsis_gcc.h ****   __ASM volatile ("cpsie i" : : : "memory");
 199:h:\drivers\cmsis\include\cmsis_gcc.h **** }
 200:h:\drivers\cmsis\include\cmsis_gcc.h **** 
 201:h:\drivers\cmsis\include\cmsis_gcc.h **** 
 202:h:\drivers\cmsis\include\cmsis_gcc.h **** /**
 203:h:\drivers\cmsis\include\cmsis_gcc.h ****   \brief   Disable IRQ Interrupts
 204:h:\drivers\cmsis\include\cmsis_gcc.h ****   \details Disables IRQ interrupts by setting the I-bit in the CPSR.
 205:h:\drivers\cmsis\include\cmsis_gcc.h ****            Can only be executed in Privileged modes.
 206:h:\drivers\cmsis\include\cmsis_gcc.h ****  */
 207:h:\drivers\cmsis\include\cmsis_gcc.h **** __STATIC_FORCEINLINE void __disable_irq(void)
 208:h:\drivers\cmsis\include\cmsis_gcc.h **** {
 209:h:\drivers\cmsis\include\cmsis_gcc.h ****   __ASM volatile ("cpsid i" : : : "memory");
 210:h:\drivers\cmsis\include\cmsis_gcc.h **** }
 211:h:\drivers\cmsis\include\cmsis_gcc.h **** 
 212:h:\drivers\cmsis\include\cmsis_gcc.h **** 
 213:h:\drivers\cmsis\include\cmsis_gcc.h **** /**
 214:h:\drivers\cmsis\include\cmsis_gcc.h ****   \brief   Get Control Register
 215:h:\drivers\cmsis\include\cmsis_gcc.h ****   \details Returns the content of the Control Register.
ARM GAS  C:\Users\n11ak\AppData\Local\Temp\cc4kuuJl.s 			page 48


 216:h:\drivers\cmsis\include\cmsis_gcc.h ****   \return               Control Register value
 217:h:\drivers\cmsis\include\cmsis_gcc.h ****  */
 218:h:\drivers\cmsis\include\cmsis_gcc.h **** __STATIC_FORCEINLINE uint32_t __get_CONTROL(void)
 219:h:\drivers\cmsis\include\cmsis_gcc.h **** {
 220:h:\drivers\cmsis\include\cmsis_gcc.h ****   uint32_t result;
 221:h:\drivers\cmsis\include\cmsis_gcc.h **** 
 222:h:\drivers\cmsis\include\cmsis_gcc.h ****   __ASM volatile ("MRS %0, control" : "=r" (result) );
 223:h:\drivers\cmsis\include\cmsis_gcc.h ****   return(result);
 224:h:\drivers\cmsis\include\cmsis_gcc.h **** }
 225:h:\drivers\cmsis\include\cmsis_gcc.h **** 
 226:h:\drivers\cmsis\include\cmsis_gcc.h **** 
 227:h:\drivers\cmsis\include\cmsis_gcc.h **** #if (defined (__ARM_FEATURE_CMSE ) && (__ARM_FEATURE_CMSE == 3))
 228:h:\drivers\cmsis\include\cmsis_gcc.h **** /**
 229:h:\drivers\cmsis\include\cmsis_gcc.h ****   \brief   Get Control Register (non-secure)
 230:h:\drivers\cmsis\include\cmsis_gcc.h ****   \details Returns the content of the non-secure Control Register when in secure mode.
 231:h:\drivers\cmsis\include\cmsis_gcc.h ****   \return               non-secure Control Register value
 232:h:\drivers\cmsis\include\cmsis_gcc.h ****  */
 233:h:\drivers\cmsis\include\cmsis_gcc.h **** __STATIC_FORCEINLINE uint32_t __TZ_get_CONTROL_NS(void)
 234:h:\drivers\cmsis\include\cmsis_gcc.h **** {
 235:h:\drivers\cmsis\include\cmsis_gcc.h ****   uint32_t result;
 236:h:\drivers\cmsis\include\cmsis_gcc.h **** 
 237:h:\drivers\cmsis\include\cmsis_gcc.h ****   __ASM volatile ("MRS %0, control_ns" : "=r" (result) );
 238:h:\drivers\cmsis\include\cmsis_gcc.h ****   return(result);
 239:h:\drivers\cmsis\include\cmsis_gcc.h **** }
 240:h:\drivers\cmsis\include\cmsis_gcc.h **** #endif
 241:h:\drivers\cmsis\include\cmsis_gcc.h **** 
 242:h:\drivers\cmsis\include\cmsis_gcc.h **** 
 243:h:\drivers\cmsis\include\cmsis_gcc.h **** /**
 244:h:\drivers\cmsis\include\cmsis_gcc.h ****   \brief   Set Control Register
 245:h:\drivers\cmsis\include\cmsis_gcc.h ****   \details Writes the given value to the Control Register.
 246:h:\drivers\cmsis\include\cmsis_gcc.h ****   \param [in]    control  Control Register value to set
 247:h:\drivers\cmsis\include\cmsis_gcc.h ****  */
 248:h:\drivers\cmsis\include\cmsis_gcc.h **** __STATIC_FORCEINLINE void __set_CONTROL(uint32_t control)
 249:h:\drivers\cmsis\include\cmsis_gcc.h **** {
 250:h:\drivers\cmsis\include\cmsis_gcc.h ****   __ASM volatile ("MSR control, %0" : : "r" (control) : "memory");
 251:h:\drivers\cmsis\include\cmsis_gcc.h **** }
 252:h:\drivers\cmsis\include\cmsis_gcc.h **** 
 253:h:\drivers\cmsis\include\cmsis_gcc.h **** 
 254:h:\drivers\cmsis\include\cmsis_gcc.h **** #if (defined (__ARM_FEATURE_CMSE ) && (__ARM_FEATURE_CMSE == 3))
 255:h:\drivers\cmsis\include\cmsis_gcc.h **** /**
 256:h:\drivers\cmsis\include\cmsis_gcc.h ****   \brief   Set Control Register (non-secure)
 257:h:\drivers\cmsis\include\cmsis_gcc.h ****   \details Writes the given value to the non-secure Control Register when in secure state.
 258:h:\drivers\cmsis\include\cmsis_gcc.h ****   \param [in]    control  Control Register value to set
 259:h:\drivers\cmsis\include\cmsis_gcc.h ****  */
 260:h:\drivers\cmsis\include\cmsis_gcc.h **** __STATIC_FORCEINLINE void __TZ_set_CONTROL_NS(uint32_t control)
 261:h:\drivers\cmsis\include\cmsis_gcc.h **** {
 262:h:\drivers\cmsis\include\cmsis_gcc.h ****   __ASM volatile ("MSR control_ns, %0" : : "r" (control) : "memory");
 263:h:\drivers\cmsis\include\cmsis_gcc.h **** }
 264:h:\drivers\cmsis\include\cmsis_gcc.h **** #endif
 265:h:\drivers\cmsis\include\cmsis_gcc.h **** 
 266:h:\drivers\cmsis\include\cmsis_gcc.h **** 
 267:h:\drivers\cmsis\include\cmsis_gcc.h **** /**
 268:h:\drivers\cmsis\include\cmsis_gcc.h ****   \brief   Get IPSR Register
 269:h:\drivers\cmsis\include\cmsis_gcc.h ****   \details Returns the content of the IPSR Register.
 270:h:\drivers\cmsis\include\cmsis_gcc.h ****   \return               IPSR Register value
 271:h:\drivers\cmsis\include\cmsis_gcc.h ****  */
 272:h:\drivers\cmsis\include\cmsis_gcc.h **** __STATIC_FORCEINLINE uint32_t __get_IPSR(void)
ARM GAS  C:\Users\n11ak\AppData\Local\Temp\cc4kuuJl.s 			page 49


 273:h:\drivers\cmsis\include\cmsis_gcc.h **** {
 274:h:\drivers\cmsis\include\cmsis_gcc.h ****   uint32_t result;
 275:h:\drivers\cmsis\include\cmsis_gcc.h **** 
 276:h:\drivers\cmsis\include\cmsis_gcc.h ****   __ASM volatile ("MRS %0, ipsr" : "=r" (result) );
 277:h:\drivers\cmsis\include\cmsis_gcc.h ****   return(result);
 278:h:\drivers\cmsis\include\cmsis_gcc.h **** }
 279:h:\drivers\cmsis\include\cmsis_gcc.h **** 
 280:h:\drivers\cmsis\include\cmsis_gcc.h **** 
 281:h:\drivers\cmsis\include\cmsis_gcc.h **** /**
 282:h:\drivers\cmsis\include\cmsis_gcc.h ****   \brief   Get APSR Register
 283:h:\drivers\cmsis\include\cmsis_gcc.h ****   \details Returns the content of the APSR Register.
 284:h:\drivers\cmsis\include\cmsis_gcc.h ****   \return               APSR Register value
 285:h:\drivers\cmsis\include\cmsis_gcc.h ****  */
 286:h:\drivers\cmsis\include\cmsis_gcc.h **** __STATIC_FORCEINLINE uint32_t __get_APSR(void)
 287:h:\drivers\cmsis\include\cmsis_gcc.h **** {
 288:h:\drivers\cmsis\include\cmsis_gcc.h ****   uint32_t result;
 289:h:\drivers\cmsis\include\cmsis_gcc.h **** 
 290:h:\drivers\cmsis\include\cmsis_gcc.h ****   __ASM volatile ("MRS %0, apsr" : "=r" (result) );
 291:h:\drivers\cmsis\include\cmsis_gcc.h ****   return(result);
 292:h:\drivers\cmsis\include\cmsis_gcc.h **** }
 293:h:\drivers\cmsis\include\cmsis_gcc.h **** 
 294:h:\drivers\cmsis\include\cmsis_gcc.h **** 
 295:h:\drivers\cmsis\include\cmsis_gcc.h **** /**
 296:h:\drivers\cmsis\include\cmsis_gcc.h ****   \brief   Get xPSR Register
 297:h:\drivers\cmsis\include\cmsis_gcc.h ****   \details Returns the content of the xPSR Register.
 298:h:\drivers\cmsis\include\cmsis_gcc.h ****   \return               xPSR Register value
 299:h:\drivers\cmsis\include\cmsis_gcc.h ****  */
 300:h:\drivers\cmsis\include\cmsis_gcc.h **** __STATIC_FORCEINLINE uint32_t __get_xPSR(void)
 301:h:\drivers\cmsis\include\cmsis_gcc.h **** {
 302:h:\drivers\cmsis\include\cmsis_gcc.h ****   uint32_t result;
 303:h:\drivers\cmsis\include\cmsis_gcc.h **** 
 304:h:\drivers\cmsis\include\cmsis_gcc.h ****   __ASM volatile ("MRS %0, xpsr" : "=r" (result) );
 305:h:\drivers\cmsis\include\cmsis_gcc.h ****   return(result);
 306:h:\drivers\cmsis\include\cmsis_gcc.h **** }
 307:h:\drivers\cmsis\include\cmsis_gcc.h **** 
 308:h:\drivers\cmsis\include\cmsis_gcc.h **** 
 309:h:\drivers\cmsis\include\cmsis_gcc.h **** /**
 310:h:\drivers\cmsis\include\cmsis_gcc.h ****   \brief   Get Process Stack Pointer
 311:h:\drivers\cmsis\include\cmsis_gcc.h ****   \details Returns the current value of the Process Stack Pointer (PSP).
 312:h:\drivers\cmsis\include\cmsis_gcc.h ****   \return               PSP Register value
 313:h:\drivers\cmsis\include\cmsis_gcc.h ****  */
 314:h:\drivers\cmsis\include\cmsis_gcc.h **** __STATIC_FORCEINLINE uint32_t __get_PSP(void)
 315:h:\drivers\cmsis\include\cmsis_gcc.h **** {
 316:h:\drivers\cmsis\include\cmsis_gcc.h ****   uint32_t result;
 317:h:\drivers\cmsis\include\cmsis_gcc.h **** 
 318:h:\drivers\cmsis\include\cmsis_gcc.h ****   __ASM volatile ("MRS %0, psp"  : "=r" (result) );
 319:h:\drivers\cmsis\include\cmsis_gcc.h ****   return(result);
 320:h:\drivers\cmsis\include\cmsis_gcc.h **** }
 321:h:\drivers\cmsis\include\cmsis_gcc.h **** 
 322:h:\drivers\cmsis\include\cmsis_gcc.h **** 
 323:h:\drivers\cmsis\include\cmsis_gcc.h **** #if (defined (__ARM_FEATURE_CMSE ) && (__ARM_FEATURE_CMSE == 3))
 324:h:\drivers\cmsis\include\cmsis_gcc.h **** /**
 325:h:\drivers\cmsis\include\cmsis_gcc.h ****   \brief   Get Process Stack Pointer (non-secure)
 326:h:\drivers\cmsis\include\cmsis_gcc.h ****   \details Returns the current value of the non-secure Process Stack Pointer (PSP) when in secure s
 327:h:\drivers\cmsis\include\cmsis_gcc.h ****   \return               PSP Register value
 328:h:\drivers\cmsis\include\cmsis_gcc.h ****  */
 329:h:\drivers\cmsis\include\cmsis_gcc.h **** __STATIC_FORCEINLINE uint32_t __TZ_get_PSP_NS(void)
ARM GAS  C:\Users\n11ak\AppData\Local\Temp\cc4kuuJl.s 			page 50


 330:h:\drivers\cmsis\include\cmsis_gcc.h **** {
 331:h:\drivers\cmsis\include\cmsis_gcc.h ****   uint32_t result;
 332:h:\drivers\cmsis\include\cmsis_gcc.h **** 
 333:h:\drivers\cmsis\include\cmsis_gcc.h ****   __ASM volatile ("MRS %0, psp_ns"  : "=r" (result) );
 334:h:\drivers\cmsis\include\cmsis_gcc.h ****   return(result);
 335:h:\drivers\cmsis\include\cmsis_gcc.h **** }
 336:h:\drivers\cmsis\include\cmsis_gcc.h **** #endif
 337:h:\drivers\cmsis\include\cmsis_gcc.h **** 
 338:h:\drivers\cmsis\include\cmsis_gcc.h **** 
 339:h:\drivers\cmsis\include\cmsis_gcc.h **** /**
 340:h:\drivers\cmsis\include\cmsis_gcc.h ****   \brief   Set Process Stack Pointer
 341:h:\drivers\cmsis\include\cmsis_gcc.h ****   \details Assigns the given value to the Process Stack Pointer (PSP).
 342:h:\drivers\cmsis\include\cmsis_gcc.h ****   \param [in]    topOfProcStack  Process Stack Pointer value to set
 343:h:\drivers\cmsis\include\cmsis_gcc.h ****  */
 344:h:\drivers\cmsis\include\cmsis_gcc.h **** __STATIC_FORCEINLINE void __set_PSP(uint32_t topOfProcStack)
 345:h:\drivers\cmsis\include\cmsis_gcc.h **** {
 346:h:\drivers\cmsis\include\cmsis_gcc.h ****   __ASM volatile ("MSR psp, %0" : : "r" (topOfProcStack) : );
 347:h:\drivers\cmsis\include\cmsis_gcc.h **** }
 348:h:\drivers\cmsis\include\cmsis_gcc.h **** 
 349:h:\drivers\cmsis\include\cmsis_gcc.h **** 
 350:h:\drivers\cmsis\include\cmsis_gcc.h **** #if (defined (__ARM_FEATURE_CMSE ) && (__ARM_FEATURE_CMSE == 3))
 351:h:\drivers\cmsis\include\cmsis_gcc.h **** /**
 352:h:\drivers\cmsis\include\cmsis_gcc.h ****   \brief   Set Process Stack Pointer (non-secure)
 353:h:\drivers\cmsis\include\cmsis_gcc.h ****   \details Assigns the given value to the non-secure Process Stack Pointer (PSP) when in secure sta
 354:h:\drivers\cmsis\include\cmsis_gcc.h ****   \param [in]    topOfProcStack  Process Stack Pointer value to set
 355:h:\drivers\cmsis\include\cmsis_gcc.h ****  */
 356:h:\drivers\cmsis\include\cmsis_gcc.h **** __STATIC_FORCEINLINE void __TZ_set_PSP_NS(uint32_t topOfProcStack)
 357:h:\drivers\cmsis\include\cmsis_gcc.h **** {
 358:h:\drivers\cmsis\include\cmsis_gcc.h ****   __ASM volatile ("MSR psp_ns, %0" : : "r" (topOfProcStack) : );
 359:h:\drivers\cmsis\include\cmsis_gcc.h **** }
 360:h:\drivers\cmsis\include\cmsis_gcc.h **** #endif
 361:h:\drivers\cmsis\include\cmsis_gcc.h **** 
 362:h:\drivers\cmsis\include\cmsis_gcc.h **** 
 363:h:\drivers\cmsis\include\cmsis_gcc.h **** /**
 364:h:\drivers\cmsis\include\cmsis_gcc.h ****   \brief   Get Main Stack Pointer
 365:h:\drivers\cmsis\include\cmsis_gcc.h ****   \details Returns the current value of the Main Stack Pointer (MSP).
 366:h:\drivers\cmsis\include\cmsis_gcc.h ****   \return               MSP Register value
 367:h:\drivers\cmsis\include\cmsis_gcc.h ****  */
 368:h:\drivers\cmsis\include\cmsis_gcc.h **** __STATIC_FORCEINLINE uint32_t __get_MSP(void)
 369:h:\drivers\cmsis\include\cmsis_gcc.h **** {
 370:h:\drivers\cmsis\include\cmsis_gcc.h ****   uint32_t result;
 371:h:\drivers\cmsis\include\cmsis_gcc.h **** 
 372:h:\drivers\cmsis\include\cmsis_gcc.h ****   __ASM volatile ("MRS %0, msp" : "=r" (result) );
 373:h:\drivers\cmsis\include\cmsis_gcc.h ****   return(result);
 374:h:\drivers\cmsis\include\cmsis_gcc.h **** }
 375:h:\drivers\cmsis\include\cmsis_gcc.h **** 
 376:h:\drivers\cmsis\include\cmsis_gcc.h **** 
 377:h:\drivers\cmsis\include\cmsis_gcc.h **** #if (defined (__ARM_FEATURE_CMSE ) && (__ARM_FEATURE_CMSE == 3))
 378:h:\drivers\cmsis\include\cmsis_gcc.h **** /**
 379:h:\drivers\cmsis\include\cmsis_gcc.h ****   \brief   Get Main Stack Pointer (non-secure)
 380:h:\drivers\cmsis\include\cmsis_gcc.h ****   \details Returns the current value of the non-secure Main Stack Pointer (MSP) when in secure stat
 381:h:\drivers\cmsis\include\cmsis_gcc.h ****   \return               MSP Register value
 382:h:\drivers\cmsis\include\cmsis_gcc.h ****  */
 383:h:\drivers\cmsis\include\cmsis_gcc.h **** __STATIC_FORCEINLINE uint32_t __TZ_get_MSP_NS(void)
 384:h:\drivers\cmsis\include\cmsis_gcc.h **** {
 385:h:\drivers\cmsis\include\cmsis_gcc.h ****   uint32_t result;
 386:h:\drivers\cmsis\include\cmsis_gcc.h **** 
ARM GAS  C:\Users\n11ak\AppData\Local\Temp\cc4kuuJl.s 			page 51


 387:h:\drivers\cmsis\include\cmsis_gcc.h ****   __ASM volatile ("MRS %0, msp_ns" : "=r" (result) );
 388:h:\drivers\cmsis\include\cmsis_gcc.h ****   return(result);
 389:h:\drivers\cmsis\include\cmsis_gcc.h **** }
 390:h:\drivers\cmsis\include\cmsis_gcc.h **** #endif
 391:h:\drivers\cmsis\include\cmsis_gcc.h **** 
 392:h:\drivers\cmsis\include\cmsis_gcc.h **** 
 393:h:\drivers\cmsis\include\cmsis_gcc.h **** /**
 394:h:\drivers\cmsis\include\cmsis_gcc.h ****   \brief   Set Main Stack Pointer
 395:h:\drivers\cmsis\include\cmsis_gcc.h ****   \details Assigns the given value to the Main Stack Pointer (MSP).
 396:h:\drivers\cmsis\include\cmsis_gcc.h ****   \param [in]    topOfMainStack  Main Stack Pointer value to set
 397:h:\drivers\cmsis\include\cmsis_gcc.h ****  */
 398:h:\drivers\cmsis\include\cmsis_gcc.h **** __STATIC_FORCEINLINE void __set_MSP(uint32_t topOfMainStack)
 399:h:\drivers\cmsis\include\cmsis_gcc.h **** {
 400:h:\drivers\cmsis\include\cmsis_gcc.h ****   __ASM volatile ("MSR msp, %0" : : "r" (topOfMainStack) : );
 401:h:\drivers\cmsis\include\cmsis_gcc.h **** }
 402:h:\drivers\cmsis\include\cmsis_gcc.h **** 
 403:h:\drivers\cmsis\include\cmsis_gcc.h **** 
 404:h:\drivers\cmsis\include\cmsis_gcc.h **** #if (defined (__ARM_FEATURE_CMSE ) && (__ARM_FEATURE_CMSE == 3))
 405:h:\drivers\cmsis\include\cmsis_gcc.h **** /**
 406:h:\drivers\cmsis\include\cmsis_gcc.h ****   \brief   Set Main Stack Pointer (non-secure)
 407:h:\drivers\cmsis\include\cmsis_gcc.h ****   \details Assigns the given value to the non-secure Main Stack Pointer (MSP) when in secure state.
 408:h:\drivers\cmsis\include\cmsis_gcc.h ****   \param [in]    topOfMainStack  Main Stack Pointer value to set
 409:h:\drivers\cmsis\include\cmsis_gcc.h ****  */
 410:h:\drivers\cmsis\include\cmsis_gcc.h **** __STATIC_FORCEINLINE void __TZ_set_MSP_NS(uint32_t topOfMainStack)
 411:h:\drivers\cmsis\include\cmsis_gcc.h **** {
 412:h:\drivers\cmsis\include\cmsis_gcc.h ****   __ASM volatile ("MSR msp_ns, %0" : : "r" (topOfMainStack) : );
 413:h:\drivers\cmsis\include\cmsis_gcc.h **** }
 414:h:\drivers\cmsis\include\cmsis_gcc.h **** #endif
 415:h:\drivers\cmsis\include\cmsis_gcc.h **** 
 416:h:\drivers\cmsis\include\cmsis_gcc.h **** 
 417:h:\drivers\cmsis\include\cmsis_gcc.h **** #if (defined (__ARM_FEATURE_CMSE ) && (__ARM_FEATURE_CMSE == 3))
 418:h:\drivers\cmsis\include\cmsis_gcc.h **** /**
 419:h:\drivers\cmsis\include\cmsis_gcc.h ****   \brief   Get Stack Pointer (non-secure)
 420:h:\drivers\cmsis\include\cmsis_gcc.h ****   \details Returns the current value of the non-secure Stack Pointer (SP) when in secure state.
 421:h:\drivers\cmsis\include\cmsis_gcc.h ****   \return               SP Register value
 422:h:\drivers\cmsis\include\cmsis_gcc.h ****  */
 423:h:\drivers\cmsis\include\cmsis_gcc.h **** __STATIC_FORCEINLINE uint32_t __TZ_get_SP_NS(void)
 424:h:\drivers\cmsis\include\cmsis_gcc.h **** {
 425:h:\drivers\cmsis\include\cmsis_gcc.h ****   uint32_t result;
 426:h:\drivers\cmsis\include\cmsis_gcc.h **** 
 427:h:\drivers\cmsis\include\cmsis_gcc.h ****   __ASM volatile ("MRS %0, sp_ns" : "=r" (result) );
 428:h:\drivers\cmsis\include\cmsis_gcc.h ****   return(result);
 429:h:\drivers\cmsis\include\cmsis_gcc.h **** }
 430:h:\drivers\cmsis\include\cmsis_gcc.h **** 
 431:h:\drivers\cmsis\include\cmsis_gcc.h **** 
 432:h:\drivers\cmsis\include\cmsis_gcc.h **** /**
 433:h:\drivers\cmsis\include\cmsis_gcc.h ****   \brief   Set Stack Pointer (non-secure)
 434:h:\drivers\cmsis\include\cmsis_gcc.h ****   \details Assigns the given value to the non-secure Stack Pointer (SP) when in secure state.
 435:h:\drivers\cmsis\include\cmsis_gcc.h ****   \param [in]    topOfStack  Stack Pointer value to set
 436:h:\drivers\cmsis\include\cmsis_gcc.h ****  */
 437:h:\drivers\cmsis\include\cmsis_gcc.h **** __STATIC_FORCEINLINE void __TZ_set_SP_NS(uint32_t topOfStack)
 438:h:\drivers\cmsis\include\cmsis_gcc.h **** {
 439:h:\drivers\cmsis\include\cmsis_gcc.h ****   __ASM volatile ("MSR sp_ns, %0" : : "r" (topOfStack) : );
 440:h:\drivers\cmsis\include\cmsis_gcc.h **** }
 441:h:\drivers\cmsis\include\cmsis_gcc.h **** #endif
 442:h:\drivers\cmsis\include\cmsis_gcc.h **** 
 443:h:\drivers\cmsis\include\cmsis_gcc.h **** 
ARM GAS  C:\Users\n11ak\AppData\Local\Temp\cc4kuuJl.s 			page 52


 444:h:\drivers\cmsis\include\cmsis_gcc.h **** /**
 445:h:\drivers\cmsis\include\cmsis_gcc.h ****   \brief   Get Priority Mask
 446:h:\drivers\cmsis\include\cmsis_gcc.h ****   \details Returns the current state of the priority mask bit from the Priority Mask Register.
 447:h:\drivers\cmsis\include\cmsis_gcc.h ****   \return               Priority Mask value
 448:h:\drivers\cmsis\include\cmsis_gcc.h ****  */
 449:h:\drivers\cmsis\include\cmsis_gcc.h **** __STATIC_FORCEINLINE uint32_t __get_PRIMASK(void)
 450:h:\drivers\cmsis\include\cmsis_gcc.h **** {
 451:h:\drivers\cmsis\include\cmsis_gcc.h ****   uint32_t result;
 452:h:\drivers\cmsis\include\cmsis_gcc.h **** 
 453:h:\drivers\cmsis\include\cmsis_gcc.h ****   __ASM volatile ("MRS %0, primask" : "=r" (result) );
 454:h:\drivers\cmsis\include\cmsis_gcc.h ****   return(result);
 455:h:\drivers\cmsis\include\cmsis_gcc.h **** }
 456:h:\drivers\cmsis\include\cmsis_gcc.h **** 
 457:h:\drivers\cmsis\include\cmsis_gcc.h **** 
 458:h:\drivers\cmsis\include\cmsis_gcc.h **** #if (defined (__ARM_FEATURE_CMSE ) && (__ARM_FEATURE_CMSE == 3))
 459:h:\drivers\cmsis\include\cmsis_gcc.h **** /**
 460:h:\drivers\cmsis\include\cmsis_gcc.h ****   \brief   Get Priority Mask (non-secure)
 461:h:\drivers\cmsis\include\cmsis_gcc.h ****   \details Returns the current state of the non-secure priority mask bit from the Priority Mask Reg
 462:h:\drivers\cmsis\include\cmsis_gcc.h ****   \return               Priority Mask value
 463:h:\drivers\cmsis\include\cmsis_gcc.h ****  */
 464:h:\drivers\cmsis\include\cmsis_gcc.h **** __STATIC_FORCEINLINE uint32_t __TZ_get_PRIMASK_NS(void)
 465:h:\drivers\cmsis\include\cmsis_gcc.h **** {
 466:h:\drivers\cmsis\include\cmsis_gcc.h ****   uint32_t result;
 467:h:\drivers\cmsis\include\cmsis_gcc.h **** 
 468:h:\drivers\cmsis\include\cmsis_gcc.h ****   __ASM volatile ("MRS %0, primask_ns" : "=r" (result) );
 469:h:\drivers\cmsis\include\cmsis_gcc.h ****   return(result);
 470:h:\drivers\cmsis\include\cmsis_gcc.h **** }
 471:h:\drivers\cmsis\include\cmsis_gcc.h **** #endif
 472:h:\drivers\cmsis\include\cmsis_gcc.h **** 
 473:h:\drivers\cmsis\include\cmsis_gcc.h **** 
 474:h:\drivers\cmsis\include\cmsis_gcc.h **** /**
 475:h:\drivers\cmsis\include\cmsis_gcc.h ****   \brief   Set Priority Mask
 476:h:\drivers\cmsis\include\cmsis_gcc.h ****   \details Assigns the given value to the Priority Mask Register.
 477:h:\drivers\cmsis\include\cmsis_gcc.h ****   \param [in]    priMask  Priority Mask
 478:h:\drivers\cmsis\include\cmsis_gcc.h ****  */
 479:h:\drivers\cmsis\include\cmsis_gcc.h **** __STATIC_FORCEINLINE void __set_PRIMASK(uint32_t priMask)
 480:h:\drivers\cmsis\include\cmsis_gcc.h **** {
 481:h:\drivers\cmsis\include\cmsis_gcc.h ****   __ASM volatile ("MSR primask, %0" : : "r" (priMask) : "memory");
 482:h:\drivers\cmsis\include\cmsis_gcc.h **** }
 483:h:\drivers\cmsis\include\cmsis_gcc.h **** 
 484:h:\drivers\cmsis\include\cmsis_gcc.h **** 
 485:h:\drivers\cmsis\include\cmsis_gcc.h **** #if (defined (__ARM_FEATURE_CMSE ) && (__ARM_FEATURE_CMSE == 3))
 486:h:\drivers\cmsis\include\cmsis_gcc.h **** /**
 487:h:\drivers\cmsis\include\cmsis_gcc.h ****   \brief   Set Priority Mask (non-secure)
 488:h:\drivers\cmsis\include\cmsis_gcc.h ****   \details Assigns the given value to the non-secure Priority Mask Register when in secure state.
 489:h:\drivers\cmsis\include\cmsis_gcc.h ****   \param [in]    priMask  Priority Mask
 490:h:\drivers\cmsis\include\cmsis_gcc.h ****  */
 491:h:\drivers\cmsis\include\cmsis_gcc.h **** __STATIC_FORCEINLINE void __TZ_set_PRIMASK_NS(uint32_t priMask)
 492:h:\drivers\cmsis\include\cmsis_gcc.h **** {
 493:h:\drivers\cmsis\include\cmsis_gcc.h ****   __ASM volatile ("MSR primask_ns, %0" : : "r" (priMask) : "memory");
 494:h:\drivers\cmsis\include\cmsis_gcc.h **** }
 495:h:\drivers\cmsis\include\cmsis_gcc.h **** #endif
 496:h:\drivers\cmsis\include\cmsis_gcc.h **** 
 497:h:\drivers\cmsis\include\cmsis_gcc.h **** 
 498:h:\drivers\cmsis\include\cmsis_gcc.h **** #if ((defined (__ARM_ARCH_7M__      ) && (__ARM_ARCH_7M__      == 1)) || \
 499:h:\drivers\cmsis\include\cmsis_gcc.h ****      (defined (__ARM_ARCH_7EM__     ) && (__ARM_ARCH_7EM__     == 1)) || \
 500:h:\drivers\cmsis\include\cmsis_gcc.h ****      (defined (__ARM_ARCH_8M_MAIN__ ) && (__ARM_ARCH_8M_MAIN__ == 1))    )
ARM GAS  C:\Users\n11ak\AppData\Local\Temp\cc4kuuJl.s 			page 53


 501:h:\drivers\cmsis\include\cmsis_gcc.h **** /**
 502:h:\drivers\cmsis\include\cmsis_gcc.h ****   \brief   Enable FIQ
 503:h:\drivers\cmsis\include\cmsis_gcc.h ****   \details Enables FIQ interrupts by clearing the F-bit in the CPSR.
 504:h:\drivers\cmsis\include\cmsis_gcc.h ****            Can only be executed in Privileged modes.
 505:h:\drivers\cmsis\include\cmsis_gcc.h ****  */
 506:h:\drivers\cmsis\include\cmsis_gcc.h **** __STATIC_FORCEINLINE void __enable_fault_irq(void)
 507:h:\drivers\cmsis\include\cmsis_gcc.h **** {
 508:h:\drivers\cmsis\include\cmsis_gcc.h ****   __ASM volatile ("cpsie f" : : : "memory");
 509:h:\drivers\cmsis\include\cmsis_gcc.h **** }
 510:h:\drivers\cmsis\include\cmsis_gcc.h **** 
 511:h:\drivers\cmsis\include\cmsis_gcc.h **** 
 512:h:\drivers\cmsis\include\cmsis_gcc.h **** /**
 513:h:\drivers\cmsis\include\cmsis_gcc.h ****   \brief   Disable FIQ
 514:h:\drivers\cmsis\include\cmsis_gcc.h ****   \details Disables FIQ interrupts by setting the F-bit in the CPSR.
 515:h:\drivers\cmsis\include\cmsis_gcc.h ****            Can only be executed in Privileged modes.
 516:h:\drivers\cmsis\include\cmsis_gcc.h ****  */
 517:h:\drivers\cmsis\include\cmsis_gcc.h **** __STATIC_FORCEINLINE void __disable_fault_irq(void)
 518:h:\drivers\cmsis\include\cmsis_gcc.h **** {
 519:h:\drivers\cmsis\include\cmsis_gcc.h ****   __ASM volatile ("cpsid f" : : : "memory");
 520:h:\drivers\cmsis\include\cmsis_gcc.h **** }
 521:h:\drivers\cmsis\include\cmsis_gcc.h **** 
 522:h:\drivers\cmsis\include\cmsis_gcc.h **** 
 523:h:\drivers\cmsis\include\cmsis_gcc.h **** /**
 524:h:\drivers\cmsis\include\cmsis_gcc.h ****   \brief   Get Base Priority
 525:h:\drivers\cmsis\include\cmsis_gcc.h ****   \details Returns the current value of the Base Priority register.
 526:h:\drivers\cmsis\include\cmsis_gcc.h ****   \return               Base Priority register value
 527:h:\drivers\cmsis\include\cmsis_gcc.h ****  */
 528:h:\drivers\cmsis\include\cmsis_gcc.h **** __STATIC_FORCEINLINE uint32_t __get_BASEPRI(void)
 529:h:\drivers\cmsis\include\cmsis_gcc.h **** {
 530:h:\drivers\cmsis\include\cmsis_gcc.h ****   uint32_t result;
 531:h:\drivers\cmsis\include\cmsis_gcc.h **** 
 532:h:\drivers\cmsis\include\cmsis_gcc.h ****   __ASM volatile ("MRS %0, basepri" : "=r" (result) );
 533:h:\drivers\cmsis\include\cmsis_gcc.h ****   return(result);
 534:h:\drivers\cmsis\include\cmsis_gcc.h **** }
 535:h:\drivers\cmsis\include\cmsis_gcc.h **** 
 536:h:\drivers\cmsis\include\cmsis_gcc.h **** 
 537:h:\drivers\cmsis\include\cmsis_gcc.h **** #if (defined (__ARM_FEATURE_CMSE ) && (__ARM_FEATURE_CMSE == 3))
 538:h:\drivers\cmsis\include\cmsis_gcc.h **** /**
 539:h:\drivers\cmsis\include\cmsis_gcc.h ****   \brief   Get Base Priority (non-secure)
 540:h:\drivers\cmsis\include\cmsis_gcc.h ****   \details Returns the current value of the non-secure Base Priority register when in secure state.
 541:h:\drivers\cmsis\include\cmsis_gcc.h ****   \return               Base Priority register value
 542:h:\drivers\cmsis\include\cmsis_gcc.h ****  */
 543:h:\drivers\cmsis\include\cmsis_gcc.h **** __STATIC_FORCEINLINE uint32_t __TZ_get_BASEPRI_NS(void)
 544:h:\drivers\cmsis\include\cmsis_gcc.h **** {
 545:h:\drivers\cmsis\include\cmsis_gcc.h ****   uint32_t result;
 546:h:\drivers\cmsis\include\cmsis_gcc.h **** 
 547:h:\drivers\cmsis\include\cmsis_gcc.h ****   __ASM volatile ("MRS %0, basepri_ns" : "=r" (result) );
 548:h:\drivers\cmsis\include\cmsis_gcc.h ****   return(result);
 549:h:\drivers\cmsis\include\cmsis_gcc.h **** }
 550:h:\drivers\cmsis\include\cmsis_gcc.h **** #endif
 551:h:\drivers\cmsis\include\cmsis_gcc.h **** 
 552:h:\drivers\cmsis\include\cmsis_gcc.h **** 
 553:h:\drivers\cmsis\include\cmsis_gcc.h **** /**
 554:h:\drivers\cmsis\include\cmsis_gcc.h ****   \brief   Set Base Priority
 555:h:\drivers\cmsis\include\cmsis_gcc.h ****   \details Assigns the given value to the Base Priority register.
 556:h:\drivers\cmsis\include\cmsis_gcc.h ****   \param [in]    basePri  Base Priority value to set
 557:h:\drivers\cmsis\include\cmsis_gcc.h ****  */
ARM GAS  C:\Users\n11ak\AppData\Local\Temp\cc4kuuJl.s 			page 54


 558:h:\drivers\cmsis\include\cmsis_gcc.h **** __STATIC_FORCEINLINE void __set_BASEPRI(uint32_t basePri)
 559:h:\drivers\cmsis\include\cmsis_gcc.h **** {
 560:h:\drivers\cmsis\include\cmsis_gcc.h ****   __ASM volatile ("MSR basepri, %0" : : "r" (basePri) : "memory");
 561:h:\drivers\cmsis\include\cmsis_gcc.h **** }
 562:h:\drivers\cmsis\include\cmsis_gcc.h **** 
 563:h:\drivers\cmsis\include\cmsis_gcc.h **** 
 564:h:\drivers\cmsis\include\cmsis_gcc.h **** #if (defined (__ARM_FEATURE_CMSE ) && (__ARM_FEATURE_CMSE == 3))
 565:h:\drivers\cmsis\include\cmsis_gcc.h **** /**
 566:h:\drivers\cmsis\include\cmsis_gcc.h ****   \brief   Set Base Priority (non-secure)
 567:h:\drivers\cmsis\include\cmsis_gcc.h ****   \details Assigns the given value to the non-secure Base Priority register when in secure state.
 568:h:\drivers\cmsis\include\cmsis_gcc.h ****   \param [in]    basePri  Base Priority value to set
 569:h:\drivers\cmsis\include\cmsis_gcc.h ****  */
 570:h:\drivers\cmsis\include\cmsis_gcc.h **** __STATIC_FORCEINLINE void __TZ_set_BASEPRI_NS(uint32_t basePri)
 571:h:\drivers\cmsis\include\cmsis_gcc.h **** {
 572:h:\drivers\cmsis\include\cmsis_gcc.h ****   __ASM volatile ("MSR basepri_ns, %0" : : "r" (basePri) : "memory");
 573:h:\drivers\cmsis\include\cmsis_gcc.h **** }
 574:h:\drivers\cmsis\include\cmsis_gcc.h **** #endif
 575:h:\drivers\cmsis\include\cmsis_gcc.h **** 
 576:h:\drivers\cmsis\include\cmsis_gcc.h **** 
 577:h:\drivers\cmsis\include\cmsis_gcc.h **** /**
 578:h:\drivers\cmsis\include\cmsis_gcc.h ****   \brief   Set Base Priority with condition
 579:h:\drivers\cmsis\include\cmsis_gcc.h ****   \details Assigns the given value to the Base Priority register only if BASEPRI masking is disable
 580:h:\drivers\cmsis\include\cmsis_gcc.h ****            or the new value increases the BASEPRI priority level.
 581:h:\drivers\cmsis\include\cmsis_gcc.h ****   \param [in]    basePri  Base Priority value to set
 582:h:\drivers\cmsis\include\cmsis_gcc.h ****  */
 583:h:\drivers\cmsis\include\cmsis_gcc.h **** __STATIC_FORCEINLINE void __set_BASEPRI_MAX(uint32_t basePri)
 584:h:\drivers\cmsis\include\cmsis_gcc.h **** {
 585:h:\drivers\cmsis\include\cmsis_gcc.h ****   __ASM volatile ("MSR basepri_max, %0" : : "r" (basePri) : "memory");
 586:h:\drivers\cmsis\include\cmsis_gcc.h **** }
 587:h:\drivers\cmsis\include\cmsis_gcc.h **** 
 588:h:\drivers\cmsis\include\cmsis_gcc.h **** 
 589:h:\drivers\cmsis\include\cmsis_gcc.h **** /**
 590:h:\drivers\cmsis\include\cmsis_gcc.h ****   \brief   Get Fault Mask
 591:h:\drivers\cmsis\include\cmsis_gcc.h ****   \details Returns the current value of the Fault Mask register.
 592:h:\drivers\cmsis\include\cmsis_gcc.h ****   \return               Fault Mask register value
 593:h:\drivers\cmsis\include\cmsis_gcc.h ****  */
 594:h:\drivers\cmsis\include\cmsis_gcc.h **** __STATIC_FORCEINLINE uint32_t __get_FAULTMASK(void)
 595:h:\drivers\cmsis\include\cmsis_gcc.h **** {
 596:h:\drivers\cmsis\include\cmsis_gcc.h ****   uint32_t result;
 597:h:\drivers\cmsis\include\cmsis_gcc.h **** 
 598:h:\drivers\cmsis\include\cmsis_gcc.h ****   __ASM volatile ("MRS %0, faultmask" : "=r" (result) );
 599:h:\drivers\cmsis\include\cmsis_gcc.h ****   return(result);
 600:h:\drivers\cmsis\include\cmsis_gcc.h **** }
 601:h:\drivers\cmsis\include\cmsis_gcc.h **** 
 602:h:\drivers\cmsis\include\cmsis_gcc.h **** 
 603:h:\drivers\cmsis\include\cmsis_gcc.h **** #if (defined (__ARM_FEATURE_CMSE ) && (__ARM_FEATURE_CMSE == 3))
 604:h:\drivers\cmsis\include\cmsis_gcc.h **** /**
 605:h:\drivers\cmsis\include\cmsis_gcc.h ****   \brief   Get Fault Mask (non-secure)
 606:h:\drivers\cmsis\include\cmsis_gcc.h ****   \details Returns the current value of the non-secure Fault Mask register when in secure state.
 607:h:\drivers\cmsis\include\cmsis_gcc.h ****   \return               Fault Mask register value
 608:h:\drivers\cmsis\include\cmsis_gcc.h ****  */
 609:h:\drivers\cmsis\include\cmsis_gcc.h **** __STATIC_FORCEINLINE uint32_t __TZ_get_FAULTMASK_NS(void)
 610:h:\drivers\cmsis\include\cmsis_gcc.h **** {
 611:h:\drivers\cmsis\include\cmsis_gcc.h ****   uint32_t result;
 612:h:\drivers\cmsis\include\cmsis_gcc.h **** 
 613:h:\drivers\cmsis\include\cmsis_gcc.h ****   __ASM volatile ("MRS %0, faultmask_ns" : "=r" (result) );
 614:h:\drivers\cmsis\include\cmsis_gcc.h ****   return(result);
ARM GAS  C:\Users\n11ak\AppData\Local\Temp\cc4kuuJl.s 			page 55


 615:h:\drivers\cmsis\include\cmsis_gcc.h **** }
 616:h:\drivers\cmsis\include\cmsis_gcc.h **** #endif
 617:h:\drivers\cmsis\include\cmsis_gcc.h **** 
 618:h:\drivers\cmsis\include\cmsis_gcc.h **** 
 619:h:\drivers\cmsis\include\cmsis_gcc.h **** /**
 620:h:\drivers\cmsis\include\cmsis_gcc.h ****   \brief   Set Fault Mask
 621:h:\drivers\cmsis\include\cmsis_gcc.h ****   \details Assigns the given value to the Fault Mask register.
 622:h:\drivers\cmsis\include\cmsis_gcc.h ****   \param [in]    faultMask  Fault Mask value to set
 623:h:\drivers\cmsis\include\cmsis_gcc.h ****  */
 624:h:\drivers\cmsis\include\cmsis_gcc.h **** __STATIC_FORCEINLINE void __set_FAULTMASK(uint32_t faultMask)
 625:h:\drivers\cmsis\include\cmsis_gcc.h **** {
 626:h:\drivers\cmsis\include\cmsis_gcc.h ****   __ASM volatile ("MSR faultmask, %0" : : "r" (faultMask) : "memory");
 627:h:\drivers\cmsis\include\cmsis_gcc.h **** }
 628:h:\drivers\cmsis\include\cmsis_gcc.h **** 
 629:h:\drivers\cmsis\include\cmsis_gcc.h **** 
 630:h:\drivers\cmsis\include\cmsis_gcc.h **** #if (defined (__ARM_FEATURE_CMSE ) && (__ARM_FEATURE_CMSE == 3))
 631:h:\drivers\cmsis\include\cmsis_gcc.h **** /**
 632:h:\drivers\cmsis\include\cmsis_gcc.h ****   \brief   Set Fault Mask (non-secure)
 633:h:\drivers\cmsis\include\cmsis_gcc.h ****   \details Assigns the given value to the non-secure Fault Mask register when in secure state.
 634:h:\drivers\cmsis\include\cmsis_gcc.h ****   \param [in]    faultMask  Fault Mask value to set
 635:h:\drivers\cmsis\include\cmsis_gcc.h ****  */
 636:h:\drivers\cmsis\include\cmsis_gcc.h **** __STATIC_FORCEINLINE void __TZ_set_FAULTMASK_NS(uint32_t faultMask)
 637:h:\drivers\cmsis\include\cmsis_gcc.h **** {
 638:h:\drivers\cmsis\include\cmsis_gcc.h ****   __ASM volatile ("MSR faultmask_ns, %0" : : "r" (faultMask) : "memory");
 639:h:\drivers\cmsis\include\cmsis_gcc.h **** }
 640:h:\drivers\cmsis\include\cmsis_gcc.h **** #endif
 641:h:\drivers\cmsis\include\cmsis_gcc.h **** 
 642:h:\drivers\cmsis\include\cmsis_gcc.h **** #endif /* ((defined (__ARM_ARCH_7M__      ) && (__ARM_ARCH_7M__      == 1)) || \
 643:h:\drivers\cmsis\include\cmsis_gcc.h ****            (defined (__ARM_ARCH_7EM__     ) && (__ARM_ARCH_7EM__     == 1)) || \
 644:h:\drivers\cmsis\include\cmsis_gcc.h ****            (defined (__ARM_ARCH_8M_MAIN__ ) && (__ARM_ARCH_8M_MAIN__ == 1))    ) */
 645:h:\drivers\cmsis\include\cmsis_gcc.h **** 
 646:h:\drivers\cmsis\include\cmsis_gcc.h **** 
 647:h:\drivers\cmsis\include\cmsis_gcc.h **** #if ((defined (__ARM_ARCH_8M_MAIN__ ) && (__ARM_ARCH_8M_MAIN__ == 1)) || \
 648:h:\drivers\cmsis\include\cmsis_gcc.h ****      (defined (__ARM_ARCH_8M_BASE__ ) && (__ARM_ARCH_8M_BASE__ == 1))    )
 649:h:\drivers\cmsis\include\cmsis_gcc.h **** 
 650:h:\drivers\cmsis\include\cmsis_gcc.h **** /**
 651:h:\drivers\cmsis\include\cmsis_gcc.h ****   \brief   Get Process Stack Pointer Limit
 652:h:\drivers\cmsis\include\cmsis_gcc.h ****   Devices without ARMv8-M Main Extensions (i.e. Cortex-M23) lack the non-secure
 653:h:\drivers\cmsis\include\cmsis_gcc.h ****   Stack Pointer Limit register hence zero is returned always in non-secure
 654:h:\drivers\cmsis\include\cmsis_gcc.h ****   mode.
 655:h:\drivers\cmsis\include\cmsis_gcc.h ****   
 656:h:\drivers\cmsis\include\cmsis_gcc.h ****   \details Returns the current value of the Process Stack Pointer Limit (PSPLIM).
 657:h:\drivers\cmsis\include\cmsis_gcc.h ****   \return               PSPLIM Register value
 658:h:\drivers\cmsis\include\cmsis_gcc.h ****  */
 659:h:\drivers\cmsis\include\cmsis_gcc.h **** __STATIC_FORCEINLINE uint32_t __get_PSPLIM(void)
 660:h:\drivers\cmsis\include\cmsis_gcc.h **** {
 661:h:\drivers\cmsis\include\cmsis_gcc.h **** #if (!(defined (__ARM_ARCH_8M_MAIN__ ) && (__ARM_ARCH_8M_MAIN__ == 1)) && \
 662:h:\drivers\cmsis\include\cmsis_gcc.h ****     (!defined (__ARM_FEATURE_CMSE) || (__ARM_FEATURE_CMSE < 3)))
 663:h:\drivers\cmsis\include\cmsis_gcc.h ****     // without main extensions, the non-secure PSPLIM is RAZ/WI
 664:h:\drivers\cmsis\include\cmsis_gcc.h ****   return 0U;
 665:h:\drivers\cmsis\include\cmsis_gcc.h **** #else
 666:h:\drivers\cmsis\include\cmsis_gcc.h ****   uint32_t result;
 667:h:\drivers\cmsis\include\cmsis_gcc.h ****   __ASM volatile ("MRS %0, psplim"  : "=r" (result) );
 668:h:\drivers\cmsis\include\cmsis_gcc.h ****   return result;
 669:h:\drivers\cmsis\include\cmsis_gcc.h **** #endif
 670:h:\drivers\cmsis\include\cmsis_gcc.h **** }
 671:h:\drivers\cmsis\include\cmsis_gcc.h **** 
ARM GAS  C:\Users\n11ak\AppData\Local\Temp\cc4kuuJl.s 			page 56


 672:h:\drivers\cmsis\include\cmsis_gcc.h **** #if (defined (__ARM_FEATURE_CMSE) && (__ARM_FEATURE_CMSE == 3))
 673:h:\drivers\cmsis\include\cmsis_gcc.h **** /**
 674:h:\drivers\cmsis\include\cmsis_gcc.h ****   \brief   Get Process Stack Pointer Limit (non-secure)
 675:h:\drivers\cmsis\include\cmsis_gcc.h ****   Devices without ARMv8-M Main Extensions (i.e. Cortex-M23) lack the non-secure
 676:h:\drivers\cmsis\include\cmsis_gcc.h ****   Stack Pointer Limit register hence zero is returned always.
 677:h:\drivers\cmsis\include\cmsis_gcc.h **** 
 678:h:\drivers\cmsis\include\cmsis_gcc.h ****   \details Returns the current value of the non-secure Process Stack Pointer Limit (PSPLIM) when in
 679:h:\drivers\cmsis\include\cmsis_gcc.h ****   \return               PSPLIM Register value
 680:h:\drivers\cmsis\include\cmsis_gcc.h ****  */
 681:h:\drivers\cmsis\include\cmsis_gcc.h **** __STATIC_FORCEINLINE uint32_t __TZ_get_PSPLIM_NS(void)
 682:h:\drivers\cmsis\include\cmsis_gcc.h **** {
 683:h:\drivers\cmsis\include\cmsis_gcc.h **** #if (!(defined (__ARM_ARCH_8M_MAIN__ ) && (__ARM_ARCH_8M_MAIN__ == 1)))
 684:h:\drivers\cmsis\include\cmsis_gcc.h ****   // without main extensions, the non-secure PSPLIM is RAZ/WI
 685:h:\drivers\cmsis\include\cmsis_gcc.h ****   return 0U;
 686:h:\drivers\cmsis\include\cmsis_gcc.h **** #else
 687:h:\drivers\cmsis\include\cmsis_gcc.h ****   uint32_t result;
 688:h:\drivers\cmsis\include\cmsis_gcc.h ****   __ASM volatile ("MRS %0, psplim_ns"  : "=r" (result) );
 689:h:\drivers\cmsis\include\cmsis_gcc.h ****   return result;
 690:h:\drivers\cmsis\include\cmsis_gcc.h **** #endif
 691:h:\drivers\cmsis\include\cmsis_gcc.h **** }
 692:h:\drivers\cmsis\include\cmsis_gcc.h **** #endif
 693:h:\drivers\cmsis\include\cmsis_gcc.h **** 
 694:h:\drivers\cmsis\include\cmsis_gcc.h **** 
 695:h:\drivers\cmsis\include\cmsis_gcc.h **** /**
 696:h:\drivers\cmsis\include\cmsis_gcc.h ****   \brief   Set Process Stack Pointer Limit
 697:h:\drivers\cmsis\include\cmsis_gcc.h ****   Devices without ARMv8-M Main Extensions (i.e. Cortex-M23) lack the non-secure
 698:h:\drivers\cmsis\include\cmsis_gcc.h ****   Stack Pointer Limit register hence the write is silently ignored in non-secure
 699:h:\drivers\cmsis\include\cmsis_gcc.h ****   mode.
 700:h:\drivers\cmsis\include\cmsis_gcc.h ****   
 701:h:\drivers\cmsis\include\cmsis_gcc.h ****   \details Assigns the given value to the Process Stack Pointer Limit (PSPLIM).
 702:h:\drivers\cmsis\include\cmsis_gcc.h ****   \param [in]    ProcStackPtrLimit  Process Stack Pointer Limit value to set
 703:h:\drivers\cmsis\include\cmsis_gcc.h ****  */
 704:h:\drivers\cmsis\include\cmsis_gcc.h **** __STATIC_FORCEINLINE void __set_PSPLIM(uint32_t ProcStackPtrLimit)
 705:h:\drivers\cmsis\include\cmsis_gcc.h **** {
 706:h:\drivers\cmsis\include\cmsis_gcc.h **** #if (!(defined (__ARM_ARCH_8M_MAIN__ ) && (__ARM_ARCH_8M_MAIN__ == 1)) && \
 707:h:\drivers\cmsis\include\cmsis_gcc.h ****     (!defined (__ARM_FEATURE_CMSE) || (__ARM_FEATURE_CMSE < 3)))
 708:h:\drivers\cmsis\include\cmsis_gcc.h ****   // without main extensions, the non-secure PSPLIM is RAZ/WI
 709:h:\drivers\cmsis\include\cmsis_gcc.h ****   (void)ProcStackPtrLimit;
 710:h:\drivers\cmsis\include\cmsis_gcc.h **** #else
 711:h:\drivers\cmsis\include\cmsis_gcc.h ****   __ASM volatile ("MSR psplim, %0" : : "r" (ProcStackPtrLimit));
 712:h:\drivers\cmsis\include\cmsis_gcc.h **** #endif
 713:h:\drivers\cmsis\include\cmsis_gcc.h **** }
 714:h:\drivers\cmsis\include\cmsis_gcc.h **** 
 715:h:\drivers\cmsis\include\cmsis_gcc.h **** 
 716:h:\drivers\cmsis\include\cmsis_gcc.h **** #if (defined (__ARM_FEATURE_CMSE  ) && (__ARM_FEATURE_CMSE   == 3))
 717:h:\drivers\cmsis\include\cmsis_gcc.h **** /**
 718:h:\drivers\cmsis\include\cmsis_gcc.h ****   \brief   Set Process Stack Pointer (non-secure)
 719:h:\drivers\cmsis\include\cmsis_gcc.h ****   Devices without ARMv8-M Main Extensions (i.e. Cortex-M23) lack the non-secure
 720:h:\drivers\cmsis\include\cmsis_gcc.h ****   Stack Pointer Limit register hence the write is silently ignored.
 721:h:\drivers\cmsis\include\cmsis_gcc.h **** 
 722:h:\drivers\cmsis\include\cmsis_gcc.h ****   \details Assigns the given value to the non-secure Process Stack Pointer Limit (PSPLIM) when in s
 723:h:\drivers\cmsis\include\cmsis_gcc.h ****   \param [in]    ProcStackPtrLimit  Process Stack Pointer Limit value to set
 724:h:\drivers\cmsis\include\cmsis_gcc.h ****  */
 725:h:\drivers\cmsis\include\cmsis_gcc.h **** __STATIC_FORCEINLINE void __TZ_set_PSPLIM_NS(uint32_t ProcStackPtrLimit)
 726:h:\drivers\cmsis\include\cmsis_gcc.h **** {
 727:h:\drivers\cmsis\include\cmsis_gcc.h **** #if (!(defined (__ARM_ARCH_8M_MAIN__ ) && (__ARM_ARCH_8M_MAIN__ == 1)))
 728:h:\drivers\cmsis\include\cmsis_gcc.h ****   // without main extensions, the non-secure PSPLIM is RAZ/WI
ARM GAS  C:\Users\n11ak\AppData\Local\Temp\cc4kuuJl.s 			page 57


 729:h:\drivers\cmsis\include\cmsis_gcc.h ****   (void)ProcStackPtrLimit;
 730:h:\drivers\cmsis\include\cmsis_gcc.h **** #else
 731:h:\drivers\cmsis\include\cmsis_gcc.h ****   __ASM volatile ("MSR psplim_ns, %0\n" : : "r" (ProcStackPtrLimit));
 732:h:\drivers\cmsis\include\cmsis_gcc.h **** #endif
 733:h:\drivers\cmsis\include\cmsis_gcc.h **** }
 734:h:\drivers\cmsis\include\cmsis_gcc.h **** #endif
 735:h:\drivers\cmsis\include\cmsis_gcc.h **** 
 736:h:\drivers\cmsis\include\cmsis_gcc.h **** 
 737:h:\drivers\cmsis\include\cmsis_gcc.h **** /**
 738:h:\drivers\cmsis\include\cmsis_gcc.h ****   \brief   Get Main Stack Pointer Limit
 739:h:\drivers\cmsis\include\cmsis_gcc.h ****   Devices without ARMv8-M Main Extensions (i.e. Cortex-M23) lack the non-secure
 740:h:\drivers\cmsis\include\cmsis_gcc.h ****   Stack Pointer Limit register hence zero is returned always in non-secure
 741:h:\drivers\cmsis\include\cmsis_gcc.h ****   mode.
 742:h:\drivers\cmsis\include\cmsis_gcc.h **** 
 743:h:\drivers\cmsis\include\cmsis_gcc.h ****   \details Returns the current value of the Main Stack Pointer Limit (MSPLIM).
 744:h:\drivers\cmsis\include\cmsis_gcc.h ****   \return               MSPLIM Register value
 745:h:\drivers\cmsis\include\cmsis_gcc.h ****  */
 746:h:\drivers\cmsis\include\cmsis_gcc.h **** __STATIC_FORCEINLINE uint32_t __get_MSPLIM(void)
 747:h:\drivers\cmsis\include\cmsis_gcc.h **** {
 748:h:\drivers\cmsis\include\cmsis_gcc.h **** #if (!(defined (__ARM_ARCH_8M_MAIN__ ) && (__ARM_ARCH_8M_MAIN__ == 1)) && \
 749:h:\drivers\cmsis\include\cmsis_gcc.h ****     (!defined (__ARM_FEATURE_CMSE) || (__ARM_FEATURE_CMSE < 3)))
 750:h:\drivers\cmsis\include\cmsis_gcc.h ****   // without main extensions, the non-secure MSPLIM is RAZ/WI
 751:h:\drivers\cmsis\include\cmsis_gcc.h ****   return 0U;
 752:h:\drivers\cmsis\include\cmsis_gcc.h **** #else
 753:h:\drivers\cmsis\include\cmsis_gcc.h ****   uint32_t result;
 754:h:\drivers\cmsis\include\cmsis_gcc.h ****   __ASM volatile ("MRS %0, msplim" : "=r" (result) );
 755:h:\drivers\cmsis\include\cmsis_gcc.h ****   return result;
 756:h:\drivers\cmsis\include\cmsis_gcc.h **** #endif
 757:h:\drivers\cmsis\include\cmsis_gcc.h **** }
 758:h:\drivers\cmsis\include\cmsis_gcc.h **** 
 759:h:\drivers\cmsis\include\cmsis_gcc.h **** 
 760:h:\drivers\cmsis\include\cmsis_gcc.h **** #if (defined (__ARM_FEATURE_CMSE  ) && (__ARM_FEATURE_CMSE   == 3))
 761:h:\drivers\cmsis\include\cmsis_gcc.h **** /**
 762:h:\drivers\cmsis\include\cmsis_gcc.h ****   \brief   Get Main Stack Pointer Limit (non-secure)
 763:h:\drivers\cmsis\include\cmsis_gcc.h ****   Devices without ARMv8-M Main Extensions (i.e. Cortex-M23) lack the non-secure
 764:h:\drivers\cmsis\include\cmsis_gcc.h ****   Stack Pointer Limit register hence zero is returned always.
 765:h:\drivers\cmsis\include\cmsis_gcc.h **** 
 766:h:\drivers\cmsis\include\cmsis_gcc.h ****   \details Returns the current value of the non-secure Main Stack Pointer Limit(MSPLIM) when in sec
 767:h:\drivers\cmsis\include\cmsis_gcc.h ****   \return               MSPLIM Register value
 768:h:\drivers\cmsis\include\cmsis_gcc.h ****  */
 769:h:\drivers\cmsis\include\cmsis_gcc.h **** __STATIC_FORCEINLINE uint32_t __TZ_get_MSPLIM_NS(void)
 770:h:\drivers\cmsis\include\cmsis_gcc.h **** {
 771:h:\drivers\cmsis\include\cmsis_gcc.h **** #if (!(defined (__ARM_ARCH_8M_MAIN__ ) && (__ARM_ARCH_8M_MAIN__ == 1)))
 772:h:\drivers\cmsis\include\cmsis_gcc.h ****   // without main extensions, the non-secure MSPLIM is RAZ/WI
 773:h:\drivers\cmsis\include\cmsis_gcc.h ****   return 0U;
 774:h:\drivers\cmsis\include\cmsis_gcc.h **** #else
 775:h:\drivers\cmsis\include\cmsis_gcc.h ****   uint32_t result;
 776:h:\drivers\cmsis\include\cmsis_gcc.h ****   __ASM volatile ("MRS %0, msplim_ns" : "=r" (result) );
 777:h:\drivers\cmsis\include\cmsis_gcc.h ****   return result;
 778:h:\drivers\cmsis\include\cmsis_gcc.h **** #endif
 779:h:\drivers\cmsis\include\cmsis_gcc.h **** }
 780:h:\drivers\cmsis\include\cmsis_gcc.h **** #endif
 781:h:\drivers\cmsis\include\cmsis_gcc.h **** 
 782:h:\drivers\cmsis\include\cmsis_gcc.h **** 
 783:h:\drivers\cmsis\include\cmsis_gcc.h **** /**
 784:h:\drivers\cmsis\include\cmsis_gcc.h ****   \brief   Set Main Stack Pointer Limit
 785:h:\drivers\cmsis\include\cmsis_gcc.h ****   Devices without ARMv8-M Main Extensions (i.e. Cortex-M23) lack the non-secure
ARM GAS  C:\Users\n11ak\AppData\Local\Temp\cc4kuuJl.s 			page 58


 786:h:\drivers\cmsis\include\cmsis_gcc.h ****   Stack Pointer Limit register hence the write is silently ignored in non-secure
 787:h:\drivers\cmsis\include\cmsis_gcc.h ****   mode.
 788:h:\drivers\cmsis\include\cmsis_gcc.h **** 
 789:h:\drivers\cmsis\include\cmsis_gcc.h ****   \details Assigns the given value to the Main Stack Pointer Limit (MSPLIM).
 790:h:\drivers\cmsis\include\cmsis_gcc.h ****   \param [in]    MainStackPtrLimit  Main Stack Pointer Limit value to set
 791:h:\drivers\cmsis\include\cmsis_gcc.h ****  */
 792:h:\drivers\cmsis\include\cmsis_gcc.h **** __STATIC_FORCEINLINE void __set_MSPLIM(uint32_t MainStackPtrLimit)
 793:h:\drivers\cmsis\include\cmsis_gcc.h **** {
 794:h:\drivers\cmsis\include\cmsis_gcc.h **** #if (!(defined (__ARM_ARCH_8M_MAIN__ ) && (__ARM_ARCH_8M_MAIN__ == 1)) && \
 795:h:\drivers\cmsis\include\cmsis_gcc.h ****     (!defined (__ARM_FEATURE_CMSE) || (__ARM_FEATURE_CMSE < 3)))
 796:h:\drivers\cmsis\include\cmsis_gcc.h ****   // without main extensions, the non-secure MSPLIM is RAZ/WI
 797:h:\drivers\cmsis\include\cmsis_gcc.h ****   (void)MainStackPtrLimit;
 798:h:\drivers\cmsis\include\cmsis_gcc.h **** #else
 799:h:\drivers\cmsis\include\cmsis_gcc.h ****   __ASM volatile ("MSR msplim, %0" : : "r" (MainStackPtrLimit));
 800:h:\drivers\cmsis\include\cmsis_gcc.h **** #endif
 801:h:\drivers\cmsis\include\cmsis_gcc.h **** }
 802:h:\drivers\cmsis\include\cmsis_gcc.h **** 
 803:h:\drivers\cmsis\include\cmsis_gcc.h **** 
 804:h:\drivers\cmsis\include\cmsis_gcc.h **** #if (defined (__ARM_FEATURE_CMSE  ) && (__ARM_FEATURE_CMSE   == 3))
 805:h:\drivers\cmsis\include\cmsis_gcc.h **** /**
 806:h:\drivers\cmsis\include\cmsis_gcc.h ****   \brief   Set Main Stack Pointer Limit (non-secure)
 807:h:\drivers\cmsis\include\cmsis_gcc.h ****   Devices without ARMv8-M Main Extensions (i.e. Cortex-M23) lack the non-secure
 808:h:\drivers\cmsis\include\cmsis_gcc.h ****   Stack Pointer Limit register hence the write is silently ignored.
 809:h:\drivers\cmsis\include\cmsis_gcc.h **** 
 810:h:\drivers\cmsis\include\cmsis_gcc.h ****   \details Assigns the given value to the non-secure Main Stack Pointer Limit (MSPLIM) when in secu
 811:h:\drivers\cmsis\include\cmsis_gcc.h ****   \param [in]    MainStackPtrLimit  Main Stack Pointer value to set
 812:h:\drivers\cmsis\include\cmsis_gcc.h ****  */
 813:h:\drivers\cmsis\include\cmsis_gcc.h **** __STATIC_FORCEINLINE void __TZ_set_MSPLIM_NS(uint32_t MainStackPtrLimit)
 814:h:\drivers\cmsis\include\cmsis_gcc.h **** {
 815:h:\drivers\cmsis\include\cmsis_gcc.h **** #if (!(defined (__ARM_ARCH_8M_MAIN__ ) && (__ARM_ARCH_8M_MAIN__ == 1)))
 816:h:\drivers\cmsis\include\cmsis_gcc.h ****   // without main extensions, the non-secure MSPLIM is RAZ/WI
 817:h:\drivers\cmsis\include\cmsis_gcc.h ****   (void)MainStackPtrLimit;
 818:h:\drivers\cmsis\include\cmsis_gcc.h **** #else
 819:h:\drivers\cmsis\include\cmsis_gcc.h ****   __ASM volatile ("MSR msplim_ns, %0" : : "r" (MainStackPtrLimit));
 820:h:\drivers\cmsis\include\cmsis_gcc.h **** #endif
 821:h:\drivers\cmsis\include\cmsis_gcc.h **** }
 822:h:\drivers\cmsis\include\cmsis_gcc.h **** #endif
 823:h:\drivers\cmsis\include\cmsis_gcc.h **** 
 824:h:\drivers\cmsis\include\cmsis_gcc.h **** #endif /* ((defined (__ARM_ARCH_8M_MAIN__ ) && (__ARM_ARCH_8M_MAIN__ == 1)) || \
 825:h:\drivers\cmsis\include\cmsis_gcc.h ****            (defined (__ARM_ARCH_8M_BASE__ ) && (__ARM_ARCH_8M_BASE__ == 1))    ) */
 826:h:\drivers\cmsis\include\cmsis_gcc.h **** 
 827:h:\drivers\cmsis\include\cmsis_gcc.h **** 
 828:h:\drivers\cmsis\include\cmsis_gcc.h **** /**
 829:h:\drivers\cmsis\include\cmsis_gcc.h ****   \brief   Get FPSCR
 830:h:\drivers\cmsis\include\cmsis_gcc.h ****   \details Returns the current value of the Floating Point Status/Control register.
 831:h:\drivers\cmsis\include\cmsis_gcc.h ****   \return               Floating Point Status/Control register value
 832:h:\drivers\cmsis\include\cmsis_gcc.h ****  */
 833:h:\drivers\cmsis\include\cmsis_gcc.h **** __STATIC_FORCEINLINE uint32_t __get_FPSCR(void)
 834:h:\drivers\cmsis\include\cmsis_gcc.h **** {
 835:h:\drivers\cmsis\include\cmsis_gcc.h **** #if ((defined (__FPU_PRESENT) && (__FPU_PRESENT == 1U)) && \
 836:h:\drivers\cmsis\include\cmsis_gcc.h ****      (defined (__FPU_USED   ) && (__FPU_USED    == 1U))     )
 837:h:\drivers\cmsis\include\cmsis_gcc.h **** #if __has_builtin(__builtin_arm_get_fpscr) 
 838:h:\drivers\cmsis\include\cmsis_gcc.h **** // Re-enable using built-in when GCC has been fixed
 839:h:\drivers\cmsis\include\cmsis_gcc.h **** // || (__GNUC__ > 7) || (__GNUC__ == 7 && __GNUC_MINOR__ >= 2)
 840:h:\drivers\cmsis\include\cmsis_gcc.h ****   /* see https://gcc.gnu.org/ml/gcc-patches/2017-04/msg00443.html */
 841:h:\drivers\cmsis\include\cmsis_gcc.h ****   return __builtin_arm_get_fpscr();
 842:h:\drivers\cmsis\include\cmsis_gcc.h **** #else
ARM GAS  C:\Users\n11ak\AppData\Local\Temp\cc4kuuJl.s 			page 59


 843:h:\drivers\cmsis\include\cmsis_gcc.h ****   uint32_t result;
 844:h:\drivers\cmsis\include\cmsis_gcc.h **** 
 845:h:\drivers\cmsis\include\cmsis_gcc.h ****   __ASM volatile ("VMRS %0, fpscr" : "=r" (result) );
 846:h:\drivers\cmsis\include\cmsis_gcc.h ****   return(result);
 847:h:\drivers\cmsis\include\cmsis_gcc.h **** #endif
 848:h:\drivers\cmsis\include\cmsis_gcc.h **** #else
 849:h:\drivers\cmsis\include\cmsis_gcc.h ****   return(0U);
 850:h:\drivers\cmsis\include\cmsis_gcc.h **** #endif
 851:h:\drivers\cmsis\include\cmsis_gcc.h **** }
 852:h:\drivers\cmsis\include\cmsis_gcc.h **** 
 853:h:\drivers\cmsis\include\cmsis_gcc.h **** 
 854:h:\drivers\cmsis\include\cmsis_gcc.h **** /**
 855:h:\drivers\cmsis\include\cmsis_gcc.h ****   \brief   Set FPSCR
 856:h:\drivers\cmsis\include\cmsis_gcc.h ****   \details Assigns the given value to the Floating Point Status/Control register.
 857:h:\drivers\cmsis\include\cmsis_gcc.h ****   \param [in]    fpscr  Floating Point Status/Control value to set
 858:h:\drivers\cmsis\include\cmsis_gcc.h ****  */
 859:h:\drivers\cmsis\include\cmsis_gcc.h **** __STATIC_FORCEINLINE void __set_FPSCR(uint32_t fpscr)
 860:h:\drivers\cmsis\include\cmsis_gcc.h **** {
 861:h:\drivers\cmsis\include\cmsis_gcc.h **** #if ((defined (__FPU_PRESENT) && (__FPU_PRESENT == 1U)) && \
 862:h:\drivers\cmsis\include\cmsis_gcc.h ****      (defined (__FPU_USED   ) && (__FPU_USED    == 1U))     )
 863:h:\drivers\cmsis\include\cmsis_gcc.h **** #if __has_builtin(__builtin_arm_set_fpscr)
 864:h:\drivers\cmsis\include\cmsis_gcc.h **** // Re-enable using built-in when GCC has been fixed
 865:h:\drivers\cmsis\include\cmsis_gcc.h **** // || (__GNUC__ > 7) || (__GNUC__ == 7 && __GNUC_MINOR__ >= 2)
 866:h:\drivers\cmsis\include\cmsis_gcc.h ****   /* see https://gcc.gnu.org/ml/gcc-patches/2017-04/msg00443.html */
 867:h:\drivers\cmsis\include\cmsis_gcc.h ****   __builtin_arm_set_fpscr(fpscr);
 868:h:\drivers\cmsis\include\cmsis_gcc.h **** #else
 869:h:\drivers\cmsis\include\cmsis_gcc.h ****   __ASM volatile ("VMSR fpscr, %0" : : "r" (fpscr) : "vfpcc", "memory");
 870:h:\drivers\cmsis\include\cmsis_gcc.h **** #endif
 871:h:\drivers\cmsis\include\cmsis_gcc.h **** #else
 872:h:\drivers\cmsis\include\cmsis_gcc.h ****   (void)fpscr;
 873:h:\drivers\cmsis\include\cmsis_gcc.h **** #endif
 874:h:\drivers\cmsis\include\cmsis_gcc.h **** }
 875:h:\drivers\cmsis\include\cmsis_gcc.h **** 
 876:h:\drivers\cmsis\include\cmsis_gcc.h **** 
 877:h:\drivers\cmsis\include\cmsis_gcc.h **** /*@} end of CMSIS_Core_RegAccFunctions */
 878:h:\drivers\cmsis\include\cmsis_gcc.h **** 
 879:h:\drivers\cmsis\include\cmsis_gcc.h **** 
 880:h:\drivers\cmsis\include\cmsis_gcc.h **** /* ##########################  Core Instruction Access  ######################### */
 881:h:\drivers\cmsis\include\cmsis_gcc.h **** /** \defgroup CMSIS_Core_InstructionInterface CMSIS Core Instruction Interface
 882:h:\drivers\cmsis\include\cmsis_gcc.h ****   Access to dedicated instructions
 883:h:\drivers\cmsis\include\cmsis_gcc.h ****   @{
 884:h:\drivers\cmsis\include\cmsis_gcc.h **** */
 885:h:\drivers\cmsis\include\cmsis_gcc.h **** 
 886:h:\drivers\cmsis\include\cmsis_gcc.h **** /* Define macros for porting to both thumb1 and thumb2.
 887:h:\drivers\cmsis\include\cmsis_gcc.h ****  * For thumb1, use low register (r0-r7), specified by constraint "l"
 888:h:\drivers\cmsis\include\cmsis_gcc.h ****  * Otherwise, use general registers, specified by constraint "r" */
 889:h:\drivers\cmsis\include\cmsis_gcc.h **** #if defined (__thumb__) && !defined (__thumb2__)
 890:h:\drivers\cmsis\include\cmsis_gcc.h **** #define __CMSIS_GCC_OUT_REG(r) "=l" (r)
 891:h:\drivers\cmsis\include\cmsis_gcc.h **** #define __CMSIS_GCC_RW_REG(r) "+l" (r)
 892:h:\drivers\cmsis\include\cmsis_gcc.h **** #define __CMSIS_GCC_USE_REG(r) "l" (r)
 893:h:\drivers\cmsis\include\cmsis_gcc.h **** #else
 894:h:\drivers\cmsis\include\cmsis_gcc.h **** #define __CMSIS_GCC_OUT_REG(r) "=r" (r)
 895:h:\drivers\cmsis\include\cmsis_gcc.h **** #define __CMSIS_GCC_RW_REG(r) "+r" (r)
 896:h:\drivers\cmsis\include\cmsis_gcc.h **** #define __CMSIS_GCC_USE_REG(r) "r" (r)
 897:h:\drivers\cmsis\include\cmsis_gcc.h **** #endif
 898:h:\drivers\cmsis\include\cmsis_gcc.h **** 
 899:h:\drivers\cmsis\include\cmsis_gcc.h **** /**
ARM GAS  C:\Users\n11ak\AppData\Local\Temp\cc4kuuJl.s 			page 60


 900:h:\drivers\cmsis\include\cmsis_gcc.h ****   \brief   No Operation
 901:h:\drivers\cmsis\include\cmsis_gcc.h ****   \details No Operation does nothing. This instruction can be used for code alignment purposes.
 902:h:\drivers\cmsis\include\cmsis_gcc.h ****  */
 903:h:\drivers\cmsis\include\cmsis_gcc.h **** #define __NOP()                             __ASM volatile ("nop")
 904:h:\drivers\cmsis\include\cmsis_gcc.h **** 
 905:h:\drivers\cmsis\include\cmsis_gcc.h **** /**
 906:h:\drivers\cmsis\include\cmsis_gcc.h ****   \brief   Wait For Interrupt
 907:h:\drivers\cmsis\include\cmsis_gcc.h ****   \details Wait For Interrupt is a hint instruction that suspends execution until one of a number o
 908:h:\drivers\cmsis\include\cmsis_gcc.h ****  */
 909:h:\drivers\cmsis\include\cmsis_gcc.h **** #define __WFI()                             __ASM volatile ("wfi":::"memory")
 910:h:\drivers\cmsis\include\cmsis_gcc.h **** 
 911:h:\drivers\cmsis\include\cmsis_gcc.h **** 
 912:h:\drivers\cmsis\include\cmsis_gcc.h **** /**
 913:h:\drivers\cmsis\include\cmsis_gcc.h ****   \brief   Wait For Event
 914:h:\drivers\cmsis\include\cmsis_gcc.h ****   \details Wait For Event is a hint instruction that permits the processor to enter
 915:h:\drivers\cmsis\include\cmsis_gcc.h ****            a low-power state until one of a number of events occurs.
 916:h:\drivers\cmsis\include\cmsis_gcc.h ****  */
 917:h:\drivers\cmsis\include\cmsis_gcc.h **** #define __WFE()                             __ASM volatile ("wfe":::"memory")
 918:h:\drivers\cmsis\include\cmsis_gcc.h **** 
 919:h:\drivers\cmsis\include\cmsis_gcc.h **** 
 920:h:\drivers\cmsis\include\cmsis_gcc.h **** /**
 921:h:\drivers\cmsis\include\cmsis_gcc.h ****   \brief   Send Event
 922:h:\drivers\cmsis\include\cmsis_gcc.h ****   \details Send Event is a hint instruction. It causes an event to be signaled to the CPU.
 923:h:\drivers\cmsis\include\cmsis_gcc.h ****  */
 924:h:\drivers\cmsis\include\cmsis_gcc.h **** #define __SEV()                             __ASM volatile ("sev")
 925:h:\drivers\cmsis\include\cmsis_gcc.h **** 
 926:h:\drivers\cmsis\include\cmsis_gcc.h **** 
 927:h:\drivers\cmsis\include\cmsis_gcc.h **** /**
 928:h:\drivers\cmsis\include\cmsis_gcc.h ****   \brief   Instruction Synchronization Barrier
 929:h:\drivers\cmsis\include\cmsis_gcc.h ****   \details Instruction Synchronization Barrier flushes the pipeline in the processor,
 930:h:\drivers\cmsis\include\cmsis_gcc.h ****            so that all instructions following the ISB are fetched from cache or memory,
 931:h:\drivers\cmsis\include\cmsis_gcc.h ****            after the instruction has been completed.
 932:h:\drivers\cmsis\include\cmsis_gcc.h ****  */
 933:h:\drivers\cmsis\include\cmsis_gcc.h **** __STATIC_FORCEINLINE void __ISB(void)
 934:h:\drivers\cmsis\include\cmsis_gcc.h **** {
 935:h:\drivers\cmsis\include\cmsis_gcc.h ****   __ASM volatile ("isb 0xF":::"memory");
 936:h:\drivers\cmsis\include\cmsis_gcc.h **** }
 937:h:\drivers\cmsis\include\cmsis_gcc.h **** 
 938:h:\drivers\cmsis\include\cmsis_gcc.h **** 
 939:h:\drivers\cmsis\include\cmsis_gcc.h **** /**
 940:h:\drivers\cmsis\include\cmsis_gcc.h ****   \brief   Data Synchronization Barrier
 941:h:\drivers\cmsis\include\cmsis_gcc.h ****   \details Acts as a special kind of Data Memory Barrier.
 942:h:\drivers\cmsis\include\cmsis_gcc.h ****            It completes when all explicit memory accesses before this instruction complete.
 943:h:\drivers\cmsis\include\cmsis_gcc.h ****  */
 944:h:\drivers\cmsis\include\cmsis_gcc.h **** __STATIC_FORCEINLINE void __DSB(void)
 338              		.loc 3 944 27 view .LVU100
 339              	.LBB67:
 945:h:\drivers\cmsis\include\cmsis_gcc.h **** {
 946:h:\drivers\cmsis\include\cmsis_gcc.h ****   __ASM volatile ("dsb 0xF":::"memory");
 340              		.loc 3 946 3 view .LVU101
 341              		.syntax unified
 342              	@ 946 "h:\drivers\cmsis\include\cmsis_gcc.h" 1
 343 0016 BFF34F8F 		dsb 0xF
 344              	@ 0 "" 2
 345              		.thumb
 346              		.syntax unified
 347              	.LBE67:
ARM GAS  C:\Users\n11ak\AppData\Local\Temp\cc4kuuJl.s 			page 61


 348              	.LBE66:
1728:h:\drivers\cmsis\include\core_cm4.h ****   }
 349              		.loc 2 1728 5 view .LVU102
 350              	.LBB68:
 351              	.LBI68:
 933:h:\drivers\cmsis\include\cmsis_gcc.h **** {
 352              		.loc 3 933 27 view .LVU103
 353              	.LBB69:
 935:h:\drivers\cmsis\include\cmsis_gcc.h **** }
 354              		.loc 3 935 3 view .LVU104
 355              		.syntax unified
 356              	@ 935 "h:\drivers\cmsis\include\cmsis_gcc.h" 1
 357 001a BFF36F8F 		isb 0xF
 358              	@ 0 "" 2
 359              	.LVL32:
 360              		.thumb
 361              		.syntax unified
 362              	.L16:
 935:h:\drivers\cmsis\include\cmsis_gcc.h **** }
 363              		.loc 3 935 3 is_stmt 0 view .LVU105
 364              	.LBE69:
 365              	.LBE68:
 366              	.LBE65:
 367              	.LBE64:
 219:../../../../../Drivers/PY32E407_HAL_Driver/Src/py32e407_hal_cortex.c **** }
 368              		.loc 1 219 1 view .LVU106
 369 001e 7047     		bx	lr
 370              	.L19:
 371              		.align	2
 372              	.L18:
 373 0020 00E100E0 		.word	-536813312
 374              		.cfi_endproc
 375              	.LFE139:
 377              		.section	.text.HAL_NVIC_SystemReset,"ax",%progbits
 378              		.align	1
 379              		.global	HAL_NVIC_SystemReset
 380              		.syntax unified
 381              		.thumb
 382              		.thumb_func
 384              	HAL_NVIC_SystemReset:
 385              	.LFB140:
 220:../../../../../Drivers/PY32E407_HAL_Driver/Src/py32e407_hal_cortex.c **** 
 221:../../../../../Drivers/PY32E407_HAL_Driver/Src/py32e407_hal_cortex.c **** /**
 222:../../../../../Drivers/PY32E407_HAL_Driver/Src/py32e407_hal_cortex.c ****   * @brief  Initiates a system reset request to reset the MCU.
 223:../../../../../Drivers/PY32E407_HAL_Driver/Src/py32e407_hal_cortex.c ****   * @retval None
 224:../../../../../Drivers/PY32E407_HAL_Driver/Src/py32e407_hal_cortex.c ****   */
 225:../../../../../Drivers/PY32E407_HAL_Driver/Src/py32e407_hal_cortex.c **** void HAL_NVIC_SystemReset(void)
 226:../../../../../Drivers/PY32E407_HAL_Driver/Src/py32e407_hal_cortex.c **** {
 386              		.loc 1 226 1 is_stmt 1 view -0
 387              		.cfi_startproc
 388              		@ Volatile: function does not return.
 389              		@ args = 0, pretend = 0, frame = 0
 390              		@ frame_needed = 0, uses_anonymous_args = 0
 391              		@ link register save eliminated.
 227:../../../../../Drivers/PY32E407_HAL_Driver/Src/py32e407_hal_cortex.c ****   /* System Reset */
 228:../../../../../Drivers/PY32E407_HAL_Driver/Src/py32e407_hal_cortex.c ****   NVIC_SystemReset();
 392              		.loc 1 228 3 view .LVU108
ARM GAS  C:\Users\n11ak\AppData\Local\Temp\cc4kuuJl.s 			page 62


 393              	.LBB76:
 394              	.LBI76:
1873:h:\drivers\cmsis\include\core_cm4.h ****          );
1874:h:\drivers\cmsis\include\core_cm4.h **** }
1875:h:\drivers\cmsis\include\core_cm4.h **** 
1876:h:\drivers\cmsis\include\core_cm4.h **** 
1877:h:\drivers\cmsis\include\core_cm4.h **** /**
1878:h:\drivers\cmsis\include\core_cm4.h ****   \brief   Decode Priority
1879:h:\drivers\cmsis\include\core_cm4.h ****   \details Decodes an interrupt priority value with a given priority group to
1880:h:\drivers\cmsis\include\core_cm4.h ****            preemptive priority value and subpriority value.
1881:h:\drivers\cmsis\include\core_cm4.h ****            In case of a conflict between priority grouping and available
1882:h:\drivers\cmsis\include\core_cm4.h ****            priority bits (__NVIC_PRIO_BITS) the smallest possible priority group is set.
1883:h:\drivers\cmsis\include\core_cm4.h ****   \param [in]         Priority   Priority value, which can be retrieved with the function \ref NVIC
1884:h:\drivers\cmsis\include\core_cm4.h ****   \param [in]     PriorityGroup  Used priority group.
1885:h:\drivers\cmsis\include\core_cm4.h ****   \param [out] pPreemptPriority  Preemptive priority value (starting from 0).
1886:h:\drivers\cmsis\include\core_cm4.h ****   \param [out]     pSubPriority  Subpriority value (starting from 0).
1887:h:\drivers\cmsis\include\core_cm4.h ****  */
1888:h:\drivers\cmsis\include\core_cm4.h **** __STATIC_INLINE void NVIC_DecodePriority (uint32_t Priority, uint32_t PriorityGroup, uint32_t* cons
1889:h:\drivers\cmsis\include\core_cm4.h **** {
1890:h:\drivers\cmsis\include\core_cm4.h ****   uint32_t PriorityGroupTmp = (PriorityGroup & (uint32_t)0x07UL);   /* only values 0..7 are used   
1891:h:\drivers\cmsis\include\core_cm4.h ****   uint32_t PreemptPriorityBits;
1892:h:\drivers\cmsis\include\core_cm4.h ****   uint32_t SubPriorityBits;
1893:h:\drivers\cmsis\include\core_cm4.h **** 
1894:h:\drivers\cmsis\include\core_cm4.h ****   PreemptPriorityBits = ((7UL - PriorityGroupTmp) > (uint32_t)(__NVIC_PRIO_BITS)) ? (uint32_t)(__NV
1895:h:\drivers\cmsis\include\core_cm4.h ****   SubPriorityBits     = ((PriorityGroupTmp + (uint32_t)(__NVIC_PRIO_BITS)) < (uint32_t)7UL) ? (uint
1896:h:\drivers\cmsis\include\core_cm4.h **** 
1897:h:\drivers\cmsis\include\core_cm4.h ****   *pPreemptPriority = (Priority >> SubPriorityBits) & (uint32_t)((1UL << (PreemptPriorityBits)) - 1
1898:h:\drivers\cmsis\include\core_cm4.h ****   *pSubPriority     = (Priority                   ) & (uint32_t)((1UL << (SubPriorityBits    )) - 1
1899:h:\drivers\cmsis\include\core_cm4.h **** }
1900:h:\drivers\cmsis\include\core_cm4.h **** 
1901:h:\drivers\cmsis\include\core_cm4.h **** 
1902:h:\drivers\cmsis\include\core_cm4.h **** /**
1903:h:\drivers\cmsis\include\core_cm4.h ****   \brief   Set Interrupt Vector
1904:h:\drivers\cmsis\include\core_cm4.h ****   \details Sets an interrupt vector in SRAM based interrupt vector table.
1905:h:\drivers\cmsis\include\core_cm4.h ****            The interrupt number can be positive to specify a device specific interrupt,
1906:h:\drivers\cmsis\include\core_cm4.h ****            or negative to specify a processor exception.
1907:h:\drivers\cmsis\include\core_cm4.h ****            VTOR must been relocated to SRAM before.
1908:h:\drivers\cmsis\include\core_cm4.h ****   \param [in]   IRQn      Interrupt number
1909:h:\drivers\cmsis\include\core_cm4.h ****   \param [in]   vector    Address of interrupt handler function
1910:h:\drivers\cmsis\include\core_cm4.h ****  */
1911:h:\drivers\cmsis\include\core_cm4.h **** __STATIC_INLINE void __NVIC_SetVector(IRQn_Type IRQn, uint32_t vector)
1912:h:\drivers\cmsis\include\core_cm4.h **** {
1913:h:\drivers\cmsis\include\core_cm4.h ****   uint32_t *vectors = (uint32_t *)SCB->VTOR;
1914:h:\drivers\cmsis\include\core_cm4.h ****   vectors[(int32_t)IRQn + NVIC_USER_IRQ_OFFSET] = vector;
1915:h:\drivers\cmsis\include\core_cm4.h ****   /* ARM Application Note 321 states that the M4 does not require the architectural barrier */
1916:h:\drivers\cmsis\include\core_cm4.h **** }
1917:h:\drivers\cmsis\include\core_cm4.h **** 
1918:h:\drivers\cmsis\include\core_cm4.h **** 
1919:h:\drivers\cmsis\include\core_cm4.h **** /**
1920:h:\drivers\cmsis\include\core_cm4.h ****   \brief   Get Interrupt Vector
1921:h:\drivers\cmsis\include\core_cm4.h ****   \details Reads an interrupt vector from interrupt vector table.
1922:h:\drivers\cmsis\include\core_cm4.h ****            The interrupt number can be positive to specify a device specific interrupt,
1923:h:\drivers\cmsis\include\core_cm4.h ****            or negative to specify a processor exception.
1924:h:\drivers\cmsis\include\core_cm4.h ****   \param [in]   IRQn      Interrupt number.
1925:h:\drivers\cmsis\include\core_cm4.h ****   \return                 Address of interrupt handler function
1926:h:\drivers\cmsis\include\core_cm4.h ****  */
1927:h:\drivers\cmsis\include\core_cm4.h **** __STATIC_INLINE uint32_t __NVIC_GetVector(IRQn_Type IRQn)
ARM GAS  C:\Users\n11ak\AppData\Local\Temp\cc4kuuJl.s 			page 63


1928:h:\drivers\cmsis\include\core_cm4.h **** {
1929:h:\drivers\cmsis\include\core_cm4.h ****   uint32_t *vectors = (uint32_t *)SCB->VTOR;
1930:h:\drivers\cmsis\include\core_cm4.h ****   return vectors[(int32_t)IRQn + NVIC_USER_IRQ_OFFSET];
1931:h:\drivers\cmsis\include\core_cm4.h **** }
1932:h:\drivers\cmsis\include\core_cm4.h **** 
1933:h:\drivers\cmsis\include\core_cm4.h **** 
1934:h:\drivers\cmsis\include\core_cm4.h **** /**
1935:h:\drivers\cmsis\include\core_cm4.h ****   \brief   System Reset
1936:h:\drivers\cmsis\include\core_cm4.h ****   \details Initiates a system reset request to reset the MCU.
1937:h:\drivers\cmsis\include\core_cm4.h ****  */
1938:h:\drivers\cmsis\include\core_cm4.h **** __NO_RETURN __STATIC_INLINE void __NVIC_SystemReset(void)
 395              		.loc 2 1938 34 view .LVU109
 396              	.LBB77:
1939:h:\drivers\cmsis\include\core_cm4.h **** {
1940:h:\drivers\cmsis\include\core_cm4.h ****   __DSB();                                                          /* Ensure all outstanding memor
 397              		.loc 2 1940 3 view .LVU110
 398              	.LBB78:
 399              	.LBI78:
 944:h:\drivers\cmsis\include\cmsis_gcc.h **** {
 400              		.loc 3 944 27 view .LVU111
 401              	.LBB79:
 402              		.loc 3 946 3 view .LVU112
 403              		.syntax unified
 404              	@ 946 "h:\drivers\cmsis\include\cmsis_gcc.h" 1
 405 0000 BFF34F8F 		dsb 0xF
 406              	@ 0 "" 2
 407              		.thumb
 408              		.syntax unified
 409              	.LBE79:
 410              	.LBE78:
1941:h:\drivers\cmsis\include\core_cm4.h ****                                                                        buffered write are completed
1942:h:\drivers\cmsis\include\core_cm4.h ****   SCB->AIRCR  = (uint32_t)((0x5FAUL << SCB_AIRCR_VECTKEY_Pos)    |
 411              		.loc 2 1942 3 view .LVU113
1943:h:\drivers\cmsis\include\core_cm4.h ****                            (SCB->AIRCR & SCB_AIRCR_PRIGROUP_Msk) |
 412              		.loc 2 1943 32 is_stmt 0 view .LVU114
 413 0004 0549     		ldr	r1, .L22
 414 0006 CA68     		ldr	r2, [r1, #12]
 415              		.loc 2 1943 40 view .LVU115
 416 0008 02F4E062 		and	r2, r2, #1792
1942:h:\drivers\cmsis\include\core_cm4.h ****                            (SCB->AIRCR & SCB_AIRCR_PRIGROUP_Msk) |
 417              		.loc 2 1942 17 view .LVU116
 418 000c 044B     		ldr	r3, .L22+4
 419 000e 1343     		orrs	r3, r3, r2
1942:h:\drivers\cmsis\include\core_cm4.h ****                            (SCB->AIRCR & SCB_AIRCR_PRIGROUP_Msk) |
 420              		.loc 2 1942 15 view .LVU117
 421 0010 CB60     		str	r3, [r1, #12]
1944:h:\drivers\cmsis\include\core_cm4.h ****                             SCB_AIRCR_SYSRESETREQ_Msk    );         /* Keep priority group unchange
1945:h:\drivers\cmsis\include\core_cm4.h ****   __DSB();                                                          /* Ensure completion of memory 
 422              		.loc 2 1945 3 is_stmt 1 view .LVU118
 423              	.LBB80:
 424              	.LBI80:
 944:h:\drivers\cmsis\include\cmsis_gcc.h **** {
 425              		.loc 3 944 27 view .LVU119
 426              	.LBB81:
 427              		.loc 3 946 3 view .LVU120
 428              		.syntax unified
 429              	@ 946 "h:\drivers\cmsis\include\cmsis_gcc.h" 1
ARM GAS  C:\Users\n11ak\AppData\Local\Temp\cc4kuuJl.s 			page 64


 430 0012 BFF34F8F 		dsb 0xF
 431              	@ 0 "" 2
 432              		.thumb
 433              		.syntax unified
 434              	.L21:
 435              	.LBE81:
 436              	.LBE80:
1946:h:\drivers\cmsis\include\core_cm4.h **** 
1947:h:\drivers\cmsis\include\core_cm4.h ****   for(;;)                                                           /* wait until reset */
 437              		.loc 2 1947 3 view .LVU121
1948:h:\drivers\cmsis\include\core_cm4.h ****   {
1949:h:\drivers\cmsis\include\core_cm4.h ****     __NOP();
 438              		.loc 2 1949 5 view .LVU122
 439              		.syntax unified
 440              	@ 1949 "h:\drivers\cmsis\include\core_cm4.h" 1
 441 0016 00BF     		nop
 442              	@ 0 "" 2
1947:h:\drivers\cmsis\include\core_cm4.h ****   {
 443              		.loc 2 1947 8 view .LVU123
 444              		.thumb
 445              		.syntax unified
 446 0018 FDE7     		b	.L21
 447              	.L23:
 448 001a 00BF     		.align	2
 449              	.L22:
 450 001c 00ED00E0 		.word	-536810240
 451 0020 0400FA05 		.word	100270084
 452              	.LBE77:
 453              	.LBE76:
 454              		.cfi_endproc
 455              	.LFE140:
 457              		.section	.text.HAL_SYSTICK_Config,"ax",%progbits
 458              		.align	1
 459              		.global	HAL_SYSTICK_Config
 460              		.syntax unified
 461              		.thumb
 462              		.thumb_func
 464              	HAL_SYSTICK_Config:
 465              	.LVL33:
 466              	.LFB141:
 229:../../../../../Drivers/PY32E407_HAL_Driver/Src/py32e407_hal_cortex.c **** }
 230:../../../../../Drivers/PY32E407_HAL_Driver/Src/py32e407_hal_cortex.c **** 
 231:../../../../../Drivers/PY32E407_HAL_Driver/Src/py32e407_hal_cortex.c **** /**
 232:../../../../../Drivers/PY32E407_HAL_Driver/Src/py32e407_hal_cortex.c ****   * @brief  Initializes the System Timer and its interrupt, and starts the System Tick Timer.
 233:../../../../../Drivers/PY32E407_HAL_Driver/Src/py32e407_hal_cortex.c ****   *         Counter is in free running mode to generate periodic interrupts.
 234:../../../../../Drivers/PY32E407_HAL_Driver/Src/py32e407_hal_cortex.c ****   * @param  TicksNumb: Specifies the ticks Number of ticks between two interrupts.
 235:../../../../../Drivers/PY32E407_HAL_Driver/Src/py32e407_hal_cortex.c ****   * @retval status:  - 0  Function succeeded.
 236:../../../../../Drivers/PY32E407_HAL_Driver/Src/py32e407_hal_cortex.c ****   *                  - 1  Function failed.
 237:../../../../../Drivers/PY32E407_HAL_Driver/Src/py32e407_hal_cortex.c ****   */
 238:../../../../../Drivers/PY32E407_HAL_Driver/Src/py32e407_hal_cortex.c **** uint32_t HAL_SYSTICK_Config(uint32_t TicksNumb)
 239:../../../../../Drivers/PY32E407_HAL_Driver/Src/py32e407_hal_cortex.c **** {
 467              		.loc 1 239 1 view -0
 468              		.cfi_startproc
 469              		@ args = 0, pretend = 0, frame = 0
 470              		@ frame_needed = 0, uses_anonymous_args = 0
 471              		@ link register save eliminated.
 240:../../../../../Drivers/PY32E407_HAL_Driver/Src/py32e407_hal_cortex.c ****    return SysTick_Config(TicksNumb);
ARM GAS  C:\Users\n11ak\AppData\Local\Temp\cc4kuuJl.s 			page 65


 472              		.loc 1 240 4 view .LVU125
 473              	.LBB82:
 474              	.LBI82:
1950:h:\drivers\cmsis\include\core_cm4.h ****   }
1951:h:\drivers\cmsis\include\core_cm4.h **** }
1952:h:\drivers\cmsis\include\core_cm4.h **** 
1953:h:\drivers\cmsis\include\core_cm4.h **** /*@} end of CMSIS_Core_NVICFunctions */
1954:h:\drivers\cmsis\include\core_cm4.h **** 
1955:h:\drivers\cmsis\include\core_cm4.h **** 
1956:h:\drivers\cmsis\include\core_cm4.h **** /* ##########################  MPU functions  #################################### */
1957:h:\drivers\cmsis\include\core_cm4.h **** 
1958:h:\drivers\cmsis\include\core_cm4.h **** #if defined (__MPU_PRESENT) && (__MPU_PRESENT == 1U)
1959:h:\drivers\cmsis\include\core_cm4.h **** 
1960:h:\drivers\cmsis\include\core_cm4.h **** #include "mpu_armv7.h"
1961:h:\drivers\cmsis\include\core_cm4.h **** 
1962:h:\drivers\cmsis\include\core_cm4.h **** #endif
1963:h:\drivers\cmsis\include\core_cm4.h **** 
1964:h:\drivers\cmsis\include\core_cm4.h **** 
1965:h:\drivers\cmsis\include\core_cm4.h **** /* ##########################  FPU functions  #################################### */
1966:h:\drivers\cmsis\include\core_cm4.h **** /**
1967:h:\drivers\cmsis\include\core_cm4.h ****   \ingroup  CMSIS_Core_FunctionInterface
1968:h:\drivers\cmsis\include\core_cm4.h ****   \defgroup CMSIS_Core_FpuFunctions FPU Functions
1969:h:\drivers\cmsis\include\core_cm4.h ****   \brief    Function that provides FPU type.
1970:h:\drivers\cmsis\include\core_cm4.h ****   @{
1971:h:\drivers\cmsis\include\core_cm4.h ****  */
1972:h:\drivers\cmsis\include\core_cm4.h **** 
1973:h:\drivers\cmsis\include\core_cm4.h **** /**
1974:h:\drivers\cmsis\include\core_cm4.h ****   \brief   get FPU type
1975:h:\drivers\cmsis\include\core_cm4.h ****   \details returns the FPU type
1976:h:\drivers\cmsis\include\core_cm4.h ****   \returns
1977:h:\drivers\cmsis\include\core_cm4.h ****    - \b  0: No FPU
1978:h:\drivers\cmsis\include\core_cm4.h ****    - \b  1: Single precision FPU
1979:h:\drivers\cmsis\include\core_cm4.h ****    - \b  2: Double + Single precision FPU
1980:h:\drivers\cmsis\include\core_cm4.h ****  */
1981:h:\drivers\cmsis\include\core_cm4.h **** __STATIC_INLINE uint32_t SCB_GetFPUType(void)
1982:h:\drivers\cmsis\include\core_cm4.h **** {
1983:h:\drivers\cmsis\include\core_cm4.h ****   uint32_t mvfr0;
1984:h:\drivers\cmsis\include\core_cm4.h **** 
1985:h:\drivers\cmsis\include\core_cm4.h ****   mvfr0 = FPU->MVFR0;
1986:h:\drivers\cmsis\include\core_cm4.h ****   if      ((mvfr0 & (FPU_MVFR0_Single_precision_Msk | FPU_MVFR0_Double_precision_Msk)) == 0x020U)
1987:h:\drivers\cmsis\include\core_cm4.h ****   {
1988:h:\drivers\cmsis\include\core_cm4.h ****     return 1U;           /* Single precision FPU */
1989:h:\drivers\cmsis\include\core_cm4.h ****   }
1990:h:\drivers\cmsis\include\core_cm4.h ****   else
1991:h:\drivers\cmsis\include\core_cm4.h ****   {
1992:h:\drivers\cmsis\include\core_cm4.h ****     return 0U;           /* No FPU */
1993:h:\drivers\cmsis\include\core_cm4.h ****   }
1994:h:\drivers\cmsis\include\core_cm4.h **** }
1995:h:\drivers\cmsis\include\core_cm4.h **** 
1996:h:\drivers\cmsis\include\core_cm4.h **** 
1997:h:\drivers\cmsis\include\core_cm4.h **** /*@} end of CMSIS_Core_FpuFunctions */
1998:h:\drivers\cmsis\include\core_cm4.h **** 
1999:h:\drivers\cmsis\include\core_cm4.h **** 
2000:h:\drivers\cmsis\include\core_cm4.h **** 
2001:h:\drivers\cmsis\include\core_cm4.h **** /* ##################################    SysTick function  ########################################
2002:h:\drivers\cmsis\include\core_cm4.h **** /**
2003:h:\drivers\cmsis\include\core_cm4.h ****   \ingroup  CMSIS_Core_FunctionInterface
ARM GAS  C:\Users\n11ak\AppData\Local\Temp\cc4kuuJl.s 			page 66


2004:h:\drivers\cmsis\include\core_cm4.h ****   \defgroup CMSIS_Core_SysTickFunctions SysTick Functions
2005:h:\drivers\cmsis\include\core_cm4.h ****   \brief    Functions that configure the System.
2006:h:\drivers\cmsis\include\core_cm4.h ****   @{
2007:h:\drivers\cmsis\include\core_cm4.h ****  */
2008:h:\drivers\cmsis\include\core_cm4.h **** 
2009:h:\drivers\cmsis\include\core_cm4.h **** #if defined (__Vendor_SysTickConfig) && (__Vendor_SysTickConfig == 0U)
2010:h:\drivers\cmsis\include\core_cm4.h **** 
2011:h:\drivers\cmsis\include\core_cm4.h **** /**
2012:h:\drivers\cmsis\include\core_cm4.h ****   \brief   System Tick Configuration
2013:h:\drivers\cmsis\include\core_cm4.h ****   \details Initializes the System Timer and its interrupt, and starts the System Tick Timer.
2014:h:\drivers\cmsis\include\core_cm4.h ****            Counter is in free running mode to generate periodic interrupts.
2015:h:\drivers\cmsis\include\core_cm4.h ****   \param [in]  ticks  Number of ticks between two interrupts.
2016:h:\drivers\cmsis\include\core_cm4.h ****   \return          0  Function succeeded.
2017:h:\drivers\cmsis\include\core_cm4.h ****   \return          1  Function failed.
2018:h:\drivers\cmsis\include\core_cm4.h ****   \note    When the variable <b>__Vendor_SysTickConfig</b> is set to 1, then the
2019:h:\drivers\cmsis\include\core_cm4.h ****            function <b>SysTick_Config</b> is not included. In this case, the file <b><i>device</i>.
2020:h:\drivers\cmsis\include\core_cm4.h ****            must contain a vendor-specific implementation of this function.
2021:h:\drivers\cmsis\include\core_cm4.h ****  */
2022:h:\drivers\cmsis\include\core_cm4.h **** __STATIC_INLINE uint32_t SysTick_Config(uint32_t ticks)
 475              		.loc 2 2022 26 view .LVU126
 476              	.LBB83:
2023:h:\drivers\cmsis\include\core_cm4.h **** {
2024:h:\drivers\cmsis\include\core_cm4.h ****   if ((ticks - 1UL) > SysTick_LOAD_RELOAD_Msk)
 477              		.loc 2 2024 3 view .LVU127
 478              		.loc 2 2024 14 is_stmt 0 view .LVU128
 479 0000 0138     		subs	r0, r0, #1
 480              	.LVL34:
 481              		.loc 2 2024 6 view .LVU129
 482 0002 B0F1807F 		cmp	r0, #16777216
 483 0006 0BD2     		bcs	.L26
2025:h:\drivers\cmsis\include\core_cm4.h ****   {
2026:h:\drivers\cmsis\include\core_cm4.h ****     return (1UL);                                                   /* Reload value impossible */
2027:h:\drivers\cmsis\include\core_cm4.h ****   }
2028:h:\drivers\cmsis\include\core_cm4.h **** 
2029:h:\drivers\cmsis\include\core_cm4.h ****   SysTick->LOAD  = (uint32_t)(ticks - 1UL);                         /* set reload register */
 484              		.loc 2 2029 3 is_stmt 1 view .LVU130
 485              		.loc 2 2029 18 is_stmt 0 view .LVU131
 486 0008 4FF0E023 		mov	r3, #-536813568
 487 000c 5861     		str	r0, [r3, #20]
2030:h:\drivers\cmsis\include\core_cm4.h ****   NVIC_SetPriority (SysTick_IRQn, (1UL << __NVIC_PRIO_BITS) - 1UL); /* set Priority for Systick Int
 488              		.loc 2 2030 3 is_stmt 1 view .LVU132
 489              	.LVL35:
 490              	.LBB84:
 491              	.LBI84:
1814:h:\drivers\cmsis\include\core_cm4.h **** {
 492              		.loc 2 1814 22 view .LVU133
 493              	.LBB85:
1816:h:\drivers\cmsis\include\core_cm4.h ****   {
 494              		.loc 2 1816 3 view .LVU134
1822:h:\drivers\cmsis\include\core_cm4.h ****   }
 495              		.loc 2 1822 5 view .LVU135
1822:h:\drivers\cmsis\include\core_cm4.h ****   }
 496              		.loc 2 1822 46 is_stmt 0 view .LVU136
 497 000e 054A     		ldr	r2, .L27
 498 0010 E021     		movs	r1, #224
 499 0012 82F82310 		strb	r1, [r2, #35]
 500              	.LVL36:
ARM GAS  C:\Users\n11ak\AppData\Local\Temp\cc4kuuJl.s 			page 67


1822:h:\drivers\cmsis\include\core_cm4.h ****   }
 501              		.loc 2 1822 46 view .LVU137
 502              	.LBE85:
 503              	.LBE84:
2031:h:\drivers\cmsis\include\core_cm4.h ****   SysTick->VAL   = 0UL;                                             /* Load the SysTick Counter Val
 504              		.loc 2 2031 3 is_stmt 1 view .LVU138
 505              		.loc 2 2031 18 is_stmt 0 view .LVU139
 506 0016 0020     		movs	r0, #0
 507              	.LVL37:
 508              		.loc 2 2031 18 view .LVU140
 509 0018 9861     		str	r0, [r3, #24]
2032:h:\drivers\cmsis\include\core_cm4.h ****   SysTick->CTRL  = SysTick_CTRL_CLKSOURCE_Msk |
 510              		.loc 2 2032 3 is_stmt 1 view .LVU141
 511              		.loc 2 2032 18 is_stmt 0 view .LVU142
 512 001a 0722     		movs	r2, #7
 513 001c 1A61     		str	r2, [r3, #16]
2033:h:\drivers\cmsis\include\core_cm4.h ****                    SysTick_CTRL_TICKINT_Msk   |
2034:h:\drivers\cmsis\include\core_cm4.h ****                    SysTick_CTRL_ENABLE_Msk;                         /* Enable SysTick IRQ and SysTi
2035:h:\drivers\cmsis\include\core_cm4.h ****   return (0UL);                                                     /* Function successful */
 514              		.loc 2 2035 3 is_stmt 1 view .LVU143
 515              		.loc 2 2035 10 is_stmt 0 view .LVU144
 516 001e 7047     		bx	lr
 517              	.L26:
2026:h:\drivers\cmsis\include\core_cm4.h ****   }
 518              		.loc 2 2026 12 view .LVU145
 519 0020 0120     		movs	r0, #1
 520              	.LVL38:
2026:h:\drivers\cmsis\include\core_cm4.h ****   }
 521              		.loc 2 2026 12 view .LVU146
 522              	.LBE83:
 523              	.LBE82:
 241:../../../../../Drivers/PY32E407_HAL_Driver/Src/py32e407_hal_cortex.c **** }
 524              		.loc 1 241 1 view .LVU147
 525 0022 7047     		bx	lr
 526              	.L28:
 527              		.align	2
 528              	.L27:
 529 0024 00ED00E0 		.word	-536810240
 530              		.cfi_endproc
 531              	.LFE141:
 533              		.section	.text.HAL_MPU_Disable,"ax",%progbits
 534              		.align	1
 535              		.global	HAL_MPU_Disable
 536              		.syntax unified
 537              		.thumb
 538              		.thumb_func
 540              	HAL_MPU_Disable:
 541              	.LFB142:
 242:../../../../../Drivers/PY32E407_HAL_Driver/Src/py32e407_hal_cortex.c **** /**
 243:../../../../../Drivers/PY32E407_HAL_Driver/Src/py32e407_hal_cortex.c ****   * @}
 244:../../../../../Drivers/PY32E407_HAL_Driver/Src/py32e407_hal_cortex.c ****   */
 245:../../../../../Drivers/PY32E407_HAL_Driver/Src/py32e407_hal_cortex.c **** 
 246:../../../../../Drivers/PY32E407_HAL_Driver/Src/py32e407_hal_cortex.c **** /** @defgroup CORTEX_Exported_Functions_Group2 Peripheral Control functions
 247:../../../../../Drivers/PY32E407_HAL_Driver/Src/py32e407_hal_cortex.c ****   *  @brief   Cortex control functions 
 248:../../../../../Drivers/PY32E407_HAL_Driver/Src/py32e407_hal_cortex.c ****   *
 249:../../../../../Drivers/PY32E407_HAL_Driver/Src/py32e407_hal_cortex.c **** @verbatim   
 250:../../../../../Drivers/PY32E407_HAL_Driver/Src/py32e407_hal_cortex.c ****   ==============================================================================
ARM GAS  C:\Users\n11ak\AppData\Local\Temp\cc4kuuJl.s 			page 68


 251:../../../../../Drivers/PY32E407_HAL_Driver/Src/py32e407_hal_cortex.c ****                       ##### Peripheral Control functions #####
 252:../../../../../Drivers/PY32E407_HAL_Driver/Src/py32e407_hal_cortex.c ****   ==============================================================================
 253:../../../../../Drivers/PY32E407_HAL_Driver/Src/py32e407_hal_cortex.c ****     [..]
 254:../../../../../Drivers/PY32E407_HAL_Driver/Src/py32e407_hal_cortex.c ****       This subsection provides a set of functions allowing to control the CORTEX
 255:../../../../../Drivers/PY32E407_HAL_Driver/Src/py32e407_hal_cortex.c ****       (NVIC, SYSTICK, MPU) functionalities. 
 256:../../../../../Drivers/PY32E407_HAL_Driver/Src/py32e407_hal_cortex.c ****  
 257:../../../../../Drivers/PY32E407_HAL_Driver/Src/py32e407_hal_cortex.c ****       
 258:../../../../../Drivers/PY32E407_HAL_Driver/Src/py32e407_hal_cortex.c **** @endverbatim
 259:../../../../../Drivers/PY32E407_HAL_Driver/Src/py32e407_hal_cortex.c ****   * @{
 260:../../../../../Drivers/PY32E407_HAL_Driver/Src/py32e407_hal_cortex.c ****   */
 261:../../../../../Drivers/PY32E407_HAL_Driver/Src/py32e407_hal_cortex.c **** 
 262:../../../../../Drivers/PY32E407_HAL_Driver/Src/py32e407_hal_cortex.c **** #if (__MPU_PRESENT == 1U)
 263:../../../../../Drivers/PY32E407_HAL_Driver/Src/py32e407_hal_cortex.c **** /**
 264:../../../../../Drivers/PY32E407_HAL_Driver/Src/py32e407_hal_cortex.c ****   * @brief  Disables the MPU
 265:../../../../../Drivers/PY32E407_HAL_Driver/Src/py32e407_hal_cortex.c ****   * @retval None
 266:../../../../../Drivers/PY32E407_HAL_Driver/Src/py32e407_hal_cortex.c ****   */
 267:../../../../../Drivers/PY32E407_HAL_Driver/Src/py32e407_hal_cortex.c **** void HAL_MPU_Disable(void)
 268:../../../../../Drivers/PY32E407_HAL_Driver/Src/py32e407_hal_cortex.c **** {
 542              		.loc 1 268 1 is_stmt 1 view -0
 543              		.cfi_startproc
 544              		@ args = 0, pretend = 0, frame = 0
 545              		@ frame_needed = 0, uses_anonymous_args = 0
 546              		@ link register save eliminated.
 269:../../../../../Drivers/PY32E407_HAL_Driver/Src/py32e407_hal_cortex.c ****   /* Make sure outstanding transfers are done */
 270:../../../../../Drivers/PY32E407_HAL_Driver/Src/py32e407_hal_cortex.c ****   __DMB();
 547              		.loc 1 270 3 view .LVU149
 548              	.LBB86:
 549              	.LBI86:
 947:h:\drivers\cmsis\include\cmsis_gcc.h **** }
 948:h:\drivers\cmsis\include\cmsis_gcc.h **** 
 949:h:\drivers\cmsis\include\cmsis_gcc.h **** 
 950:h:\drivers\cmsis\include\cmsis_gcc.h **** /**
 951:h:\drivers\cmsis\include\cmsis_gcc.h ****   \brief   Data Memory Barrier
 952:h:\drivers\cmsis\include\cmsis_gcc.h ****   \details Ensures the apparent order of the explicit memory operations before
 953:h:\drivers\cmsis\include\cmsis_gcc.h ****            and after the instruction, without ensuring their completion.
 954:h:\drivers\cmsis\include\cmsis_gcc.h ****  */
 955:h:\drivers\cmsis\include\cmsis_gcc.h **** __STATIC_FORCEINLINE void __DMB(void)
 550              		.loc 3 955 27 view .LVU150
 551              	.LBB87:
 956:h:\drivers\cmsis\include\cmsis_gcc.h **** {
 957:h:\drivers\cmsis\include\cmsis_gcc.h ****   __ASM volatile ("dmb 0xF":::"memory");
 552              		.loc 3 957 3 view .LVU151
 553              		.syntax unified
 554              	@ 957 "h:\drivers\cmsis\include\cmsis_gcc.h" 1
 555 0000 BFF35F8F 		dmb 0xF
 556              	@ 0 "" 2
 557              		.thumb
 558              		.syntax unified
 559              	.LBE87:
 560              	.LBE86:
 271:../../../../../Drivers/PY32E407_HAL_Driver/Src/py32e407_hal_cortex.c **** 
 272:../../../../../Drivers/PY32E407_HAL_Driver/Src/py32e407_hal_cortex.c ****   /* Disable fault exceptions */
 273:../../../../../Drivers/PY32E407_HAL_Driver/Src/py32e407_hal_cortex.c ****   SCB->SHCSR &= ~SCB_SHCSR_MEMFAULTENA_Msk;
 561              		.loc 1 273 3 view .LVU152
 562              		.loc 1 273 14 is_stmt 0 view .LVU153
 563 0004 044B     		ldr	r3, .L30
 564 0006 5A6A     		ldr	r2, [r3, #36]
ARM GAS  C:\Users\n11ak\AppData\Local\Temp\cc4kuuJl.s 			page 69


 565 0008 22F48032 		bic	r2, r2, #65536
 566 000c 5A62     		str	r2, [r3, #36]
 274:../../../../../Drivers/PY32E407_HAL_Driver/Src/py32e407_hal_cortex.c ****   
 275:../../../../../Drivers/PY32E407_HAL_Driver/Src/py32e407_hal_cortex.c ****   /* Disable the MPU and clear the control register*/
 276:../../../../../Drivers/PY32E407_HAL_Driver/Src/py32e407_hal_cortex.c ****   MPU->CTRL = 0U;
 567              		.loc 1 276 3 is_stmt 1 view .LVU154
 568              		.loc 1 276 13 is_stmt 0 view .LVU155
 569 000e 0022     		movs	r2, #0
 570 0010 C3F89420 		str	r2, [r3, #148]
 277:../../../../../Drivers/PY32E407_HAL_Driver/Src/py32e407_hal_cortex.c **** }
 571              		.loc 1 277 1 view .LVU156
 572 0014 7047     		bx	lr
 573              	.L31:
 574 0016 00BF     		.align	2
 575              	.L30:
 576 0018 00ED00E0 		.word	-536810240
 577              		.cfi_endproc
 578              	.LFE142:
 580              		.section	.text.HAL_MPU_Enable,"ax",%progbits
 581              		.align	1
 582              		.global	HAL_MPU_Enable
 583              		.syntax unified
 584              		.thumb
 585              		.thumb_func
 587              	HAL_MPU_Enable:
 588              	.LVL39:
 589              	.LFB143:
 278:../../../../../Drivers/PY32E407_HAL_Driver/Src/py32e407_hal_cortex.c **** 
 279:../../../../../Drivers/PY32E407_HAL_Driver/Src/py32e407_hal_cortex.c **** /**
 280:../../../../../Drivers/PY32E407_HAL_Driver/Src/py32e407_hal_cortex.c ****   * @brief  Enable the MPU.
 281:../../../../../Drivers/PY32E407_HAL_Driver/Src/py32e407_hal_cortex.c ****   * @param  MPU_Control: Specifies the control mode of the MPU during hard fault, 
 282:../../../../../Drivers/PY32E407_HAL_Driver/Src/py32e407_hal_cortex.c ****   *          NMI, FAULTMASK and privileged access to the default memory 
 283:../../../../../Drivers/PY32E407_HAL_Driver/Src/py32e407_hal_cortex.c ****   *          This parameter can be one of the following values:
 284:../../../../../Drivers/PY32E407_HAL_Driver/Src/py32e407_hal_cortex.c ****   *            @arg MPU_HFNMI_PRIVDEF_NONE
 285:../../../../../Drivers/PY32E407_HAL_Driver/Src/py32e407_hal_cortex.c ****   *            @arg MPU_HARDFAULT_NMI
 286:../../../../../Drivers/PY32E407_HAL_Driver/Src/py32e407_hal_cortex.c ****   *            @arg MPU_PRIVILEGED_DEFAULT
 287:../../../../../Drivers/PY32E407_HAL_Driver/Src/py32e407_hal_cortex.c ****   *            @arg MPU_HFNMI_PRIVDEF
 288:../../../../../Drivers/PY32E407_HAL_Driver/Src/py32e407_hal_cortex.c ****   * @retval None
 289:../../../../../Drivers/PY32E407_HAL_Driver/Src/py32e407_hal_cortex.c ****   */
 290:../../../../../Drivers/PY32E407_HAL_Driver/Src/py32e407_hal_cortex.c **** void HAL_MPU_Enable(uint32_t MPU_Control)
 291:../../../../../Drivers/PY32E407_HAL_Driver/Src/py32e407_hal_cortex.c **** {
 590              		.loc 1 291 1 is_stmt 1 view -0
 591              		.cfi_startproc
 592              		@ args = 0, pretend = 0, frame = 0
 593              		@ frame_needed = 0, uses_anonymous_args = 0
 594              		@ link register save eliminated.
 292:../../../../../Drivers/PY32E407_HAL_Driver/Src/py32e407_hal_cortex.c ****   /* Enable the MPU */
 293:../../../../../Drivers/PY32E407_HAL_Driver/Src/py32e407_hal_cortex.c ****   MPU->CTRL = MPU_Control | MPU_CTRL_ENABLE_Msk;
 595              		.loc 1 293 3 view .LVU158
 596              		.loc 1 293 27 is_stmt 0 view .LVU159
 597 0000 40F00100 		orr	r0, r0, #1
 598              	.LVL40:
 599              		.loc 1 293 13 view .LVU160
 600 0004 054B     		ldr	r3, .L33
 601 0006 C3F89400 		str	r0, [r3, #148]
 294:../../../../../Drivers/PY32E407_HAL_Driver/Src/py32e407_hal_cortex.c ****   
 295:../../../../../Drivers/PY32E407_HAL_Driver/Src/py32e407_hal_cortex.c ****   /* Enable fault exceptions */
ARM GAS  C:\Users\n11ak\AppData\Local\Temp\cc4kuuJl.s 			page 70


 296:../../../../../Drivers/PY32E407_HAL_Driver/Src/py32e407_hal_cortex.c ****   SCB->SHCSR |= SCB_SHCSR_MEMFAULTENA_Msk;
 602              		.loc 1 296 3 is_stmt 1 view .LVU161
 603              		.loc 1 296 14 is_stmt 0 view .LVU162
 604 000a 5A6A     		ldr	r2, [r3, #36]
 605 000c 42F48032 		orr	r2, r2, #65536
 606 0010 5A62     		str	r2, [r3, #36]
 297:../../../../../Drivers/PY32E407_HAL_Driver/Src/py32e407_hal_cortex.c ****   
 298:../../../../../Drivers/PY32E407_HAL_Driver/Src/py32e407_hal_cortex.c ****   /* Ensure MPU setting take effects */
 299:../../../../../Drivers/PY32E407_HAL_Driver/Src/py32e407_hal_cortex.c ****   __DSB();
 607              		.loc 1 299 3 is_stmt 1 view .LVU163
 608              	.LBB88:
 609              	.LBI88:
 944:h:\drivers\cmsis\include\cmsis_gcc.h **** {
 610              		.loc 3 944 27 view .LVU164
 611              	.LBB89:
 946:h:\drivers\cmsis\include\cmsis_gcc.h **** }
 612              		.loc 3 946 3 view .LVU165
 613              		.syntax unified
 614              	@ 946 "h:\drivers\cmsis\include\cmsis_gcc.h" 1
 615 0012 BFF34F8F 		dsb 0xF
 616              	@ 0 "" 2
 617              		.thumb
 618              		.syntax unified
 619              	.LBE89:
 620              	.LBE88:
 300:../../../../../Drivers/PY32E407_HAL_Driver/Src/py32e407_hal_cortex.c ****   __ISB();
 621              		.loc 1 300 3 view .LVU166
 622              	.LBB90:
 623              	.LBI90:
 933:h:\drivers\cmsis\include\cmsis_gcc.h **** {
 624              		.loc 3 933 27 view .LVU167
 625              	.LBB91:
 935:h:\drivers\cmsis\include\cmsis_gcc.h **** }
 626              		.loc 3 935 3 view .LVU168
 627              		.syntax unified
 628              	@ 935 "h:\drivers\cmsis\include\cmsis_gcc.h" 1
 629 0016 BFF36F8F 		isb 0xF
 630              	@ 0 "" 2
 631              		.thumb
 632              		.syntax unified
 633              	.LBE91:
 634              	.LBE90:
 301:../../../../../Drivers/PY32E407_HAL_Driver/Src/py32e407_hal_cortex.c **** }
 635              		.loc 1 301 1 is_stmt 0 view .LVU169
 636 001a 7047     		bx	lr
 637              	.L34:
 638              		.align	2
 639              	.L33:
 640 001c 00ED00E0 		.word	-536810240
 641              		.cfi_endproc
 642              	.LFE143:
 644              		.section	.text.HAL_MPU_ConfigRegion,"ax",%progbits
 645              		.align	1
 646              		.global	HAL_MPU_ConfigRegion
 647              		.syntax unified
 648              		.thumb
 649              		.thumb_func
ARM GAS  C:\Users\n11ak\AppData\Local\Temp\cc4kuuJl.s 			page 71


 651              	HAL_MPU_ConfigRegion:
 652              	.LVL41:
 653              	.LFB144:
 302:../../../../../Drivers/PY32E407_HAL_Driver/Src/py32e407_hal_cortex.c **** 
 303:../../../../../Drivers/PY32E407_HAL_Driver/Src/py32e407_hal_cortex.c **** /**
 304:../../../../../Drivers/PY32E407_HAL_Driver/Src/py32e407_hal_cortex.c ****   * @brief  Initializes and configures the Region and the memory to be protected.
 305:../../../../../Drivers/PY32E407_HAL_Driver/Src/py32e407_hal_cortex.c ****   * @param  MPU_Init: Pointer to a MPU_Region_InitTypeDef structure that contains
 306:../../../../../Drivers/PY32E407_HAL_Driver/Src/py32e407_hal_cortex.c ****   *                the initialization and configuration information.
 307:../../../../../Drivers/PY32E407_HAL_Driver/Src/py32e407_hal_cortex.c ****   * @retval None
 308:../../../../../Drivers/PY32E407_HAL_Driver/Src/py32e407_hal_cortex.c ****   */
 309:../../../../../Drivers/PY32E407_HAL_Driver/Src/py32e407_hal_cortex.c **** void HAL_MPU_ConfigRegion(MPU_Region_InitTypeDef *MPU_Init)
 310:../../../../../Drivers/PY32E407_HAL_Driver/Src/py32e407_hal_cortex.c **** {
 654              		.loc 1 310 1 is_stmt 1 view -0
 655              		.cfi_startproc
 656              		@ args = 0, pretend = 0, frame = 0
 657              		@ frame_needed = 0, uses_anonymous_args = 0
 658              		@ link register save eliminated.
 311:../../../../../Drivers/PY32E407_HAL_Driver/Src/py32e407_hal_cortex.c ****   /* Check the parameters */
 312:../../../../../Drivers/PY32E407_HAL_Driver/Src/py32e407_hal_cortex.c ****   assert_param(IS_MPU_REGION_NUMBER(MPU_Init->Number));
 659              		.loc 1 312 3 view .LVU171
 313:../../../../../Drivers/PY32E407_HAL_Driver/Src/py32e407_hal_cortex.c ****   assert_param(IS_MPU_REGION_ENABLE(MPU_Init->Enable));
 660              		.loc 1 313 3 view .LVU172
 314:../../../../../Drivers/PY32E407_HAL_Driver/Src/py32e407_hal_cortex.c **** 
 315:../../../../../Drivers/PY32E407_HAL_Driver/Src/py32e407_hal_cortex.c ****   /* Set the Region number */
 316:../../../../../Drivers/PY32E407_HAL_Driver/Src/py32e407_hal_cortex.c ****   MPU->RNR = MPU_Init->Number;
 661              		.loc 1 316 3 view .LVU173
 662              		.loc 1 316 22 is_stmt 0 view .LVU174
 663 0000 4278     		ldrb	r2, [r0, #1]	@ zero_extendqisi2
 664              		.loc 1 316 12 view .LVU175
 665 0002 164B     		ldr	r3, .L38
 666 0004 C3F89820 		str	r2, [r3, #152]
 317:../../../../../Drivers/PY32E407_HAL_Driver/Src/py32e407_hal_cortex.c **** 
 318:../../../../../Drivers/PY32E407_HAL_Driver/Src/py32e407_hal_cortex.c ****   if ((MPU_Init->Enable) != RESET)
 667              		.loc 1 318 3 is_stmt 1 view .LVU176
 668              		.loc 1 318 16 is_stmt 0 view .LVU177
 669 0008 0378     		ldrb	r3, [r0]	@ zero_extendqisi2
 670              		.loc 1 318 6 view .LVU178
 671 000a FBB1     		cbz	r3, .L36
 319:../../../../../Drivers/PY32E407_HAL_Driver/Src/py32e407_hal_cortex.c ****   {
 320:../../../../../Drivers/PY32E407_HAL_Driver/Src/py32e407_hal_cortex.c ****     /* Check the parameters */
 321:../../../../../Drivers/PY32E407_HAL_Driver/Src/py32e407_hal_cortex.c ****     assert_param(IS_MPU_INSTRUCTION_ACCESS(MPU_Init->DisableExec));
 672              		.loc 1 321 5 is_stmt 1 view .LVU179
 322:../../../../../Drivers/PY32E407_HAL_Driver/Src/py32e407_hal_cortex.c ****     assert_param(IS_MPU_REGION_PERMISSION_ATTRIBUTE(MPU_Init->AccessPermission));
 673              		.loc 1 322 5 view .LVU180
 323:../../../../../Drivers/PY32E407_HAL_Driver/Src/py32e407_hal_cortex.c ****     assert_param(IS_MPU_TEX_LEVEL(MPU_Init->TypeExtField));
 674              		.loc 1 323 5 view .LVU181
 324:../../../../../Drivers/PY32E407_HAL_Driver/Src/py32e407_hal_cortex.c ****     assert_param(IS_MPU_ACCESS_SHAREABLE(MPU_Init->IsShareable));
 675              		.loc 1 324 5 view .LVU182
 325:../../../../../Drivers/PY32E407_HAL_Driver/Src/py32e407_hal_cortex.c ****     assert_param(IS_MPU_ACCESS_CACHEABLE(MPU_Init->IsCacheable));
 676              		.loc 1 325 5 view .LVU183
 326:../../../../../Drivers/PY32E407_HAL_Driver/Src/py32e407_hal_cortex.c ****     assert_param(IS_MPU_ACCESS_BUFFERABLE(MPU_Init->IsBufferable));
 677              		.loc 1 326 5 view .LVU184
 327:../../../../../Drivers/PY32E407_HAL_Driver/Src/py32e407_hal_cortex.c ****     assert_param(IS_MPU_SUB_REGION_DISABLE(MPU_Init->SubRegionDisable));
 678              		.loc 1 327 5 view .LVU185
 328:../../../../../Drivers/PY32E407_HAL_Driver/Src/py32e407_hal_cortex.c ****     assert_param(IS_MPU_REGION_SIZE(MPU_Init->Size));
 679              		.loc 1 328 5 view .LVU186
 329:../../../../../Drivers/PY32E407_HAL_Driver/Src/py32e407_hal_cortex.c ****     
ARM GAS  C:\Users\n11ak\AppData\Local\Temp\cc4kuuJl.s 			page 72


 330:../../../../../Drivers/PY32E407_HAL_Driver/Src/py32e407_hal_cortex.c ****     MPU->RBAR = MPU_Init->BaseAddress;
 680              		.loc 1 330 5 view .LVU187
 681              		.loc 1 330 25 is_stmt 0 view .LVU188
 682 000c 4368     		ldr	r3, [r0, #4]
 683              		.loc 1 330 15 view .LVU189
 684 000e 134A     		ldr	r2, .L38
 685 0010 C2F89C30 		str	r3, [r2, #156]
 331:../../../../../Drivers/PY32E407_HAL_Driver/Src/py32e407_hal_cortex.c ****     MPU->RASR = ((uint32_t)MPU_Init->DisableExec             << MPU_RASR_XN_Pos)   |
 686              		.loc 1 331 5 is_stmt 1 view .LVU190
 687              		.loc 1 331 36 is_stmt 0 view .LVU191
 688 0014 017B     		ldrb	r1, [r0, #12]	@ zero_extendqisi2
 332:../../../../../Drivers/PY32E407_HAL_Driver/Src/py32e407_hal_cortex.c ****                 ((uint32_t)MPU_Init->AccessPermission        << MPU_RASR_AP_Pos)   |
 689              		.loc 1 332 36 view .LVU192
 690 0016 C37A     		ldrb	r3, [r0, #11]	@ zero_extendqisi2
 691              		.loc 1 332 62 view .LVU193
 692 0018 1B06     		lsls	r3, r3, #24
 331:../../../../../Drivers/PY32E407_HAL_Driver/Src/py32e407_hal_cortex.c ****     MPU->RASR = ((uint32_t)MPU_Init->DisableExec             << MPU_RASR_XN_Pos)   |
 693              		.loc 1 331 84 view .LVU194
 694 001a 43EA0173 		orr	r3, r3, r1, lsl #28
 333:../../../../../Drivers/PY32E407_HAL_Driver/Src/py32e407_hal_cortex.c ****                 ((uint32_t)MPU_Init->TypeExtField            << MPU_RASR_TEX_Pos)  |
 695              		.loc 1 333 36 view .LVU195
 696 001e 817A     		ldrb	r1, [r0, #10]	@ zero_extendqisi2
 332:../../../../../Drivers/PY32E407_HAL_Driver/Src/py32e407_hal_cortex.c ****                 ((uint32_t)MPU_Init->AccessPermission        << MPU_RASR_AP_Pos)   |
 697              		.loc 1 332 84 view .LVU196
 698 0020 43EAC143 		orr	r3, r3, r1, lsl #19
 334:../../../../../Drivers/PY32E407_HAL_Driver/Src/py32e407_hal_cortex.c ****                 ((uint32_t)MPU_Init->IsShareable             << MPU_RASR_S_Pos)    |
 699              		.loc 1 334 36 view .LVU197
 700 0024 417B     		ldrb	r1, [r0, #13]	@ zero_extendqisi2
 333:../../../../../Drivers/PY32E407_HAL_Driver/Src/py32e407_hal_cortex.c ****                 ((uint32_t)MPU_Init->TypeExtField            << MPU_RASR_TEX_Pos)  |
 701              		.loc 1 333 84 view .LVU198
 702 0026 43EA8143 		orr	r3, r3, r1, lsl #18
 335:../../../../../Drivers/PY32E407_HAL_Driver/Src/py32e407_hal_cortex.c ****                 ((uint32_t)MPU_Init->IsCacheable             << MPU_RASR_C_Pos)    |
 703              		.loc 1 335 36 view .LVU199
 704 002a 817B     		ldrb	r1, [r0, #14]	@ zero_extendqisi2
 334:../../../../../Drivers/PY32E407_HAL_Driver/Src/py32e407_hal_cortex.c ****                 ((uint32_t)MPU_Init->IsShareable             << MPU_RASR_S_Pos)    |
 705              		.loc 1 334 84 view .LVU200
 706 002c 43EA4143 		orr	r3, r3, r1, lsl #17
 336:../../../../../Drivers/PY32E407_HAL_Driver/Src/py32e407_hal_cortex.c ****                 ((uint32_t)MPU_Init->IsBufferable            << MPU_RASR_B_Pos)    |
 707              		.loc 1 336 36 view .LVU201
 708 0030 C17B     		ldrb	r1, [r0, #15]	@ zero_extendqisi2
 335:../../../../../Drivers/PY32E407_HAL_Driver/Src/py32e407_hal_cortex.c ****                 ((uint32_t)MPU_Init->IsCacheable             << MPU_RASR_C_Pos)    |
 709              		.loc 1 335 84 view .LVU202
 710 0032 43EA0143 		orr	r3, r3, r1, lsl #16
 337:../../../../../Drivers/PY32E407_HAL_Driver/Src/py32e407_hal_cortex.c ****                 ((uint32_t)MPU_Init->SubRegionDisable        << MPU_RASR_SRD_Pos)  |
 711              		.loc 1 337 36 view .LVU203
 712 0036 417A     		ldrb	r1, [r0, #9]	@ zero_extendqisi2
 336:../../../../../Drivers/PY32E407_HAL_Driver/Src/py32e407_hal_cortex.c ****                 ((uint32_t)MPU_Init->IsBufferable            << MPU_RASR_B_Pos)    |
 713              		.loc 1 336 84 view .LVU204
 714 0038 43EA0123 		orr	r3, r3, r1, lsl #8
 338:../../../../../Drivers/PY32E407_HAL_Driver/Src/py32e407_hal_cortex.c ****                 ((uint32_t)MPU_Init->Size                    << MPU_RASR_SIZE_Pos) |
 715              		.loc 1 338 36 view .LVU205
 716 003c 017A     		ldrb	r1, [r0, #8]	@ zero_extendqisi2
 337:../../../../../Drivers/PY32E407_HAL_Driver/Src/py32e407_hal_cortex.c ****                 ((uint32_t)MPU_Init->SubRegionDisable        << MPU_RASR_SRD_Pos)  |
 717              		.loc 1 337 84 view .LVU206
 718 003e 43EA4103 		orr	r3, r3, r1, lsl #1
 339:../../../../../Drivers/PY32E407_HAL_Driver/Src/py32e407_hal_cortex.c ****                 ((uint32_t)MPU_Init->Enable                  << MPU_RASR_ENABLE_Pos);
 719              		.loc 1 339 36 view .LVU207
ARM GAS  C:\Users\n11ak\AppData\Local\Temp\cc4kuuJl.s 			page 73


 720 0042 0178     		ldrb	r1, [r0]	@ zero_extendqisi2
 338:../../../../../Drivers/PY32E407_HAL_Driver/Src/py32e407_hal_cortex.c ****                 ((uint32_t)MPU_Init->Size                    << MPU_RASR_SIZE_Pos) |
 721              		.loc 1 338 84 view .LVU208
 722 0044 0B43     		orrs	r3, r3, r1
 331:../../../../../Drivers/PY32E407_HAL_Driver/Src/py32e407_hal_cortex.c ****                 ((uint32_t)MPU_Init->AccessPermission        << MPU_RASR_AP_Pos)   |
 723              		.loc 1 331 15 view .LVU209
 724 0046 C2F8A030 		str	r3, [r2, #160]
 725 004a 7047     		bx	lr
 726              	.L36:
 340:../../../../../Drivers/PY32E407_HAL_Driver/Src/py32e407_hal_cortex.c ****   }
 341:../../../../../Drivers/PY32E407_HAL_Driver/Src/py32e407_hal_cortex.c ****   else
 342:../../../../../Drivers/PY32E407_HAL_Driver/Src/py32e407_hal_cortex.c ****   {
 343:../../../../../Drivers/PY32E407_HAL_Driver/Src/py32e407_hal_cortex.c ****     MPU->RBAR = 0x00U;
 727              		.loc 1 343 5 is_stmt 1 view .LVU210
 728              		.loc 1 343 15 is_stmt 0 view .LVU211
 729 004c 034B     		ldr	r3, .L38
 730 004e 0022     		movs	r2, #0
 731 0050 C3F89C20 		str	r2, [r3, #156]
 344:../../../../../Drivers/PY32E407_HAL_Driver/Src/py32e407_hal_cortex.c ****     MPU->RASR = 0x00U;
 732              		.loc 1 344 5 is_stmt 1 view .LVU212
 733              		.loc 1 344 15 is_stmt 0 view .LVU213
 734 0054 C3F8A020 		str	r2, [r3, #160]
 345:../../../../../Drivers/PY32E407_HAL_Driver/Src/py32e407_hal_cortex.c ****   }
 346:../../../../../Drivers/PY32E407_HAL_Driver/Src/py32e407_hal_cortex.c **** }
 735              		.loc 1 346 1 view .LVU214
 736 0058 7047     		bx	lr
 737              	.L39:
 738 005a 00BF     		.align	2
 739              	.L38:
 740 005c 00ED00E0 		.word	-536810240
 741              		.cfi_endproc
 742              	.LFE144:
 744              		.section	.text.HAL_NVIC_GetPriorityGrouping,"ax",%progbits
 745              		.align	1
 746              		.global	HAL_NVIC_GetPriorityGrouping
 747              		.syntax unified
 748              		.thumb
 749              		.thumb_func
 751              	HAL_NVIC_GetPriorityGrouping:
 752              	.LFB145:
 347:../../../../../Drivers/PY32E407_HAL_Driver/Src/py32e407_hal_cortex.c **** #endif /* __MPU_PRESENT */
 348:../../../../../Drivers/PY32E407_HAL_Driver/Src/py32e407_hal_cortex.c **** 
 349:../../../../../Drivers/PY32E407_HAL_Driver/Src/py32e407_hal_cortex.c **** /**
 350:../../../../../Drivers/PY32E407_HAL_Driver/Src/py32e407_hal_cortex.c ****   * @brief  Gets the priority grouping field from the NVIC Interrupt Controller.
 351:../../../../../Drivers/PY32E407_HAL_Driver/Src/py32e407_hal_cortex.c ****   * @retval Priority grouping field (SCB->AIRCR [10:8] PRIGROUP field)
 352:../../../../../Drivers/PY32E407_HAL_Driver/Src/py32e407_hal_cortex.c ****   */
 353:../../../../../Drivers/PY32E407_HAL_Driver/Src/py32e407_hal_cortex.c **** uint32_t HAL_NVIC_GetPriorityGrouping(void)
 354:../../../../../Drivers/PY32E407_HAL_Driver/Src/py32e407_hal_cortex.c **** {
 753              		.loc 1 354 1 is_stmt 1 view -0
 754              		.cfi_startproc
 755              		@ args = 0, pretend = 0, frame = 0
 756              		@ frame_needed = 0, uses_anonymous_args = 0
 757              		@ link register save eliminated.
 355:../../../../../Drivers/PY32E407_HAL_Driver/Src/py32e407_hal_cortex.c ****   /* Get the PRIGROUP[10:8] field value */
 356:../../../../../Drivers/PY32E407_HAL_Driver/Src/py32e407_hal_cortex.c ****   return NVIC_GetPriorityGrouping();
 758              		.loc 1 356 3 view .LVU216
 759              	.LBB92:
ARM GAS  C:\Users\n11ak\AppData\Local\Temp\cc4kuuJl.s 			page 74


 760              	.LBI92:
1672:h:\drivers\cmsis\include\core_cm4.h **** {
 761              		.loc 2 1672 26 view .LVU217
 762              	.LBB93:
1674:h:\drivers\cmsis\include\core_cm4.h **** }
 763              		.loc 2 1674 3 view .LVU218
1674:h:\drivers\cmsis\include\core_cm4.h **** }
 764              		.loc 2 1674 26 is_stmt 0 view .LVU219
 765 0000 024B     		ldr	r3, .L41
 766 0002 D868     		ldr	r0, [r3, #12]
 767              	.LBE93:
 768              	.LBE92:
 357:../../../../../Drivers/PY32E407_HAL_Driver/Src/py32e407_hal_cortex.c **** }
 769              		.loc 1 357 1 view .LVU220
 770 0004 C0F30220 		ubfx	r0, r0, #8, #3
 771 0008 7047     		bx	lr
 772              	.L42:
 773 000a 00BF     		.align	2
 774              	.L41:
 775 000c 00ED00E0 		.word	-536810240
 776              		.cfi_endproc
 777              	.LFE145:
 779              		.section	.text.HAL_NVIC_GetPriority,"ax",%progbits
 780              		.align	1
 781              		.global	HAL_NVIC_GetPriority
 782              		.syntax unified
 783              		.thumb
 784              		.thumb_func
 786              	HAL_NVIC_GetPriority:
 787              	.LVL42:
 788              	.LFB146:
 358:../../../../../Drivers/PY32E407_HAL_Driver/Src/py32e407_hal_cortex.c **** 
 359:../../../../../Drivers/PY32E407_HAL_Driver/Src/py32e407_hal_cortex.c **** /**
 360:../../../../../Drivers/PY32E407_HAL_Driver/Src/py32e407_hal_cortex.c ****   * @brief  Gets the priority of an interrupt.
 361:../../../../../Drivers/PY32E407_HAL_Driver/Src/py32e407_hal_cortex.c ****   * @param  IRQn: External interrupt number.
 362:../../../../../Drivers/PY32E407_HAL_Driver/Src/py32e407_hal_cortex.c ****   *         This parameter can be an enumerator of IRQn_Type enumeration
 363:../../../../../Drivers/PY32E407_HAL_Driver/Src/py32e407_hal_cortex.c ****   *         (For the complete PY32 Devices IRQ Channels list, please refer to the appropriate CMSIS
 364:../../../../../Drivers/PY32E407_HAL_Driver/Src/py32e407_hal_cortex.c ****   * @param   PriorityGroup: the priority grouping bits length.
 365:../../../../../Drivers/PY32E407_HAL_Driver/Src/py32e407_hal_cortex.c ****   *         This parameter can be one of the following values:
 366:../../../../../Drivers/PY32E407_HAL_Driver/Src/py32e407_hal_cortex.c ****   *           @arg NVIC_PRIORITYGROUP_0: 0 bits for preemption priority
 367:../../../../../Drivers/PY32E407_HAL_Driver/Src/py32e407_hal_cortex.c ****   *                                      3 bits for subpriority
 368:../../../../../Drivers/PY32E407_HAL_Driver/Src/py32e407_hal_cortex.c ****   *           @arg NVIC_PRIORITYGROUP_1: 1 bits for preemption priority
 369:../../../../../Drivers/PY32E407_HAL_Driver/Src/py32e407_hal_cortex.c ****   *                                      2 bits for subpriority
 370:../../../../../Drivers/PY32E407_HAL_Driver/Src/py32e407_hal_cortex.c ****   *           @arg NVIC_PRIORITYGROUP_2: 2 bits for preemption priority
 371:../../../../../Drivers/PY32E407_HAL_Driver/Src/py32e407_hal_cortex.c ****   *                                      1 bits for subpriority
 372:../../../../../Drivers/PY32E407_HAL_Driver/Src/py32e407_hal_cortex.c ****   *           @arg NVIC_PRIORITYGROUP_3: 3 bits for preemption priority
 373:../../../../../Drivers/PY32E407_HAL_Driver/Src/py32e407_hal_cortex.c ****   *                                      0 bits for subpriority
 374:../../../../../Drivers/PY32E407_HAL_Driver/Src/py32e407_hal_cortex.c ****   * @param  pPreemptPriority: Pointer on the Preemptive priority value (starting from 0).
 375:../../../../../Drivers/PY32E407_HAL_Driver/Src/py32e407_hal_cortex.c ****   * @param  pSubPriority: Pointer on the Subpriority value (starting from 0).
 376:../../../../../Drivers/PY32E407_HAL_Driver/Src/py32e407_hal_cortex.c ****   * @retval None
 377:../../../../../Drivers/PY32E407_HAL_Driver/Src/py32e407_hal_cortex.c ****   */
 378:../../../../../Drivers/PY32E407_HAL_Driver/Src/py32e407_hal_cortex.c **** void HAL_NVIC_GetPriority(IRQn_Type IRQn, uint32_t PriorityGroup, uint32_t *pPreemptPriority, uint3
 379:../../../../../Drivers/PY32E407_HAL_Driver/Src/py32e407_hal_cortex.c **** {
 789              		.loc 1 379 1 is_stmt 1 view -0
 790              		.cfi_startproc
 791              		@ args = 0, pretend = 0, frame = 0
 792              		@ frame_needed = 0, uses_anonymous_args = 0
ARM GAS  C:\Users\n11ak\AppData\Local\Temp\cc4kuuJl.s 			page 75


 793              		.loc 1 379 1 is_stmt 0 view .LVU222
 794 0000 10B5     		push	{r4, lr}
 795              	.LCFI1:
 796              		.cfi_def_cfa_offset 8
 797              		.cfi_offset 4, -8
 798              		.cfi_offset 14, -4
 380:../../../../../Drivers/PY32E407_HAL_Driver/Src/py32e407_hal_cortex.c ****   /* Check the parameters */
 381:../../../../../Drivers/PY32E407_HAL_Driver/Src/py32e407_hal_cortex.c ****   assert_param(IS_NVIC_PRIORITY_GROUP(PriorityGroup));
 799              		.loc 1 381 3 is_stmt 1 view .LVU223
 382:../../../../../Drivers/PY32E407_HAL_Driver/Src/py32e407_hal_cortex.c ****  /* Get priority for Cortex-M system or device specific interrupts */
 383:../../../../../Drivers/PY32E407_HAL_Driver/Src/py32e407_hal_cortex.c ****   NVIC_DecodePriority(NVIC_GetPriority(IRQn), PriorityGroup, pPreemptPriority, pSubPriority);
 800              		.loc 1 383 3 view .LVU224
 801              	.LVL43:
 802              	.LBB98:
 803              	.LBI98:
1836:h:\drivers\cmsis\include\core_cm4.h **** {
 804              		.loc 2 1836 26 view .LVU225
 805              	.LBB99:
1839:h:\drivers\cmsis\include\core_cm4.h ****   {
 806              		.loc 2 1839 3 view .LVU226
1839:h:\drivers\cmsis\include\core_cm4.h ****   {
 807              		.loc 2 1839 6 is_stmt 0 view .LVU227
 808 0002 0028     		cmp	r0, #0
 809              	.LVL44:
1839:h:\drivers\cmsis\include\core_cm4.h ****   {
 810              		.loc 2 1839 6 view .LVU228
 811 0004 22DB     		blt	.L44
1841:h:\drivers\cmsis\include\core_cm4.h ****   }
 812              		.loc 2 1841 5 is_stmt 1 view .LVU229
1841:h:\drivers\cmsis\include\core_cm4.h ****   }
 813              		.loc 2 1841 31 is_stmt 0 view .LVU230
 814 0006 00F16040 		add	r0, r0, #-536870912
 815 000a 00F56140 		add	r0, r0, #57600
 816 000e 90F80003 		ldrb	r0, [r0, #768]	@ zero_extendqisi2
1841:h:\drivers\cmsis\include\core_cm4.h ****   }
 817              		.loc 2 1841 64 view .LVU231
 818 0012 4009     		lsrs	r0, r0, #5
 819              	.L45:
 820              	.LVL45:
1841:h:\drivers\cmsis\include\core_cm4.h ****   }
 821              		.loc 2 1841 64 view .LVU232
 822              	.LBE99:
 823              	.LBE98:
 824              	.LBB101:
 825              	.LBI101:
1888:h:\drivers\cmsis\include\core_cm4.h **** {
 826              		.loc 2 1888 22 is_stmt 1 view .LVU233
 827              	.LBB102:
1890:h:\drivers\cmsis\include\core_cm4.h ****   uint32_t PreemptPriorityBits;
 828              		.loc 2 1890 3 view .LVU234
1890:h:\drivers\cmsis\include\core_cm4.h ****   uint32_t PreemptPriorityBits;
 829              		.loc 2 1890 12 is_stmt 0 view .LVU235
 830 0014 01F00701 		and	r1, r1, #7
 831              	.LVL46:
1891:h:\drivers\cmsis\include\core_cm4.h ****   uint32_t SubPriorityBits;
 832              		.loc 2 1891 3 is_stmt 1 view .LVU236
1892:h:\drivers\cmsis\include\core_cm4.h **** 
ARM GAS  C:\Users\n11ak\AppData\Local\Temp\cc4kuuJl.s 			page 76


 833              		.loc 2 1892 3 view .LVU237
1894:h:\drivers\cmsis\include\core_cm4.h ****   SubPriorityBits     = ((PriorityGroupTmp + (uint32_t)(__NVIC_PRIO_BITS)) < (uint32_t)7UL) ? (uint
 834              		.loc 2 1894 3 view .LVU238
1894:h:\drivers\cmsis\include\core_cm4.h ****   SubPriorityBits     = ((PriorityGroupTmp + (uint32_t)(__NVIC_PRIO_BITS)) < (uint32_t)7UL) ? (uint
 835              		.loc 2 1894 31 is_stmt 0 view .LVU239
 836 0018 C1F1070C 		rsb	ip, r1, #7
1894:h:\drivers\cmsis\include\core_cm4.h ****   SubPriorityBits     = ((PriorityGroupTmp + (uint32_t)(__NVIC_PRIO_BITS)) < (uint32_t)7UL) ? (uint
 837              		.loc 2 1894 23 view .LVU240
 838 001c BCF1030F 		cmp	ip, #3
 839 0020 28BF     		it	cs
 840 0022 4FF0030C 		movcs	ip, #3
 841              	.LVL47:
1895:h:\drivers\cmsis\include\core_cm4.h **** 
 842              		.loc 2 1895 3 is_stmt 1 view .LVU241
1895:h:\drivers\cmsis\include\core_cm4.h **** 
 843              		.loc 2 1895 44 is_stmt 0 view .LVU242
 844 0026 CC1C     		adds	r4, r1, #3
1895:h:\drivers\cmsis\include\core_cm4.h **** 
 845              		.loc 2 1895 109 view .LVU243
 846 0028 062C     		cmp	r4, #6
 847 002a 15D9     		bls	.L47
 848 002c 0439     		subs	r1, r1, #4
 849              	.LVL48:
 850              	.L46:
1897:h:\drivers\cmsis\include\core_cm4.h ****   *pSubPriority     = (Priority                   ) & (uint32_t)((1UL << (SubPriorityBits    )) - 1
 851              		.loc 2 1897 3 is_stmt 1 view .LVU244
1897:h:\drivers\cmsis\include\core_cm4.h ****   *pSubPriority     = (Priority                   ) & (uint32_t)((1UL << (SubPriorityBits    )) - 1
 852              		.loc 2 1897 33 is_stmt 0 view .LVU245
 853 002e 20FA01F4 		lsr	r4, r0, r1
 854              	.LVL49:
1897:h:\drivers\cmsis\include\core_cm4.h ****   *pSubPriority     = (Priority                   ) & (uint32_t)((1UL << (SubPriorityBits    )) - 1
 855              		.loc 2 1897 53 view .LVU246
 856 0032 4FF0FF3E 		mov	lr, #-1
 857 0036 0EFA0CFC 		lsl	ip, lr, ip
 858              	.LVL50:
1897:h:\drivers\cmsis\include\core_cm4.h ****   *pSubPriority     = (Priority                   ) & (uint32_t)((1UL << (SubPriorityBits    )) - 1
 859              		.loc 2 1897 53 view .LVU247
 860 003a 24EA0C04 		bic	r4, r4, ip
1897:h:\drivers\cmsis\include\core_cm4.h ****   *pSubPriority     = (Priority                   ) & (uint32_t)((1UL << (SubPriorityBits    )) - 1
 861              		.loc 2 1897 21 view .LVU248
 862 003e 1460     		str	r4, [r2]
1898:h:\drivers\cmsis\include\core_cm4.h **** }
 863              		.loc 2 1898 3 is_stmt 1 view .LVU249
1898:h:\drivers\cmsis\include\core_cm4.h **** }
 864              		.loc 2 1898 53 is_stmt 0 view .LVU250
 865 0040 0EFA01F1 		lsl	r1, lr, r1
 866              	.LVL51:
1898:h:\drivers\cmsis\include\core_cm4.h **** }
 867              		.loc 2 1898 53 view .LVU251
 868 0044 20EA0100 		bic	r0, r0, r1
 869              	.LVL52:
1898:h:\drivers\cmsis\include\core_cm4.h **** }
 870              		.loc 2 1898 21 view .LVU252
 871 0048 1860     		str	r0, [r3]
 872              	.LVL53:
1898:h:\drivers\cmsis\include\core_cm4.h **** }
 873              		.loc 2 1898 21 view .LVU253
ARM GAS  C:\Users\n11ak\AppData\Local\Temp\cc4kuuJl.s 			page 77


 874              	.LBE102:
 875              	.LBE101:
 384:../../../../../Drivers/PY32E407_HAL_Driver/Src/py32e407_hal_cortex.c **** }
 876              		.loc 1 384 1 view .LVU254
 877 004a 10BD     		pop	{r4, pc}
 878              	.LVL54:
 879              	.L44:
 880              	.LBB104:
 881              	.LBB100:
1845:h:\drivers\cmsis\include\core_cm4.h ****   }
 882              		.loc 2 1845 5 is_stmt 1 view .LVU255
1845:h:\drivers\cmsis\include\core_cm4.h ****   }
 883              		.loc 2 1845 50 is_stmt 0 view .LVU256
 884 004c 00F00F00 		and	r0, r0, #15
1845:h:\drivers\cmsis\include\core_cm4.h ****   }
 885              		.loc 2 1845 31 view .LVU257
 886 0050 024C     		ldr	r4, .L49
 887 0052 205C     		ldrb	r0, [r4, r0]	@ zero_extendqisi2
1845:h:\drivers\cmsis\include\core_cm4.h ****   }
 888              		.loc 2 1845 64 view .LVU258
 889 0054 4009     		lsrs	r0, r0, #5
 890 0056 DDE7     		b	.L45
 891              	.LVL55:
 892              	.L47:
1845:h:\drivers\cmsis\include\core_cm4.h ****   }
 893              		.loc 2 1845 64 view .LVU259
 894              	.LBE100:
 895              	.LBE104:
 896              	.LBB105:
 897              	.LBB103:
1895:h:\drivers\cmsis\include\core_cm4.h **** 
 898              		.loc 2 1895 109 view .LVU260
 899 0058 0021     		movs	r1, #0
 900              	.LVL56:
1895:h:\drivers\cmsis\include\core_cm4.h **** 
 901              		.loc 2 1895 109 view .LVU261
 902 005a E8E7     		b	.L46
 903              	.L50:
 904              		.align	2
 905              	.L49:
 906 005c 14ED00E0 		.word	-536810220
 907              	.LBE103:
 908              	.LBE105:
 909              		.cfi_endproc
 910              	.LFE146:
 912              		.section	.text.HAL_NVIC_SetPendingIRQ,"ax",%progbits
 913              		.align	1
 914              		.global	HAL_NVIC_SetPendingIRQ
 915              		.syntax unified
 916              		.thumb
 917              		.thumb_func
 919              	HAL_NVIC_SetPendingIRQ:
 920              	.LVL57:
 921              	.LFB147:
 385:../../../../../Drivers/PY32E407_HAL_Driver/Src/py32e407_hal_cortex.c **** 
 386:../../../../../Drivers/PY32E407_HAL_Driver/Src/py32e407_hal_cortex.c **** /**
 387:../../../../../Drivers/PY32E407_HAL_Driver/Src/py32e407_hal_cortex.c ****   * @brief  Sets Pending bit of an external interrupt.
ARM GAS  C:\Users\n11ak\AppData\Local\Temp\cc4kuuJl.s 			page 78


 388:../../../../../Drivers/PY32E407_HAL_Driver/Src/py32e407_hal_cortex.c ****   * @param  IRQn External interrupt number
 389:../../../../../Drivers/PY32E407_HAL_Driver/Src/py32e407_hal_cortex.c ****   *         This parameter can be an enumerator of IRQn_Type enumeration
 390:../../../../../Drivers/PY32E407_HAL_Driver/Src/py32e407_hal_cortex.c ****   *         (For the complete PY32 Devices IRQ Channels list, please refer to the appropriate CMSIS
 391:../../../../../Drivers/PY32E407_HAL_Driver/Src/py32e407_hal_cortex.c ****   * @retval None
 392:../../../../../Drivers/PY32E407_HAL_Driver/Src/py32e407_hal_cortex.c ****   */
 393:../../../../../Drivers/PY32E407_HAL_Driver/Src/py32e407_hal_cortex.c **** void HAL_NVIC_SetPendingIRQ(IRQn_Type IRQn)
 394:../../../../../Drivers/PY32E407_HAL_Driver/Src/py32e407_hal_cortex.c **** {
 922              		.loc 1 394 1 is_stmt 1 view -0
 923              		.cfi_startproc
 924              		@ args = 0, pretend = 0, frame = 0
 925              		@ frame_needed = 0, uses_anonymous_args = 0
 926              		@ link register save eliminated.
 395:../../../../../Drivers/PY32E407_HAL_Driver/Src/py32e407_hal_cortex.c ****   /* Check the parameters */
 396:../../../../../Drivers/PY32E407_HAL_Driver/Src/py32e407_hal_cortex.c ****   assert_param(IS_NVIC_DEVICE_IRQ(IRQn));
 927              		.loc 1 396 3 view .LVU263
 397:../../../../../Drivers/PY32E407_HAL_Driver/Src/py32e407_hal_cortex.c ****   
 398:../../../../../Drivers/PY32E407_HAL_Driver/Src/py32e407_hal_cortex.c ****   /* Set interrupt pending */
 399:../../../../../Drivers/PY32E407_HAL_Driver/Src/py32e407_hal_cortex.c ****   NVIC_SetPendingIRQ(IRQn);
 928              		.loc 1 399 3 view .LVU264
 929              	.LBB106:
 930              	.LBI106:
1760:h:\drivers\cmsis\include\core_cm4.h **** {
 931              		.loc 2 1760 22 view .LVU265
 932              	.LBB107:
1762:h:\drivers\cmsis\include\core_cm4.h ****   {
 933              		.loc 2 1762 3 view .LVU266
1762:h:\drivers\cmsis\include\core_cm4.h ****   {
 934              		.loc 2 1762 6 is_stmt 0 view .LVU267
 935 0000 0028     		cmp	r0, #0
 936              	.LVL58:
1762:h:\drivers\cmsis\include\core_cm4.h ****   {
 937              		.loc 2 1762 6 view .LVU268
 938 0002 08DB     		blt	.L51
1764:h:\drivers\cmsis\include\core_cm4.h ****   }
 939              		.loc 2 1764 5 is_stmt 1 view .LVU269
1764:h:\drivers\cmsis\include\core_cm4.h ****   }
 940              		.loc 2 1764 81 is_stmt 0 view .LVU270
 941 0004 00F01F02 		and	r2, r0, #31
1764:h:\drivers\cmsis\include\core_cm4.h ****   }
 942              		.loc 2 1764 34 view .LVU271
 943 0008 4009     		lsrs	r0, r0, #5
1764:h:\drivers\cmsis\include\core_cm4.h ****   }
 944              		.loc 2 1764 45 view .LVU272
 945 000a 0123     		movs	r3, #1
 946 000c 9340     		lsls	r3, r3, r2
1764:h:\drivers\cmsis\include\core_cm4.h ****   }
 947              		.loc 2 1764 43 view .LVU273
 948 000e 4030     		adds	r0, r0, #64
 949 0010 014A     		ldr	r2, .L53
 950 0012 42F82030 		str	r3, [r2, r0, lsl #2]
 951              	.LVL59:
 952              	.L51:
1764:h:\drivers\cmsis\include\core_cm4.h ****   }
 953              		.loc 2 1764 43 view .LVU274
 954              	.LBE107:
 955              	.LBE106:
 400:../../../../../Drivers/PY32E407_HAL_Driver/Src/py32e407_hal_cortex.c **** }
ARM GAS  C:\Users\n11ak\AppData\Local\Temp\cc4kuuJl.s 			page 79


 956              		.loc 1 400 1 view .LVU275
 957 0016 7047     		bx	lr
 958              	.L54:
 959              		.align	2
 960              	.L53:
 961 0018 00E100E0 		.word	-536813312
 962              		.cfi_endproc
 963              	.LFE147:
 965              		.section	.text.HAL_NVIC_GetPendingIRQ,"ax",%progbits
 966              		.align	1
 967              		.global	HAL_NVIC_GetPendingIRQ
 968              		.syntax unified
 969              		.thumb
 970              		.thumb_func
 972              	HAL_NVIC_GetPendingIRQ:
 973              	.LVL60:
 974              	.LFB148:
 401:../../../../../Drivers/PY32E407_HAL_Driver/Src/py32e407_hal_cortex.c **** 
 402:../../../../../Drivers/PY32E407_HAL_Driver/Src/py32e407_hal_cortex.c **** /**
 403:../../../../../Drivers/PY32E407_HAL_Driver/Src/py32e407_hal_cortex.c ****   * @brief  Gets Pending Interrupt (reads the pending register in the NVIC 
 404:../../../../../Drivers/PY32E407_HAL_Driver/Src/py32e407_hal_cortex.c ****   *         and returns the pending bit for the specified interrupt).
 405:../../../../../Drivers/PY32E407_HAL_Driver/Src/py32e407_hal_cortex.c ****   * @param  IRQn External interrupt number.
 406:../../../../../Drivers/PY32E407_HAL_Driver/Src/py32e407_hal_cortex.c ****   *         This parameter can be an enumerator of IRQn_Type enumeration
 407:../../../../../Drivers/PY32E407_HAL_Driver/Src/py32e407_hal_cortex.c ****   *         (For the complete PY32 Devices IRQ Channels list, please refer to the appropriate CMSIS
 408:../../../../../Drivers/PY32E407_HAL_Driver/Src/py32e407_hal_cortex.c ****   * @retval status: - 0  Interrupt status is not pending.
 409:../../../../../Drivers/PY32E407_HAL_Driver/Src/py32e407_hal_cortex.c ****   *                 - 1  Interrupt status is pending.
 410:../../../../../Drivers/PY32E407_HAL_Driver/Src/py32e407_hal_cortex.c ****   */
 411:../../../../../Drivers/PY32E407_HAL_Driver/Src/py32e407_hal_cortex.c **** uint32_t HAL_NVIC_GetPendingIRQ(IRQn_Type IRQn)
 412:../../../../../Drivers/PY32E407_HAL_Driver/Src/py32e407_hal_cortex.c **** {
 975              		.loc 1 412 1 is_stmt 1 view -0
 976              		.cfi_startproc
 977              		@ args = 0, pretend = 0, frame = 0
 978              		@ frame_needed = 0, uses_anonymous_args = 0
 979              		@ link register save eliminated.
 413:../../../../../Drivers/PY32E407_HAL_Driver/Src/py32e407_hal_cortex.c ****   /* Check the parameters */
 414:../../../../../Drivers/PY32E407_HAL_Driver/Src/py32e407_hal_cortex.c ****   assert_param(IS_NVIC_DEVICE_IRQ(IRQn));
 980              		.loc 1 414 3 view .LVU277
 415:../../../../../Drivers/PY32E407_HAL_Driver/Src/py32e407_hal_cortex.c **** 
 416:../../../../../Drivers/PY32E407_HAL_Driver/Src/py32e407_hal_cortex.c ****   /* Return 1 if pending else 0 */
 417:../../../../../Drivers/PY32E407_HAL_Driver/Src/py32e407_hal_cortex.c ****   return NVIC_GetPendingIRQ(IRQn);
 981              		.loc 1 417 3 view .LVU278
 982              	.LBB108:
 983              	.LBI108:
1741:h:\drivers\cmsis\include\core_cm4.h **** {
 984              		.loc 2 1741 26 view .LVU279
 985              	.LBB109:
1743:h:\drivers\cmsis\include\core_cm4.h ****   {
 986              		.loc 2 1743 3 view .LVU280
1743:h:\drivers\cmsis\include\core_cm4.h ****   {
 987              		.loc 2 1743 6 is_stmt 0 view .LVU281
 988 0000 0028     		cmp	r0, #0
 989              	.LVL61:
1743:h:\drivers\cmsis\include\core_cm4.h ****   {
 990              		.loc 2 1743 6 view .LVU282
 991 0002 0BDB     		blt	.L57
1745:h:\drivers\cmsis\include\core_cm4.h ****   }
 992              		.loc 2 1745 5 is_stmt 1 view .LVU283
ARM GAS  C:\Users\n11ak\AppData\Local\Temp\cc4kuuJl.s 			page 80


1745:h:\drivers\cmsis\include\core_cm4.h ****   }
 993              		.loc 2 1745 54 is_stmt 0 view .LVU284
 994 0004 4309     		lsrs	r3, r0, #5
1745:h:\drivers\cmsis\include\core_cm4.h ****   }
 995              		.loc 2 1745 35 view .LVU285
 996 0006 4033     		adds	r3, r3, #64
 997 0008 054A     		ldr	r2, .L58
 998 000a 52F82330 		ldr	r3, [r2, r3, lsl #2]
1745:h:\drivers\cmsis\include\core_cm4.h ****   }
 999              		.loc 2 1745 91 view .LVU286
 1000 000e 00F01F00 		and	r0, r0, #31
1745:h:\drivers\cmsis\include\core_cm4.h ****   }
 1001              		.loc 2 1745 103 view .LVU287
 1002 0012 23FA00F0 		lsr	r0, r3, r0
1745:h:\drivers\cmsis\include\core_cm4.h ****   }
 1003              		.loc 2 1745 12 view .LVU288
 1004 0016 00F00100 		and	r0, r0, #1
 1005 001a 7047     		bx	lr
 1006              	.L57:
1749:h:\drivers\cmsis\include\core_cm4.h ****   }
 1007              		.loc 2 1749 11 view .LVU289
 1008 001c 0020     		movs	r0, #0
 1009              	.LVL62:
1749:h:\drivers\cmsis\include\core_cm4.h ****   }
 1010              		.loc 2 1749 11 view .LVU290
 1011              	.LBE109:
 1012              	.LBE108:
 418:../../../../../Drivers/PY32E407_HAL_Driver/Src/py32e407_hal_cortex.c **** }
 1013              		.loc 1 418 1 view .LVU291
 1014 001e 7047     		bx	lr
 1015              	.L59:
 1016              		.align	2
 1017              	.L58:
 1018 0020 00E100E0 		.word	-536813312
 1019              		.cfi_endproc
 1020              	.LFE148:
 1022              		.section	.text.HAL_NVIC_ClearPendingIRQ,"ax",%progbits
 1023              		.align	1
 1024              		.global	HAL_NVIC_ClearPendingIRQ
 1025              		.syntax unified
 1026              		.thumb
 1027              		.thumb_func
 1029              	HAL_NVIC_ClearPendingIRQ:
 1030              	.LVL63:
 1031              	.LFB149:
 419:../../../../../Drivers/PY32E407_HAL_Driver/Src/py32e407_hal_cortex.c **** 
 420:../../../../../Drivers/PY32E407_HAL_Driver/Src/py32e407_hal_cortex.c **** /**
 421:../../../../../Drivers/PY32E407_HAL_Driver/Src/py32e407_hal_cortex.c ****   * @brief  Clears the pending bit of an external interrupt.
 422:../../../../../Drivers/PY32E407_HAL_Driver/Src/py32e407_hal_cortex.c ****   * @param  IRQn External interrupt number.
 423:../../../../../Drivers/PY32E407_HAL_Driver/Src/py32e407_hal_cortex.c ****   *         This parameter can be an enumerator of IRQn_Type enumeration
 424:../../../../../Drivers/PY32E407_HAL_Driver/Src/py32e407_hal_cortex.c ****   *         (For the complete PY32 Devices IRQ Channels list, please refer to the appropriate CMSIS
 425:../../../../../Drivers/PY32E407_HAL_Driver/Src/py32e407_hal_cortex.c ****   * @retval None
 426:../../../../../Drivers/PY32E407_HAL_Driver/Src/py32e407_hal_cortex.c ****   */
 427:../../../../../Drivers/PY32E407_HAL_Driver/Src/py32e407_hal_cortex.c **** void HAL_NVIC_ClearPendingIRQ(IRQn_Type IRQn)
 428:../../../../../Drivers/PY32E407_HAL_Driver/Src/py32e407_hal_cortex.c **** {
 1032              		.loc 1 428 1 is_stmt 1 view -0
 1033              		.cfi_startproc
ARM GAS  C:\Users\n11ak\AppData\Local\Temp\cc4kuuJl.s 			page 81


 1034              		@ args = 0, pretend = 0, frame = 0
 1035              		@ frame_needed = 0, uses_anonymous_args = 0
 1036              		@ link register save eliminated.
 429:../../../../../Drivers/PY32E407_HAL_Driver/Src/py32e407_hal_cortex.c ****   /* Check the parameters */
 430:../../../../../Drivers/PY32E407_HAL_Driver/Src/py32e407_hal_cortex.c ****   assert_param(IS_NVIC_DEVICE_IRQ(IRQn));
 1037              		.loc 1 430 3 view .LVU293
 431:../../../../../Drivers/PY32E407_HAL_Driver/Src/py32e407_hal_cortex.c **** 
 432:../../../../../Drivers/PY32E407_HAL_Driver/Src/py32e407_hal_cortex.c ****   /* Clear pending interrupt */
 433:../../../../../Drivers/PY32E407_HAL_Driver/Src/py32e407_hal_cortex.c ****   NVIC_ClearPendingIRQ(IRQn);
 1038              		.loc 1 433 3 view .LVU294
 1039              	.LBB110:
 1040              	.LBI110:
1775:h:\drivers\cmsis\include\core_cm4.h **** {
 1041              		.loc 2 1775 22 view .LVU295
 1042              	.LBB111:
1777:h:\drivers\cmsis\include\core_cm4.h ****   {
 1043              		.loc 2 1777 3 view .LVU296
1777:h:\drivers\cmsis\include\core_cm4.h ****   {
 1044              		.loc 2 1777 6 is_stmt 0 view .LVU297
 1045 0000 0028     		cmp	r0, #0
 1046              	.LVL64:
1777:h:\drivers\cmsis\include\core_cm4.h ****   {
 1047              		.loc 2 1777 6 view .LVU298
 1048 0002 08DB     		blt	.L60
1779:h:\drivers\cmsis\include\core_cm4.h ****   }
 1049              		.loc 2 1779 5 is_stmt 1 view .LVU299
1779:h:\drivers\cmsis\include\core_cm4.h ****   }
 1050              		.loc 2 1779 81 is_stmt 0 view .LVU300
 1051 0004 00F01F02 		and	r2, r0, #31
1779:h:\drivers\cmsis\include\core_cm4.h ****   }
 1052              		.loc 2 1779 34 view .LVU301
 1053 0008 4009     		lsrs	r0, r0, #5
1779:h:\drivers\cmsis\include\core_cm4.h ****   }
 1054              		.loc 2 1779 45 view .LVU302
 1055 000a 0123     		movs	r3, #1
 1056 000c 9340     		lsls	r3, r3, r2
1779:h:\drivers\cmsis\include\core_cm4.h ****   }
 1057              		.loc 2 1779 43 view .LVU303
 1058 000e 6030     		adds	r0, r0, #96
 1059 0010 014A     		ldr	r2, .L62
 1060 0012 42F82030 		str	r3, [r2, r0, lsl #2]
 1061              	.LVL65:
 1062              	.L60:
1779:h:\drivers\cmsis\include\core_cm4.h ****   }
 1063              		.loc 2 1779 43 view .LVU304
 1064              	.LBE111:
 1065              	.LBE110:
 434:../../../../../Drivers/PY32E407_HAL_Driver/Src/py32e407_hal_cortex.c **** }
 1066              		.loc 1 434 1 view .LVU305
 1067 0016 7047     		bx	lr
 1068              	.L63:
 1069              		.align	2
 1070              	.L62:
 1071 0018 00E100E0 		.word	-536813312
 1072              		.cfi_endproc
 1073              	.LFE149:
 1075              		.section	.text.HAL_NVIC_GetActive,"ax",%progbits
ARM GAS  C:\Users\n11ak\AppData\Local\Temp\cc4kuuJl.s 			page 82


 1076              		.align	1
 1077              		.global	HAL_NVIC_GetActive
 1078              		.syntax unified
 1079              		.thumb
 1080              		.thumb_func
 1082              	HAL_NVIC_GetActive:
 1083              	.LVL66:
 1084              	.LFB150:
 435:../../../../../Drivers/PY32E407_HAL_Driver/Src/py32e407_hal_cortex.c **** 
 436:../../../../../Drivers/PY32E407_HAL_Driver/Src/py32e407_hal_cortex.c **** /**
 437:../../../../../Drivers/PY32E407_HAL_Driver/Src/py32e407_hal_cortex.c ****   * @brief Gets active interrupt ( reads the active register in NVIC and returns the active bit).
 438:../../../../../Drivers/PY32E407_HAL_Driver/Src/py32e407_hal_cortex.c ****   * @param IRQn External interrupt number
 439:../../../../../Drivers/PY32E407_HAL_Driver/Src/py32e407_hal_cortex.c ****   *         This parameter can be an enumerator of IRQn_Type enumeration
 440:../../../../../Drivers/PY32E407_HAL_Driver/Src/py32e407_hal_cortex.c ****   *         (For the complete PY32 Devices IRQ Channels list, please refer to the appropriate CMSIS
 441:../../../../../Drivers/PY32E407_HAL_Driver/Src/py32e407_hal_cortex.c ****   * @retval status: - 0  Interrupt status is not pending.
 442:../../../../../Drivers/PY32E407_HAL_Driver/Src/py32e407_hal_cortex.c ****   *                 - 1  Interrupt status is pending.
 443:../../../../../Drivers/PY32E407_HAL_Driver/Src/py32e407_hal_cortex.c ****   */
 444:../../../../../Drivers/PY32E407_HAL_Driver/Src/py32e407_hal_cortex.c **** uint32_t HAL_NVIC_GetActive(IRQn_Type IRQn)
 445:../../../../../Drivers/PY32E407_HAL_Driver/Src/py32e407_hal_cortex.c **** {
 1085              		.loc 1 445 1 is_stmt 1 view -0
 1086              		.cfi_startproc
 1087              		@ args = 0, pretend = 0, frame = 0
 1088              		@ frame_needed = 0, uses_anonymous_args = 0
 1089              		@ link register save eliminated.
 446:../../../../../Drivers/PY32E407_HAL_Driver/Src/py32e407_hal_cortex.c ****   /* Check the parameters */
 447:../../../../../Drivers/PY32E407_HAL_Driver/Src/py32e407_hal_cortex.c ****   assert_param(IS_NVIC_DEVICE_IRQ(IRQn));
 1090              		.loc 1 447 3 view .LVU307
 448:../../../../../Drivers/PY32E407_HAL_Driver/Src/py32e407_hal_cortex.c **** 
 449:../../../../../Drivers/PY32E407_HAL_Driver/Src/py32e407_hal_cortex.c ****   /* Return 1 if active else 0 */
 450:../../../../../Drivers/PY32E407_HAL_Driver/Src/py32e407_hal_cortex.c ****   return NVIC_GetActive(IRQn);
 1091              		.loc 1 450 3 view .LVU308
 1092              	.LBB112:
 1093              	.LBI112:
1792:h:\drivers\cmsis\include\core_cm4.h **** {
 1094              		.loc 2 1792 26 view .LVU309
 1095              	.LBB113:
1794:h:\drivers\cmsis\include\core_cm4.h ****   {
 1096              		.loc 2 1794 3 view .LVU310
1794:h:\drivers\cmsis\include\core_cm4.h ****   {
 1097              		.loc 2 1794 6 is_stmt 0 view .LVU311
 1098 0000 0028     		cmp	r0, #0
 1099              	.LVL67:
1794:h:\drivers\cmsis\include\core_cm4.h ****   {
 1100              		.loc 2 1794 6 view .LVU312
 1101 0002 0BDB     		blt	.L66
1796:h:\drivers\cmsis\include\core_cm4.h ****   }
 1102              		.loc 2 1796 5 is_stmt 1 view .LVU313
1796:h:\drivers\cmsis\include\core_cm4.h ****   }
 1103              		.loc 2 1796 54 is_stmt 0 view .LVU314
 1104 0004 4309     		lsrs	r3, r0, #5
1796:h:\drivers\cmsis\include\core_cm4.h ****   }
 1105              		.loc 2 1796 35 view .LVU315
 1106 0006 8033     		adds	r3, r3, #128
 1107 0008 054A     		ldr	r2, .L67
 1108 000a 52F82330 		ldr	r3, [r2, r3, lsl #2]
1796:h:\drivers\cmsis\include\core_cm4.h ****   }
 1109              		.loc 2 1796 91 view .LVU316
ARM GAS  C:\Users\n11ak\AppData\Local\Temp\cc4kuuJl.s 			page 83


 1110 000e 00F01F00 		and	r0, r0, #31
1796:h:\drivers\cmsis\include\core_cm4.h ****   }
 1111              		.loc 2 1796 103 view .LVU317
 1112 0012 23FA00F0 		lsr	r0, r3, r0
1796:h:\drivers\cmsis\include\core_cm4.h ****   }
 1113              		.loc 2 1796 12 view .LVU318
 1114 0016 00F00100 		and	r0, r0, #1
 1115 001a 7047     		bx	lr
 1116              	.L66:
1800:h:\drivers\cmsis\include\core_cm4.h ****   }
 1117              		.loc 2 1800 11 view .LVU319
 1118 001c 0020     		movs	r0, #0
 1119              	.LVL68:
1800:h:\drivers\cmsis\include\core_cm4.h ****   }
 1120              		.loc 2 1800 11 view .LVU320
 1121              	.LBE113:
 1122              	.LBE112:
 451:../../../../../Drivers/PY32E407_HAL_Driver/Src/py32e407_hal_cortex.c **** }
 1123              		.loc 1 451 1 view .LVU321
 1124 001e 7047     		bx	lr
 1125              	.L68:
 1126              		.align	2
 1127              	.L67:
 1128 0020 00E100E0 		.word	-536813312
 1129              		.cfi_endproc
 1130              	.LFE150:
 1132              		.section	.text.HAL_SYSTICK_CLKSourceConfig,"ax",%progbits
 1133              		.align	1
 1134              		.global	HAL_SYSTICK_CLKSourceConfig
 1135              		.syntax unified
 1136              		.thumb
 1137              		.thumb_func
 1139              	HAL_SYSTICK_CLKSourceConfig:
 1140              	.LVL69:
 1141              	.LFB151:
 452:../../../../../Drivers/PY32E407_HAL_Driver/Src/py32e407_hal_cortex.c **** 
 453:../../../../../Drivers/PY32E407_HAL_Driver/Src/py32e407_hal_cortex.c **** /**
 454:../../../../../Drivers/PY32E407_HAL_Driver/Src/py32e407_hal_cortex.c ****   * @brief  Configures the SysTick clock source.
 455:../../../../../Drivers/PY32E407_HAL_Driver/Src/py32e407_hal_cortex.c ****   * @param  CLKSource: specifies the SysTick clock source.
 456:../../../../../Drivers/PY32E407_HAL_Driver/Src/py32e407_hal_cortex.c ****   *         This parameter can be one of the following values:
 457:../../../../../Drivers/PY32E407_HAL_Driver/Src/py32e407_hal_cortex.c ****   *             @arg SYSTICK_CLKSOURCE_HCLK_DIV8: AHB clock divided by 8 selected as SysTick clock 
 458:../../../../../Drivers/PY32E407_HAL_Driver/Src/py32e407_hal_cortex.c ****   *             @arg SYSTICK_CLKSOURCE_HCLK: AHB clock selected as SysTick clock source.
 459:../../../../../Drivers/PY32E407_HAL_Driver/Src/py32e407_hal_cortex.c ****   * @retval None
 460:../../../../../Drivers/PY32E407_HAL_Driver/Src/py32e407_hal_cortex.c ****   */
 461:../../../../../Drivers/PY32E407_HAL_Driver/Src/py32e407_hal_cortex.c **** void HAL_SYSTICK_CLKSourceConfig(uint32_t CLKSource)
 462:../../../../../Drivers/PY32E407_HAL_Driver/Src/py32e407_hal_cortex.c **** {
 1142              		.loc 1 462 1 is_stmt 1 view -0
 1143              		.cfi_startproc
 1144              		@ args = 0, pretend = 0, frame = 0
 1145              		@ frame_needed = 0, uses_anonymous_args = 0
 1146              		@ link register save eliminated.
 463:../../../../../Drivers/PY32E407_HAL_Driver/Src/py32e407_hal_cortex.c ****   /* Check the parameters */
 464:../../../../../Drivers/PY32E407_HAL_Driver/Src/py32e407_hal_cortex.c ****   assert_param(IS_SYSTICK_CLK_SOURCE(CLKSource));
 1147              		.loc 1 464 3 view .LVU323
 465:../../../../../Drivers/PY32E407_HAL_Driver/Src/py32e407_hal_cortex.c ****   if (CLKSource == SYSTICK_CLKSOURCE_HCLK)
 1148              		.loc 1 465 3 view .LVU324
 1149              		.loc 1 465 6 is_stmt 0 view .LVU325
ARM GAS  C:\Users\n11ak\AppData\Local\Temp\cc4kuuJl.s 			page 84


 1150 0000 0428     		cmp	r0, #4
 1151 0002 06D0     		beq	.L72
 466:../../../../../Drivers/PY32E407_HAL_Driver/Src/py32e407_hal_cortex.c ****   {
 467:../../../../../Drivers/PY32E407_HAL_Driver/Src/py32e407_hal_cortex.c ****     SysTick->CTRL |= SYSTICK_CLKSOURCE_HCLK;
 468:../../../../../Drivers/PY32E407_HAL_Driver/Src/py32e407_hal_cortex.c ****   }
 469:../../../../../Drivers/PY32E407_HAL_Driver/Src/py32e407_hal_cortex.c ****   else
 470:../../../../../Drivers/PY32E407_HAL_Driver/Src/py32e407_hal_cortex.c ****   {
 471:../../../../../Drivers/PY32E407_HAL_Driver/Src/py32e407_hal_cortex.c ****     SysTick->CTRL &= ~SYSTICK_CLKSOURCE_HCLK;
 1152              		.loc 1 471 5 is_stmt 1 view .LVU326
 1153              		.loc 1 471 19 is_stmt 0 view .LVU327
 1154 0004 4FF0E022 		mov	r2, #-536813568
 1155 0008 1369     		ldr	r3, [r2, #16]
 1156 000a 23F00403 		bic	r3, r3, #4
 1157 000e 1361     		str	r3, [r2, #16]
 472:../../../../../Drivers/PY32E407_HAL_Driver/Src/py32e407_hal_cortex.c ****   }
 473:../../../../../Drivers/PY32E407_HAL_Driver/Src/py32e407_hal_cortex.c **** }
 1158              		.loc 1 473 1 view .LVU328
 1159 0010 7047     		bx	lr
 1160              	.L72:
 467:../../../../../Drivers/PY32E407_HAL_Driver/Src/py32e407_hal_cortex.c ****   }
 1161              		.loc 1 467 5 is_stmt 1 view .LVU329
 467:../../../../../Drivers/PY32E407_HAL_Driver/Src/py32e407_hal_cortex.c ****   }
 1162              		.loc 1 467 19 is_stmt 0 view .LVU330
 1163 0012 4FF0E022 		mov	r2, #-536813568
 1164 0016 1369     		ldr	r3, [r2, #16]
 1165 0018 43F00403 		orr	r3, r3, #4
 1166 001c 1361     		str	r3, [r2, #16]
 1167 001e 7047     		bx	lr
 1168              		.cfi_endproc
 1169              	.LFE151:
 1171              		.section	.text.HAL_SYSTICK_Callback,"ax",%progbits
 1172              		.align	1
 1173              		.weak	HAL_SYSTICK_Callback
 1174              		.syntax unified
 1175              		.thumb
 1176              		.thumb_func
 1178              	HAL_SYSTICK_Callback:
 1179              	.LFB153:
 474:../../../../../Drivers/PY32E407_HAL_Driver/Src/py32e407_hal_cortex.c **** 
 475:../../../../../Drivers/PY32E407_HAL_Driver/Src/py32e407_hal_cortex.c **** /**
 476:../../../../../Drivers/PY32E407_HAL_Driver/Src/py32e407_hal_cortex.c ****   * @brief  This function handles SYSTICK interrupt request.
 477:../../../../../Drivers/PY32E407_HAL_Driver/Src/py32e407_hal_cortex.c ****   * @retval None
 478:../../../../../Drivers/PY32E407_HAL_Driver/Src/py32e407_hal_cortex.c ****   */
 479:../../../../../Drivers/PY32E407_HAL_Driver/Src/py32e407_hal_cortex.c **** void HAL_SYSTICK_IRQHandler(void)
 480:../../../../../Drivers/PY32E407_HAL_Driver/Src/py32e407_hal_cortex.c **** {
 481:../../../../../Drivers/PY32E407_HAL_Driver/Src/py32e407_hal_cortex.c ****   HAL_SYSTICK_Callback();
 482:../../../../../Drivers/PY32E407_HAL_Driver/Src/py32e407_hal_cortex.c **** }
 483:../../../../../Drivers/PY32E407_HAL_Driver/Src/py32e407_hal_cortex.c **** 
 484:../../../../../Drivers/PY32E407_HAL_Driver/Src/py32e407_hal_cortex.c **** /**
 485:../../../../../Drivers/PY32E407_HAL_Driver/Src/py32e407_hal_cortex.c ****   * @brief  SYSTICK callback.
 486:../../../../../Drivers/PY32E407_HAL_Driver/Src/py32e407_hal_cortex.c ****   * @retval None
 487:../../../../../Drivers/PY32E407_HAL_Driver/Src/py32e407_hal_cortex.c ****   */
 488:../../../../../Drivers/PY32E407_HAL_Driver/Src/py32e407_hal_cortex.c **** __weak void HAL_SYSTICK_Callback(void)
 489:../../../../../Drivers/PY32E407_HAL_Driver/Src/py32e407_hal_cortex.c **** {
 1180              		.loc 1 489 1 is_stmt 1 view -0
 1181              		.cfi_startproc
 1182              		@ args = 0, pretend = 0, frame = 0
ARM GAS  C:\Users\n11ak\AppData\Local\Temp\cc4kuuJl.s 			page 85


 1183              		@ frame_needed = 0, uses_anonymous_args = 0
 1184              		@ link register save eliminated.
 490:../../../../../Drivers/PY32E407_HAL_Driver/Src/py32e407_hal_cortex.c ****   /* NOTE : This function Should not be modified, when the callback is needed,
 491:../../../../../Drivers/PY32E407_HAL_Driver/Src/py32e407_hal_cortex.c ****             the HAL_SYSTICK_Callback could be implemented in the user file
 492:../../../../../Drivers/PY32E407_HAL_Driver/Src/py32e407_hal_cortex.c ****    */
 493:../../../../../Drivers/PY32E407_HAL_Driver/Src/py32e407_hal_cortex.c **** }
 1185              		.loc 1 493 1 view .LVU332
 1186 0000 7047     		bx	lr
 1187              		.cfi_endproc
 1188              	.LFE153:
 1190              		.section	.text.HAL_SYSTICK_IRQHandler,"ax",%progbits
 1191              		.align	1
 1192              		.global	HAL_SYSTICK_IRQHandler
 1193              		.syntax unified
 1194              		.thumb
 1195              		.thumb_func
 1197              	HAL_SYSTICK_IRQHandler:
 1198              	.LFB152:
 480:../../../../../Drivers/PY32E407_HAL_Driver/Src/py32e407_hal_cortex.c ****   HAL_SYSTICK_Callback();
 1199              		.loc 1 480 1 view -0
 1200              		.cfi_startproc
 1201              		@ args = 0, pretend = 0, frame = 0
 1202              		@ frame_needed = 0, uses_anonymous_args = 0
 1203 0000 08B5     		push	{r3, lr}
 1204              	.LCFI2:
 1205              		.cfi_def_cfa_offset 8
 1206              		.cfi_offset 3, -8
 1207              		.cfi_offset 14, -4
 481:../../../../../Drivers/PY32E407_HAL_Driver/Src/py32e407_hal_cortex.c **** }
 1208              		.loc 1 481 3 view .LVU334
 1209 0002 FFF7FEFF 		bl	HAL_SYSTICK_Callback
 1210              	.LVL70:
 482:../../../../../Drivers/PY32E407_HAL_Driver/Src/py32e407_hal_cortex.c **** 
 1211              		.loc 1 482 1 is_stmt 0 view .LVU335
 1212 0006 08BD     		pop	{r3, pc}
 1213              		.cfi_endproc
 1214              	.LFE152:
 1216              		.text
 1217              	.Letext0:
 1218              		.file 4 "h:\\drivers\\cmsis\\device\\puya\\py32e407\\include\\py32e407xE.h"
 1219              		.file 5 "h:\\program files (x86)\\puyasde\\tool\\arm-none-eabi\\include\\machine\\_default_types.h
 1220              		.file 6 "h:\\program files (x86)\\puyasde\\tool\\arm-none-eabi\\include\\sys\\_stdint.h"
 1221              		.file 7 "h:\\drivers\\cmsis\\device\\puya\\py32e407\\include\\py32e4xx.h"
 1222              		.file 8 "h:\\drivers\\py32e407_hal_driver\\inc\\py32e407_hal_cortex.h"
ARM GAS  C:\Users\n11ak\AppData\Local\Temp\cc4kuuJl.s 			page 86


DEFINED SYMBOLS
                            *ABS*:00000000 py32e407_hal_cortex.c
C:\Users\n11ak\AppData\Local\Temp\cc4kuuJl.s:20     .text.HAL_NVIC_SetPriorityGrouping:00000000 $t
C:\Users\n11ak\AppData\Local\Temp\cc4kuuJl.s:26     .text.HAL_NVIC_SetPriorityGrouping:00000000 HAL_NVIC_SetPriorityGrouping
C:\Users\n11ak\AppData\Local\Temp\cc4kuuJl.s:82     .text.HAL_NVIC_SetPriorityGrouping:00000020 $d
C:\Users\n11ak\AppData\Local\Temp\cc4kuuJl.s:87     .text.HAL_NVIC_SetPriority:00000000 $t
C:\Users\n11ak\AppData\Local\Temp\cc4kuuJl.s:93     .text.HAL_NVIC_SetPriority:00000000 HAL_NVIC_SetPriority
C:\Users\n11ak\AppData\Local\Temp\cc4kuuJl.s:236    .text.HAL_NVIC_SetPriority:00000068 $d
C:\Users\n11ak\AppData\Local\Temp\cc4kuuJl.s:242    .text.HAL_NVIC_EnableIRQ:00000000 $t
C:\Users\n11ak\AppData\Local\Temp\cc4kuuJl.s:248    .text.HAL_NVIC_EnableIRQ:00000000 HAL_NVIC_EnableIRQ
C:\Users\n11ak\AppData\Local\Temp\cc4kuuJl.s:291    .text.HAL_NVIC_EnableIRQ:00000018 $d
C:\Users\n11ak\AppData\Local\Temp\cc4kuuJl.s:296    .text.HAL_NVIC_DisableIRQ:00000000 $t
C:\Users\n11ak\AppData\Local\Temp\cc4kuuJl.s:302    .text.HAL_NVIC_DisableIRQ:00000000 HAL_NVIC_DisableIRQ
C:\Users\n11ak\AppData\Local\Temp\cc4kuuJl.s:373    .text.HAL_NVIC_DisableIRQ:00000020 $d
C:\Users\n11ak\AppData\Local\Temp\cc4kuuJl.s:378    .text.HAL_NVIC_SystemReset:00000000 $t
C:\Users\n11ak\AppData\Local\Temp\cc4kuuJl.s:384    .text.HAL_NVIC_SystemReset:00000000 HAL_NVIC_SystemReset
C:\Users\n11ak\AppData\Local\Temp\cc4kuuJl.s:450    .text.HAL_NVIC_SystemReset:0000001c $d
C:\Users\n11ak\AppData\Local\Temp\cc4kuuJl.s:458    .text.HAL_SYSTICK_Config:00000000 $t
C:\Users\n11ak\AppData\Local\Temp\cc4kuuJl.s:464    .text.HAL_SYSTICK_Config:00000000 HAL_SYSTICK_Config
C:\Users\n11ak\AppData\Local\Temp\cc4kuuJl.s:529    .text.HAL_SYSTICK_Config:00000024 $d
C:\Users\n11ak\AppData\Local\Temp\cc4kuuJl.s:534    .text.HAL_MPU_Disable:00000000 $t
C:\Users\n11ak\AppData\Local\Temp\cc4kuuJl.s:540    .text.HAL_MPU_Disable:00000000 HAL_MPU_Disable
C:\Users\n11ak\AppData\Local\Temp\cc4kuuJl.s:576    .text.HAL_MPU_Disable:00000018 $d
C:\Users\n11ak\AppData\Local\Temp\cc4kuuJl.s:581    .text.HAL_MPU_Enable:00000000 $t
C:\Users\n11ak\AppData\Local\Temp\cc4kuuJl.s:587    .text.HAL_MPU_Enable:00000000 HAL_MPU_Enable
C:\Users\n11ak\AppData\Local\Temp\cc4kuuJl.s:640    .text.HAL_MPU_Enable:0000001c $d
C:\Users\n11ak\AppData\Local\Temp\cc4kuuJl.s:645    .text.HAL_MPU_ConfigRegion:00000000 $t
C:\Users\n11ak\AppData\Local\Temp\cc4kuuJl.s:651    .text.HAL_MPU_ConfigRegion:00000000 HAL_MPU_ConfigRegion
C:\Users\n11ak\AppData\Local\Temp\cc4kuuJl.s:740    .text.HAL_MPU_ConfigRegion:0000005c $d
C:\Users\n11ak\AppData\Local\Temp\cc4kuuJl.s:745    .text.HAL_NVIC_GetPriorityGrouping:00000000 $t
C:\Users\n11ak\AppData\Local\Temp\cc4kuuJl.s:751    .text.HAL_NVIC_GetPriorityGrouping:00000000 HAL_NVIC_GetPriorityGrouping
C:\Users\n11ak\AppData\Local\Temp\cc4kuuJl.s:775    .text.HAL_NVIC_GetPriorityGrouping:0000000c $d
C:\Users\n11ak\AppData\Local\Temp\cc4kuuJl.s:780    .text.HAL_NVIC_GetPriority:00000000 $t
C:\Users\n11ak\AppData\Local\Temp\cc4kuuJl.s:786    .text.HAL_NVIC_GetPriority:00000000 HAL_NVIC_GetPriority
C:\Users\n11ak\AppData\Local\Temp\cc4kuuJl.s:906    .text.HAL_NVIC_GetPriority:0000005c $d
C:\Users\n11ak\AppData\Local\Temp\cc4kuuJl.s:913    .text.HAL_NVIC_SetPendingIRQ:00000000 $t
C:\Users\n11ak\AppData\Local\Temp\cc4kuuJl.s:919    .text.HAL_NVIC_SetPendingIRQ:00000000 HAL_NVIC_SetPendingIRQ
C:\Users\n11ak\AppData\Local\Temp\cc4kuuJl.s:961    .text.HAL_NVIC_SetPendingIRQ:00000018 $d
C:\Users\n11ak\AppData\Local\Temp\cc4kuuJl.s:966    .text.HAL_NVIC_GetPendingIRQ:00000000 $t
C:\Users\n11ak\AppData\Local\Temp\cc4kuuJl.s:972    .text.HAL_NVIC_GetPendingIRQ:00000000 HAL_NVIC_GetPendingIRQ
C:\Users\n11ak\AppData\Local\Temp\cc4kuuJl.s:1018   .text.HAL_NVIC_GetPendingIRQ:00000020 $d
C:\Users\n11ak\AppData\Local\Temp\cc4kuuJl.s:1023   .text.HAL_NVIC_ClearPendingIRQ:00000000 $t
C:\Users\n11ak\AppData\Local\Temp\cc4kuuJl.s:1029   .text.HAL_NVIC_ClearPendingIRQ:00000000 HAL_NVIC_ClearPendingIRQ
C:\Users\n11ak\AppData\Local\Temp\cc4kuuJl.s:1071   .text.HAL_NVIC_ClearPendingIRQ:00000018 $d
C:\Users\n11ak\AppData\Local\Temp\cc4kuuJl.s:1076   .text.HAL_NVIC_GetActive:00000000 $t
C:\Users\n11ak\AppData\Local\Temp\cc4kuuJl.s:1082   .text.HAL_NVIC_GetActive:00000000 HAL_NVIC_GetActive
C:\Users\n11ak\AppData\Local\Temp\cc4kuuJl.s:1128   .text.HAL_NVIC_GetActive:00000020 $d
C:\Users\n11ak\AppData\Local\Temp\cc4kuuJl.s:1133   .text.HAL_SYSTICK_CLKSourceConfig:00000000 $t
C:\Users\n11ak\AppData\Local\Temp\cc4kuuJl.s:1139   .text.HAL_SYSTICK_CLKSourceConfig:00000000 HAL_SYSTICK_CLKSourceConfig
C:\Users\n11ak\AppData\Local\Temp\cc4kuuJl.s:1172   .text.HAL_SYSTICK_Callback:00000000 $t
C:\Users\n11ak\AppData\Local\Temp\cc4kuuJl.s:1178   .text.HAL_SYSTICK_Callback:00000000 HAL_SYSTICK_Callback
C:\Users\n11ak\AppData\Local\Temp\cc4kuuJl.s:1191   .text.HAL_SYSTICK_IRQHandler:00000000 $t
C:\Users\n11ak\AppData\Local\Temp\cc4kuuJl.s:1197   .text.HAL_SYSTICK_IRQHandler:00000000 HAL_SYSTICK_IRQHandler

NO UNDEFINED SYMBOLS
