ARM GAS  C:\Users\n11ak\AppData\Local\Temp\ccioVMLM.s 			page 1


   1              		.cpu cortex-m4
   2              		.arch armv7e-m
   3              		.fpu fpv4-sp-d16
   4              		.eabi_attribute 27, 1
   5              		.eabi_attribute 28, 1
   6              		.eabi_attribute 20, 1
   7              		.eabi_attribute 21, 1
   8              		.eabi_attribute 23, 3
   9              		.eabi_attribute 24, 1
  10              		.eabi_attribute 25, 1
  11              		.eabi_attribute 26, 1
  12              		.eabi_attribute 30, 1
  13              		.eabi_attribute 34, 1
  14              		.eabi_attribute 18, 4
  15              		.file	"py32e407_hal_rcc.c"
  16              		.text
  17              	.Ltext0:
  18              		.cfi_sections	.debug_frame
  19              		.section	.text.RCC_GetSysClockFreqFromPLLSource,"ax",%progbits
  20              		.align	1
  21              		.syntax unified
  22              		.thumb
  23              		.thumb_func
  25              	RCC_GetSysClockFreqFromPLLSource:
  26              	.LFB149:
  27              		.file 1 "../../../../../Drivers/PY32E407_HAL_Driver/Src/py32e407_hal_rcc.c"
   1:../../../../../Drivers/PY32E407_HAL_Driver/Src/py32e407_hal_rcc.c **** /**
   2:../../../../../Drivers/PY32E407_HAL_Driver/Src/py32e407_hal_rcc.c ****   ******************************************************************************
   3:../../../../../Drivers/PY32E407_HAL_Driver/Src/py32e407_hal_rcc.c ****   * @file    py32e407_hal_rcc.c
   4:../../../../../Drivers/PY32E407_HAL_Driver/Src/py32e407_hal_rcc.c ****   * @author  MCU Application Team
   5:../../../../../Drivers/PY32E407_HAL_Driver/Src/py32e407_hal_rcc.c ****   * @brief   RCC HAL module driver.
   6:../../../../../Drivers/PY32E407_HAL_Driver/Src/py32e407_hal_rcc.c ****   *          This file provides firmware functions to manage the following
   7:../../../../../Drivers/PY32E407_HAL_Driver/Src/py32e407_hal_rcc.c ****   *          functionalities of the Reset and Clock Control (RCC) peripheral:
   8:../../../../../Drivers/PY32E407_HAL_Driver/Src/py32e407_hal_rcc.c ****   *           + Initialization and de-initialization functions
   9:../../../../../Drivers/PY32E407_HAL_Driver/Src/py32e407_hal_rcc.c ****   *           + Peripheral Control functions
  10:../../../../../Drivers/PY32E407_HAL_Driver/Src/py32e407_hal_rcc.c ****   *
  11:../../../../../Drivers/PY32E407_HAL_Driver/Src/py32e407_hal_rcc.c ****   @verbatim
  12:../../../../../Drivers/PY32E407_HAL_Driver/Src/py32e407_hal_rcc.c ****   ==============================================================================
  13:../../../../../Drivers/PY32E407_HAL_Driver/Src/py32e407_hal_rcc.c ****                       ##### RCC specific features #####
  14:../../../../../Drivers/PY32E407_HAL_Driver/Src/py32e407_hal_rcc.c ****   ==============================================================================
  15:../../../../../Drivers/PY32E407_HAL_Driver/Src/py32e407_hal_rcc.c ****     [..]
  16:../../../../../Drivers/PY32E407_HAL_Driver/Src/py32e407_hal_rcc.c ****       After reset the device is running from Internal High Speed oscillator
  17:../../../../../Drivers/PY32E407_HAL_Driver/Src/py32e407_hal_rcc.c ****       (HSI 16MHz) with Flash 0 wait state, Flash prefetch buffer is enabled,
  18:../../../../../Drivers/PY32E407_HAL_Driver/Src/py32e407_hal_rcc.c ****       and all peripherals are off except internal SRAM, Flash and JTAG.
  19:../../../../../Drivers/PY32E407_HAL_Driver/Src/py32e407_hal_rcc.c ****       (+) There is no prescaler on High speed (AHB) and Low speed (APB) buses;
  20:../../../../../Drivers/PY32E407_HAL_Driver/Src/py32e407_hal_rcc.c ****           all peripherals mapped on these buses are running at HSI speed.
  21:../../../../../Drivers/PY32E407_HAL_Driver/Src/py32e407_hal_rcc.c ****       (+) The clock for all peripherals is switched off, except the SRAM and FLASH.
  22:../../../../../Drivers/PY32E407_HAL_Driver/Src/py32e407_hal_rcc.c ****       (+) All GPIOs are in input floating state, except the JTAG pins which
  23:../../../../../Drivers/PY32E407_HAL_Driver/Src/py32e407_hal_rcc.c ****           are assigned to be used for debug purpose.
  24:../../../../../Drivers/PY32E407_HAL_Driver/Src/py32e407_hal_rcc.c ****     [..] Once the device started from reset, the user application has to:
  25:../../../../../Drivers/PY32E407_HAL_Driver/Src/py32e407_hal_rcc.c ****       (+) Configure the clock source to be used to drive the System clock
  26:../../../../../Drivers/PY32E407_HAL_Driver/Src/py32e407_hal_rcc.c ****           (if the application needs higher frequency/performance)
  27:../../../../../Drivers/PY32E407_HAL_Driver/Src/py32e407_hal_rcc.c ****       (+) Configure the System clock frequency and Flash settings
  28:../../../../../Drivers/PY32E407_HAL_Driver/Src/py32e407_hal_rcc.c ****       (+) Configure the AHB and APB buses prescalers
  29:../../../../../Drivers/PY32E407_HAL_Driver/Src/py32e407_hal_rcc.c ****       (+) Enable the clock for the peripheral(s) to be used
  30:../../../../../Drivers/PY32E407_HAL_Driver/Src/py32e407_hal_rcc.c ****       (+) Configure the clock source(s) for peripherals whose clocks are not
  31:../../../../../Drivers/PY32E407_HAL_Driver/Src/py32e407_hal_rcc.c ****           derived from the System clock ( RTC, ADC, PVD, USB, CAN )
ARM GAS  C:\Users\n11ak\AppData\Local\Temp\ccioVMLM.s 			page 2


  32:../../../../../Drivers/PY32E407_HAL_Driver/Src/py32e407_hal_rcc.c **** 
  33:../../../../../Drivers/PY32E407_HAL_Driver/Src/py32e407_hal_rcc.c ****                       ##### RCC Limitations #####
  34:../../../../../Drivers/PY32E407_HAL_Driver/Src/py32e407_hal_rcc.c ****   ==============================================================================
  35:../../../../../Drivers/PY32E407_HAL_Driver/Src/py32e407_hal_rcc.c ****     [..]
  36:../../../../../Drivers/PY32E407_HAL_Driver/Src/py32e407_hal_rcc.c ****       A delay between an RCC peripheral clock enable and the effective peripheral
  37:../../../../../Drivers/PY32E407_HAL_Driver/Src/py32e407_hal_rcc.c ****       enabling should be taken into account in order to manage the peripheral read/write
  38:../../../../../Drivers/PY32E407_HAL_Driver/Src/py32e407_hal_rcc.c ****       from/to registers.
  39:../../../../../Drivers/PY32E407_HAL_Driver/Src/py32e407_hal_rcc.c ****       (+) This delay depends on the peripheral mapping.
  40:../../../../../Drivers/PY32E407_HAL_Driver/Src/py32e407_hal_rcc.c ****         (++) AHB & APB peripherals, 1 dummy read is necessary
  41:../../../../../Drivers/PY32E407_HAL_Driver/Src/py32e407_hal_rcc.c **** 
  42:../../../../../Drivers/PY32E407_HAL_Driver/Src/py32e407_hal_rcc.c ****     [..]
  43:../../../../../Drivers/PY32E407_HAL_Driver/Src/py32e407_hal_rcc.c ****       Workarounds:
  44:../../../../../Drivers/PY32E407_HAL_Driver/Src/py32e407_hal_rcc.c ****       (#) For AHB & APB peripherals, a dummy read to the peripheral register has been
  45:../../../../../Drivers/PY32E407_HAL_Driver/Src/py32e407_hal_rcc.c ****           inserted in each __HAL_RCC_PPP_CLK_ENABLE() macro.
  46:../../../../../Drivers/PY32E407_HAL_Driver/Src/py32e407_hal_rcc.c **** 
  47:../../../../../Drivers/PY32E407_HAL_Driver/Src/py32e407_hal_rcc.c ****   @endverbatim
  48:../../../../../Drivers/PY32E407_HAL_Driver/Src/py32e407_hal_rcc.c ****   ******************************************************************************
  49:../../../../../Drivers/PY32E407_HAL_Driver/Src/py32e407_hal_rcc.c ****   * @attention
  50:../../../../../Drivers/PY32E407_HAL_Driver/Src/py32e407_hal_rcc.c ****   *
  51:../../../../../Drivers/PY32E407_HAL_Driver/Src/py32e407_hal_rcc.c ****   * <h2><center>&copy; Copyright (c) 2023 Puya Semiconductor Co.
  52:../../../../../Drivers/PY32E407_HAL_Driver/Src/py32e407_hal_rcc.c ****   * All rights reserved.</center></h2>
  53:../../../../../Drivers/PY32E407_HAL_Driver/Src/py32e407_hal_rcc.c ****   *
  54:../../../../../Drivers/PY32E407_HAL_Driver/Src/py32e407_hal_rcc.c ****   * This software component is licensed by Puya under BSD 3-Clause license,
  55:../../../../../Drivers/PY32E407_HAL_Driver/Src/py32e407_hal_rcc.c ****   * the "License"; You may not use this file except in compliance with the
  56:../../../../../Drivers/PY32E407_HAL_Driver/Src/py32e407_hal_rcc.c ****   * License. You may obtain a copy of the License at:
  57:../../../../../Drivers/PY32E407_HAL_Driver/Src/py32e407_hal_rcc.c ****   *                        opensource.org/licenses/BSD-3-Clause
  58:../../../../../Drivers/PY32E407_HAL_Driver/Src/py32e407_hal_rcc.c ****   *
  59:../../../../../Drivers/PY32E407_HAL_Driver/Src/py32e407_hal_rcc.c ****   ******************************************************************************
  60:../../../../../Drivers/PY32E407_HAL_Driver/Src/py32e407_hal_rcc.c ****   * @attention
  61:../../../../../Drivers/PY32E407_HAL_Driver/Src/py32e407_hal_rcc.c ****   *
  62:../../../../../Drivers/PY32E407_HAL_Driver/Src/py32e407_hal_rcc.c ****   * <h2><center>&copy; Copyright (c) 2016 STMicroelectronics.
  63:../../../../../Drivers/PY32E407_HAL_Driver/Src/py32e407_hal_rcc.c ****   * All rights reserved.</center></h2>
  64:../../../../../Drivers/PY32E407_HAL_Driver/Src/py32e407_hal_rcc.c ****   *
  65:../../../../../Drivers/PY32E407_HAL_Driver/Src/py32e407_hal_rcc.c ****   * This software component is licensed by ST under BSD 3-Clause license,
  66:../../../../../Drivers/PY32E407_HAL_Driver/Src/py32e407_hal_rcc.c ****   * the "License"; You may not use this file except in compliance with the
  67:../../../../../Drivers/PY32E407_HAL_Driver/Src/py32e407_hal_rcc.c ****   * License. You may obtain a copy of the License at:
  68:../../../../../Drivers/PY32E407_HAL_Driver/Src/py32e407_hal_rcc.c ****   *                        opensource.org/licenses/BSD-3-Clause
  69:../../../../../Drivers/PY32E407_HAL_Driver/Src/py32e407_hal_rcc.c ****   *
  70:../../../../../Drivers/PY32E407_HAL_Driver/Src/py32e407_hal_rcc.c ****   ******************************************************************************
  71:../../../../../Drivers/PY32E407_HAL_Driver/Src/py32e407_hal_rcc.c ****   */
  72:../../../../../Drivers/PY32E407_HAL_Driver/Src/py32e407_hal_rcc.c **** 
  73:../../../../../Drivers/PY32E407_HAL_Driver/Src/py32e407_hal_rcc.c **** /* Includes ------------------------------------------------------------------*/
  74:../../../../../Drivers/PY32E407_HAL_Driver/Src/py32e407_hal_rcc.c **** #include "py32e4xx_hal.h"
  75:../../../../../Drivers/PY32E407_HAL_Driver/Src/py32e407_hal_rcc.c **** 
  76:../../../../../Drivers/PY32E407_HAL_Driver/Src/py32e407_hal_rcc.c **** /** @addtogroup PY32E407_HAL_Driver
  77:../../../../../Drivers/PY32E407_HAL_Driver/Src/py32e407_hal_rcc.c ****   * @{
  78:../../../../../Drivers/PY32E407_HAL_Driver/Src/py32e407_hal_rcc.c ****   */
  79:../../../../../Drivers/PY32E407_HAL_Driver/Src/py32e407_hal_rcc.c **** 
  80:../../../../../Drivers/PY32E407_HAL_Driver/Src/py32e407_hal_rcc.c **** /** @defgroup RCC RCC
  81:../../../../../Drivers/PY32E407_HAL_Driver/Src/py32e407_hal_rcc.c **** * @brief RCC HAL module driver
  82:../../../../../Drivers/PY32E407_HAL_Driver/Src/py32e407_hal_rcc.c ****   * @{
  83:../../../../../Drivers/PY32E407_HAL_Driver/Src/py32e407_hal_rcc.c ****   */
  84:../../../../../Drivers/PY32E407_HAL_Driver/Src/py32e407_hal_rcc.c **** #ifdef HAL_RCC_MODULE_ENABLED
  85:../../../../../Drivers/PY32E407_HAL_Driver/Src/py32e407_hal_rcc.c **** 
  86:../../../../../Drivers/PY32E407_HAL_Driver/Src/py32e407_hal_rcc.c **** /* Private typedef -----------------------------------------------------------*/
  87:../../../../../Drivers/PY32E407_HAL_Driver/Src/py32e407_hal_rcc.c **** /* Private define ------------------------------------------------------------*/
  88:../../../../../Drivers/PY32E407_HAL_Driver/Src/py32e407_hal_rcc.c **** /** @defgroup RCC_Private_Constants RCC Private Constants
ARM GAS  C:\Users\n11ak\AppData\Local\Temp\ccioVMLM.s 			page 3


  89:../../../../../Drivers/PY32E407_HAL_Driver/Src/py32e407_hal_rcc.c ****  * @{
  90:../../../../../Drivers/PY32E407_HAL_Driver/Src/py32e407_hal_rcc.c ****  */
  91:../../../../../Drivers/PY32E407_HAL_Driver/Src/py32e407_hal_rcc.c **** /**
  92:../../../../../Drivers/PY32E407_HAL_Driver/Src/py32e407_hal_rcc.c ****   * @}
  93:../../../../../Drivers/PY32E407_HAL_Driver/Src/py32e407_hal_rcc.c ****   */
  94:../../../../../Drivers/PY32E407_HAL_Driver/Src/py32e407_hal_rcc.c **** /* Private macro -------------------------------------------------------------*/
  95:../../../../../Drivers/PY32E407_HAL_Driver/Src/py32e407_hal_rcc.c **** /* Private variables ---------------------------------------------------------*/
  96:../../../../../Drivers/PY32E407_HAL_Driver/Src/py32e407_hal_rcc.c **** 
  97:../../../../../Drivers/PY32E407_HAL_Driver/Src/py32e407_hal_rcc.c **** /* Private function prototypes -----------------------------------------------*/
  98:../../../../../Drivers/PY32E407_HAL_Driver/Src/py32e407_hal_rcc.c **** /** @defgroup RCC_Private_Functions RCC Private Functions
  99:../../../../../Drivers/PY32E407_HAL_Driver/Src/py32e407_hal_rcc.c ****   * @{
 100:../../../../../Drivers/PY32E407_HAL_Driver/Src/py32e407_hal_rcc.c ****   */
 101:../../../../../Drivers/PY32E407_HAL_Driver/Src/py32e407_hal_rcc.c **** static uint32_t          RCC_GetSysClockFreqFromPLLSource(void);
 102:../../../../../Drivers/PY32E407_HAL_Driver/Src/py32e407_hal_rcc.c **** /**
 103:../../../../../Drivers/PY32E407_HAL_Driver/Src/py32e407_hal_rcc.c ****   * @}
 104:../../../../../Drivers/PY32E407_HAL_Driver/Src/py32e407_hal_rcc.c ****   */
 105:../../../../../Drivers/PY32E407_HAL_Driver/Src/py32e407_hal_rcc.c **** 
 106:../../../../../Drivers/PY32E407_HAL_Driver/Src/py32e407_hal_rcc.c **** /* Exported functions --------------------------------------------------------*/
 107:../../../../../Drivers/PY32E407_HAL_Driver/Src/py32e407_hal_rcc.c **** 
 108:../../../../../Drivers/PY32E407_HAL_Driver/Src/py32e407_hal_rcc.c **** /** @defgroup RCC_Exported_Functions RCC Exported Functions
 109:../../../../../Drivers/PY32E407_HAL_Driver/Src/py32e407_hal_rcc.c ****   * @{
 110:../../../../../Drivers/PY32E407_HAL_Driver/Src/py32e407_hal_rcc.c ****   */
 111:../../../../../Drivers/PY32E407_HAL_Driver/Src/py32e407_hal_rcc.c **** 
 112:../../../../../Drivers/PY32E407_HAL_Driver/Src/py32e407_hal_rcc.c **** /** @defgroup RCC_Exported_Functions_Group1 Initialization and de-initialization functions
 113:../../../../../Drivers/PY32E407_HAL_Driver/Src/py32e407_hal_rcc.c ****   *  @brief    Initialization and Configuration functions
 114:../../../../../Drivers/PY32E407_HAL_Driver/Src/py32e407_hal_rcc.c ****   *
 115:../../../../../Drivers/PY32E407_HAL_Driver/Src/py32e407_hal_rcc.c ****   @verbatim
 116:../../../../../Drivers/PY32E407_HAL_Driver/Src/py32e407_hal_rcc.c ****   ===============================================================================
 117:../../../../../Drivers/PY32E407_HAL_Driver/Src/py32e407_hal_rcc.c ****            ##### Initialization and de-initialization functions #####
 118:../../../../../Drivers/PY32E407_HAL_Driver/Src/py32e407_hal_rcc.c ****   ===============================================================================
 119:../../../../../Drivers/PY32E407_HAL_Driver/Src/py32e407_hal_rcc.c ****     [..]
 120:../../../../../Drivers/PY32E407_HAL_Driver/Src/py32e407_hal_rcc.c ****       This section provides functions allowing to configure the internal/external oscillators
 121:../../../../../Drivers/PY32E407_HAL_Driver/Src/py32e407_hal_rcc.c ****       (HSE, HSI, LSE, LSI, PLL, CSS and MCO) and the System buses clocks (SYSCLK, AHB, APB1
 122:../../../../../Drivers/PY32E407_HAL_Driver/Src/py32e407_hal_rcc.c ****       and APB2).
 123:../../../../../Drivers/PY32E407_HAL_Driver/Src/py32e407_hal_rcc.c **** 
 124:../../../../../Drivers/PY32E407_HAL_Driver/Src/py32e407_hal_rcc.c ****     [..] Internal/external clock and PLL configuration
 125:../../../../../Drivers/PY32E407_HAL_Driver/Src/py32e407_hal_rcc.c ****       (#) HSI (high-speed internal), 16 MHz factory-trimmed RC used directly or through
 126:../../../../../Drivers/PY32E407_HAL_Driver/Src/py32e407_hal_rcc.c ****           the PLL as System clock source.
 127:../../../../../Drivers/PY32E407_HAL_Driver/Src/py32e407_hal_rcc.c ****       (#) LSI (low-speed internal), ~40 KHz low consumption RC used as IWDG and/or RTC
 128:../../../../../Drivers/PY32E407_HAL_Driver/Src/py32e407_hal_rcc.c ****           clock source.
 129:../../../../../Drivers/PY32E407_HAL_Driver/Src/py32e407_hal_rcc.c **** 
 130:../../../../../Drivers/PY32E407_HAL_Driver/Src/py32e407_hal_rcc.c ****       (#) HSE (high-speed external), 4 to 32 MHz (PY32E407) crystal oscillator used directly or
 131:../../../../../Drivers/PY32E407_HAL_Driver/Src/py32e407_hal_rcc.c ****           through the PLL as System clock source. Can be used also as RTC clock source.
 132:../../../../../Drivers/PY32E407_HAL_Driver/Src/py32e407_hal_rcc.c **** 
 133:../../../../../Drivers/PY32E407_HAL_Driver/Src/py32e407_hal_rcc.c ****       (#) LSE (low-speed external), 32 KHz oscillator used as RTC clock source.
 134:../../../../../Drivers/PY32E407_HAL_Driver/Src/py32e407_hal_rcc.c **** 
 135:../../../../../Drivers/PY32E407_HAL_Driver/Src/py32e407_hal_rcc.c ****       (#) PLL (clocked by HSI or HSE), featuring different output clocks:
 136:../../../../../Drivers/PY32E407_HAL_Driver/Src/py32e407_hal_rcc.c ****         (++) The first output is used to generate the high speed system clock 
 137:../../../../../Drivers/PY32E407_HAL_Driver/Src/py32e407_hal_rcc.c ****         (++) The second output is used to generate the clock for the USB (48 MHz)
 138:../../../../../Drivers/PY32E407_HAL_Driver/Src/py32e407_hal_rcc.c **** 
 139:../../../../../Drivers/PY32E407_HAL_Driver/Src/py32e407_hal_rcc.c ****       (#) CSS (Clock security system), once enable using the function HAL_RCC_EnableCSS()
 140:../../../../../Drivers/PY32E407_HAL_Driver/Src/py32e407_hal_rcc.c ****           and if a HSE clock failure occurs(HSE used directly or through PLL as System
 141:../../../../../Drivers/PY32E407_HAL_Driver/Src/py32e407_hal_rcc.c ****           clock source), the System clocks automatically switched to HSI and an interrupt
 142:../../../../../Drivers/PY32E407_HAL_Driver/Src/py32e407_hal_rcc.c ****           is generated if enabled. The interrupt is linked to the Cortex-M4 NMI
 143:../../../../../Drivers/PY32E407_HAL_Driver/Src/py32e407_hal_rcc.c ****           (Non-Maskable Interrupt) exception vector.
 144:../../../../../Drivers/PY32E407_HAL_Driver/Src/py32e407_hal_rcc.c **** 
 145:../../../../../Drivers/PY32E407_HAL_Driver/Src/py32e407_hal_rcc.c ****       (#) MCO (microcontroller clock output), used to output SYSCLK, HSI,
ARM GAS  C:\Users\n11ak\AppData\Local\Temp\ccioVMLM.s 			page 4


 146:../../../../../Drivers/PY32E407_HAL_Driver/Src/py32e407_hal_rcc.c ****           HSE or PLL clock (divided by 2) on PA8 pin
 147:../../../../../Drivers/PY32E407_HAL_Driver/Src/py32e407_hal_rcc.c **** 
 148:../../../../../Drivers/PY32E407_HAL_Driver/Src/py32e407_hal_rcc.c ****     [..] System, AHB and APB buses clocks configuration
 149:../../../../../Drivers/PY32E407_HAL_Driver/Src/py32e407_hal_rcc.c ****       (#) Several clock sources can be used to drive the System clock (SYSCLK): HSI,
 150:../../../../../Drivers/PY32E407_HAL_Driver/Src/py32e407_hal_rcc.c ****           HSE and PLL.
 151:../../../../../Drivers/PY32E407_HAL_Driver/Src/py32e407_hal_rcc.c ****           The AHB clock (HCLK) is derived from System clock through configurable
 152:../../../../../Drivers/PY32E407_HAL_Driver/Src/py32e407_hal_rcc.c ****           prescaler and used to clock the CPU, memory and peripherals mapped
 153:../../../../../Drivers/PY32E407_HAL_Driver/Src/py32e407_hal_rcc.c ****           on AHB bus (DMA, GPIO...). APB1 (PCLK1) and APB2 (PCLK2) clocks are derived
 154:../../../../../Drivers/PY32E407_HAL_Driver/Src/py32e407_hal_rcc.c ****           from AHB clock through configurable prescalers and used to clock
 155:../../../../../Drivers/PY32E407_HAL_Driver/Src/py32e407_hal_rcc.c ****           the peripherals mapped on these buses. You can use
 156:../../../../../Drivers/PY32E407_HAL_Driver/Src/py32e407_hal_rcc.c ****           "@ref HAL_RCC_GetSysClockFreq()" function to retrieve the frequencies of these clocks.
 157:../../../../../Drivers/PY32E407_HAL_Driver/Src/py32e407_hal_rcc.c **** 
 158:../../../../../Drivers/PY32E407_HAL_Driver/Src/py32e407_hal_rcc.c ****       -@- All the peripheral clocks are derived from the System clock (SYSCLK) except:
 159:../../../../../Drivers/PY32E407_HAL_Driver/Src/py32e407_hal_rcc.c ****           (+@) RTC: RTC clock can be derived either from the LSI, LSE or HSE clock
 160:../../../../../Drivers/PY32E407_HAL_Driver/Src/py32e407_hal_rcc.c ****               divided by 128.
 161:../../../../../Drivers/PY32E407_HAL_Driver/Src/py32e407_hal_rcc.c ****           (+@) USB : USB require a frequency equal to 48 MHz
 162:../../../../../Drivers/PY32E407_HAL_Driver/Src/py32e407_hal_rcc.c ****               to work correctly. This clock is derived of the main PLL through PLL Multiplier.
 163:../../../../../Drivers/PY32E407_HAL_Driver/Src/py32e407_hal_rcc.c ****           (+@) IWDG clock which is always the LSI clock.
 164:../../../../../Drivers/PY32E407_HAL_Driver/Src/py32e407_hal_rcc.c ****   @endverbatim
 165:../../../../../Drivers/PY32E407_HAL_Driver/Src/py32e407_hal_rcc.c ****   * @{
 166:../../../../../Drivers/PY32E407_HAL_Driver/Src/py32e407_hal_rcc.c ****   */
 167:../../../../../Drivers/PY32E407_HAL_Driver/Src/py32e407_hal_rcc.c **** 
 168:../../../../../Drivers/PY32E407_HAL_Driver/Src/py32e407_hal_rcc.c **** /*
 169:../../../../../Drivers/PY32E407_HAL_Driver/Src/py32e407_hal_rcc.c ****   Additional consideration on the SYSCLK based on Latency settings:
 170:../../../../../Drivers/PY32E407_HAL_Driver/Src/py32e407_hal_rcc.c ****         +-----------------------------------------------+
 171:../../../../../Drivers/PY32E407_HAL_Driver/Src/py32e407_hal_rcc.c ****         | Latency       | SYSCLK clock frequency (MHz)  |
 172:../../../../../Drivers/PY32E407_HAL_Driver/Src/py32e407_hal_rcc.c ****         |---------------|-------------------------------|
 173:../../../../../Drivers/PY32E407_HAL_Driver/Src/py32e407_hal_rcc.c ****         |0WS(1CPU cycle)|       0 < SYSCLK <= 25        |
 174:../../../../../Drivers/PY32E407_HAL_Driver/Src/py32e407_hal_rcc.c ****         |---------------|-------------------------------|
 175:../../../../../Drivers/PY32E407_HAL_Driver/Src/py32e407_hal_rcc.c ****         |1WS(2CPU cycle)|      25 < SYSCLK <= 50        |
 176:../../../../../Drivers/PY32E407_HAL_Driver/Src/py32e407_hal_rcc.c ****         |---------------|-------------------------------|
 177:../../../../../Drivers/PY32E407_HAL_Driver/Src/py32e407_hal_rcc.c ****         |3WS(4CPU cycle)|      50 < SYSCLK <= 75        |
 178:../../../../../Drivers/PY32E407_HAL_Driver/Src/py32e407_hal_rcc.c ****         |---------------|-------------------------------|
 179:../../../../../Drivers/PY32E407_HAL_Driver/Src/py32e407_hal_rcc.c ****         |4WS(5CPU cycle)|      75 < SYSCLK <= 100       |
 180:../../../../../Drivers/PY32E407_HAL_Driver/Src/py32e407_hal_rcc.c ****         |---------------|-------------------------------|
 181:../../../../../Drivers/PY32E407_HAL_Driver/Src/py32e407_hal_rcc.c ****         |5WS(6CPU cycle)|     100 < SYSCLK <= 125       |
 182:../../../../../Drivers/PY32E407_HAL_Driver/Src/py32e407_hal_rcc.c ****         |---------------|-------------------------------|
 183:../../../../../Drivers/PY32E407_HAL_Driver/Src/py32e407_hal_rcc.c ****         |6WS(7CPU cycle)|     125 < SYSCLK <= 150       |
 184:../../../../../Drivers/PY32E407_HAL_Driver/Src/py32e407_hal_rcc.c ****         |---------------|-------------------------------|
 185:../../../../../Drivers/PY32E407_HAL_Driver/Src/py32e407_hal_rcc.c ****         |7WS(8CPU cycle)|     150 < SYSCLK <= 170       |
 186:../../../../../Drivers/PY32E407_HAL_Driver/Src/py32e407_hal_rcc.c ****         +-----------------------------------------------+
 187:../../../../../Drivers/PY32E407_HAL_Driver/Src/py32e407_hal_rcc.c ****   */
 188:../../../../../Drivers/PY32E407_HAL_Driver/Src/py32e407_hal_rcc.c **** 
 189:../../../../../Drivers/PY32E407_HAL_Driver/Src/py32e407_hal_rcc.c **** /**
 190:../../../../../Drivers/PY32E407_HAL_Driver/Src/py32e407_hal_rcc.c ****   * @brief  Resets the RCC clock configuration to the default reset state.
 191:../../../../../Drivers/PY32E407_HAL_Driver/Src/py32e407_hal_rcc.c ****   * @note   The default reset state of the clock configuration is given below:
 192:../../../../../Drivers/PY32E407_HAL_Driver/Src/py32e407_hal_rcc.c ****   *            - HSI ON and used as system clock source
 193:../../../../../Drivers/PY32E407_HAL_Driver/Src/py32e407_hal_rcc.c ****   *            - HSE, PLL are OFF
 194:../../../../../Drivers/PY32E407_HAL_Driver/Src/py32e407_hal_rcc.c ****   *            - AHB, APB1 and APB2 prescaler set to 1.
 195:../../../../../Drivers/PY32E407_HAL_Driver/Src/py32e407_hal_rcc.c ****   *            - CSS and MCO1 OFF
 196:../../../../../Drivers/PY32E407_HAL_Driver/Src/py32e407_hal_rcc.c ****   *            - All interrupts disabled
 197:../../../../../Drivers/PY32E407_HAL_Driver/Src/py32e407_hal_rcc.c ****   *            - All flags are cleared
 198:../../../../../Drivers/PY32E407_HAL_Driver/Src/py32e407_hal_rcc.c ****   * @note   This function does not modify the configuration of the
 199:../../../../../Drivers/PY32E407_HAL_Driver/Src/py32e407_hal_rcc.c ****   *            - Peripheral clocks
 200:../../../../../Drivers/PY32E407_HAL_Driver/Src/py32e407_hal_rcc.c ****   *            - LSI, LSE and RTC clocks
 201:../../../../../Drivers/PY32E407_HAL_Driver/Src/py32e407_hal_rcc.c ****   * @retval HAL_StatusTypeDef
 202:../../../../../Drivers/PY32E407_HAL_Driver/Src/py32e407_hal_rcc.c ****   */
ARM GAS  C:\Users\n11ak\AppData\Local\Temp\ccioVMLM.s 			page 5


 203:../../../../../Drivers/PY32E407_HAL_Driver/Src/py32e407_hal_rcc.c **** HAL_StatusTypeDef HAL_RCC_DeInit(void)
 204:../../../../../Drivers/PY32E407_HAL_Driver/Src/py32e407_hal_rcc.c **** {
 205:../../../../../Drivers/PY32E407_HAL_Driver/Src/py32e407_hal_rcc.c ****   uint32_t tickstart;
 206:../../../../../Drivers/PY32E407_HAL_Driver/Src/py32e407_hal_rcc.c **** 
 207:../../../../../Drivers/PY32E407_HAL_Driver/Src/py32e407_hal_rcc.c ****   /* Get Start Tick */
 208:../../../../../Drivers/PY32E407_HAL_Driver/Src/py32e407_hal_rcc.c ****   tickstart = HAL_GetTick();
 209:../../../../../Drivers/PY32E407_HAL_Driver/Src/py32e407_hal_rcc.c **** 
 210:../../../../../Drivers/PY32E407_HAL_Driver/Src/py32e407_hal_rcc.c ****   /* Set HSION bit */
 211:../../../../../Drivers/PY32E407_HAL_Driver/Src/py32e407_hal_rcc.c ****   SET_BIT(RCC->CR, RCC_CR_HSION);
 212:../../../../../Drivers/PY32E407_HAL_Driver/Src/py32e407_hal_rcc.c **** 
 213:../../../../../Drivers/PY32E407_HAL_Driver/Src/py32e407_hal_rcc.c ****   /* Wait till HSI is ready */
 214:../../../../../Drivers/PY32E407_HAL_Driver/Src/py32e407_hal_rcc.c ****   while (READ_BIT(RCC->CR, RCC_CR_HSIRDY) == RESET)
 215:../../../../../Drivers/PY32E407_HAL_Driver/Src/py32e407_hal_rcc.c ****   {
 216:../../../../../Drivers/PY32E407_HAL_Driver/Src/py32e407_hal_rcc.c ****     if ((HAL_GetTick() - tickstart) > HSI_TIMEOUT_VALUE)
 217:../../../../../Drivers/PY32E407_HAL_Driver/Src/py32e407_hal_rcc.c ****     {
 218:../../../../../Drivers/PY32E407_HAL_Driver/Src/py32e407_hal_rcc.c ****       return HAL_TIMEOUT;
 219:../../../../../Drivers/PY32E407_HAL_Driver/Src/py32e407_hal_rcc.c ****     }
 220:../../../../../Drivers/PY32E407_HAL_Driver/Src/py32e407_hal_rcc.c ****   }
 221:../../../../../Drivers/PY32E407_HAL_Driver/Src/py32e407_hal_rcc.c **** 
 222:../../../../../Drivers/PY32E407_HAL_Driver/Src/py32e407_hal_rcc.c ****   /* Set HSITRIM bits to the reset value */
 223:../../../../../Drivers/PY32E407_HAL_Driver/Src/py32e407_hal_rcc.c ****   MODIFY_REG(RCC->CR, RCC_CR_HSITRIM, (0x10U << RCC_CR_HSITRIM_Pos));
 224:../../../../../Drivers/PY32E407_HAL_Driver/Src/py32e407_hal_rcc.c **** 
 225:../../../../../Drivers/PY32E407_HAL_Driver/Src/py32e407_hal_rcc.c ****   /* Get Start Tick */
 226:../../../../../Drivers/PY32E407_HAL_Driver/Src/py32e407_hal_rcc.c ****   tickstart = HAL_GetTick();
 227:../../../../../Drivers/PY32E407_HAL_Driver/Src/py32e407_hal_rcc.c **** 
 228:../../../../../Drivers/PY32E407_HAL_Driver/Src/py32e407_hal_rcc.c ****   /* HSI used as system clock source. Reset AHB, APB1, APB2 prescaler and the output clock of MCO *
 229:../../../../../Drivers/PY32E407_HAL_Driver/Src/py32e407_hal_rcc.c ****   RCC->CFGR = (RCC->CFGR & 0x00FF0000);
 230:../../../../../Drivers/PY32E407_HAL_Driver/Src/py32e407_hal_rcc.c **** 
 231:../../../../../Drivers/PY32E407_HAL_Driver/Src/py32e407_hal_rcc.c ****   /* Reset the division coefficients of MCO */
 232:../../../../../Drivers/PY32E407_HAL_Driver/Src/py32e407_hal_rcc.c ****   RCC->CFGR1 = (RCC->CFGR1 & 0xFFFFFFF8);
 233:../../../../../Drivers/PY32E407_HAL_Driver/Src/py32e407_hal_rcc.c **** 
 234:../../../../../Drivers/PY32E407_HAL_Driver/Src/py32e407_hal_rcc.c ****   /* Wait till clock switch is ready */
 235:../../../../../Drivers/PY32E407_HAL_Driver/Src/py32e407_hal_rcc.c ****   while (READ_BIT(RCC->CFGR, RCC_CFGR_SWS) != RCC_CFGR_SWS_HSI)
 236:../../../../../Drivers/PY32E407_HAL_Driver/Src/py32e407_hal_rcc.c ****   {
 237:../../../../../Drivers/PY32E407_HAL_Driver/Src/py32e407_hal_rcc.c ****     if ((HAL_GetTick() - tickstart) > CLOCKSWITCH_TIMEOUT_VALUE)
 238:../../../../../Drivers/PY32E407_HAL_Driver/Src/py32e407_hal_rcc.c ****     {
 239:../../../../../Drivers/PY32E407_HAL_Driver/Src/py32e407_hal_rcc.c ****       return HAL_TIMEOUT;
 240:../../../../../Drivers/PY32E407_HAL_Driver/Src/py32e407_hal_rcc.c ****     }
 241:../../../../../Drivers/PY32E407_HAL_Driver/Src/py32e407_hal_rcc.c ****   }
 242:../../../../../Drivers/PY32E407_HAL_Driver/Src/py32e407_hal_rcc.c **** 
 243:../../../../../Drivers/PY32E407_HAL_Driver/Src/py32e407_hal_rcc.c ****   /* Update the SystemCoreClock global variable */
 244:../../../../../Drivers/PY32E407_HAL_Driver/Src/py32e407_hal_rcc.c ****   SystemCoreClock = HSI_VALUE;
 245:../../../../../Drivers/PY32E407_HAL_Driver/Src/py32e407_hal_rcc.c **** 
 246:../../../../../Drivers/PY32E407_HAL_Driver/Src/py32e407_hal_rcc.c ****   /* Adapt Systick interrupt period */
 247:../../../../../Drivers/PY32E407_HAL_Driver/Src/py32e407_hal_rcc.c ****   if (HAL_InitTick(uwTickPrio) != HAL_OK)
 248:../../../../../Drivers/PY32E407_HAL_Driver/Src/py32e407_hal_rcc.c ****   {
 249:../../../../../Drivers/PY32E407_HAL_Driver/Src/py32e407_hal_rcc.c ****     return HAL_ERROR;
 250:../../../../../Drivers/PY32E407_HAL_Driver/Src/py32e407_hal_rcc.c ****   }
 251:../../../../../Drivers/PY32E407_HAL_Driver/Src/py32e407_hal_rcc.c **** 
 252:../../../../../Drivers/PY32E407_HAL_Driver/Src/py32e407_hal_rcc.c ****   /* Get Start Tick */
 253:../../../../../Drivers/PY32E407_HAL_Driver/Src/py32e407_hal_rcc.c ****   tickstart = HAL_GetTick();
 254:../../../../../Drivers/PY32E407_HAL_Driver/Src/py32e407_hal_rcc.c **** 
 255:../../../../../Drivers/PY32E407_HAL_Driver/Src/py32e407_hal_rcc.c ****   /* Second step is to clear PLLON bit */
 256:../../../../../Drivers/PY32E407_HAL_Driver/Src/py32e407_hal_rcc.c ****   CLEAR_BIT(RCC->CR, RCC_CR_PLLON);
 257:../../../../../Drivers/PY32E407_HAL_Driver/Src/py32e407_hal_rcc.c **** 
 258:../../../../../Drivers/PY32E407_HAL_Driver/Src/py32e407_hal_rcc.c ****   /* Wait till PLL is disabled */
 259:../../../../../Drivers/PY32E407_HAL_Driver/Src/py32e407_hal_rcc.c ****   while (READ_BIT(RCC->CR, RCC_CR_PLLRDY) != RESET)
ARM GAS  C:\Users\n11ak\AppData\Local\Temp\ccioVMLM.s 			page 6


 260:../../../../../Drivers/PY32E407_HAL_Driver/Src/py32e407_hal_rcc.c ****   {
 261:../../../../../Drivers/PY32E407_HAL_Driver/Src/py32e407_hal_rcc.c ****     if ((HAL_GetTick() - tickstart) > PLL_TIMEOUT_VALUE)
 262:../../../../../Drivers/PY32E407_HAL_Driver/Src/py32e407_hal_rcc.c ****     {
 263:../../../../../Drivers/PY32E407_HAL_Driver/Src/py32e407_hal_rcc.c ****       return HAL_TIMEOUT;
 264:../../../../../Drivers/PY32E407_HAL_Driver/Src/py32e407_hal_rcc.c ****     }
 265:../../../../../Drivers/PY32E407_HAL_Driver/Src/py32e407_hal_rcc.c ****   }
 266:../../../../../Drivers/PY32E407_HAL_Driver/Src/py32e407_hal_rcc.c **** 
 267:../../../../../Drivers/PY32E407_HAL_Driver/Src/py32e407_hal_rcc.c ****   /* Ensure to reset PLLSRC and PLLMUL bits */
 268:../../../../../Drivers/PY32E407_HAL_Driver/Src/py32e407_hal_rcc.c ****   CLEAR_REG(RCC->CFGR3);
 269:../../../../../Drivers/PY32E407_HAL_Driver/Src/py32e407_hal_rcc.c **** 
 270:../../../../../Drivers/PY32E407_HAL_Driver/Src/py32e407_hal_rcc.c ****   /* Get Start Tick */
 271:../../../../../Drivers/PY32E407_HAL_Driver/Src/py32e407_hal_rcc.c ****   tickstart = HAL_GetTick();
 272:../../../../../Drivers/PY32E407_HAL_Driver/Src/py32e407_hal_rcc.c **** 
 273:../../../../../Drivers/PY32E407_HAL_Driver/Src/py32e407_hal_rcc.c ****   /* Reset HSEON & CSSON bits */
 274:../../../../../Drivers/PY32E407_HAL_Driver/Src/py32e407_hal_rcc.c ****   CLEAR_BIT(RCC->CR, RCC_CR_HSEON | RCC_CR_CSSON);
 275:../../../../../Drivers/PY32E407_HAL_Driver/Src/py32e407_hal_rcc.c **** 
 276:../../../../../Drivers/PY32E407_HAL_Driver/Src/py32e407_hal_rcc.c ****   /* Wait till HSE is disabled */
 277:../../../../../Drivers/PY32E407_HAL_Driver/Src/py32e407_hal_rcc.c ****   while (READ_BIT(RCC->CR, RCC_CR_HSERDY) != RESET)
 278:../../../../../Drivers/PY32E407_HAL_Driver/Src/py32e407_hal_rcc.c ****   {
 279:../../../../../Drivers/PY32E407_HAL_Driver/Src/py32e407_hal_rcc.c ****     if ((HAL_GetTick() - tickstart) > HSE_TIMEOUT_VALUE)
 280:../../../../../Drivers/PY32E407_HAL_Driver/Src/py32e407_hal_rcc.c ****     {
 281:../../../../../Drivers/PY32E407_HAL_Driver/Src/py32e407_hal_rcc.c ****       return HAL_TIMEOUT;
 282:../../../../../Drivers/PY32E407_HAL_Driver/Src/py32e407_hal_rcc.c ****     }
 283:../../../../../Drivers/PY32E407_HAL_Driver/Src/py32e407_hal_rcc.c ****   }
 284:../../../../../Drivers/PY32E407_HAL_Driver/Src/py32e407_hal_rcc.c **** 
 285:../../../../../Drivers/PY32E407_HAL_Driver/Src/py32e407_hal_rcc.c ****   /* Reset HSEBYP bit */
 286:../../../../../Drivers/PY32E407_HAL_Driver/Src/py32e407_hal_rcc.c ****   CLEAR_BIT(RCC->CR, RCC_CR_HSEBYP);
 287:../../../../../Drivers/PY32E407_HAL_Driver/Src/py32e407_hal_rcc.c **** 
 288:../../../../../Drivers/PY32E407_HAL_Driver/Src/py32e407_hal_rcc.c ****   /* Reset HSE drive capability */
 289:../../../../../Drivers/PY32E407_HAL_Driver/Src/py32e407_hal_rcc.c ****   RCC->CFGR2 = (RCC->CFGR2 & 0x0000000F);
 290:../../../../../Drivers/PY32E407_HAL_Driver/Src/py32e407_hal_rcc.c **** 
 291:../../../../../Drivers/PY32E407_HAL_Driver/Src/py32e407_hal_rcc.c ****   /* Disable all interrupts */
 292:../../../../../Drivers/PY32E407_HAL_Driver/Src/py32e407_hal_rcc.c ****   CLEAR_REG(RCC->CIR);
 293:../../../../../Drivers/PY32E407_HAL_Driver/Src/py32e407_hal_rcc.c **** 
 294:../../../../../Drivers/PY32E407_HAL_Driver/Src/py32e407_hal_rcc.c ****   /* Clear all interrupt flags */
 295:../../../../../Drivers/PY32E407_HAL_Driver/Src/py32e407_hal_rcc.c ****   WRITE_REG(RCC->CIR, 0x00BF0000U);
 296:../../../../../Drivers/PY32E407_HAL_Driver/Src/py32e407_hal_rcc.c **** 
 297:../../../../../Drivers/PY32E407_HAL_Driver/Src/py32e407_hal_rcc.c ****   /* Reset all CSR flags */
 298:../../../../../Drivers/PY32E407_HAL_Driver/Src/py32e407_hal_rcc.c ****   SET_BIT(RCC->CSR, RCC_CSR_RMVF);
 299:../../../../../Drivers/PY32E407_HAL_Driver/Src/py32e407_hal_rcc.c **** 
 300:../../../../../Drivers/PY32E407_HAL_Driver/Src/py32e407_hal_rcc.c ****   return HAL_OK;
 301:../../../../../Drivers/PY32E407_HAL_Driver/Src/py32e407_hal_rcc.c **** }
 302:../../../../../Drivers/PY32E407_HAL_Driver/Src/py32e407_hal_rcc.c **** 
 303:../../../../../Drivers/PY32E407_HAL_Driver/Src/py32e407_hal_rcc.c **** /**
 304:../../../../../Drivers/PY32E407_HAL_Driver/Src/py32e407_hal_rcc.c ****   * @brief  Initializes the RCC Oscillators according to the specified parameters in the
 305:../../../../../Drivers/PY32E407_HAL_Driver/Src/py32e407_hal_rcc.c ****   *         RCC_OscInitTypeDef.
 306:../../../../../Drivers/PY32E407_HAL_Driver/Src/py32e407_hal_rcc.c ****   * @param  RCC_OscInitStruct pointer to an RCC_OscInitTypeDef structure that
 307:../../../../../Drivers/PY32E407_HAL_Driver/Src/py32e407_hal_rcc.c ****   *         contains the configuration information for the RCC Oscillators.
 308:../../../../../Drivers/PY32E407_HAL_Driver/Src/py32e407_hal_rcc.c ****   * @note   The PLL is not disabled when used as system clock.
 309:../../../../../Drivers/PY32E407_HAL_Driver/Src/py32e407_hal_rcc.c ****   * @note   The PLL is not disabled when USB clock is enabled (specific to devices with USB )
 310:../../../../../Drivers/PY32E407_HAL_Driver/Src/py32e407_hal_rcc.c ****   * @note   Transitions LSE Bypass to LSE On and LSE On to LSE Bypass are not
 311:../../../../../Drivers/PY32E407_HAL_Driver/Src/py32e407_hal_rcc.c ****   *         supported by this macro. User should request a transition to LSE Off
 312:../../../../../Drivers/PY32E407_HAL_Driver/Src/py32e407_hal_rcc.c ****   *         first and then LSE On or LSE Bypass.
 313:../../../../../Drivers/PY32E407_HAL_Driver/Src/py32e407_hal_rcc.c ****   * @note   Transition HSE Bypass to HSE On and HSE On to HSE Bypass are not
 314:../../../../../Drivers/PY32E407_HAL_Driver/Src/py32e407_hal_rcc.c ****   *         supported by this macro. User should request a transition to HSE Off
 315:../../../../../Drivers/PY32E407_HAL_Driver/Src/py32e407_hal_rcc.c ****   *         first and then HSE On or HSE Bypass.
 316:../../../../../Drivers/PY32E407_HAL_Driver/Src/py32e407_hal_rcc.c ****   * @retval HAL status
ARM GAS  C:\Users\n11ak\AppData\Local\Temp\ccioVMLM.s 			page 7


 317:../../../../../Drivers/PY32E407_HAL_Driver/Src/py32e407_hal_rcc.c ****   */
 318:../../../../../Drivers/PY32E407_HAL_Driver/Src/py32e407_hal_rcc.c **** HAL_StatusTypeDef HAL_RCC_OscConfig(RCC_OscInitTypeDef  *RCC_OscInitStruct)
 319:../../../../../Drivers/PY32E407_HAL_Driver/Src/py32e407_hal_rcc.c **** {
 320:../../../../../Drivers/PY32E407_HAL_Driver/Src/py32e407_hal_rcc.c ****   uint32_t tickstart;
 321:../../../../../Drivers/PY32E407_HAL_Driver/Src/py32e407_hal_rcc.c ****   uint32_t pll_config;
 322:../../../../../Drivers/PY32E407_HAL_Driver/Src/py32e407_hal_rcc.c **** 
 323:../../../../../Drivers/PY32E407_HAL_Driver/Src/py32e407_hal_rcc.c ****   /* Check Null pointer */
 324:../../../../../Drivers/PY32E407_HAL_Driver/Src/py32e407_hal_rcc.c ****   if (RCC_OscInitStruct == NULL)
 325:../../../../../Drivers/PY32E407_HAL_Driver/Src/py32e407_hal_rcc.c ****   {
 326:../../../../../Drivers/PY32E407_HAL_Driver/Src/py32e407_hal_rcc.c ****     return HAL_ERROR;
 327:../../../../../Drivers/PY32E407_HAL_Driver/Src/py32e407_hal_rcc.c ****   }
 328:../../../../../Drivers/PY32E407_HAL_Driver/Src/py32e407_hal_rcc.c **** 
 329:../../../../../Drivers/PY32E407_HAL_Driver/Src/py32e407_hal_rcc.c ****   /* Check the parameters */
 330:../../../../../Drivers/PY32E407_HAL_Driver/Src/py32e407_hal_rcc.c ****   assert_param(IS_RCC_OSCILLATORTYPE(RCC_OscInitStruct->OscillatorType));
 331:../../../../../Drivers/PY32E407_HAL_Driver/Src/py32e407_hal_rcc.c **** 
 332:../../../../../Drivers/PY32E407_HAL_Driver/Src/py32e407_hal_rcc.c ****   /*------------------------------- HSE Configuration ------------------------*/
 333:../../../../../Drivers/PY32E407_HAL_Driver/Src/py32e407_hal_rcc.c ****   if (((RCC_OscInitStruct->OscillatorType) & RCC_OSCILLATORTYPE_HSE) == RCC_OSCILLATORTYPE_HSE)
 334:../../../../../Drivers/PY32E407_HAL_Driver/Src/py32e407_hal_rcc.c ****   {
 335:../../../../../Drivers/PY32E407_HAL_Driver/Src/py32e407_hal_rcc.c ****     /* Check the parameters */
 336:../../../../../Drivers/PY32E407_HAL_Driver/Src/py32e407_hal_rcc.c ****     assert_param(IS_RCC_HSE(RCC_OscInitStruct->HSEState));
 337:../../../../../Drivers/PY32E407_HAL_Driver/Src/py32e407_hal_rcc.c ****     assert_param(IS_RCC_HSE_FREQ(RCC_OscInitStruct->HSEFreq));
 338:../../../../../Drivers/PY32E407_HAL_Driver/Src/py32e407_hal_rcc.c **** 
 339:../../../../../Drivers/PY32E407_HAL_Driver/Src/py32e407_hal_rcc.c ****     /* When the HSE is used as system clock or clock source for PLL in these cases it is not allowe
 340:../../../../../Drivers/PY32E407_HAL_Driver/Src/py32e407_hal_rcc.c ****     if ((__HAL_RCC_GET_SYSCLK_SOURCE() == RCC_SYSCLKSOURCE_STATUS_HSE) \
 341:../../../../../Drivers/PY32E407_HAL_Driver/Src/py32e407_hal_rcc.c ****         || ((__HAL_RCC_GET_SYSCLK_SOURCE() == RCC_SYSCLKSOURCE_STATUS_PLLCLK) \
 342:../../../../../Drivers/PY32E407_HAL_Driver/Src/py32e407_hal_rcc.c ****             && ((__HAL_RCC_GET_PLL_OSCSOURCE() == RCC_PLLSOURCE_HSE) || (__HAL_RCC_GET_PLL_OSCSOURC
 343:../../../../../Drivers/PY32E407_HAL_Driver/Src/py32e407_hal_rcc.c ****     {
 344:../../../../../Drivers/PY32E407_HAL_Driver/Src/py32e407_hal_rcc.c ****       if ((__HAL_RCC_GET_FLAG(RCC_FLAG_HSERDY) != RESET) && (RCC_OscInitStruct->HSEState == RCC_HSE
 345:../../../../../Drivers/PY32E407_HAL_Driver/Src/py32e407_hal_rcc.c ****       {
 346:../../../../../Drivers/PY32E407_HAL_Driver/Src/py32e407_hal_rcc.c ****         return HAL_ERROR;
 347:../../../../../Drivers/PY32E407_HAL_Driver/Src/py32e407_hal_rcc.c ****       }
 348:../../../../../Drivers/PY32E407_HAL_Driver/Src/py32e407_hal_rcc.c ****     }
 349:../../../../../Drivers/PY32E407_HAL_Driver/Src/py32e407_hal_rcc.c ****     else
 350:../../../../../Drivers/PY32E407_HAL_Driver/Src/py32e407_hal_rcc.c ****     {
 351:../../../../../Drivers/PY32E407_HAL_Driver/Src/py32e407_hal_rcc.c ****       if (RCC_OscInitStruct->HSEState == RCC_HSE_ON)
 352:../../../../../Drivers/PY32E407_HAL_Driver/Src/py32e407_hal_rcc.c ****       {
 353:../../../../../Drivers/PY32E407_HAL_Driver/Src/py32e407_hal_rcc.c ****         /*Set HSE Driver*/
 354:../../../../../Drivers/PY32E407_HAL_Driver/Src/py32e407_hal_rcc.c ****         __HAL_RCC_HSE_FREQ_CONFIG(RCC_OscInitStruct->HSEFreq);
 355:../../../../../Drivers/PY32E407_HAL_Driver/Src/py32e407_hal_rcc.c ****       }
 356:../../../../../Drivers/PY32E407_HAL_Driver/Src/py32e407_hal_rcc.c ****       
 357:../../../../../Drivers/PY32E407_HAL_Driver/Src/py32e407_hal_rcc.c ****       /* Set the new HSE configuration ---------------------------------------*/
 358:../../../../../Drivers/PY32E407_HAL_Driver/Src/py32e407_hal_rcc.c ****       __HAL_RCC_HSE_CONFIG(RCC_OscInitStruct->HSEState);
 359:../../../../../Drivers/PY32E407_HAL_Driver/Src/py32e407_hal_rcc.c **** 
 360:../../../../../Drivers/PY32E407_HAL_Driver/Src/py32e407_hal_rcc.c ****       /* Check the HSE State */
 361:../../../../../Drivers/PY32E407_HAL_Driver/Src/py32e407_hal_rcc.c ****       if (RCC_OscInitStruct->HSEState != RCC_HSE_OFF)
 362:../../../../../Drivers/PY32E407_HAL_Driver/Src/py32e407_hal_rcc.c ****       {
 363:../../../../../Drivers/PY32E407_HAL_Driver/Src/py32e407_hal_rcc.c **** #ifndef RCC_NO_DETECT_HSE_READY
 364:../../../../../Drivers/PY32E407_HAL_Driver/Src/py32e407_hal_rcc.c ****         /* Get Start Tick */
 365:../../../../../Drivers/PY32E407_HAL_Driver/Src/py32e407_hal_rcc.c ****         tickstart = HAL_GetTick();
 366:../../../../../Drivers/PY32E407_HAL_Driver/Src/py32e407_hal_rcc.c **** 
 367:../../../../../Drivers/PY32E407_HAL_Driver/Src/py32e407_hal_rcc.c ****         /* Wait till HSE is ready */
 368:../../../../../Drivers/PY32E407_HAL_Driver/Src/py32e407_hal_rcc.c ****         while (__HAL_RCC_GET_FLAG(RCC_FLAG_HSERDY) == RESET)
 369:../../../../../Drivers/PY32E407_HAL_Driver/Src/py32e407_hal_rcc.c ****         {
 370:../../../../../Drivers/PY32E407_HAL_Driver/Src/py32e407_hal_rcc.c ****           if ((HAL_GetTick() - tickstart) > HSE_TIMEOUT_VALUE)
 371:../../../../../Drivers/PY32E407_HAL_Driver/Src/py32e407_hal_rcc.c ****           {
 372:../../../../../Drivers/PY32E407_HAL_Driver/Src/py32e407_hal_rcc.c ****             return HAL_TIMEOUT;
 373:../../../../../Drivers/PY32E407_HAL_Driver/Src/py32e407_hal_rcc.c ****           }
ARM GAS  C:\Users\n11ak\AppData\Local\Temp\ccioVMLM.s 			page 8


 374:../../../../../Drivers/PY32E407_HAL_Driver/Src/py32e407_hal_rcc.c ****         }
 375:../../../../../Drivers/PY32E407_HAL_Driver/Src/py32e407_hal_rcc.c **** #endif
 376:../../../../../Drivers/PY32E407_HAL_Driver/Src/py32e407_hal_rcc.c ****       }
 377:../../../../../Drivers/PY32E407_HAL_Driver/Src/py32e407_hal_rcc.c ****       else
 378:../../../../../Drivers/PY32E407_HAL_Driver/Src/py32e407_hal_rcc.c ****       {
 379:../../../../../Drivers/PY32E407_HAL_Driver/Src/py32e407_hal_rcc.c ****         /* Get Start Tick */
 380:../../../../../Drivers/PY32E407_HAL_Driver/Src/py32e407_hal_rcc.c ****         tickstart = HAL_GetTick();
 381:../../../../../Drivers/PY32E407_HAL_Driver/Src/py32e407_hal_rcc.c **** 
 382:../../../../../Drivers/PY32E407_HAL_Driver/Src/py32e407_hal_rcc.c ****         /* Wait till HSE is disabled */
 383:../../../../../Drivers/PY32E407_HAL_Driver/Src/py32e407_hal_rcc.c ****         while (__HAL_RCC_GET_FLAG(RCC_FLAG_HSERDY) != RESET)
 384:../../../../../Drivers/PY32E407_HAL_Driver/Src/py32e407_hal_rcc.c ****         {
 385:../../../../../Drivers/PY32E407_HAL_Driver/Src/py32e407_hal_rcc.c ****           if ((HAL_GetTick() - tickstart) > HSE_TIMEOUT_VALUE)
 386:../../../../../Drivers/PY32E407_HAL_Driver/Src/py32e407_hal_rcc.c ****           {
 387:../../../../../Drivers/PY32E407_HAL_Driver/Src/py32e407_hal_rcc.c ****             return HAL_TIMEOUT;
 388:../../../../../Drivers/PY32E407_HAL_Driver/Src/py32e407_hal_rcc.c ****           }
 389:../../../../../Drivers/PY32E407_HAL_Driver/Src/py32e407_hal_rcc.c ****         }
 390:../../../../../Drivers/PY32E407_HAL_Driver/Src/py32e407_hal_rcc.c ****       }
 391:../../../../../Drivers/PY32E407_HAL_Driver/Src/py32e407_hal_rcc.c ****     }
 392:../../../../../Drivers/PY32E407_HAL_Driver/Src/py32e407_hal_rcc.c ****   }
 393:../../../../../Drivers/PY32E407_HAL_Driver/Src/py32e407_hal_rcc.c ****   /*----------------------------- HSI Configuration --------------------------*/
 394:../../../../../Drivers/PY32E407_HAL_Driver/Src/py32e407_hal_rcc.c ****   if (((RCC_OscInitStruct->OscillatorType) & RCC_OSCILLATORTYPE_HSI) == RCC_OSCILLATORTYPE_HSI)
 395:../../../../../Drivers/PY32E407_HAL_Driver/Src/py32e407_hal_rcc.c ****   {
 396:../../../../../Drivers/PY32E407_HAL_Driver/Src/py32e407_hal_rcc.c ****     /* Check the parameters */
 397:../../../../../Drivers/PY32E407_HAL_Driver/Src/py32e407_hal_rcc.c ****     assert_param(IS_RCC_HSI(RCC_OscInitStruct->HSIState));
 398:../../../../../Drivers/PY32E407_HAL_Driver/Src/py32e407_hal_rcc.c **** 
 399:../../../../../Drivers/PY32E407_HAL_Driver/Src/py32e407_hal_rcc.c ****     /* Check if HSI is used as system clock or as PLL source when PLL is selected as system clock *
 400:../../../../../Drivers/PY32E407_HAL_Driver/Src/py32e407_hal_rcc.c ****     if ((__HAL_RCC_GET_SYSCLK_SOURCE() == RCC_SYSCLKSOURCE_STATUS_HSI) \
 401:../../../../../Drivers/PY32E407_HAL_Driver/Src/py32e407_hal_rcc.c ****         || ((__HAL_RCC_GET_SYSCLK_SOURCE() == RCC_SYSCLKSOURCE_STATUS_PLLCLK) \
 402:../../../../../Drivers/PY32E407_HAL_Driver/Src/py32e407_hal_rcc.c ****             && ((__HAL_RCC_GET_PLL_OSCSOURCE() == RCC_PLLSOURCE_HSI_DIV2))))
 403:../../../../../Drivers/PY32E407_HAL_Driver/Src/py32e407_hal_rcc.c ****     {
 404:../../../../../Drivers/PY32E407_HAL_Driver/Src/py32e407_hal_rcc.c ****       /* When HSI is used as system clock it will not disabled */
 405:../../../../../Drivers/PY32E407_HAL_Driver/Src/py32e407_hal_rcc.c ****       if ((__HAL_RCC_GET_FLAG(RCC_FLAG_HSIRDY) != RESET) && (RCC_OscInitStruct->HSIState != RCC_HSI
 406:../../../../../Drivers/PY32E407_HAL_Driver/Src/py32e407_hal_rcc.c ****       {
 407:../../../../../Drivers/PY32E407_HAL_Driver/Src/py32e407_hal_rcc.c ****         return HAL_ERROR;
 408:../../../../../Drivers/PY32E407_HAL_Driver/Src/py32e407_hal_rcc.c ****       }
 409:../../../../../Drivers/PY32E407_HAL_Driver/Src/py32e407_hal_rcc.c ****     }
 410:../../../../../Drivers/PY32E407_HAL_Driver/Src/py32e407_hal_rcc.c ****     else
 411:../../../../../Drivers/PY32E407_HAL_Driver/Src/py32e407_hal_rcc.c ****     {
 412:../../../../../Drivers/PY32E407_HAL_Driver/Src/py32e407_hal_rcc.c ****       /* Check the HSI State */
 413:../../../../../Drivers/PY32E407_HAL_Driver/Src/py32e407_hal_rcc.c ****       if (RCC_OscInitStruct->HSIState != RCC_HSI_OFF)
 414:../../../../../Drivers/PY32E407_HAL_Driver/Src/py32e407_hal_rcc.c ****       {
 415:../../../../../Drivers/PY32E407_HAL_Driver/Src/py32e407_hal_rcc.c ****         /* Enable the Internal High Speed oscillator (HSI). */
 416:../../../../../Drivers/PY32E407_HAL_Driver/Src/py32e407_hal_rcc.c ****         __HAL_RCC_HSI_ENABLE();
 417:../../../../../Drivers/PY32E407_HAL_Driver/Src/py32e407_hal_rcc.c **** 
 418:../../../../../Drivers/PY32E407_HAL_Driver/Src/py32e407_hal_rcc.c ****         /* Get Start Tick */
 419:../../../../../Drivers/PY32E407_HAL_Driver/Src/py32e407_hal_rcc.c ****         tickstart = HAL_GetTick();
 420:../../../../../Drivers/PY32E407_HAL_Driver/Src/py32e407_hal_rcc.c **** 
 421:../../../../../Drivers/PY32E407_HAL_Driver/Src/py32e407_hal_rcc.c ****         /* Wait till HSI is ready */
 422:../../../../../Drivers/PY32E407_HAL_Driver/Src/py32e407_hal_rcc.c ****         while (__HAL_RCC_GET_FLAG(RCC_FLAG_HSIRDY) == RESET)
 423:../../../../../Drivers/PY32E407_HAL_Driver/Src/py32e407_hal_rcc.c ****         {
 424:../../../../../Drivers/PY32E407_HAL_Driver/Src/py32e407_hal_rcc.c ****           if ((HAL_GetTick() - tickstart) > HSI_TIMEOUT_VALUE)
 425:../../../../../Drivers/PY32E407_HAL_Driver/Src/py32e407_hal_rcc.c ****           {
 426:../../../../../Drivers/PY32E407_HAL_Driver/Src/py32e407_hal_rcc.c ****             return HAL_TIMEOUT;
 427:../../../../../Drivers/PY32E407_HAL_Driver/Src/py32e407_hal_rcc.c ****           }
 428:../../../../../Drivers/PY32E407_HAL_Driver/Src/py32e407_hal_rcc.c ****         }
 429:../../../../../Drivers/PY32E407_HAL_Driver/Src/py32e407_hal_rcc.c ****       }
 430:../../../../../Drivers/PY32E407_HAL_Driver/Src/py32e407_hal_rcc.c ****       else
ARM GAS  C:\Users\n11ak\AppData\Local\Temp\ccioVMLM.s 			page 9


 431:../../../../../Drivers/PY32E407_HAL_Driver/Src/py32e407_hal_rcc.c ****       {
 432:../../../../../Drivers/PY32E407_HAL_Driver/Src/py32e407_hal_rcc.c ****         /* Disable the Internal High Speed oscillator (HSI). */
 433:../../../../../Drivers/PY32E407_HAL_Driver/Src/py32e407_hal_rcc.c ****         __HAL_RCC_HSI_DISABLE();
 434:../../../../../Drivers/PY32E407_HAL_Driver/Src/py32e407_hal_rcc.c **** 
 435:../../../../../Drivers/PY32E407_HAL_Driver/Src/py32e407_hal_rcc.c ****         /* Get Start Tick */
 436:../../../../../Drivers/PY32E407_HAL_Driver/Src/py32e407_hal_rcc.c ****         tickstart = HAL_GetTick();
 437:../../../../../Drivers/PY32E407_HAL_Driver/Src/py32e407_hal_rcc.c **** 
 438:../../../../../Drivers/PY32E407_HAL_Driver/Src/py32e407_hal_rcc.c ****         /* Wait till HSI is disabled */
 439:../../../../../Drivers/PY32E407_HAL_Driver/Src/py32e407_hal_rcc.c ****         while (__HAL_RCC_GET_FLAG(RCC_FLAG_HSIRDY) != RESET)
 440:../../../../../Drivers/PY32E407_HAL_Driver/Src/py32e407_hal_rcc.c ****         {
 441:../../../../../Drivers/PY32E407_HAL_Driver/Src/py32e407_hal_rcc.c ****           if ((HAL_GetTick() - tickstart) > HSI_TIMEOUT_VALUE)
 442:../../../../../Drivers/PY32E407_HAL_Driver/Src/py32e407_hal_rcc.c ****           {
 443:../../../../../Drivers/PY32E407_HAL_Driver/Src/py32e407_hal_rcc.c ****             return HAL_TIMEOUT;
 444:../../../../../Drivers/PY32E407_HAL_Driver/Src/py32e407_hal_rcc.c ****           }
 445:../../../../../Drivers/PY32E407_HAL_Driver/Src/py32e407_hal_rcc.c ****         }
 446:../../../../../Drivers/PY32E407_HAL_Driver/Src/py32e407_hal_rcc.c ****       }
 447:../../../../../Drivers/PY32E407_HAL_Driver/Src/py32e407_hal_rcc.c ****     }
 448:../../../../../Drivers/PY32E407_HAL_Driver/Src/py32e407_hal_rcc.c ****   }
 449:../../../../../Drivers/PY32E407_HAL_Driver/Src/py32e407_hal_rcc.c ****   /*----------------------------- HSI48M Configuration --------------------------*/
 450:../../../../../Drivers/PY32E407_HAL_Driver/Src/py32e407_hal_rcc.c ****   if (((RCC_OscInitStruct->OscillatorType) & RCC_OSCILLATORTYPE_HSI48M) == RCC_OSCILLATORTYPE_HSI48
 451:../../../../../Drivers/PY32E407_HAL_Driver/Src/py32e407_hal_rcc.c ****   {
 452:../../../../../Drivers/PY32E407_HAL_Driver/Src/py32e407_hal_rcc.c ****     /* Check the parameters */
 453:../../../../../Drivers/PY32E407_HAL_Driver/Src/py32e407_hal_rcc.c ****     assert_param(IS_RCC_HSI48M(RCC_OscInitStruct->HSI48MState));
 454:../../../../../Drivers/PY32E407_HAL_Driver/Src/py32e407_hal_rcc.c ****     
 455:../../../../../Drivers/PY32E407_HAL_Driver/Src/py32e407_hal_rcc.c ****     /* Check the HSI State */
 456:../../../../../Drivers/PY32E407_HAL_Driver/Src/py32e407_hal_rcc.c ****     if (RCC_OscInitStruct->HSI48MState != RCC_HSI48M_OFF)
 457:../../../../../Drivers/PY32E407_HAL_Driver/Src/py32e407_hal_rcc.c ****     {
 458:../../../../../Drivers/PY32E407_HAL_Driver/Src/py32e407_hal_rcc.c ****       /* Enable the Internal High Speed oscillator (HSI). */
 459:../../../../../Drivers/PY32E407_HAL_Driver/Src/py32e407_hal_rcc.c ****       __HAL_RCC_HSI48M_ENABLE();
 460:../../../../../Drivers/PY32E407_HAL_Driver/Src/py32e407_hal_rcc.c **** 
 461:../../../../../Drivers/PY32E407_HAL_Driver/Src/py32e407_hal_rcc.c ****       /* Get Start Tick */
 462:../../../../../Drivers/PY32E407_HAL_Driver/Src/py32e407_hal_rcc.c ****       tickstart = HAL_GetTick();
 463:../../../../../Drivers/PY32E407_HAL_Driver/Src/py32e407_hal_rcc.c **** 
 464:../../../../../Drivers/PY32E407_HAL_Driver/Src/py32e407_hal_rcc.c ****       /* Wait till HSI48M is ready */
 465:../../../../../Drivers/PY32E407_HAL_Driver/Src/py32e407_hal_rcc.c ****       while (__HAL_RCC_GET_FLAG(RCC_FLAG_HSI48MRDY) == RESET)
 466:../../../../../Drivers/PY32E407_HAL_Driver/Src/py32e407_hal_rcc.c ****       {
 467:../../../../../Drivers/PY32E407_HAL_Driver/Src/py32e407_hal_rcc.c ****         if ((HAL_GetTick() - tickstart) > HSI48M_TIMEOUT_VALUE)
 468:../../../../../Drivers/PY32E407_HAL_Driver/Src/py32e407_hal_rcc.c ****         {
 469:../../../../../Drivers/PY32E407_HAL_Driver/Src/py32e407_hal_rcc.c ****           return HAL_TIMEOUT;
 470:../../../../../Drivers/PY32E407_HAL_Driver/Src/py32e407_hal_rcc.c ****         }
 471:../../../../../Drivers/PY32E407_HAL_Driver/Src/py32e407_hal_rcc.c ****       }
 472:../../../../../Drivers/PY32E407_HAL_Driver/Src/py32e407_hal_rcc.c ****     }
 473:../../../../../Drivers/PY32E407_HAL_Driver/Src/py32e407_hal_rcc.c ****     else
 474:../../../../../Drivers/PY32E407_HAL_Driver/Src/py32e407_hal_rcc.c ****     {
 475:../../../../../Drivers/PY32E407_HAL_Driver/Src/py32e407_hal_rcc.c ****       /* Disable the Internal 48MHz High Speed oscillator (HSI48MHz). */
 476:../../../../../Drivers/PY32E407_HAL_Driver/Src/py32e407_hal_rcc.c ****       __HAL_RCC_HSI48M_DISABLE();
 477:../../../../../Drivers/PY32E407_HAL_Driver/Src/py32e407_hal_rcc.c **** 
 478:../../../../../Drivers/PY32E407_HAL_Driver/Src/py32e407_hal_rcc.c ****       /* Get Start Tick */
 479:../../../../../Drivers/PY32E407_HAL_Driver/Src/py32e407_hal_rcc.c ****       tickstart = HAL_GetTick();
 480:../../../../../Drivers/PY32E407_HAL_Driver/Src/py32e407_hal_rcc.c **** 
 481:../../../../../Drivers/PY32E407_HAL_Driver/Src/py32e407_hal_rcc.c ****       /* Wait till HSI48M is disabled */
 482:../../../../../Drivers/PY32E407_HAL_Driver/Src/py32e407_hal_rcc.c ****       while (__HAL_RCC_GET_FLAG(RCC_FLAG_HSI48MRDY) != RESET)
 483:../../../../../Drivers/PY32E407_HAL_Driver/Src/py32e407_hal_rcc.c ****       {
 484:../../../../../Drivers/PY32E407_HAL_Driver/Src/py32e407_hal_rcc.c ****         if ((HAL_GetTick() - tickstart) > HSI48M_TIMEOUT_VALUE)
 485:../../../../../Drivers/PY32E407_HAL_Driver/Src/py32e407_hal_rcc.c ****         {
 486:../../../../../Drivers/PY32E407_HAL_Driver/Src/py32e407_hal_rcc.c ****           return HAL_TIMEOUT;
 487:../../../../../Drivers/PY32E407_HAL_Driver/Src/py32e407_hal_rcc.c ****         }
ARM GAS  C:\Users\n11ak\AppData\Local\Temp\ccioVMLM.s 			page 10


 488:../../../../../Drivers/PY32E407_HAL_Driver/Src/py32e407_hal_rcc.c ****       }
 489:../../../../../Drivers/PY32E407_HAL_Driver/Src/py32e407_hal_rcc.c ****     }
 490:../../../../../Drivers/PY32E407_HAL_Driver/Src/py32e407_hal_rcc.c ****   }
 491:../../../../../Drivers/PY32E407_HAL_Driver/Src/py32e407_hal_rcc.c ****   /*------------------------------ LSI Configuration -------------------------*/
 492:../../../../../Drivers/PY32E407_HAL_Driver/Src/py32e407_hal_rcc.c ****   if (((RCC_OscInitStruct->OscillatorType) & RCC_OSCILLATORTYPE_LSI) == RCC_OSCILLATORTYPE_LSI)
 493:../../../../../Drivers/PY32E407_HAL_Driver/Src/py32e407_hal_rcc.c ****   {
 494:../../../../../Drivers/PY32E407_HAL_Driver/Src/py32e407_hal_rcc.c ****     /* Check the parameters */
 495:../../../../../Drivers/PY32E407_HAL_Driver/Src/py32e407_hal_rcc.c ****     assert_param(IS_RCC_LSI(RCC_OscInitStruct->LSIState));
 496:../../../../../Drivers/PY32E407_HAL_Driver/Src/py32e407_hal_rcc.c **** 
 497:../../../../../Drivers/PY32E407_HAL_Driver/Src/py32e407_hal_rcc.c ****     /* Check the LSI State */
 498:../../../../../Drivers/PY32E407_HAL_Driver/Src/py32e407_hal_rcc.c ****     if (RCC_OscInitStruct->LSIState != RCC_LSI_OFF)
 499:../../../../../Drivers/PY32E407_HAL_Driver/Src/py32e407_hal_rcc.c ****     {
 500:../../../../../Drivers/PY32E407_HAL_Driver/Src/py32e407_hal_rcc.c ****       /* Enable the Internal Low Speed oscillator (LSI). */
 501:../../../../../Drivers/PY32E407_HAL_Driver/Src/py32e407_hal_rcc.c ****       __HAL_RCC_LSI_ENABLE();
 502:../../../../../Drivers/PY32E407_HAL_Driver/Src/py32e407_hal_rcc.c **** 
 503:../../../../../Drivers/PY32E407_HAL_Driver/Src/py32e407_hal_rcc.c ****       /* Get Start Tick */
 504:../../../../../Drivers/PY32E407_HAL_Driver/Src/py32e407_hal_rcc.c ****       tickstart = HAL_GetTick();
 505:../../../../../Drivers/PY32E407_HAL_Driver/Src/py32e407_hal_rcc.c **** 
 506:../../../../../Drivers/PY32E407_HAL_Driver/Src/py32e407_hal_rcc.c ****       /* Wait till LSI is ready */
 507:../../../../../Drivers/PY32E407_HAL_Driver/Src/py32e407_hal_rcc.c ****       while (__HAL_RCC_GET_FLAG(RCC_FLAG_LSIRDY) == RESET)
 508:../../../../../Drivers/PY32E407_HAL_Driver/Src/py32e407_hal_rcc.c ****       {
 509:../../../../../Drivers/PY32E407_HAL_Driver/Src/py32e407_hal_rcc.c ****         if ((HAL_GetTick() - tickstart) > LSI_TIMEOUT_VALUE)
 510:../../../../../Drivers/PY32E407_HAL_Driver/Src/py32e407_hal_rcc.c ****         {
 511:../../../../../Drivers/PY32E407_HAL_Driver/Src/py32e407_hal_rcc.c ****           return HAL_TIMEOUT;
 512:../../../../../Drivers/PY32E407_HAL_Driver/Src/py32e407_hal_rcc.c ****         }
 513:../../../../../Drivers/PY32E407_HAL_Driver/Src/py32e407_hal_rcc.c ****       }
 514:../../../../../Drivers/PY32E407_HAL_Driver/Src/py32e407_hal_rcc.c ****     }
 515:../../../../../Drivers/PY32E407_HAL_Driver/Src/py32e407_hal_rcc.c ****     else
 516:../../../../../Drivers/PY32E407_HAL_Driver/Src/py32e407_hal_rcc.c ****     {
 517:../../../../../Drivers/PY32E407_HAL_Driver/Src/py32e407_hal_rcc.c ****       /* Disable the Internal Low Speed oscillator (LSI). */
 518:../../../../../Drivers/PY32E407_HAL_Driver/Src/py32e407_hal_rcc.c ****       __HAL_RCC_LSI_DISABLE();
 519:../../../../../Drivers/PY32E407_HAL_Driver/Src/py32e407_hal_rcc.c **** 
 520:../../../../../Drivers/PY32E407_HAL_Driver/Src/py32e407_hal_rcc.c ****       /* Get Start Tick */
 521:../../../../../Drivers/PY32E407_HAL_Driver/Src/py32e407_hal_rcc.c ****       tickstart = HAL_GetTick();
 522:../../../../../Drivers/PY32E407_HAL_Driver/Src/py32e407_hal_rcc.c **** 
 523:../../../../../Drivers/PY32E407_HAL_Driver/Src/py32e407_hal_rcc.c ****       /* Wait till LSI is disabled */
 524:../../../../../Drivers/PY32E407_HAL_Driver/Src/py32e407_hal_rcc.c ****       while (__HAL_RCC_GET_FLAG(RCC_FLAG_LSIRDY) != RESET)
 525:../../../../../Drivers/PY32E407_HAL_Driver/Src/py32e407_hal_rcc.c ****       {
 526:../../../../../Drivers/PY32E407_HAL_Driver/Src/py32e407_hal_rcc.c ****         if ((HAL_GetTick() - tickstart) > LSI_TIMEOUT_VALUE)
 527:../../../../../Drivers/PY32E407_HAL_Driver/Src/py32e407_hal_rcc.c ****         {
 528:../../../../../Drivers/PY32E407_HAL_Driver/Src/py32e407_hal_rcc.c ****           return HAL_TIMEOUT;
 529:../../../../../Drivers/PY32E407_HAL_Driver/Src/py32e407_hal_rcc.c ****         }
 530:../../../../../Drivers/PY32E407_HAL_Driver/Src/py32e407_hal_rcc.c ****       }
 531:../../../../../Drivers/PY32E407_HAL_Driver/Src/py32e407_hal_rcc.c ****     }
 532:../../../../../Drivers/PY32E407_HAL_Driver/Src/py32e407_hal_rcc.c ****   }
 533:../../../../../Drivers/PY32E407_HAL_Driver/Src/py32e407_hal_rcc.c ****   /*------------------------------ LSE Configuration -------------------------*/
 534:../../../../../Drivers/PY32E407_HAL_Driver/Src/py32e407_hal_rcc.c ****   if (((RCC_OscInitStruct->OscillatorType) & RCC_OSCILLATORTYPE_LSE) == RCC_OSCILLATORTYPE_LSE)
 535:../../../../../Drivers/PY32E407_HAL_Driver/Src/py32e407_hal_rcc.c ****   {
 536:../../../../../Drivers/PY32E407_HAL_Driver/Src/py32e407_hal_rcc.c ****     FlagStatus       pwrclkchanged = RESET;
 537:../../../../../Drivers/PY32E407_HAL_Driver/Src/py32e407_hal_rcc.c **** 
 538:../../../../../Drivers/PY32E407_HAL_Driver/Src/py32e407_hal_rcc.c ****     /* Check the parameters */
 539:../../../../../Drivers/PY32E407_HAL_Driver/Src/py32e407_hal_rcc.c ****     assert_param(IS_RCC_LSE(RCC_OscInitStruct->LSEState));
 540:../../../../../Drivers/PY32E407_HAL_Driver/Src/py32e407_hal_rcc.c ****     assert_param(IS_RCC_LSE_DRIVER(RCC_OscInitStruct->LSEDriver));
 541:../../../../../Drivers/PY32E407_HAL_Driver/Src/py32e407_hal_rcc.c **** 
 542:../../../../../Drivers/PY32E407_HAL_Driver/Src/py32e407_hal_rcc.c ****     /* Update LSE configuration in Backup Domain control register    */
 543:../../../../../Drivers/PY32E407_HAL_Driver/Src/py32e407_hal_rcc.c ****     /* Requires to enable write access to Backup Domain of necessary */
 544:../../../../../Drivers/PY32E407_HAL_Driver/Src/py32e407_hal_rcc.c ****     if (__HAL_RCC_PWR_IS_CLK_DISABLED())
ARM GAS  C:\Users\n11ak\AppData\Local\Temp\ccioVMLM.s 			page 11


 545:../../../../../Drivers/PY32E407_HAL_Driver/Src/py32e407_hal_rcc.c ****     {
 546:../../../../../Drivers/PY32E407_HAL_Driver/Src/py32e407_hal_rcc.c ****       __HAL_RCC_PWR_CLK_ENABLE();
 547:../../../../../Drivers/PY32E407_HAL_Driver/Src/py32e407_hal_rcc.c ****       pwrclkchanged = SET;
 548:../../../../../Drivers/PY32E407_HAL_Driver/Src/py32e407_hal_rcc.c ****     }
 549:../../../../../Drivers/PY32E407_HAL_Driver/Src/py32e407_hal_rcc.c **** 
 550:../../../../../Drivers/PY32E407_HAL_Driver/Src/py32e407_hal_rcc.c ****     if (HAL_IS_BIT_CLR(PWR->CR1, PWR_CR1_DBP))
 551:../../../../../Drivers/PY32E407_HAL_Driver/Src/py32e407_hal_rcc.c ****      {
 552:../../../../../Drivers/PY32E407_HAL_Driver/Src/py32e407_hal_rcc.c ****       /* Enable write access to Backup domain */
 553:../../../../../Drivers/PY32E407_HAL_Driver/Src/py32e407_hal_rcc.c ****       SET_BIT(PWR->CR1, PWR_CR1_DBP);
 554:../../../../../Drivers/PY32E407_HAL_Driver/Src/py32e407_hal_rcc.c **** 
 555:../../../../../Drivers/PY32E407_HAL_Driver/Src/py32e407_hal_rcc.c ****       /* Wait for Backup domain Write protection disable */
 556:../../../../../Drivers/PY32E407_HAL_Driver/Src/py32e407_hal_rcc.c ****       tickstart = HAL_GetTick();
 557:../../../../../Drivers/PY32E407_HAL_Driver/Src/py32e407_hal_rcc.c **** 
 558:../../../../../Drivers/PY32E407_HAL_Driver/Src/py32e407_hal_rcc.c ****       while (HAL_IS_BIT_CLR(PWR->CR1, PWR_CR1_DBP))
 559:../../../../../Drivers/PY32E407_HAL_Driver/Src/py32e407_hal_rcc.c ****       {
 560:../../../../../Drivers/PY32E407_HAL_Driver/Src/py32e407_hal_rcc.c ****         if ((HAL_GetTick() - tickstart) > RCC_DBP_TIMEOUT_VALUE)
 561:../../../../../Drivers/PY32E407_HAL_Driver/Src/py32e407_hal_rcc.c ****         {
 562:../../../../../Drivers/PY32E407_HAL_Driver/Src/py32e407_hal_rcc.c ****           return HAL_TIMEOUT;
 563:../../../../../Drivers/PY32E407_HAL_Driver/Src/py32e407_hal_rcc.c ****         }
 564:../../../../../Drivers/PY32E407_HAL_Driver/Src/py32e407_hal_rcc.c ****       }
 565:../../../../../Drivers/PY32E407_HAL_Driver/Src/py32e407_hal_rcc.c ****     }
 566:../../../../../Drivers/PY32E407_HAL_Driver/Src/py32e407_hal_rcc.c ****     
 567:../../../../../Drivers/PY32E407_HAL_Driver/Src/py32e407_hal_rcc.c ****     if (RCC_OscInitStruct->LSEState == RCC_LSE_ON)
 568:../../../../../Drivers/PY32E407_HAL_Driver/Src/py32e407_hal_rcc.c ****     {
 569:../../../../../Drivers/PY32E407_HAL_Driver/Src/py32e407_hal_rcc.c ****       /*Set LSE Driver*/
 570:../../../../../Drivers/PY32E407_HAL_Driver/Src/py32e407_hal_rcc.c ****       __HAL_RCC_LSE_DRIVER_CONFIG(RCC_OscInitStruct->LSEDriver);
 571:../../../../../Drivers/PY32E407_HAL_Driver/Src/py32e407_hal_rcc.c ****     }
 572:../../../../../Drivers/PY32E407_HAL_Driver/Src/py32e407_hal_rcc.c **** 
 573:../../../../../Drivers/PY32E407_HAL_Driver/Src/py32e407_hal_rcc.c ****     /* Set the new LSE configuration -----------------------------------------*/
 574:../../../../../Drivers/PY32E407_HAL_Driver/Src/py32e407_hal_rcc.c ****     __HAL_RCC_LSE_CONFIG(RCC_OscInitStruct->LSEState);
 575:../../../../../Drivers/PY32E407_HAL_Driver/Src/py32e407_hal_rcc.c ****     /* Check the LSE State */
 576:../../../../../Drivers/PY32E407_HAL_Driver/Src/py32e407_hal_rcc.c ****     if (RCC_OscInitStruct->LSEState != RCC_LSE_OFF)
 577:../../../../../Drivers/PY32E407_HAL_Driver/Src/py32e407_hal_rcc.c ****     {
 578:../../../../../Drivers/PY32E407_HAL_Driver/Src/py32e407_hal_rcc.c ****       /* Get Start Tick */
 579:../../../../../Drivers/PY32E407_HAL_Driver/Src/py32e407_hal_rcc.c ****       tickstart = HAL_GetTick();
 580:../../../../../Drivers/PY32E407_HAL_Driver/Src/py32e407_hal_rcc.c **** 
 581:../../../../../Drivers/PY32E407_HAL_Driver/Src/py32e407_hal_rcc.c ****       /* Wait till LSE is ready */
 582:../../../../../Drivers/PY32E407_HAL_Driver/Src/py32e407_hal_rcc.c ****       while (__HAL_RCC_GET_FLAG(RCC_FLAG_LSERDY) == RESET)
 583:../../../../../Drivers/PY32E407_HAL_Driver/Src/py32e407_hal_rcc.c ****       {
 584:../../../../../Drivers/PY32E407_HAL_Driver/Src/py32e407_hal_rcc.c ****         if ((HAL_GetTick() - tickstart) > RCC_LSE_TIMEOUT_VALUE)
 585:../../../../../Drivers/PY32E407_HAL_Driver/Src/py32e407_hal_rcc.c ****         {
 586:../../../../../Drivers/PY32E407_HAL_Driver/Src/py32e407_hal_rcc.c ****           return HAL_TIMEOUT;
 587:../../../../../Drivers/PY32E407_HAL_Driver/Src/py32e407_hal_rcc.c ****         }
 588:../../../../../Drivers/PY32E407_HAL_Driver/Src/py32e407_hal_rcc.c ****       }
 589:../../../../../Drivers/PY32E407_HAL_Driver/Src/py32e407_hal_rcc.c ****     }
 590:../../../../../Drivers/PY32E407_HAL_Driver/Src/py32e407_hal_rcc.c ****     else
 591:../../../../../Drivers/PY32E407_HAL_Driver/Src/py32e407_hal_rcc.c ****     {
 592:../../../../../Drivers/PY32E407_HAL_Driver/Src/py32e407_hal_rcc.c ****       /* Get Start Tick */
 593:../../../../../Drivers/PY32E407_HAL_Driver/Src/py32e407_hal_rcc.c ****       tickstart = HAL_GetTick();
 594:../../../../../Drivers/PY32E407_HAL_Driver/Src/py32e407_hal_rcc.c **** 
 595:../../../../../Drivers/PY32E407_HAL_Driver/Src/py32e407_hal_rcc.c ****       /* Wait till LSE is disabled */
 596:../../../../../Drivers/PY32E407_HAL_Driver/Src/py32e407_hal_rcc.c ****       while (__HAL_RCC_GET_FLAG(RCC_FLAG_LSERDY) != RESET)
 597:../../../../../Drivers/PY32E407_HAL_Driver/Src/py32e407_hal_rcc.c ****       {
 598:../../../../../Drivers/PY32E407_HAL_Driver/Src/py32e407_hal_rcc.c ****         if ((HAL_GetTick() - tickstart) > RCC_LSE_TIMEOUT_VALUE)
 599:../../../../../Drivers/PY32E407_HAL_Driver/Src/py32e407_hal_rcc.c ****         {
 600:../../../../../Drivers/PY32E407_HAL_Driver/Src/py32e407_hal_rcc.c ****           return HAL_TIMEOUT;
 601:../../../../../Drivers/PY32E407_HAL_Driver/Src/py32e407_hal_rcc.c ****         }
ARM GAS  C:\Users\n11ak\AppData\Local\Temp\ccioVMLM.s 			page 12


 602:../../../../../Drivers/PY32E407_HAL_Driver/Src/py32e407_hal_rcc.c ****       }
 603:../../../../../Drivers/PY32E407_HAL_Driver/Src/py32e407_hal_rcc.c ****     }
 604:../../../../../Drivers/PY32E407_HAL_Driver/Src/py32e407_hal_rcc.c **** 
 605:../../../../../Drivers/PY32E407_HAL_Driver/Src/py32e407_hal_rcc.c ****     /* Require to disable power clock if necessary */
 606:../../../../../Drivers/PY32E407_HAL_Driver/Src/py32e407_hal_rcc.c ****     if (pwrclkchanged == SET)
 607:../../../../../Drivers/PY32E407_HAL_Driver/Src/py32e407_hal_rcc.c ****     {
 608:../../../../../Drivers/PY32E407_HAL_Driver/Src/py32e407_hal_rcc.c ****       __HAL_RCC_PWR_CLK_DISABLE();
 609:../../../../../Drivers/PY32E407_HAL_Driver/Src/py32e407_hal_rcc.c ****     }
 610:../../../../../Drivers/PY32E407_HAL_Driver/Src/py32e407_hal_rcc.c ****   }
 611:../../../../../Drivers/PY32E407_HAL_Driver/Src/py32e407_hal_rcc.c **** 
 612:../../../../../Drivers/PY32E407_HAL_Driver/Src/py32e407_hal_rcc.c ****   /*-------------------------------- PLL Configuration -----------------------*/
 613:../../../../../Drivers/PY32E407_HAL_Driver/Src/py32e407_hal_rcc.c ****   /* Check the parameters */
 614:../../../../../Drivers/PY32E407_HAL_Driver/Src/py32e407_hal_rcc.c ****   assert_param(IS_RCC_PLL(RCC_OscInitStruct->PLL.PLLState));
 615:../../../../../Drivers/PY32E407_HAL_Driver/Src/py32e407_hal_rcc.c ****   if ((RCC_OscInitStruct->PLL.PLLState) != RCC_PLL_NONE)
 616:../../../../../Drivers/PY32E407_HAL_Driver/Src/py32e407_hal_rcc.c ****   {
 617:../../../../../Drivers/PY32E407_HAL_Driver/Src/py32e407_hal_rcc.c ****     /* Check if the PLL is used as system clock or not */
 618:../../../../../Drivers/PY32E407_HAL_Driver/Src/py32e407_hal_rcc.c ****     if (__HAL_RCC_GET_SYSCLK_SOURCE() != RCC_SYSCLKSOURCE_STATUS_PLLCLK)
 619:../../../../../Drivers/PY32E407_HAL_Driver/Src/py32e407_hal_rcc.c ****     {
 620:../../../../../Drivers/PY32E407_HAL_Driver/Src/py32e407_hal_rcc.c ****       if ((RCC_OscInitStruct->PLL.PLLState) == RCC_PLL_ON)
 621:../../../../../Drivers/PY32E407_HAL_Driver/Src/py32e407_hal_rcc.c ****       {
 622:../../../../../Drivers/PY32E407_HAL_Driver/Src/py32e407_hal_rcc.c ****         /* Check the parameters */
 623:../../../../../Drivers/PY32E407_HAL_Driver/Src/py32e407_hal_rcc.c ****         assert_param(IS_RCC_PLLSOURCE(RCC_OscInitStruct->PLL.PLLSource));
 624:../../../../../Drivers/PY32E407_HAL_Driver/Src/py32e407_hal_rcc.c ****         assert_param(IS_RCC_PLL_MUL(RCC_OscInitStruct->PLL.PLLMUL));
 625:../../../../../Drivers/PY32E407_HAL_Driver/Src/py32e407_hal_rcc.c ****         assert_param(IS_RCC_PLL_PREDIV(RCC_OscInitStruct->PLL.PLLPrediv));
 626:../../../../../Drivers/PY32E407_HAL_Driver/Src/py32e407_hal_rcc.c ****         assert_param(IS_RCC_PLL_POSTDIV(RCC_OscInitStruct->PLL.PLLPostdiv));
 627:../../../../../Drivers/PY32E407_HAL_Driver/Src/py32e407_hal_rcc.c **** 
 628:../../../../../Drivers/PY32E407_HAL_Driver/Src/py32e407_hal_rcc.c ****         /* Disable the main PLL. */
 629:../../../../../Drivers/PY32E407_HAL_Driver/Src/py32e407_hal_rcc.c ****         __HAL_RCC_PLL_DISABLE();
 630:../../../../../Drivers/PY32E407_HAL_Driver/Src/py32e407_hal_rcc.c **** 
 631:../../../../../Drivers/PY32E407_HAL_Driver/Src/py32e407_hal_rcc.c ****         /* Get Start Tick */
 632:../../../../../Drivers/PY32E407_HAL_Driver/Src/py32e407_hal_rcc.c ****         tickstart = HAL_GetTick();
 633:../../../../../Drivers/PY32E407_HAL_Driver/Src/py32e407_hal_rcc.c **** 
 634:../../../../../Drivers/PY32E407_HAL_Driver/Src/py32e407_hal_rcc.c ****         /* Wait till PLL is disabled */
 635:../../../../../Drivers/PY32E407_HAL_Driver/Src/py32e407_hal_rcc.c ****         while (__HAL_RCC_GET_FLAG(RCC_FLAG_PLLRDY)  != RESET)
 636:../../../../../Drivers/PY32E407_HAL_Driver/Src/py32e407_hal_rcc.c ****         {
 637:../../../../../Drivers/PY32E407_HAL_Driver/Src/py32e407_hal_rcc.c ****           if ((HAL_GetTick() - tickstart) > PLL_TIMEOUT_VALUE)
 638:../../../../../Drivers/PY32E407_HAL_Driver/Src/py32e407_hal_rcc.c ****           {
 639:../../../../../Drivers/PY32E407_HAL_Driver/Src/py32e407_hal_rcc.c ****             return HAL_TIMEOUT;
 640:../../../../../Drivers/PY32E407_HAL_Driver/Src/py32e407_hal_rcc.c ****           }
 641:../../../../../Drivers/PY32E407_HAL_Driver/Src/py32e407_hal_rcc.c ****         }
 642:../../../../../Drivers/PY32E407_HAL_Driver/Src/py32e407_hal_rcc.c **** 
 643:../../../../../Drivers/PY32E407_HAL_Driver/Src/py32e407_hal_rcc.c ****         /* Configure the main PLL clock source, prediv factor, postdiv factor, and multiplication f
 644:../../../../../Drivers/PY32E407_HAL_Driver/Src/py32e407_hal_rcc.c ****         __HAL_RCC_PLL_CONFIG(RCC_OscInitStruct->PLL.PLLSource,
 645:../../../../../Drivers/PY32E407_HAL_Driver/Src/py32e407_hal_rcc.c ****                              RCC_OscInitStruct->PLL.PLLMUL,
 646:../../../../../Drivers/PY32E407_HAL_Driver/Src/py32e407_hal_rcc.c ****                              RCC_OscInitStruct->PLL.PLLPrediv,
 647:../../../../../Drivers/PY32E407_HAL_Driver/Src/py32e407_hal_rcc.c ****                              RCC_OscInitStruct->PLL.PLLPostdiv);
 648:../../../../../Drivers/PY32E407_HAL_Driver/Src/py32e407_hal_rcc.c ****         /* Enable the main PLL. */
 649:../../../../../Drivers/PY32E407_HAL_Driver/Src/py32e407_hal_rcc.c ****         __HAL_RCC_PLL_ENABLE();
 650:../../../../../Drivers/PY32E407_HAL_Driver/Src/py32e407_hal_rcc.c **** 
 651:../../../../../Drivers/PY32E407_HAL_Driver/Src/py32e407_hal_rcc.c ****         /* Get Start Tick */
 652:../../../../../Drivers/PY32E407_HAL_Driver/Src/py32e407_hal_rcc.c ****         tickstart = HAL_GetTick();
 653:../../../../../Drivers/PY32E407_HAL_Driver/Src/py32e407_hal_rcc.c **** 
 654:../../../../../Drivers/PY32E407_HAL_Driver/Src/py32e407_hal_rcc.c ****         /* Wait till PLL is ready */
 655:../../../../../Drivers/PY32E407_HAL_Driver/Src/py32e407_hal_rcc.c ****         while (__HAL_RCC_GET_FLAG(RCC_FLAG_PLLRDY)  == RESET)
 656:../../../../../Drivers/PY32E407_HAL_Driver/Src/py32e407_hal_rcc.c ****         {
 657:../../../../../Drivers/PY32E407_HAL_Driver/Src/py32e407_hal_rcc.c ****           if ((HAL_GetTick() - tickstart) > PLL_TIMEOUT_VALUE)
 658:../../../../../Drivers/PY32E407_HAL_Driver/Src/py32e407_hal_rcc.c ****           {
ARM GAS  C:\Users\n11ak\AppData\Local\Temp\ccioVMLM.s 			page 13


 659:../../../../../Drivers/PY32E407_HAL_Driver/Src/py32e407_hal_rcc.c ****             return HAL_TIMEOUT;
 660:../../../../../Drivers/PY32E407_HAL_Driver/Src/py32e407_hal_rcc.c ****           }
 661:../../../../../Drivers/PY32E407_HAL_Driver/Src/py32e407_hal_rcc.c ****         }
 662:../../../../../Drivers/PY32E407_HAL_Driver/Src/py32e407_hal_rcc.c ****       }
 663:../../../../../Drivers/PY32E407_HAL_Driver/Src/py32e407_hal_rcc.c ****       else
 664:../../../../../Drivers/PY32E407_HAL_Driver/Src/py32e407_hal_rcc.c ****       {
 665:../../../../../Drivers/PY32E407_HAL_Driver/Src/py32e407_hal_rcc.c ****         /* Disable the main PLL. */
 666:../../../../../Drivers/PY32E407_HAL_Driver/Src/py32e407_hal_rcc.c ****         __HAL_RCC_PLL_DISABLE();
 667:../../../../../Drivers/PY32E407_HAL_Driver/Src/py32e407_hal_rcc.c **** 
 668:../../../../../Drivers/PY32E407_HAL_Driver/Src/py32e407_hal_rcc.c ****         /* Get Start Tick */
 669:../../../../../Drivers/PY32E407_HAL_Driver/Src/py32e407_hal_rcc.c ****         tickstart = HAL_GetTick();
 670:../../../../../Drivers/PY32E407_HAL_Driver/Src/py32e407_hal_rcc.c **** 
 671:../../../../../Drivers/PY32E407_HAL_Driver/Src/py32e407_hal_rcc.c ****         /* Wait till PLL is disabled */
 672:../../../../../Drivers/PY32E407_HAL_Driver/Src/py32e407_hal_rcc.c ****         while (__HAL_RCC_GET_FLAG(RCC_FLAG_PLLRDY)  != RESET)
 673:../../../../../Drivers/PY32E407_HAL_Driver/Src/py32e407_hal_rcc.c ****         {
 674:../../../../../Drivers/PY32E407_HAL_Driver/Src/py32e407_hal_rcc.c ****           if ((HAL_GetTick() - tickstart) > PLL_TIMEOUT_VALUE)
 675:../../../../../Drivers/PY32E407_HAL_Driver/Src/py32e407_hal_rcc.c ****           {
 676:../../../../../Drivers/PY32E407_HAL_Driver/Src/py32e407_hal_rcc.c ****             return HAL_TIMEOUT;
 677:../../../../../Drivers/PY32E407_HAL_Driver/Src/py32e407_hal_rcc.c ****           }
 678:../../../../../Drivers/PY32E407_HAL_Driver/Src/py32e407_hal_rcc.c ****         }
 679:../../../../../Drivers/PY32E407_HAL_Driver/Src/py32e407_hal_rcc.c ****       }
 680:../../../../../Drivers/PY32E407_HAL_Driver/Src/py32e407_hal_rcc.c ****     }
 681:../../../../../Drivers/PY32E407_HAL_Driver/Src/py32e407_hal_rcc.c ****     else
 682:../../../../../Drivers/PY32E407_HAL_Driver/Src/py32e407_hal_rcc.c ****     {
 683:../../../../../Drivers/PY32E407_HAL_Driver/Src/py32e407_hal_rcc.c ****       /* Check if there is a request to disable the PLL used as System clock source */
 684:../../../../../Drivers/PY32E407_HAL_Driver/Src/py32e407_hal_rcc.c ****       if ((RCC_OscInitStruct->PLL.PLLState) == RCC_PLL_OFF)
 685:../../../../../Drivers/PY32E407_HAL_Driver/Src/py32e407_hal_rcc.c ****       {
 686:../../../../../Drivers/PY32E407_HAL_Driver/Src/py32e407_hal_rcc.c ****         return HAL_ERROR;
 687:../../../../../Drivers/PY32E407_HAL_Driver/Src/py32e407_hal_rcc.c ****       }
 688:../../../../../Drivers/PY32E407_HAL_Driver/Src/py32e407_hal_rcc.c ****       else
 689:../../../../../Drivers/PY32E407_HAL_Driver/Src/py32e407_hal_rcc.c ****       {
 690:../../../../../Drivers/PY32E407_HAL_Driver/Src/py32e407_hal_rcc.c ****         /* Do not return HAL_ERROR if request repeats the current configuration */
 691:../../../../../Drivers/PY32E407_HAL_Driver/Src/py32e407_hal_rcc.c ****         pll_config = RCC->CFGR3;
 692:../../../../../Drivers/PY32E407_HAL_Driver/Src/py32e407_hal_rcc.c ****         if ((READ_BIT(pll_config, (RCC_CFGR3_PLLSRC | RCC_CFGR3_PLLXTPRE)) != RCC_OscInitStruct->PL
 693:../../../../../Drivers/PY32E407_HAL_Driver/Src/py32e407_hal_rcc.c ****             (READ_BIT(pll_config, RCC_CFGR3_PLLPREDIV) != RCC_OscInitStruct->PLL.PLLPrediv) ||
 694:../../../../../Drivers/PY32E407_HAL_Driver/Src/py32e407_hal_rcc.c ****             (((READ_BIT(pll_config, RCC_CFGR3_PLLFBDIV) >> RCC_CFGR3_PLLFBDIV_Pos) + 2U) != RCC_Osc
 695:../../../../../Drivers/PY32E407_HAL_Driver/Src/py32e407_hal_rcc.c ****             (READ_BIT(pll_config, RCC_CFGR3_PLLPOSTDIV) != RCC_OscInitStruct->PLL.PLLPostdiv))
 696:../../../../../Drivers/PY32E407_HAL_Driver/Src/py32e407_hal_rcc.c ****         {
 697:../../../../../Drivers/PY32E407_HAL_Driver/Src/py32e407_hal_rcc.c ****           return HAL_ERROR;
 698:../../../../../Drivers/PY32E407_HAL_Driver/Src/py32e407_hal_rcc.c ****         }
 699:../../../../../Drivers/PY32E407_HAL_Driver/Src/py32e407_hal_rcc.c ****       }
 700:../../../../../Drivers/PY32E407_HAL_Driver/Src/py32e407_hal_rcc.c ****     }
 701:../../../../../Drivers/PY32E407_HAL_Driver/Src/py32e407_hal_rcc.c ****   }
 702:../../../../../Drivers/PY32E407_HAL_Driver/Src/py32e407_hal_rcc.c **** 
 703:../../../../../Drivers/PY32E407_HAL_Driver/Src/py32e407_hal_rcc.c ****   return HAL_OK;
 704:../../../../../Drivers/PY32E407_HAL_Driver/Src/py32e407_hal_rcc.c **** }
 705:../../../../../Drivers/PY32E407_HAL_Driver/Src/py32e407_hal_rcc.c **** 
 706:../../../../../Drivers/PY32E407_HAL_Driver/Src/py32e407_hal_rcc.c **** /**
 707:../../../../../Drivers/PY32E407_HAL_Driver/Src/py32e407_hal_rcc.c ****   * @brief  Initializes the CPU, AHB and APB buses clocks according to the specified
 708:../../../../../Drivers/PY32E407_HAL_Driver/Src/py32e407_hal_rcc.c ****   *         parameters in the RCC_ClkInitStruct.
 709:../../../../../Drivers/PY32E407_HAL_Driver/Src/py32e407_hal_rcc.c ****   * @param  RCC_ClkInitStruct pointer to an RCC_OscInitTypeDef structure that
 710:../../../../../Drivers/PY32E407_HAL_Driver/Src/py32e407_hal_rcc.c ****   *         contains the configuration information for the RCC peripheral.
 711:../../../../../Drivers/PY32E407_HAL_Driver/Src/py32e407_hal_rcc.c ****   * @param  FLatency FLASH Latency
 712:../../../../../Drivers/PY32E407_HAL_Driver/Src/py32e407_hal_rcc.c ****   *          The value of this parameter depend on device used within the same series
 713:../../../../../Drivers/PY32E407_HAL_Driver/Src/py32e407_hal_rcc.c ****   * @note   The SystemCoreClock CMSIS variable is used to store System Clock Frequency
 714:../../../../../Drivers/PY32E407_HAL_Driver/Src/py32e407_hal_rcc.c ****   *         and updated by @ref HAL_RCC_GetHCLKFreq() function called within this function
 715:../../../../../Drivers/PY32E407_HAL_Driver/Src/py32e407_hal_rcc.c ****   *
ARM GAS  C:\Users\n11ak\AppData\Local\Temp\ccioVMLM.s 			page 14


 716:../../../../../Drivers/PY32E407_HAL_Driver/Src/py32e407_hal_rcc.c ****   * @note   The HSI is used (enabled by hardware) as system clock source after
 717:../../../../../Drivers/PY32E407_HAL_Driver/Src/py32e407_hal_rcc.c ****   *         start-up from Reset, wake-up from STOP and STANDBY mode, or in case
 718:../../../../../Drivers/PY32E407_HAL_Driver/Src/py32e407_hal_rcc.c ****   *         of failure of the HSE used directly or indirectly as system clock
 719:../../../../../Drivers/PY32E407_HAL_Driver/Src/py32e407_hal_rcc.c ****   *         (if the Clock Security System CSS is enabled).
 720:../../../../../Drivers/PY32E407_HAL_Driver/Src/py32e407_hal_rcc.c ****   *
 721:../../../../../Drivers/PY32E407_HAL_Driver/Src/py32e407_hal_rcc.c ****   * @note   A switch from one clock source to another occurs only if the target
 722:../../../../../Drivers/PY32E407_HAL_Driver/Src/py32e407_hal_rcc.c ****   *         clock source is ready (clock stable after start-up delay or PLL locked).
 723:../../../../../Drivers/PY32E407_HAL_Driver/Src/py32e407_hal_rcc.c ****   *         If a clock source which is not yet ready is selected, the switch will
 724:../../../../../Drivers/PY32E407_HAL_Driver/Src/py32e407_hal_rcc.c ****   *         occur when the clock source will be ready.
 725:../../../../../Drivers/PY32E407_HAL_Driver/Src/py32e407_hal_rcc.c ****   *         You can use @ref HAL_RCC_GetClockConfig() function to know which clock is
 726:../../../../../Drivers/PY32E407_HAL_Driver/Src/py32e407_hal_rcc.c ****   *         currently used as system clock source.
 727:../../../../../Drivers/PY32E407_HAL_Driver/Src/py32e407_hal_rcc.c ****   * @retval HAL status
 728:../../../../../Drivers/PY32E407_HAL_Driver/Src/py32e407_hal_rcc.c ****   */
 729:../../../../../Drivers/PY32E407_HAL_Driver/Src/py32e407_hal_rcc.c **** HAL_StatusTypeDef HAL_RCC_ClockConfig(RCC_ClkInitTypeDef  *RCC_ClkInitStruct, uint32_t FLatency)
 730:../../../../../Drivers/PY32E407_HAL_Driver/Src/py32e407_hal_rcc.c **** {
 731:../../../../../Drivers/PY32E407_HAL_Driver/Src/py32e407_hal_rcc.c ****   uint32_t tickstart;
 732:../../../../../Drivers/PY32E407_HAL_Driver/Src/py32e407_hal_rcc.c ****   uint32_t pllfreq;
 733:../../../../../Drivers/PY32E407_HAL_Driver/Src/py32e407_hal_rcc.c ****   uint32_t hpre = RCC_SYSCLK_DIV1;
 734:../../../../../Drivers/PY32E407_HAL_Driver/Src/py32e407_hal_rcc.c **** 
 735:../../../../../Drivers/PY32E407_HAL_Driver/Src/py32e407_hal_rcc.c ****   /* Check Null pointer */
 736:../../../../../Drivers/PY32E407_HAL_Driver/Src/py32e407_hal_rcc.c ****   if (RCC_ClkInitStruct == NULL)
 737:../../../../../Drivers/PY32E407_HAL_Driver/Src/py32e407_hal_rcc.c ****   {
 738:../../../../../Drivers/PY32E407_HAL_Driver/Src/py32e407_hal_rcc.c ****     return HAL_ERROR;
 739:../../../../../Drivers/PY32E407_HAL_Driver/Src/py32e407_hal_rcc.c ****   }
 740:../../../../../Drivers/PY32E407_HAL_Driver/Src/py32e407_hal_rcc.c **** 
 741:../../../../../Drivers/PY32E407_HAL_Driver/Src/py32e407_hal_rcc.c ****   /* Check the parameters */
 742:../../../../../Drivers/PY32E407_HAL_Driver/Src/py32e407_hal_rcc.c ****   assert_param(IS_RCC_CLOCKTYPE(RCC_ClkInitStruct->ClockType));
 743:../../../../../Drivers/PY32E407_HAL_Driver/Src/py32e407_hal_rcc.c ****   assert_param(IS_FLASH_LATENCY(FLatency));
 744:../../../../../Drivers/PY32E407_HAL_Driver/Src/py32e407_hal_rcc.c **** 
 745:../../../../../Drivers/PY32E407_HAL_Driver/Src/py32e407_hal_rcc.c ****   /* To correctly read data from FLASH memory, the number of wait states (LATENCY)
 746:../../../../../Drivers/PY32E407_HAL_Driver/Src/py32e407_hal_rcc.c ****   must be correctly programmed according to the frequency of the CPU clock
 747:../../../../../Drivers/PY32E407_HAL_Driver/Src/py32e407_hal_rcc.c ****     (HCLK) and the supply voltage of the device. */
 748:../../../../../Drivers/PY32E407_HAL_Driver/Src/py32e407_hal_rcc.c **** 
 749:../../../../../Drivers/PY32E407_HAL_Driver/Src/py32e407_hal_rcc.c **** #if defined(FLASH_ACR_LATENCY)
 750:../../../../../Drivers/PY32E407_HAL_Driver/Src/py32e407_hal_rcc.c ****   /* Increasing the number of wait states because of higher CPU frequency */
 751:../../../../../Drivers/PY32E407_HAL_Driver/Src/py32e407_hal_rcc.c ****   if (FLatency > __HAL_FLASH_GET_LATENCY())
 752:../../../../../Drivers/PY32E407_HAL_Driver/Src/py32e407_hal_rcc.c ****   {
 753:../../../../../Drivers/PY32E407_HAL_Driver/Src/py32e407_hal_rcc.c ****     /* Program the new number of wait states to the LATENCY bits in the FLASH_ACR register */
 754:../../../../../Drivers/PY32E407_HAL_Driver/Src/py32e407_hal_rcc.c ****     __HAL_FLASH_SET_LATENCY(FLatency);
 755:../../../../../Drivers/PY32E407_HAL_Driver/Src/py32e407_hal_rcc.c **** 
 756:../../../../../Drivers/PY32E407_HAL_Driver/Src/py32e407_hal_rcc.c ****     /* Check that the new number of wait states is taken into account to access the Flash
 757:../../../../../Drivers/PY32E407_HAL_Driver/Src/py32e407_hal_rcc.c ****     memory by reading the FLASH_ACR register */
 758:../../../../../Drivers/PY32E407_HAL_Driver/Src/py32e407_hal_rcc.c ****     if (__HAL_FLASH_GET_LATENCY() != FLatency)
 759:../../../../../Drivers/PY32E407_HAL_Driver/Src/py32e407_hal_rcc.c ****     {
 760:../../../../../Drivers/PY32E407_HAL_Driver/Src/py32e407_hal_rcc.c ****       return HAL_ERROR;
 761:../../../../../Drivers/PY32E407_HAL_Driver/Src/py32e407_hal_rcc.c ****     }
 762:../../../../../Drivers/PY32E407_HAL_Driver/Src/py32e407_hal_rcc.c ****   }
 763:../../../../../Drivers/PY32E407_HAL_Driver/Src/py32e407_hal_rcc.c **** 
 764:../../../../../Drivers/PY32E407_HAL_Driver/Src/py32e407_hal_rcc.c **** #endif /* FLASH_ACR_LATENCY */
 765:../../../../../Drivers/PY32E407_HAL_Driver/Src/py32e407_hal_rcc.c **** 
 766:../../../../../Drivers/PY32E407_HAL_Driver/Src/py32e407_hal_rcc.c ****   /*-------------------------- HCLK Configuration --------------------------*/
 767:../../../../../Drivers/PY32E407_HAL_Driver/Src/py32e407_hal_rcc.c ****   if (((RCC_ClkInitStruct->ClockType) & RCC_CLOCKTYPE_HCLK) == RCC_CLOCKTYPE_HCLK)
 768:../../../../../Drivers/PY32E407_HAL_Driver/Src/py32e407_hal_rcc.c ****   {
 769:../../../../../Drivers/PY32E407_HAL_Driver/Src/py32e407_hal_rcc.c ****     /* Set the highest APB divider in order to ensure that we do not go through
 770:../../../../../Drivers/PY32E407_HAL_Driver/Src/py32e407_hal_rcc.c ****        a non-spec phase whatever we decrease or increase HCLK. */
 771:../../../../../Drivers/PY32E407_HAL_Driver/Src/py32e407_hal_rcc.c ****     if (((RCC_ClkInitStruct->ClockType) & RCC_CLOCKTYPE_PCLK1) == RCC_CLOCKTYPE_PCLK1)
 772:../../../../../Drivers/PY32E407_HAL_Driver/Src/py32e407_hal_rcc.c ****     {
ARM GAS  C:\Users\n11ak\AppData\Local\Temp\ccioVMLM.s 			page 15


 773:../../../../../Drivers/PY32E407_HAL_Driver/Src/py32e407_hal_rcc.c ****       MODIFY_REG(RCC->CFGR, RCC_CFGR_PPRE1, RCC_HCLK_DIV16);
 774:../../../../../Drivers/PY32E407_HAL_Driver/Src/py32e407_hal_rcc.c ****     }
 775:../../../../../Drivers/PY32E407_HAL_Driver/Src/py32e407_hal_rcc.c ****     if (((RCC_ClkInitStruct->ClockType) & RCC_CLOCKTYPE_PCLK2) == RCC_CLOCKTYPE_PCLK2)
 776:../../../../../Drivers/PY32E407_HAL_Driver/Src/py32e407_hal_rcc.c ****     {
 777:../../../../../Drivers/PY32E407_HAL_Driver/Src/py32e407_hal_rcc.c ****       MODIFY_REG(RCC->CFGR, RCC_CFGR_PPRE2, RCC_HCLK_DIV16 << 3U);
 778:../../../../../Drivers/PY32E407_HAL_Driver/Src/py32e407_hal_rcc.c ****     }
 779:../../../../../Drivers/PY32E407_HAL_Driver/Src/py32e407_hal_rcc.c **** 
 780:../../../../../Drivers/PY32E407_HAL_Driver/Src/py32e407_hal_rcc.c ****     /* Set the new HCLK clock divider */
 781:../../../../../Drivers/PY32E407_HAL_Driver/Src/py32e407_hal_rcc.c ****     assert_param(IS_RCC_HCLK(RCC_ClkInitStruct->AHBCLKDivider));
 782:../../../../../Drivers/PY32E407_HAL_Driver/Src/py32e407_hal_rcc.c ****     MODIFY_REG(RCC->CFGR, RCC_CFGR_HPRE, RCC_ClkInitStruct->AHBCLKDivider);
 783:../../../../../Drivers/PY32E407_HAL_Driver/Src/py32e407_hal_rcc.c ****   }
 784:../../../../../Drivers/PY32E407_HAL_Driver/Src/py32e407_hal_rcc.c ****   
 785:../../../../../Drivers/PY32E407_HAL_Driver/Src/py32e407_hal_rcc.c ****   /*------------------------- SYSCLK Configuration ---------------------------*/
 786:../../../../../Drivers/PY32E407_HAL_Driver/Src/py32e407_hal_rcc.c ****   if (((RCC_ClkInitStruct->ClockType) & RCC_CLOCKTYPE_SYSCLK) == RCC_CLOCKTYPE_SYSCLK)
 787:../../../../../Drivers/PY32E407_HAL_Driver/Src/py32e407_hal_rcc.c ****   {
 788:../../../../../Drivers/PY32E407_HAL_Driver/Src/py32e407_hal_rcc.c ****     assert_param(IS_RCC_SYSCLKSOURCE(RCC_ClkInitStruct->SYSCLKSource));
 789:../../../../../Drivers/PY32E407_HAL_Driver/Src/py32e407_hal_rcc.c **** 
 790:../../../../../Drivers/PY32E407_HAL_Driver/Src/py32e407_hal_rcc.c ****     /* PLL is selected as System Clock Source */
 791:../../../../../Drivers/PY32E407_HAL_Driver/Src/py32e407_hal_rcc.c ****     if (RCC_ClkInitStruct->SYSCLKSource == RCC_SYSCLKSOURCE_PLLCLK)
 792:../../../../../Drivers/PY32E407_HAL_Driver/Src/py32e407_hal_rcc.c ****     {
 793:../../../../../Drivers/PY32E407_HAL_Driver/Src/py32e407_hal_rcc.c ****       /* Check the PLL ready flag */
 794:../../../../../Drivers/PY32E407_HAL_Driver/Src/py32e407_hal_rcc.c ****       if (__HAL_RCC_GET_FLAG(RCC_FLAG_PLLRDY) == RESET)
 795:../../../../../Drivers/PY32E407_HAL_Driver/Src/py32e407_hal_rcc.c ****       {
 796:../../../../../Drivers/PY32E407_HAL_Driver/Src/py32e407_hal_rcc.c ****         return HAL_ERROR;
 797:../../../../../Drivers/PY32E407_HAL_Driver/Src/py32e407_hal_rcc.c ****       }
 798:../../../../../Drivers/PY32E407_HAL_Driver/Src/py32e407_hal_rcc.c ****       /* Undershoot management when selection PLL as SYSCLK source and frequency above 80Mhz */
 799:../../../../../Drivers/PY32E407_HAL_Driver/Src/py32e407_hal_rcc.c ****       /* Compute target PLL output frequency */
 800:../../../../../Drivers/PY32E407_HAL_Driver/Src/py32e407_hal_rcc.c ****       pllfreq = RCC_GetSysClockFreqFromPLLSource();
 801:../../../../../Drivers/PY32E407_HAL_Driver/Src/py32e407_hal_rcc.c ****     }
 802:../../../../../Drivers/PY32E407_HAL_Driver/Src/py32e407_hal_rcc.c ****     else
 803:../../../../../Drivers/PY32E407_HAL_Driver/Src/py32e407_hal_rcc.c ****     {
 804:../../../../../Drivers/PY32E407_HAL_Driver/Src/py32e407_hal_rcc.c ****       /* HSE is selected as System Clock Source */
 805:../../../../../Drivers/PY32E407_HAL_Driver/Src/py32e407_hal_rcc.c ****       if (RCC_ClkInitStruct->SYSCLKSource == RCC_SYSCLKSOURCE_HSE)
 806:../../../../../Drivers/PY32E407_HAL_Driver/Src/py32e407_hal_rcc.c ****       {
 807:../../../../../Drivers/PY32E407_HAL_Driver/Src/py32e407_hal_rcc.c ****         /* Check the HSE ready flag */
 808:../../../../../Drivers/PY32E407_HAL_Driver/Src/py32e407_hal_rcc.c ****         if(__HAL_RCC_GET_FLAG(RCC_FLAG_HSERDY) == RESET)
 809:../../../../../Drivers/PY32E407_HAL_Driver/Src/py32e407_hal_rcc.c ****         {
 810:../../../../../Drivers/PY32E407_HAL_Driver/Src/py32e407_hal_rcc.c ****           return HAL_ERROR;
 811:../../../../../Drivers/PY32E407_HAL_Driver/Src/py32e407_hal_rcc.c ****         }
 812:../../../../../Drivers/PY32E407_HAL_Driver/Src/py32e407_hal_rcc.c ****       }
 813:../../../../../Drivers/PY32E407_HAL_Driver/Src/py32e407_hal_rcc.c ****       /* HSI is selected as System Clock Source */
 814:../../../../../Drivers/PY32E407_HAL_Driver/Src/py32e407_hal_rcc.c ****       else
 815:../../../../../Drivers/PY32E407_HAL_Driver/Src/py32e407_hal_rcc.c ****       {
 816:../../../../../Drivers/PY32E407_HAL_Driver/Src/py32e407_hal_rcc.c ****         /* Check the HSI ready flag */
 817:../../../../../Drivers/PY32E407_HAL_Driver/Src/py32e407_hal_rcc.c ****         if(__HAL_RCC_GET_FLAG(RCC_FLAG_HSIRDY) == RESET)
 818:../../../../../Drivers/PY32E407_HAL_Driver/Src/py32e407_hal_rcc.c ****         {
 819:../../../../../Drivers/PY32E407_HAL_Driver/Src/py32e407_hal_rcc.c ****           return HAL_ERROR;
 820:../../../../../Drivers/PY32E407_HAL_Driver/Src/py32e407_hal_rcc.c ****         }
 821:../../../../../Drivers/PY32E407_HAL_Driver/Src/py32e407_hal_rcc.c ****       }
 822:../../../../../Drivers/PY32E407_HAL_Driver/Src/py32e407_hal_rcc.c ****       /* Overshoot management when going down from PLL as SYSCLK source and frequency above 80Mhz *
 823:../../../../../Drivers/PY32E407_HAL_Driver/Src/py32e407_hal_rcc.c ****       pllfreq = HAL_RCC_GetSysClockFreq();
 824:../../../../../Drivers/PY32E407_HAL_Driver/Src/py32e407_hal_rcc.c ****     }
 825:../../../../../Drivers/PY32E407_HAL_Driver/Src/py32e407_hal_rcc.c ****     
 826:../../../../../Drivers/PY32E407_HAL_Driver/Src/py32e407_hal_rcc.c ****     /* Before reducing the HCLK frequency below 80MHz or increasing it above 80MHz, 
 827:../../../../../Drivers/PY32E407_HAL_Driver/Src/py32e407_hal_rcc.c ****     it is necessary to use 2 as an intermediate step for the prescaler */
 828:../../../../../Drivers/PY32E407_HAL_Driver/Src/py32e407_hal_rcc.c ****     if(pllfreq > 80000000U)
 829:../../../../../Drivers/PY32E407_HAL_Driver/Src/py32e407_hal_rcc.c ****     {
ARM GAS  C:\Users\n11ak\AppData\Local\Temp\ccioVMLM.s 			page 16


 830:../../../../../Drivers/PY32E407_HAL_Driver/Src/py32e407_hal_rcc.c ****       if (READ_BIT(RCC->CFGR, RCC_CFGR_HPRE) == RCC_SYSCLK_DIV1)
 831:../../../../../Drivers/PY32E407_HAL_Driver/Src/py32e407_hal_rcc.c ****       {
 832:../../../../../Drivers/PY32E407_HAL_Driver/Src/py32e407_hal_rcc.c ****         MODIFY_REG(RCC->CFGR, RCC_CFGR_HPRE, RCC_SYSCLK_DIV2);
 833:../../../../../Drivers/PY32E407_HAL_Driver/Src/py32e407_hal_rcc.c ****         hpre = RCC_SYSCLK_DIV2;
 834:../../../../../Drivers/PY32E407_HAL_Driver/Src/py32e407_hal_rcc.c ****       }
 835:../../../../../Drivers/PY32E407_HAL_Driver/Src/py32e407_hal_rcc.c ****     }
 836:../../../../../Drivers/PY32E407_HAL_Driver/Src/py32e407_hal_rcc.c ****     
 837:../../../../../Drivers/PY32E407_HAL_Driver/Src/py32e407_hal_rcc.c ****     __HAL_RCC_SYSCLK_CONFIG(RCC_ClkInitStruct->SYSCLKSource);
 838:../../../../../Drivers/PY32E407_HAL_Driver/Src/py32e407_hal_rcc.c **** 
 839:../../../../../Drivers/PY32E407_HAL_Driver/Src/py32e407_hal_rcc.c ****     /* Get Start Tick */
 840:../../../../../Drivers/PY32E407_HAL_Driver/Src/py32e407_hal_rcc.c ****     tickstart = HAL_GetTick();
 841:../../../../../Drivers/PY32E407_HAL_Driver/Src/py32e407_hal_rcc.c **** 
 842:../../../../../Drivers/PY32E407_HAL_Driver/Src/py32e407_hal_rcc.c ****     while (__HAL_RCC_GET_SYSCLK_SOURCE() != (RCC_ClkInitStruct->SYSCLKSource << RCC_CFGR_SWS_Pos))
 843:../../../../../Drivers/PY32E407_HAL_Driver/Src/py32e407_hal_rcc.c ****     {
 844:../../../../../Drivers/PY32E407_HAL_Driver/Src/py32e407_hal_rcc.c ****       if ((HAL_GetTick() - tickstart) > CLOCKSWITCH_TIMEOUT_VALUE)
 845:../../../../../Drivers/PY32E407_HAL_Driver/Src/py32e407_hal_rcc.c ****       {
 846:../../../../../Drivers/PY32E407_HAL_Driver/Src/py32e407_hal_rcc.c ****         return HAL_TIMEOUT;
 847:../../../../../Drivers/PY32E407_HAL_Driver/Src/py32e407_hal_rcc.c ****       }
 848:../../../../../Drivers/PY32E407_HAL_Driver/Src/py32e407_hal_rcc.c ****     }
 849:../../../../../Drivers/PY32E407_HAL_Driver/Src/py32e407_hal_rcc.c ****   }
 850:../../../../../Drivers/PY32E407_HAL_Driver/Src/py32e407_hal_rcc.c **** 
 851:../../../../../Drivers/PY32E407_HAL_Driver/Src/py32e407_hal_rcc.c ****   /*-------------------------- HCLK Configuration --------------------------*/
 852:../../../../../Drivers/PY32E407_HAL_Driver/Src/py32e407_hal_rcc.c ****   /* Is intermediate HCLK prescaler 2 applied internally, complete with HCLK prescaler 1 */
 853:../../../../../Drivers/PY32E407_HAL_Driver/Src/py32e407_hal_rcc.c ****   if(hpre == RCC_SYSCLK_DIV2)
 854:../../../../../Drivers/PY32E407_HAL_Driver/Src/py32e407_hal_rcc.c ****   {
 855:../../../../../Drivers/PY32E407_HAL_Driver/Src/py32e407_hal_rcc.c ****     MODIFY_REG(RCC->CFGR, RCC_CFGR_HPRE, RCC_SYSCLK_DIV1);
 856:../../../../../Drivers/PY32E407_HAL_Driver/Src/py32e407_hal_rcc.c ****   }
 857:../../../../../Drivers/PY32E407_HAL_Driver/Src/py32e407_hal_rcc.c **** 
 858:../../../../../Drivers/PY32E407_HAL_Driver/Src/py32e407_hal_rcc.c **** #if defined(FLASH_ACR_LATENCY)
 859:../../../../../Drivers/PY32E407_HAL_Driver/Src/py32e407_hal_rcc.c ****   /* Decreasing the number of wait states because of lower CPU frequency */
 860:../../../../../Drivers/PY32E407_HAL_Driver/Src/py32e407_hal_rcc.c ****   if (FLatency < __HAL_FLASH_GET_LATENCY())
 861:../../../../../Drivers/PY32E407_HAL_Driver/Src/py32e407_hal_rcc.c ****   {
 862:../../../../../Drivers/PY32E407_HAL_Driver/Src/py32e407_hal_rcc.c ****     /* Program the new number of wait states to the LATENCY bits in the FLASH_ACR register */
 863:../../../../../Drivers/PY32E407_HAL_Driver/Src/py32e407_hal_rcc.c ****     __HAL_FLASH_SET_LATENCY(FLatency);
 864:../../../../../Drivers/PY32E407_HAL_Driver/Src/py32e407_hal_rcc.c **** 
 865:../../../../../Drivers/PY32E407_HAL_Driver/Src/py32e407_hal_rcc.c ****     /* Check that the new number of wait states is taken into account to access the Flash
 866:../../../../../Drivers/PY32E407_HAL_Driver/Src/py32e407_hal_rcc.c ****     memory by polling the FLASH_ACR register */
 867:../../../../../Drivers/PY32E407_HAL_Driver/Src/py32e407_hal_rcc.c ****     tickstart = HAL_GetTick();
 868:../../../../../Drivers/PY32E407_HAL_Driver/Src/py32e407_hal_rcc.c **** 
 869:../../../../../Drivers/PY32E407_HAL_Driver/Src/py32e407_hal_rcc.c ****     while (__HAL_FLASH_GET_LATENCY() != FLatency)
 870:../../../../../Drivers/PY32E407_HAL_Driver/Src/py32e407_hal_rcc.c ****     {
 871:../../../../../Drivers/PY32E407_HAL_Driver/Src/py32e407_hal_rcc.c ****       if ((HAL_GetTick() - tickstart) > CLOCKSWITCH_TIMEOUT_VALUE)
 872:../../../../../Drivers/PY32E407_HAL_Driver/Src/py32e407_hal_rcc.c ****       {
 873:../../../../../Drivers/PY32E407_HAL_Driver/Src/py32e407_hal_rcc.c ****         return HAL_TIMEOUT;
 874:../../../../../Drivers/PY32E407_HAL_Driver/Src/py32e407_hal_rcc.c ****       }
 875:../../../../../Drivers/PY32E407_HAL_Driver/Src/py32e407_hal_rcc.c ****     }
 876:../../../../../Drivers/PY32E407_HAL_Driver/Src/py32e407_hal_rcc.c ****   }
 877:../../../../../Drivers/PY32E407_HAL_Driver/Src/py32e407_hal_rcc.c **** #endif /* FLASH_ACR_LATENCY */
 878:../../../../../Drivers/PY32E407_HAL_Driver/Src/py32e407_hal_rcc.c **** 
 879:../../../../../Drivers/PY32E407_HAL_Driver/Src/py32e407_hal_rcc.c **** /*-------------------------- PCLK1 Configuration ---------------------------*/
 880:../../../../../Drivers/PY32E407_HAL_Driver/Src/py32e407_hal_rcc.c ****   if (((RCC_ClkInitStruct->ClockType) & RCC_CLOCKTYPE_PCLK1) == RCC_CLOCKTYPE_PCLK1)
 881:../../../../../Drivers/PY32E407_HAL_Driver/Src/py32e407_hal_rcc.c ****   {
 882:../../../../../Drivers/PY32E407_HAL_Driver/Src/py32e407_hal_rcc.c ****     assert_param(IS_RCC_PCLK(RCC_ClkInitStruct->APB1CLKDivider));
 883:../../../../../Drivers/PY32E407_HAL_Driver/Src/py32e407_hal_rcc.c ****     MODIFY_REG(RCC->CFGR, RCC_CFGR_PPRE1, RCC_ClkInitStruct->APB1CLKDivider);
 884:../../../../../Drivers/PY32E407_HAL_Driver/Src/py32e407_hal_rcc.c ****   }
 885:../../../../../Drivers/PY32E407_HAL_Driver/Src/py32e407_hal_rcc.c **** 
 886:../../../../../Drivers/PY32E407_HAL_Driver/Src/py32e407_hal_rcc.c ****   /*-------------------------- PCLK2 Configuration ---------------------------*/
ARM GAS  C:\Users\n11ak\AppData\Local\Temp\ccioVMLM.s 			page 17


 887:../../../../../Drivers/PY32E407_HAL_Driver/Src/py32e407_hal_rcc.c ****   if (((RCC_ClkInitStruct->ClockType) & RCC_CLOCKTYPE_PCLK2) == RCC_CLOCKTYPE_PCLK2)
 888:../../../../../Drivers/PY32E407_HAL_Driver/Src/py32e407_hal_rcc.c ****   {
 889:../../../../../Drivers/PY32E407_HAL_Driver/Src/py32e407_hal_rcc.c ****     assert_param(IS_RCC_PCLK(RCC_ClkInitStruct->APB2CLKDivider));
 890:../../../../../Drivers/PY32E407_HAL_Driver/Src/py32e407_hal_rcc.c ****     MODIFY_REG(RCC->CFGR, RCC_CFGR_PPRE2, ((RCC_ClkInitStruct->APB2CLKDivider) << 3U));
 891:../../../../../Drivers/PY32E407_HAL_Driver/Src/py32e407_hal_rcc.c ****   }
 892:../../../../../Drivers/PY32E407_HAL_Driver/Src/py32e407_hal_rcc.c **** 
 893:../../../../../Drivers/PY32E407_HAL_Driver/Src/py32e407_hal_rcc.c ****   /* Update the SystemCoreClock global variable */
 894:../../../../../Drivers/PY32E407_HAL_Driver/Src/py32e407_hal_rcc.c ****   SystemCoreClock = HAL_RCC_GetSysClockFreq() >> AHBPrescTable[(RCC->CFGR & RCC_CFGR_HPRE) >> RCC_C
 895:../../../../../Drivers/PY32E407_HAL_Driver/Src/py32e407_hal_rcc.c **** 
 896:../../../../../Drivers/PY32E407_HAL_Driver/Src/py32e407_hal_rcc.c ****   /* Configure the source of time base considering new system clocks settings*/
 897:../../../../../Drivers/PY32E407_HAL_Driver/Src/py32e407_hal_rcc.c ****   return HAL_InitTick(uwTickPrio);
 898:../../../../../Drivers/PY32E407_HAL_Driver/Src/py32e407_hal_rcc.c **** }
 899:../../../../../Drivers/PY32E407_HAL_Driver/Src/py32e407_hal_rcc.c **** 
 900:../../../../../Drivers/PY32E407_HAL_Driver/Src/py32e407_hal_rcc.c **** /**
 901:../../../../../Drivers/PY32E407_HAL_Driver/Src/py32e407_hal_rcc.c ****   * @}
 902:../../../../../Drivers/PY32E407_HAL_Driver/Src/py32e407_hal_rcc.c ****   */
 903:../../../../../Drivers/PY32E407_HAL_Driver/Src/py32e407_hal_rcc.c **** 
 904:../../../../../Drivers/PY32E407_HAL_Driver/Src/py32e407_hal_rcc.c **** /** @defgroup RCC_Exported_Functions_Group2 Peripheral Control functions
 905:../../../../../Drivers/PY32E407_HAL_Driver/Src/py32e407_hal_rcc.c ****   *  @brief   RCC clocks control functions
 906:../../../../../Drivers/PY32E407_HAL_Driver/Src/py32e407_hal_rcc.c ****   *
 907:../../../../../Drivers/PY32E407_HAL_Driver/Src/py32e407_hal_rcc.c ****   @verbatim
 908:../../../../../Drivers/PY32E407_HAL_Driver/Src/py32e407_hal_rcc.c ****   ===============================================================================
 909:../../../../../Drivers/PY32E407_HAL_Driver/Src/py32e407_hal_rcc.c ****                   ##### Peripheral Control functions #####
 910:../../../../../Drivers/PY32E407_HAL_Driver/Src/py32e407_hal_rcc.c ****   ===============================================================================
 911:../../../../../Drivers/PY32E407_HAL_Driver/Src/py32e407_hal_rcc.c ****     [..]
 912:../../../../../Drivers/PY32E407_HAL_Driver/Src/py32e407_hal_rcc.c ****     This subsection provides a set of functions allowing to control the RCC Clocks
 913:../../../../../Drivers/PY32E407_HAL_Driver/Src/py32e407_hal_rcc.c ****     frequencies.
 914:../../../../../Drivers/PY32E407_HAL_Driver/Src/py32e407_hal_rcc.c **** 
 915:../../../../../Drivers/PY32E407_HAL_Driver/Src/py32e407_hal_rcc.c ****   @endverbatim
 916:../../../../../Drivers/PY32E407_HAL_Driver/Src/py32e407_hal_rcc.c ****   * @{
 917:../../../../../Drivers/PY32E407_HAL_Driver/Src/py32e407_hal_rcc.c ****   */
 918:../../../../../Drivers/PY32E407_HAL_Driver/Src/py32e407_hal_rcc.c **** 
 919:../../../../../Drivers/PY32E407_HAL_Driver/Src/py32e407_hal_rcc.c **** /**
 920:../../../../../Drivers/PY32E407_HAL_Driver/Src/py32e407_hal_rcc.c ****   * @brief  Select the clock source to output on MCO pin(PA8/PF5).
 921:../../../../../Drivers/PY32E407_HAL_Driver/Src/py32e407_hal_rcc.c ****   * @note   PA8/PF5 should be configured in alternate function mode.
 922:../../../../../Drivers/PY32E407_HAL_Driver/Src/py32e407_hal_rcc.c ****   * @note   The default configuration of the GPIOF pin 5 (PF5) is set to reset mode (NRST pin)
 923:../../../../../Drivers/PY32E407_HAL_Driver/Src/py32e407_hal_rcc.c ****   *         and user shall set the NRST_MODE Bit in the FLASH OPTR register to be able to use it 
 924:../../../../../Drivers/PY32E407_HAL_Driver/Src/py32e407_hal_rcc.c ****   *         as an MCO pin.
 925:../../../../../Drivers/PY32E407_HAL_Driver/Src/py32e407_hal_rcc.c ****   *         The @ref HAL_FLASH_OBProgram() API can be used to configure the NRST_MODE Bit value.
 926:../../../../../Drivers/PY32E407_HAL_Driver/Src/py32e407_hal_rcc.c ****   * @param  RCC_MCOx  specifies the output direction for the clock source.
 927:../../../../../Drivers/PY32E407_HAL_Driver/Src/py32e407_hal_rcc.c ****   *          For PY32E407xx family this parameter can have only one value:
 928:../../../../../Drivers/PY32E407_HAL_Driver/Src/py32e407_hal_rcc.c ****   *            @arg @ref RCC_MCO1  Clock source to output on MCO1 pin(PA8).
 929:../../../../../Drivers/PY32E407_HAL_Driver/Src/py32e407_hal_rcc.c ****   *            @arg @ref RCC_MCO2  Clock source to output on MCO1 pin(PF5).
 930:../../../../../Drivers/PY32E407_HAL_Driver/Src/py32e407_hal_rcc.c ****   * @param  RCC_MCOSource  specifies the clock source to output.
 931:../../../../../Drivers/PY32E407_HAL_Driver/Src/py32e407_hal_rcc.c ****   *          This parameter can be one of the following values:
 932:../../../../../Drivers/PY32E407_HAL_Driver/Src/py32e407_hal_rcc.c ****   *            @arg @ref RCC_MCOSOURCE_NOCLOCK  MCO output disabled, no clock on MCO
 933:../../../../../Drivers/PY32E407_HAL_Driver/Src/py32e407_hal_rcc.c ****   *            @arg @ref RCC_MCOSOURCE_SYSCLK  system  clock selected as MCO source
 934:../../../../../Drivers/PY32E407_HAL_Driver/Src/py32e407_hal_rcc.c ****   *            @arg @ref RCC_MCOSOURCE_HSI16M  HSI16M clock selected as MCO source
 935:../../../../../Drivers/PY32E407_HAL_Driver/Src/py32e407_hal_rcc.c ****   *            @arg @ref RCC_MCOSOURCE_LSI  LSI clock selected as MCO source
 936:../../../../../Drivers/PY32E407_HAL_Driver/Src/py32e407_hal_rcc.c ****   *            @arg @ref RCC_MCOSOURCE_HSE  HSE clock selected as MCO sourcee
 937:../../../../../Drivers/PY32E407_HAL_Driver/Src/py32e407_hal_rcc.c ****   *            @arg @ref RCC_MCOSOURCE_LSE  LSE clock selected as MCO source
 938:../../../../../Drivers/PY32E407_HAL_Driver/Src/py32e407_hal_rcc.c ****   *            @arg @ref RCC_MCOSOURCE_PLLCLK  main PLL clock selected as MCO source
 939:../../../../../Drivers/PY32E407_HAL_Driver/Src/py32e407_hal_rcc.c ****   *            @arg @ref RCC_MCOSOURCE_HSI48M  HSI48M clock selected as MCO source for devices with
 940:../../../../../Drivers/PY32E407_HAL_Driver/Src/py32e407_hal_rcc.c ****   *            @arg @ref RCC_MCOSOURCE_HCLK  HCLK clock selected as MCO source
 941:../../../../../Drivers/PY32E407_HAL_Driver/Src/py32e407_hal_rcc.c ****   *            @arg @ref RCC_MCOSOURCE_PCLK1  APB1 clock selected as MCO sourcee
 942:../../../../../Drivers/PY32E407_HAL_Driver/Src/py32e407_hal_rcc.c ****   *            @arg @ref RCC_MCOSOURCE_PCLK2  APB2 clock selected as MCO source
 943:../../../../../Drivers/PY32E407_HAL_Driver/Src/py32e407_hal_rcc.c ****   *            @arg @ref RCC_MCOSOURCE_HSI10M  HSI10M clock selected as MCO source
ARM GAS  C:\Users\n11ak\AppData\Local\Temp\ccioVMLM.s 			page 18


 944:../../../../../Drivers/PY32E407_HAL_Driver/Src/py32e407_hal_rcc.c ****   * @param  RCC_MCODiv  specifies the MCO prescaler.
 945:../../../../../Drivers/PY32E407_HAL_Driver/Src/py32e407_hal_rcc.c ****   *          This parameter can be one of the following values:
 946:../../../../../Drivers/PY32E407_HAL_Driver/Src/py32e407_hal_rcc.c ****   *            @arg @ref RCC_MCODIV_1  no division applied to MCO clock
 947:../../../../../Drivers/PY32E407_HAL_Driver/Src/py32e407_hal_rcc.c ****   *            @arg @ref RCC_MCODIV_2  division by 2 applied to MCO clock
 948:../../../../../Drivers/PY32E407_HAL_Driver/Src/py32e407_hal_rcc.c ****   *            @arg @ref RCC_MCODIV_4  division by 4 applied to MCO clock
 949:../../../../../Drivers/PY32E407_HAL_Driver/Src/py32e407_hal_rcc.c ****   *            @arg @ref RCC_MCODIV_8  division by 8 applied to MCO clock
 950:../../../../../Drivers/PY32E407_HAL_Driver/Src/py32e407_hal_rcc.c ****   *            @arg @ref RCC_MCODIV_16  division by 16 applied to MCO clock
 951:../../../../../Drivers/PY32E407_HAL_Driver/Src/py32e407_hal_rcc.c ****   *            @arg @ref RCC_MCODIV_32  division by 32 applied to MCO clock
 952:../../../../../Drivers/PY32E407_HAL_Driver/Src/py32e407_hal_rcc.c ****   *            @arg @ref RCC_MCODIV_64  division by 64 applied to MCO clock
 953:../../../../../Drivers/PY32E407_HAL_Driver/Src/py32e407_hal_rcc.c ****   *            @arg @ref RCC_MCODIV_128  division by 128 applied to MCO clock
 954:../../../../../Drivers/PY32E407_HAL_Driver/Src/py32e407_hal_rcc.c ****   * @retval None
 955:../../../../../Drivers/PY32E407_HAL_Driver/Src/py32e407_hal_rcc.c ****   */
 956:../../../../../Drivers/PY32E407_HAL_Driver/Src/py32e407_hal_rcc.c **** void HAL_RCC_MCOConfig(uint32_t RCC_MCOx, uint32_t RCC_MCOSource, uint32_t RCC_MCODiv)
 957:../../../../../Drivers/PY32E407_HAL_Driver/Src/py32e407_hal_rcc.c **** {
 958:../../../../../Drivers/PY32E407_HAL_Driver/Src/py32e407_hal_rcc.c ****   GPIO_InitTypeDef GPIO_InitStruct = {0};
 959:../../../../../Drivers/PY32E407_HAL_Driver/Src/py32e407_hal_rcc.c **** 
 960:../../../../../Drivers/PY32E407_HAL_Driver/Src/py32e407_hal_rcc.c ****   /* Check the parameters */
 961:../../../../../Drivers/PY32E407_HAL_Driver/Src/py32e407_hal_rcc.c ****   assert_param(IS_RCC_MCO(RCC_MCOx));
 962:../../../../../Drivers/PY32E407_HAL_Driver/Src/py32e407_hal_rcc.c ****   assert_param(IS_RCC_MCODIV(RCC_MCODiv));
 963:../../../../../Drivers/PY32E407_HAL_Driver/Src/py32e407_hal_rcc.c ****   assert_param(IS_RCC_MCOSOURCE(RCC_MCOSource));
 964:../../../../../Drivers/PY32E407_HAL_Driver/Src/py32e407_hal_rcc.c **** 
 965:../../../../../Drivers/PY32E407_HAL_Driver/Src/py32e407_hal_rcc.c ****   GPIO_InitStruct.Mode = GPIO_MODE_AF_PP;
 966:../../../../../Drivers/PY32E407_HAL_Driver/Src/py32e407_hal_rcc.c ****   GPIO_InitStruct.Speed = GPIO_SPEED_FREQ_VERY_HIGH;
 967:../../../../../Drivers/PY32E407_HAL_Driver/Src/py32e407_hal_rcc.c ****   GPIO_InitStruct.Pull = GPIO_NOPULL;
 968:../../../../../Drivers/PY32E407_HAL_Driver/Src/py32e407_hal_rcc.c ****   switch(RCC_MCOx)
 969:../../../../../Drivers/PY32E407_HAL_Driver/Src/py32e407_hal_rcc.c ****   {
 970:../../../../../Drivers/PY32E407_HAL_Driver/Src/py32e407_hal_rcc.c ****     case RCC_MCO2 :  /* Configure PF05 as the clock output */
 971:../../../../../Drivers/PY32E407_HAL_Driver/Src/py32e407_hal_rcc.c ****       __HAL_RCC_GPIOF_CLK_ENABLE();
 972:../../../../../Drivers/PY32E407_HAL_Driver/Src/py32e407_hal_rcc.c ****       GPIO_InitStruct.Pin = GPIO_PIN_5;
 973:../../../../../Drivers/PY32E407_HAL_Driver/Src/py32e407_hal_rcc.c ****       GPIO_InitStruct.Alternate = GPIO_AF0_MCO;
 974:../../../../../Drivers/PY32E407_HAL_Driver/Src/py32e407_hal_rcc.c ****       HAL_GPIO_Init(GPIOF, &GPIO_InitStruct);
 975:../../../../../Drivers/PY32E407_HAL_Driver/Src/py32e407_hal_rcc.c ****       break;
 976:../../../../../Drivers/PY32E407_HAL_Driver/Src/py32e407_hal_rcc.c ****     case RCC_MCO1 :  /* PA08 */
 977:../../../../../Drivers/PY32E407_HAL_Driver/Src/py32e407_hal_rcc.c ****     default :
 978:../../../../../Drivers/PY32E407_HAL_Driver/Src/py32e407_hal_rcc.c ****       __HAL_RCC_GPIOA_CLK_ENABLE();
 979:../../../../../Drivers/PY32E407_HAL_Driver/Src/py32e407_hal_rcc.c ****       GPIO_InitStruct.Pin = GPIO_PIN_8;
 980:../../../../../Drivers/PY32E407_HAL_Driver/Src/py32e407_hal_rcc.c ****       GPIO_InitStruct.Alternate = GPIO_AF0_MCO;
 981:../../../../../Drivers/PY32E407_HAL_Driver/Src/py32e407_hal_rcc.c ****       HAL_GPIO_Init(GPIOA, &GPIO_InitStruct);
 982:../../../../../Drivers/PY32E407_HAL_Driver/Src/py32e407_hal_rcc.c ****       break;
 983:../../../../../Drivers/PY32E407_HAL_Driver/Src/py32e407_hal_rcc.c ****   }
 984:../../../../../Drivers/PY32E407_HAL_Driver/Src/py32e407_hal_rcc.c **** 
 985:../../../../../Drivers/PY32E407_HAL_Driver/Src/py32e407_hal_rcc.c ****     /* Mask MCO[] and MCOPRE[] bits then set MCO clock source and prescaler */
 986:../../../../../Drivers/PY32E407_HAL_Driver/Src/py32e407_hal_rcc.c ****     MODIFY_REG(RCC->CFGR, RCC_CFGR_MCO, RCC_MCOSource);
 987:../../../../../Drivers/PY32E407_HAL_Driver/Src/py32e407_hal_rcc.c ****     MODIFY_REG(RCC->CFGR1, RCC_CFGR1_MCOPRE, RCC_MCODiv);
 988:../../../../../Drivers/PY32E407_HAL_Driver/Src/py32e407_hal_rcc.c **** }
 989:../../../../../Drivers/PY32E407_HAL_Driver/Src/py32e407_hal_rcc.c **** 
 990:../../../../../Drivers/PY32E407_HAL_Driver/Src/py32e407_hal_rcc.c **** /**
 991:../../../../../Drivers/PY32E407_HAL_Driver/Src/py32e407_hal_rcc.c ****   * @brief  Enables the Clock Security System.
 992:../../../../../Drivers/PY32E407_HAL_Driver/Src/py32e407_hal_rcc.c ****   * @note   If a failure is detected on the HSE oscillator clock, this oscillator
 993:../../../../../Drivers/PY32E407_HAL_Driver/Src/py32e407_hal_rcc.c ****   *         is automatically disabled and an interrupt is generated to inform the
 994:../../../../../Drivers/PY32E407_HAL_Driver/Src/py32e407_hal_rcc.c ****   *         software about the failure (Clock Security System Interrupt, CSSI),
 995:../../../../../Drivers/PY32E407_HAL_Driver/Src/py32e407_hal_rcc.c ****   *         allowing the MCU to perform rescue operations. The CSSI is linked to
 996:../../../../../Drivers/PY32E407_HAL_Driver/Src/py32e407_hal_rcc.c ****   *         the Cortex-M4 NMI (Non-Maskable Interrupt) exception vector.
 997:../../../../../Drivers/PY32E407_HAL_Driver/Src/py32e407_hal_rcc.c ****   * @retval None
 998:../../../../../Drivers/PY32E407_HAL_Driver/Src/py32e407_hal_rcc.c ****   */
 999:../../../../../Drivers/PY32E407_HAL_Driver/Src/py32e407_hal_rcc.c **** void HAL_RCC_EnableCSS(void)
1000:../../../../../Drivers/PY32E407_HAL_Driver/Src/py32e407_hal_rcc.c **** {
ARM GAS  C:\Users\n11ak\AppData\Local\Temp\ccioVMLM.s 			page 19


1001:../../../../../Drivers/PY32E407_HAL_Driver/Src/py32e407_hal_rcc.c ****   SET_BIT(RCC->CR, RCC_CR_CSSON);
1002:../../../../../Drivers/PY32E407_HAL_Driver/Src/py32e407_hal_rcc.c **** }
1003:../../../../../Drivers/PY32E407_HAL_Driver/Src/py32e407_hal_rcc.c **** 
1004:../../../../../Drivers/PY32E407_HAL_Driver/Src/py32e407_hal_rcc.c **** /**
1005:../../../../../Drivers/PY32E407_HAL_Driver/Src/py32e407_hal_rcc.c ****   * @brief  Returns the SYSCLK frequency
1006:../../../../../Drivers/PY32E407_HAL_Driver/Src/py32e407_hal_rcc.c ****   * @note   The system frequency computed by this function is not the real
1007:../../../../../Drivers/PY32E407_HAL_Driver/Src/py32e407_hal_rcc.c ****   *         frequency in the chip. It is calculated based on the predefined
1008:../../../../../Drivers/PY32E407_HAL_Driver/Src/py32e407_hal_rcc.c ****   *         constant and the selected clock source:
1009:../../../../../Drivers/PY32E407_HAL_Driver/Src/py32e407_hal_rcc.c ****   * @note     If SYSCLK source is HSI, function returns values based on HSI_VALUE(*)
1010:../../../../../Drivers/PY32E407_HAL_Driver/Src/py32e407_hal_rcc.c ****   * @note     If SYSCLK source is HSE, function returns a value based on HSE_VALUE(**)
1011:../../../../../Drivers/PY32E407_HAL_Driver/Src/py32e407_hal_rcc.c ****   * @note     If SYSCLK source is PLL, function returns values based on HSE_VALUE(**),
1012:../../../../../Drivers/PY32E407_HAL_Driver/Src/py32e407_hal_rcc.c ****   *           HSI_VALUE(*) Value multiplied/divided by the PLL factors.
1013:../../../../../Drivers/PY32E407_HAL_Driver/Src/py32e407_hal_rcc.c ****   * @note     (*) HSI_VALUE is a constant defined in py32e407_hal_conf.h file,
1014:../../../../../Drivers/PY32E407_HAL_Driver/Src/py32e407_hal_rcc.c ****   *               but the real value may vary depending on the variations
1015:../../../../../Drivers/PY32E407_HAL_Driver/Src/py32e407_hal_rcc.c ****   *               in voltage and temperature.
1016:../../../../../Drivers/PY32E407_HAL_Driver/Src/py32e407_hal_rcc.c ****   * @note     (**) HSE_VALUE is a constant defined in py32e407_hal_conf.h file,
1017:../../../../../Drivers/PY32E407_HAL_Driver/Src/py32e407_hal_rcc.c ****   *                user has to ensure that HSE_VALUE is same as the real
1018:../../../../../Drivers/PY32E407_HAL_Driver/Src/py32e407_hal_rcc.c ****   *                frequency of the crystal used. Otherwise, this function may
1019:../../../../../Drivers/PY32E407_HAL_Driver/Src/py32e407_hal_rcc.c ****   *                have wrong result.
1020:../../../../../Drivers/PY32E407_HAL_Driver/Src/py32e407_hal_rcc.c ****   *
1021:../../../../../Drivers/PY32E407_HAL_Driver/Src/py32e407_hal_rcc.c ****   * @note   The result of this function could be not correct when using fractional
1022:../../../../../Drivers/PY32E407_HAL_Driver/Src/py32e407_hal_rcc.c ****   *         value for HSE crystal.
1023:../../../../../Drivers/PY32E407_HAL_Driver/Src/py32e407_hal_rcc.c ****   *
1024:../../../../../Drivers/PY32E407_HAL_Driver/Src/py32e407_hal_rcc.c ****   * @note   This function can be used by the user application to compute the
1025:../../../../../Drivers/PY32E407_HAL_Driver/Src/py32e407_hal_rcc.c ****   *         baud-rate for the communication peripherals or configure other parameters.
1026:../../../../../Drivers/PY32E407_HAL_Driver/Src/py32e407_hal_rcc.c ****   *
1027:../../../../../Drivers/PY32E407_HAL_Driver/Src/py32e407_hal_rcc.c ****   * @note   Each time SYSCLK changes, this function must be called to update the
1028:../../../../../Drivers/PY32E407_HAL_Driver/Src/py32e407_hal_rcc.c ****   *         right SYSCLK value. Otherwise, any configuration based on this function will be incorre
1029:../../../../../Drivers/PY32E407_HAL_Driver/Src/py32e407_hal_rcc.c ****   *
1030:../../../../../Drivers/PY32E407_HAL_Driver/Src/py32e407_hal_rcc.c ****   * @retval SYSCLK frequency
1031:../../../../../Drivers/PY32E407_HAL_Driver/Src/py32e407_hal_rcc.c ****   */
1032:../../../../../Drivers/PY32E407_HAL_Driver/Src/py32e407_hal_rcc.c **** uint32_t HAL_RCC_GetSysClockFreq(void)
1033:../../../../../Drivers/PY32E407_HAL_Driver/Src/py32e407_hal_rcc.c **** {
1034:../../../../../Drivers/PY32E407_HAL_Driver/Src/py32e407_hal_rcc.c ****   const uint8_t aDivFactorTable[4] = {1, 2, 4, 8};
1035:../../../../../Drivers/PY32E407_HAL_Driver/Src/py32e407_hal_rcc.c ****   const uint8_t aXTPredivFactorTable[2] = {1, 2};
1036:../../../../../Drivers/PY32E407_HAL_Driver/Src/py32e407_hal_rcc.c **** 
1037:../../../../../Drivers/PY32E407_HAL_Driver/Src/py32e407_hal_rcc.c ****   uint32_t tmpreg = 0U, tmppllreg=0, pllxtprediv = 0U, pllclk = 0U, pllmul = 0U, pllprediv = 0U, pl
1038:../../../../../Drivers/PY32E407_HAL_Driver/Src/py32e407_hal_rcc.c ****   uint32_t sysclockfreq = 0U;
1039:../../../../../Drivers/PY32E407_HAL_Driver/Src/py32e407_hal_rcc.c **** 
1040:../../../../../Drivers/PY32E407_HAL_Driver/Src/py32e407_hal_rcc.c ****   tmpreg = RCC->CFGR;
1041:../../../../../Drivers/PY32E407_HAL_Driver/Src/py32e407_hal_rcc.c ****   
1042:../../../../../Drivers/PY32E407_HAL_Driver/Src/py32e407_hal_rcc.c ****   tmppllreg = RCC->CFGR3;
1043:../../../../../Drivers/PY32E407_HAL_Driver/Src/py32e407_hal_rcc.c **** 
1044:../../../../../Drivers/PY32E407_HAL_Driver/Src/py32e407_hal_rcc.c ****   /* Get SYSCLK source -------------------------------------------------------*/
1045:../../../../../Drivers/PY32E407_HAL_Driver/Src/py32e407_hal_rcc.c ****   switch (tmpreg & RCC_CFGR_SWS)
1046:../../../../../Drivers/PY32E407_HAL_Driver/Src/py32e407_hal_rcc.c ****   {
1047:../../../../../Drivers/PY32E407_HAL_Driver/Src/py32e407_hal_rcc.c ****     case RCC_SYSCLKSOURCE_STATUS_HSE:  /* HSE used as system clock */
1048:../../../../../Drivers/PY32E407_HAL_Driver/Src/py32e407_hal_rcc.c ****     {
1049:../../../../../Drivers/PY32E407_HAL_Driver/Src/py32e407_hal_rcc.c ****       sysclockfreq = HSE_VALUE;
1050:../../../../../Drivers/PY32E407_HAL_Driver/Src/py32e407_hal_rcc.c ****       break;
1051:../../../../../Drivers/PY32E407_HAL_Driver/Src/py32e407_hal_rcc.c ****     }
1052:../../../../../Drivers/PY32E407_HAL_Driver/Src/py32e407_hal_rcc.c ****     case RCC_SYSCLKSOURCE_STATUS_PLLCLK:  /* PLL used as system clock */
1053:../../../../../Drivers/PY32E407_HAL_Driver/Src/py32e407_hal_rcc.c ****     {
1054:../../../../../Drivers/PY32E407_HAL_Driver/Src/py32e407_hal_rcc.c ****       pllprediv = aDivFactorTable[(uint32_t)(RCC->CFGR3 & RCC_CFGR3_PLLPREDIV) >> RCC_CFGR3_PLLPRED
1055:../../../../../Drivers/PY32E407_HAL_Driver/Src/py32e407_hal_rcc.c ****       pllpostdiv = aDivFactorTable[(uint32_t)(RCC->CFGR3 & RCC_CFGR3_PLLPOSTDIV) >> RCC_CFGR3_PLLPO
1056:../../../../../Drivers/PY32E407_HAL_Driver/Src/py32e407_hal_rcc.c ****       pllmul = (READ_BIT(RCC->CFGR3, RCC_CFGR3_PLLFBDIV) >> RCC_CFGR3_PLLFBDIV_Pos) + 2U;
1057:../../../../../Drivers/PY32E407_HAL_Driver/Src/py32e407_hal_rcc.c ****       if (((tmppllreg & (RCC_CFGR3_PLLSRC | RCC_CFGR3_PLLXTPRE)) == RCC_PLLSOURCE_HSE) || \
ARM GAS  C:\Users\n11ak\AppData\Local\Temp\ccioVMLM.s 			page 20


1058:../../../../../Drivers/PY32E407_HAL_Driver/Src/py32e407_hal_rcc.c ****           ((tmppllreg & (RCC_CFGR3_PLLSRC | RCC_CFGR3_PLLXTPRE)) == RCC_PLLSOURCE_HSE_DIV2))
1059:../../../../../Drivers/PY32E407_HAL_Driver/Src/py32e407_hal_rcc.c ****       {
1060:../../../../../Drivers/PY32E407_HAL_Driver/Src/py32e407_hal_rcc.c ****         pllxtprediv = aXTPredivFactorTable[(uint32_t)(RCC->CFGR3 & RCC_CFGR3_PLLXTPRE) >> RCC_CFGR3
1061:../../../../../Drivers/PY32E407_HAL_Driver/Src/py32e407_hal_rcc.c ****         
1062:../../../../../Drivers/PY32E407_HAL_Driver/Src/py32e407_hal_rcc.c ****         /* HSE used as PLL clock source : PLLCLK = (HSE / PLLXTPREDIV) / PLLPREDIV * PLLMUL / PLLLP
1063:../../../../../Drivers/PY32E407_HAL_Driver/Src/py32e407_hal_rcc.c ****         pllclk = (uint32_t)((HSE_VALUE / pllxtprediv) / pllprediv * pllmul / pllpostdiv);
1064:../../../../../Drivers/PY32E407_HAL_Driver/Src/py32e407_hal_rcc.c ****       }
1065:../../../../../Drivers/PY32E407_HAL_Driver/Src/py32e407_hal_rcc.c ****       else
1066:../../../../../Drivers/PY32E407_HAL_Driver/Src/py32e407_hal_rcc.c ****       {
1067:../../../../../Drivers/PY32E407_HAL_Driver/Src/py32e407_hal_rcc.c ****         /* HSI used as PLL clock source : PLLCLK = HSI/2 / PLLPREDIV * PLLMUL / PLLLPOSTDIV */
1068:../../../../../Drivers/PY32E407_HAL_Driver/Src/py32e407_hal_rcc.c ****         pllclk = (uint32_t)((HSI_VALUE >> 1U) / pllprediv * pllmul / pllpostdiv);
1069:../../../../../Drivers/PY32E407_HAL_Driver/Src/py32e407_hal_rcc.c ****       }
1070:../../../../../Drivers/PY32E407_HAL_Driver/Src/py32e407_hal_rcc.c ****       sysclockfreq = pllclk;
1071:../../../../../Drivers/PY32E407_HAL_Driver/Src/py32e407_hal_rcc.c ****       break;
1072:../../../../../Drivers/PY32E407_HAL_Driver/Src/py32e407_hal_rcc.c ****     }
1073:../../../../../Drivers/PY32E407_HAL_Driver/Src/py32e407_hal_rcc.c ****     case RCC_SYSCLKSOURCE_STATUS_HSI:  /* HSI used as system clock source */
1074:../../../../../Drivers/PY32E407_HAL_Driver/Src/py32e407_hal_rcc.c ****     default: /* HSI used as system clock */
1075:../../../../../Drivers/PY32E407_HAL_Driver/Src/py32e407_hal_rcc.c ****     {
1076:../../../../../Drivers/PY32E407_HAL_Driver/Src/py32e407_hal_rcc.c ****       sysclockfreq = HSI_VALUE;
1077:../../../../../Drivers/PY32E407_HAL_Driver/Src/py32e407_hal_rcc.c ****       break;
1078:../../../../../Drivers/PY32E407_HAL_Driver/Src/py32e407_hal_rcc.c ****     }
1079:../../../../../Drivers/PY32E407_HAL_Driver/Src/py32e407_hal_rcc.c ****   }
1080:../../../../../Drivers/PY32E407_HAL_Driver/Src/py32e407_hal_rcc.c ****   return sysclockfreq;
1081:../../../../../Drivers/PY32E407_HAL_Driver/Src/py32e407_hal_rcc.c **** }
1082:../../../../../Drivers/PY32E407_HAL_Driver/Src/py32e407_hal_rcc.c **** 
1083:../../../../../Drivers/PY32E407_HAL_Driver/Src/py32e407_hal_rcc.c **** /**
1084:../../../../../Drivers/PY32E407_HAL_Driver/Src/py32e407_hal_rcc.c ****   * @brief  Returns the HCLK frequency
1085:../../../../../Drivers/PY32E407_HAL_Driver/Src/py32e407_hal_rcc.c ****   * @note   Each time HCLK changes, this function must be called to update the
1086:../../../../../Drivers/PY32E407_HAL_Driver/Src/py32e407_hal_rcc.c ****   *         right HCLK value. Otherwise, any configuration based on this function will be incorrect
1087:../../../../../Drivers/PY32E407_HAL_Driver/Src/py32e407_hal_rcc.c ****   *
1088:../../../../../Drivers/PY32E407_HAL_Driver/Src/py32e407_hal_rcc.c ****   * @note   The SystemCoreClock CMSIS variable is used to store System Clock Frequency
1089:../../../../../Drivers/PY32E407_HAL_Driver/Src/py32e407_hal_rcc.c ****   *         and updated within this function
1090:../../../../../Drivers/PY32E407_HAL_Driver/Src/py32e407_hal_rcc.c ****   * @retval HCLK frequency
1091:../../../../../Drivers/PY32E407_HAL_Driver/Src/py32e407_hal_rcc.c ****   */
1092:../../../../../Drivers/PY32E407_HAL_Driver/Src/py32e407_hal_rcc.c **** uint32_t HAL_RCC_GetHCLKFreq(void)
1093:../../../../../Drivers/PY32E407_HAL_Driver/Src/py32e407_hal_rcc.c **** {
1094:../../../../../Drivers/PY32E407_HAL_Driver/Src/py32e407_hal_rcc.c ****   return SystemCoreClock;
1095:../../../../../Drivers/PY32E407_HAL_Driver/Src/py32e407_hal_rcc.c **** }
1096:../../../../../Drivers/PY32E407_HAL_Driver/Src/py32e407_hal_rcc.c **** 
1097:../../../../../Drivers/PY32E407_HAL_Driver/Src/py32e407_hal_rcc.c **** /**
1098:../../../../../Drivers/PY32E407_HAL_Driver/Src/py32e407_hal_rcc.c ****   * @brief  Returns the PCLK1 frequency
1099:../../../../../Drivers/PY32E407_HAL_Driver/Src/py32e407_hal_rcc.c ****   * @note   Each time PCLK1 changes, this function must be called to update the
1100:../../../../../Drivers/PY32E407_HAL_Driver/Src/py32e407_hal_rcc.c ****   *         right PCLK1 value. Otherwise, any configuration based on this function will be incorrec
1101:../../../../../Drivers/PY32E407_HAL_Driver/Src/py32e407_hal_rcc.c ****   * @retval PCLK1 frequency
1102:../../../../../Drivers/PY32E407_HAL_Driver/Src/py32e407_hal_rcc.c ****   */
1103:../../../../../Drivers/PY32E407_HAL_Driver/Src/py32e407_hal_rcc.c **** uint32_t HAL_RCC_GetPCLK1Freq(void)
1104:../../../../../Drivers/PY32E407_HAL_Driver/Src/py32e407_hal_rcc.c **** {
1105:../../../../../Drivers/PY32E407_HAL_Driver/Src/py32e407_hal_rcc.c ****   /* Get HCLK source and Compute PCLK1 frequency ---------------------------*/
1106:../../../../../Drivers/PY32E407_HAL_Driver/Src/py32e407_hal_rcc.c ****   return (HAL_RCC_GetHCLKFreq() >> APBPrescTable[(RCC->CFGR & RCC_CFGR_PPRE1) >> RCC_CFGR_PPRE1_Pos
1107:../../../../../Drivers/PY32E407_HAL_Driver/Src/py32e407_hal_rcc.c **** }
1108:../../../../../Drivers/PY32E407_HAL_Driver/Src/py32e407_hal_rcc.c **** 
1109:../../../../../Drivers/PY32E407_HAL_Driver/Src/py32e407_hal_rcc.c **** /**
1110:../../../../../Drivers/PY32E407_HAL_Driver/Src/py32e407_hal_rcc.c ****   * @brief  Returns the PCLK2 frequency
1111:../../../../../Drivers/PY32E407_HAL_Driver/Src/py32e407_hal_rcc.c ****   * @note   Each time PCLK2 changes, this function must be called to update the
1112:../../../../../Drivers/PY32E407_HAL_Driver/Src/py32e407_hal_rcc.c ****   *         right PCLK2 value. Otherwise, any configuration based on this function will be incorrec
1113:../../../../../Drivers/PY32E407_HAL_Driver/Src/py32e407_hal_rcc.c ****   * @retval PCLK2 frequency
1114:../../../../../Drivers/PY32E407_HAL_Driver/Src/py32e407_hal_rcc.c ****   */
ARM GAS  C:\Users\n11ak\AppData\Local\Temp\ccioVMLM.s 			page 21


1115:../../../../../Drivers/PY32E407_HAL_Driver/Src/py32e407_hal_rcc.c **** uint32_t HAL_RCC_GetPCLK2Freq(void)
1116:../../../../../Drivers/PY32E407_HAL_Driver/Src/py32e407_hal_rcc.c **** {
1117:../../../../../Drivers/PY32E407_HAL_Driver/Src/py32e407_hal_rcc.c ****   /* Get HCLK source and Compute PCLK2 frequency ---------------------------*/
1118:../../../../../Drivers/PY32E407_HAL_Driver/Src/py32e407_hal_rcc.c ****   return (HAL_RCC_GetHCLKFreq() >> APBPrescTable[(RCC->CFGR & RCC_CFGR_PPRE2) >> RCC_CFGR_PPRE2_Pos
1119:../../../../../Drivers/PY32E407_HAL_Driver/Src/py32e407_hal_rcc.c **** }
1120:../../../../../Drivers/PY32E407_HAL_Driver/Src/py32e407_hal_rcc.c **** 
1121:../../../../../Drivers/PY32E407_HAL_Driver/Src/py32e407_hal_rcc.c **** /**
1122:../../../../../Drivers/PY32E407_HAL_Driver/Src/py32e407_hal_rcc.c ****   * @brief  Configures the RCC_OscInitStruct according to the internal
1123:../../../../../Drivers/PY32E407_HAL_Driver/Src/py32e407_hal_rcc.c ****   * RCC configuration registers.
1124:../../../../../Drivers/PY32E407_HAL_Driver/Src/py32e407_hal_rcc.c ****   * @param  RCC_OscInitStruct pointer to an RCC_OscInitTypeDef structure that
1125:../../../../../Drivers/PY32E407_HAL_Driver/Src/py32e407_hal_rcc.c ****   * will be configured.
1126:../../../../../Drivers/PY32E407_HAL_Driver/Src/py32e407_hal_rcc.c ****   * @retval None
1127:../../../../../Drivers/PY32E407_HAL_Driver/Src/py32e407_hal_rcc.c ****   */
1128:../../../../../Drivers/PY32E407_HAL_Driver/Src/py32e407_hal_rcc.c **** void HAL_RCC_GetOscConfig(RCC_OscInitTypeDef  *RCC_OscInitStruct)
1129:../../../../../Drivers/PY32E407_HAL_Driver/Src/py32e407_hal_rcc.c **** {
1130:../../../../../Drivers/PY32E407_HAL_Driver/Src/py32e407_hal_rcc.c ****   /* Check the parameters */
1131:../../../../../Drivers/PY32E407_HAL_Driver/Src/py32e407_hal_rcc.c ****   assert_param(RCC_OscInitStruct != NULL);
1132:../../../../../Drivers/PY32E407_HAL_Driver/Src/py32e407_hal_rcc.c **** 
1133:../../../../../Drivers/PY32E407_HAL_Driver/Src/py32e407_hal_rcc.c ****   /* Set all possible values for the Oscillator type parameter ---------------*/
1134:../../../../../Drivers/PY32E407_HAL_Driver/Src/py32e407_hal_rcc.c ****   RCC_OscInitStruct->OscillatorType = RCC_OSCILLATORTYPE_HSE | RCC_OSCILLATORTYPE_HSI  \
1135:../../../../../Drivers/PY32E407_HAL_Driver/Src/py32e407_hal_rcc.c ****                                       | RCC_OSCILLATORTYPE_LSE | RCC_OSCILLATORTYPE_LSI  \
1136:../../../../../Drivers/PY32E407_HAL_Driver/Src/py32e407_hal_rcc.c ****                                       | RCC_OSCILLATORTYPE_HSI48M;
1137:../../../../../Drivers/PY32E407_HAL_Driver/Src/py32e407_hal_rcc.c **** 
1138:../../../../../Drivers/PY32E407_HAL_Driver/Src/py32e407_hal_rcc.c ****   /* Get the HSE configuration -----------------------------------------------*/
1139:../../../../../Drivers/PY32E407_HAL_Driver/Src/py32e407_hal_rcc.c ****   if ((RCC->CR & RCC_CR_HSEBYP) == RCC_CR_HSEBYP)
1140:../../../../../Drivers/PY32E407_HAL_Driver/Src/py32e407_hal_rcc.c ****   {
1141:../../../../../Drivers/PY32E407_HAL_Driver/Src/py32e407_hal_rcc.c ****     RCC_OscInitStruct->HSEState = RCC_HSE_BYPASS;
1142:../../../../../Drivers/PY32E407_HAL_Driver/Src/py32e407_hal_rcc.c ****   }
1143:../../../../../Drivers/PY32E407_HAL_Driver/Src/py32e407_hal_rcc.c ****   else if ((RCC->CR & RCC_CR_HSEON) == RCC_CR_HSEON)
1144:../../../../../Drivers/PY32E407_HAL_Driver/Src/py32e407_hal_rcc.c ****   {
1145:../../../../../Drivers/PY32E407_HAL_Driver/Src/py32e407_hal_rcc.c ****     RCC_OscInitStruct->HSEState = RCC_HSE_ON;
1146:../../../../../Drivers/PY32E407_HAL_Driver/Src/py32e407_hal_rcc.c ****   }
1147:../../../../../Drivers/PY32E407_HAL_Driver/Src/py32e407_hal_rcc.c ****   else
1148:../../../../../Drivers/PY32E407_HAL_Driver/Src/py32e407_hal_rcc.c ****   {
1149:../../../../../Drivers/PY32E407_HAL_Driver/Src/py32e407_hal_rcc.c ****     RCC_OscInitStruct->HSEState = RCC_HSE_OFF;
1150:../../../../../Drivers/PY32E407_HAL_Driver/Src/py32e407_hal_rcc.c ****   }
1151:../../../../../Drivers/PY32E407_HAL_Driver/Src/py32e407_hal_rcc.c ****   RCC_OscInitStruct->HSEFreq = (uint32_t)(RCC->CFGR2 & RCC_CFGR2_HSEDRV);
1152:../../../../../Drivers/PY32E407_HAL_Driver/Src/py32e407_hal_rcc.c ****   
1153:../../../../../Drivers/PY32E407_HAL_Driver/Src/py32e407_hal_rcc.c ****   /* Get the HSI configuration -----------------------------------------------*/
1154:../../../../../Drivers/PY32E407_HAL_Driver/Src/py32e407_hal_rcc.c ****   if ((RCC->CR & RCC_CR_HSION) == RCC_CR_HSION)
1155:../../../../../Drivers/PY32E407_HAL_Driver/Src/py32e407_hal_rcc.c ****   {
1156:../../../../../Drivers/PY32E407_HAL_Driver/Src/py32e407_hal_rcc.c ****     RCC_OscInitStruct->HSIState = RCC_HSI_ON;
1157:../../../../../Drivers/PY32E407_HAL_Driver/Src/py32e407_hal_rcc.c ****   }
1158:../../../../../Drivers/PY32E407_HAL_Driver/Src/py32e407_hal_rcc.c ****   else
1159:../../../../../Drivers/PY32E407_HAL_Driver/Src/py32e407_hal_rcc.c ****   {
1160:../../../../../Drivers/PY32E407_HAL_Driver/Src/py32e407_hal_rcc.c ****     RCC_OscInitStruct->HSIState = RCC_HSI_OFF;
1161:../../../../../Drivers/PY32E407_HAL_Driver/Src/py32e407_hal_rcc.c ****   }
1162:../../../../../Drivers/PY32E407_HAL_Driver/Src/py32e407_hal_rcc.c **** 
1163:../../../../../Drivers/PY32E407_HAL_Driver/Src/py32e407_hal_rcc.c ****   /* Get the HSI48M configuration -----------------------------------------------*/
1164:../../../../../Drivers/PY32E407_HAL_Driver/Src/py32e407_hal_rcc.c ****   if ((RCC->CFGR1 & RCC_CFGR1_HSI48ON) == RCC_CFGR1_HSI48ON)
1165:../../../../../Drivers/PY32E407_HAL_Driver/Src/py32e407_hal_rcc.c ****   {
1166:../../../../../Drivers/PY32E407_HAL_Driver/Src/py32e407_hal_rcc.c ****     RCC_OscInitStruct->HSI48MState = RCC_HSI48M_ON;
1167:../../../../../Drivers/PY32E407_HAL_Driver/Src/py32e407_hal_rcc.c ****   }
1168:../../../../../Drivers/PY32E407_HAL_Driver/Src/py32e407_hal_rcc.c ****   else
1169:../../../../../Drivers/PY32E407_HAL_Driver/Src/py32e407_hal_rcc.c ****   {
1170:../../../../../Drivers/PY32E407_HAL_Driver/Src/py32e407_hal_rcc.c ****     RCC_OscInitStruct->HSI48MState = RCC_HSI48M_OFF;
1171:../../../../../Drivers/PY32E407_HAL_Driver/Src/py32e407_hal_rcc.c ****   }
ARM GAS  C:\Users\n11ak\AppData\Local\Temp\ccioVMLM.s 			page 22


1172:../../../../../Drivers/PY32E407_HAL_Driver/Src/py32e407_hal_rcc.c **** 
1173:../../../../../Drivers/PY32E407_HAL_Driver/Src/py32e407_hal_rcc.c ****   /* Get the LSE configuration -----------------------------------------------*/
1174:../../../../../Drivers/PY32E407_HAL_Driver/Src/py32e407_hal_rcc.c ****   if ((RCC->BDCR & RCC_BDCR_LSEBYP) == RCC_BDCR_LSEBYP)
1175:../../../../../Drivers/PY32E407_HAL_Driver/Src/py32e407_hal_rcc.c ****   {
1176:../../../../../Drivers/PY32E407_HAL_Driver/Src/py32e407_hal_rcc.c ****     RCC_OscInitStruct->LSEState = RCC_LSE_BYPASS;
1177:../../../../../Drivers/PY32E407_HAL_Driver/Src/py32e407_hal_rcc.c ****   }
1178:../../../../../Drivers/PY32E407_HAL_Driver/Src/py32e407_hal_rcc.c ****   else if ((RCC->BDCR & RCC_BDCR_LSEON) == RCC_BDCR_LSEON)
1179:../../../../../Drivers/PY32E407_HAL_Driver/Src/py32e407_hal_rcc.c ****   {
1180:../../../../../Drivers/PY32E407_HAL_Driver/Src/py32e407_hal_rcc.c ****     RCC_OscInitStruct->LSEState = RCC_LSE_ON;
1181:../../../../../Drivers/PY32E407_HAL_Driver/Src/py32e407_hal_rcc.c ****   }
1182:../../../../../Drivers/PY32E407_HAL_Driver/Src/py32e407_hal_rcc.c ****   else
1183:../../../../../Drivers/PY32E407_HAL_Driver/Src/py32e407_hal_rcc.c ****   {
1184:../../../../../Drivers/PY32E407_HAL_Driver/Src/py32e407_hal_rcc.c ****     RCC_OscInitStruct->LSEState = RCC_LSE_OFF;
1185:../../../../../Drivers/PY32E407_HAL_Driver/Src/py32e407_hal_rcc.c ****   }
1186:../../../../../Drivers/PY32E407_HAL_Driver/Src/py32e407_hal_rcc.c ****   RCC_OscInitStruct->LSEDriver = (uint32_t)(RCC->BDCR & RCC_BDCR_LSEDRV);
1187:../../../../../Drivers/PY32E407_HAL_Driver/Src/py32e407_hal_rcc.c **** 
1188:../../../../../Drivers/PY32E407_HAL_Driver/Src/py32e407_hal_rcc.c ****   /* Get the LSI configuration -----------------------------------------------*/
1189:../../../../../Drivers/PY32E407_HAL_Driver/Src/py32e407_hal_rcc.c ****   if ((RCC->CSR & RCC_CSR_LSION) == RCC_CSR_LSION)
1190:../../../../../Drivers/PY32E407_HAL_Driver/Src/py32e407_hal_rcc.c ****   {
1191:../../../../../Drivers/PY32E407_HAL_Driver/Src/py32e407_hal_rcc.c ****     RCC_OscInitStruct->LSIState = RCC_LSI_ON;
1192:../../../../../Drivers/PY32E407_HAL_Driver/Src/py32e407_hal_rcc.c ****   }
1193:../../../../../Drivers/PY32E407_HAL_Driver/Src/py32e407_hal_rcc.c ****   else
1194:../../../../../Drivers/PY32E407_HAL_Driver/Src/py32e407_hal_rcc.c ****   {
1195:../../../../../Drivers/PY32E407_HAL_Driver/Src/py32e407_hal_rcc.c ****     RCC_OscInitStruct->LSIState = RCC_LSI_OFF;
1196:../../../../../Drivers/PY32E407_HAL_Driver/Src/py32e407_hal_rcc.c ****   }
1197:../../../../../Drivers/PY32E407_HAL_Driver/Src/py32e407_hal_rcc.c ****   
1198:../../../../../Drivers/PY32E407_HAL_Driver/Src/py32e407_hal_rcc.c ****   /* Get the PLL configuration -----------------------------------------------*/
1199:../../../../../Drivers/PY32E407_HAL_Driver/Src/py32e407_hal_rcc.c ****   if ((RCC->CR & RCC_CR_PLLON) == RCC_CR_PLLON)
1200:../../../../../Drivers/PY32E407_HAL_Driver/Src/py32e407_hal_rcc.c ****   {
1201:../../../../../Drivers/PY32E407_HAL_Driver/Src/py32e407_hal_rcc.c ****     RCC_OscInitStruct->PLL.PLLState = RCC_PLL_ON;
1202:../../../../../Drivers/PY32E407_HAL_Driver/Src/py32e407_hal_rcc.c ****   }
1203:../../../../../Drivers/PY32E407_HAL_Driver/Src/py32e407_hal_rcc.c ****   else
1204:../../../../../Drivers/PY32E407_HAL_Driver/Src/py32e407_hal_rcc.c ****   {
1205:../../../../../Drivers/PY32E407_HAL_Driver/Src/py32e407_hal_rcc.c ****     RCC_OscInitStruct->PLL.PLLState = RCC_PLL_OFF;
1206:../../../../../Drivers/PY32E407_HAL_Driver/Src/py32e407_hal_rcc.c ****   }
1207:../../../../../Drivers/PY32E407_HAL_Driver/Src/py32e407_hal_rcc.c ****   RCC_OscInitStruct->PLL.PLLSource = (uint32_t)(RCC->CFGR3 & (RCC_CFGR3_PLLSRC | RCC_CFGR3_PLLXTPRE
1208:../../../../../Drivers/PY32E407_HAL_Driver/Src/py32e407_hal_rcc.c ****   RCC_OscInitStruct->PLL.PLLMUL = (uint32_t)(((RCC->CFGR3 & RCC_CFGR3_PLLFBDIV) >> RCC_CFGR3_PLLFBD
1209:../../../../../Drivers/PY32E407_HAL_Driver/Src/py32e407_hal_rcc.c ****   RCC_OscInitStruct->PLL.PLLPrediv = (uint32_t)(RCC->CFGR3 & RCC_CFGR3_PLLPREDIV);
1210:../../../../../Drivers/PY32E407_HAL_Driver/Src/py32e407_hal_rcc.c ****   RCC_OscInitStruct->PLL.PLLPostdiv = (uint32_t)(RCC->CFGR3 & RCC_CFGR3_PLLPOSTDIV);
1211:../../../../../Drivers/PY32E407_HAL_Driver/Src/py32e407_hal_rcc.c **** }
1212:../../../../../Drivers/PY32E407_HAL_Driver/Src/py32e407_hal_rcc.c **** 
1213:../../../../../Drivers/PY32E407_HAL_Driver/Src/py32e407_hal_rcc.c **** /**
1214:../../../../../Drivers/PY32E407_HAL_Driver/Src/py32e407_hal_rcc.c ****   * @brief  Get the RCC_ClkInitStruct according to the internal
1215:../../../../../Drivers/PY32E407_HAL_Driver/Src/py32e407_hal_rcc.c ****   *         RCC configuration registers.
1216:../../../../../Drivers/PY32E407_HAL_Driver/Src/py32e407_hal_rcc.c ****   * @param  RCC_ClkInitStruct pointer to an RCC_ClkInitTypeDef structure that
1217:../../../../../Drivers/PY32E407_HAL_Driver/Src/py32e407_hal_rcc.c ****   *         contains the current clock configuration.
1218:../../../../../Drivers/PY32E407_HAL_Driver/Src/py32e407_hal_rcc.c ****   * @param  pFLatency Pointer on the Flash Latency.
1219:../../../../../Drivers/PY32E407_HAL_Driver/Src/py32e407_hal_rcc.c ****   * @retval None
1220:../../../../../Drivers/PY32E407_HAL_Driver/Src/py32e407_hal_rcc.c ****   */
1221:../../../../../Drivers/PY32E407_HAL_Driver/Src/py32e407_hal_rcc.c **** void HAL_RCC_GetClockConfig(RCC_ClkInitTypeDef  *RCC_ClkInitStruct, uint32_t *pFLatency)
1222:../../../../../Drivers/PY32E407_HAL_Driver/Src/py32e407_hal_rcc.c **** {
1223:../../../../../Drivers/PY32E407_HAL_Driver/Src/py32e407_hal_rcc.c ****   /* Check the parameters */
1224:../../../../../Drivers/PY32E407_HAL_Driver/Src/py32e407_hal_rcc.c ****   assert_param(RCC_ClkInitStruct != NULL);
1225:../../../../../Drivers/PY32E407_HAL_Driver/Src/py32e407_hal_rcc.c ****   assert_param(pFLatency != NULL);
1226:../../../../../Drivers/PY32E407_HAL_Driver/Src/py32e407_hal_rcc.c **** 
1227:../../../../../Drivers/PY32E407_HAL_Driver/Src/py32e407_hal_rcc.c ****   /* Set all possible values for the Clock type parameter --------------------*/
1228:../../../../../Drivers/PY32E407_HAL_Driver/Src/py32e407_hal_rcc.c ****   RCC_ClkInitStruct->ClockType = RCC_CLOCKTYPE_SYSCLK | RCC_CLOCKTYPE_HCLK | RCC_CLOCKTYPE_PCLK1 | 
ARM GAS  C:\Users\n11ak\AppData\Local\Temp\ccioVMLM.s 			page 23


1229:../../../../../Drivers/PY32E407_HAL_Driver/Src/py32e407_hal_rcc.c **** 
1230:../../../../../Drivers/PY32E407_HAL_Driver/Src/py32e407_hal_rcc.c ****   /* Get the SYSCLK configuration --------------------------------------------*/
1231:../../../../../Drivers/PY32E407_HAL_Driver/Src/py32e407_hal_rcc.c ****   RCC_ClkInitStruct->SYSCLKSource = (uint32_t)(RCC->CFGR & RCC_CFGR_SW);
1232:../../../../../Drivers/PY32E407_HAL_Driver/Src/py32e407_hal_rcc.c **** 
1233:../../../../../Drivers/PY32E407_HAL_Driver/Src/py32e407_hal_rcc.c ****   /* Get the HCLK configuration ----------------------------------------------*/
1234:../../../../../Drivers/PY32E407_HAL_Driver/Src/py32e407_hal_rcc.c ****   RCC_ClkInitStruct->AHBCLKDivider = (uint32_t)(RCC->CFGR & RCC_CFGR_HPRE);
1235:../../../../../Drivers/PY32E407_HAL_Driver/Src/py32e407_hal_rcc.c **** 
1236:../../../../../Drivers/PY32E407_HAL_Driver/Src/py32e407_hal_rcc.c ****   /* Get the APB1 configuration ----------------------------------------------*/
1237:../../../../../Drivers/PY32E407_HAL_Driver/Src/py32e407_hal_rcc.c ****   RCC_ClkInitStruct->APB1CLKDivider = (uint32_t)(RCC->CFGR & RCC_CFGR_PPRE1);
1238:../../../../../Drivers/PY32E407_HAL_Driver/Src/py32e407_hal_rcc.c **** 
1239:../../../../../Drivers/PY32E407_HAL_Driver/Src/py32e407_hal_rcc.c ****   /* Get the APB2 configuration ----------------------------------------------*/
1240:../../../../../Drivers/PY32E407_HAL_Driver/Src/py32e407_hal_rcc.c ****   RCC_ClkInitStruct->APB2CLKDivider = (uint32_t)((RCC->CFGR & RCC_CFGR_PPRE2) >> 3);
1241:../../../../../Drivers/PY32E407_HAL_Driver/Src/py32e407_hal_rcc.c **** 
1242:../../../../../Drivers/PY32E407_HAL_Driver/Src/py32e407_hal_rcc.c **** #if   defined(FLASH_ACR_LATENCY)
1243:../../../../../Drivers/PY32E407_HAL_Driver/Src/py32e407_hal_rcc.c ****   /* Get the Flash Wait State (Latency) configuration ------------------------*/
1244:../../../../../Drivers/PY32E407_HAL_Driver/Src/py32e407_hal_rcc.c ****   *pFLatency = (uint32_t)(FLASH->ACR & FLASH_ACR_LATENCY);
1245:../../../../../Drivers/PY32E407_HAL_Driver/Src/py32e407_hal_rcc.c **** #else
1246:../../../../../Drivers/PY32E407_HAL_Driver/Src/py32e407_hal_rcc.c ****   /* For VALUE lines devices, only LATENCY_0 can be set*/
1247:../../../../../Drivers/PY32E407_HAL_Driver/Src/py32e407_hal_rcc.c ****   *pFLatency = (uint32_t)FLASH_LATENCY_0;
1248:../../../../../Drivers/PY32E407_HAL_Driver/Src/py32e407_hal_rcc.c **** #endif
1249:../../../../../Drivers/PY32E407_HAL_Driver/Src/py32e407_hal_rcc.c **** }
1250:../../../../../Drivers/PY32E407_HAL_Driver/Src/py32e407_hal_rcc.c **** 
1251:../../../../../Drivers/PY32E407_HAL_Driver/Src/py32e407_hal_rcc.c **** /**
1252:../../../../../Drivers/PY32E407_HAL_Driver/Src/py32e407_hal_rcc.c ****   * @brief This function handles the RCC CSS interrupt request.
1253:../../../../../Drivers/PY32E407_HAL_Driver/Src/py32e407_hal_rcc.c ****   * @note This API should be called under the NMI_Handler().
1254:../../../../../Drivers/PY32E407_HAL_Driver/Src/py32e407_hal_rcc.c ****   * @retval None
1255:../../../../../Drivers/PY32E407_HAL_Driver/Src/py32e407_hal_rcc.c ****   */
1256:../../../../../Drivers/PY32E407_HAL_Driver/Src/py32e407_hal_rcc.c **** void HAL_RCC_NMI_IRQHandler(void)
1257:../../../../../Drivers/PY32E407_HAL_Driver/Src/py32e407_hal_rcc.c **** {
1258:../../../../../Drivers/PY32E407_HAL_Driver/Src/py32e407_hal_rcc.c ****   /* Check RCC CSSF flag  */
1259:../../../../../Drivers/PY32E407_HAL_Driver/Src/py32e407_hal_rcc.c ****   if (__HAL_RCC_GET_IT(RCC_IT_CSS))
1260:../../../../../Drivers/PY32E407_HAL_Driver/Src/py32e407_hal_rcc.c ****   {
1261:../../../../../Drivers/PY32E407_HAL_Driver/Src/py32e407_hal_rcc.c ****     /* RCC Clock Security System interrupt user callback */
1262:../../../../../Drivers/PY32E407_HAL_Driver/Src/py32e407_hal_rcc.c ****     HAL_RCC_CSSCallback();
1263:../../../../../Drivers/PY32E407_HAL_Driver/Src/py32e407_hal_rcc.c **** 
1264:../../../../../Drivers/PY32E407_HAL_Driver/Src/py32e407_hal_rcc.c ****     /* Clear RCC CSS pending bit */
1265:../../../../../Drivers/PY32E407_HAL_Driver/Src/py32e407_hal_rcc.c ****     __HAL_RCC_CLEAR_IT(RCC_IT_CSS);
1266:../../../../../Drivers/PY32E407_HAL_Driver/Src/py32e407_hal_rcc.c ****   }
1267:../../../../../Drivers/PY32E407_HAL_Driver/Src/py32e407_hal_rcc.c **** }
1268:../../../../../Drivers/PY32E407_HAL_Driver/Src/py32e407_hal_rcc.c **** 
1269:../../../../../Drivers/PY32E407_HAL_Driver/Src/py32e407_hal_rcc.c **** /**
1270:../../../../../Drivers/PY32E407_HAL_Driver/Src/py32e407_hal_rcc.c ****   * @brief  RCC Clock Security System interrupt callback
1271:../../../../../Drivers/PY32E407_HAL_Driver/Src/py32e407_hal_rcc.c ****   * @retval none
1272:../../../../../Drivers/PY32E407_HAL_Driver/Src/py32e407_hal_rcc.c ****   */
1273:../../../../../Drivers/PY32E407_HAL_Driver/Src/py32e407_hal_rcc.c **** __weak void HAL_RCC_CSSCallback(void)
1274:../../../../../Drivers/PY32E407_HAL_Driver/Src/py32e407_hal_rcc.c **** {
1275:../../../../../Drivers/PY32E407_HAL_Driver/Src/py32e407_hal_rcc.c ****   /* NOTE : This function Should not be modified, when the callback is needed,
1276:../../../../../Drivers/PY32E407_HAL_Driver/Src/py32e407_hal_rcc.c ****     the HAL_RCC_CSSCallback could be implemented in the user file
1277:../../../../../Drivers/PY32E407_HAL_Driver/Src/py32e407_hal_rcc.c ****     */
1278:../../../../../Drivers/PY32E407_HAL_Driver/Src/py32e407_hal_rcc.c **** }
1279:../../../../../Drivers/PY32E407_HAL_Driver/Src/py32e407_hal_rcc.c **** 
1280:../../../../../Drivers/PY32E407_HAL_Driver/Src/py32e407_hal_rcc.c **** /**
1281:../../../../../Drivers/PY32E407_HAL_Driver/Src/py32e407_hal_rcc.c ****   * @}
1282:../../../../../Drivers/PY32E407_HAL_Driver/Src/py32e407_hal_rcc.c ****   */
1283:../../../../../Drivers/PY32E407_HAL_Driver/Src/py32e407_hal_rcc.c **** 
1284:../../../../../Drivers/PY32E407_HAL_Driver/Src/py32e407_hal_rcc.c **** /**
1285:../../../../../Drivers/PY32E407_HAL_Driver/Src/py32e407_hal_rcc.c ****   * @}
ARM GAS  C:\Users\n11ak\AppData\Local\Temp\ccioVMLM.s 			page 24


1286:../../../../../Drivers/PY32E407_HAL_Driver/Src/py32e407_hal_rcc.c ****   */
1287:../../../../../Drivers/PY32E407_HAL_Driver/Src/py32e407_hal_rcc.c **** 
1288:../../../../../Drivers/PY32E407_HAL_Driver/Src/py32e407_hal_rcc.c **** /* Private function prototypes -----------------------------------------------*/
1289:../../../../../Drivers/PY32E407_HAL_Driver/Src/py32e407_hal_rcc.c **** /** @addtogroup RCC_Private_Functions
1290:../../../../../Drivers/PY32E407_HAL_Driver/Src/py32e407_hal_rcc.c ****   * @{
1291:../../../../../Drivers/PY32E407_HAL_Driver/Src/py32e407_hal_rcc.c ****   */
1292:../../../../../Drivers/PY32E407_HAL_Driver/Src/py32e407_hal_rcc.c **** 
1293:../../../../../Drivers/PY32E407_HAL_Driver/Src/py32e407_hal_rcc.c **** /**
1294:../../../../../Drivers/PY32E407_HAL_Driver/Src/py32e407_hal_rcc.c ****   * @brief  Compute SYSCLK frequency based on PLL SYSCLK source.
1295:../../../../../Drivers/PY32E407_HAL_Driver/Src/py32e407_hal_rcc.c ****   * @retval SYSCLK frequency
1296:../../../../../Drivers/PY32E407_HAL_Driver/Src/py32e407_hal_rcc.c ****   */
1297:../../../../../Drivers/PY32E407_HAL_Driver/Src/py32e407_hal_rcc.c **** static uint32_t RCC_GetSysClockFreqFromPLLSource(void)
1298:../../../../../Drivers/PY32E407_HAL_Driver/Src/py32e407_hal_rcc.c **** {
  28              		.loc 1 1298 1 view -0
  29              		.cfi_startproc
  30              		@ args = 0, pretend = 0, frame = 8
  31              		@ frame_needed = 0, uses_anonymous_args = 0
  32              		@ link register save eliminated.
  33 0000 82B0     		sub	sp, sp, #8
  34              	.LCFI0:
  35              		.cfi_def_cfa_offset 8
1299:../../../../../Drivers/PY32E407_HAL_Driver/Src/py32e407_hal_rcc.c ****   const uint8_t aDivFactorTable[4] = {1, 2, 4, 8};
  36              		.loc 1 1299 3 view .LVU1
  37              		.loc 1 1299 17 is_stmt 0 view .LVU2
  38 0002 1C4B     		ldr	r3, .L8
  39 0004 0193     		str	r3, [sp, #4]
1300:../../../../../Drivers/PY32E407_HAL_Driver/Src/py32e407_hal_rcc.c **** 
1301:../../../../../Drivers/PY32E407_HAL_Driver/Src/py32e407_hal_rcc.c ****   uint32_t pllsource = 0U, pllmul = 0U, pllprediv = 0U, pllpostdiv = 0U, sysclockfreq = 0U;
  40              		.loc 1 1301 3 is_stmt 1 view .LVU3
  41              	.LVL0:
1302:../../../../../Drivers/PY32E407_HAL_Driver/Src/py32e407_hal_rcc.c ****   
1303:../../../../../Drivers/PY32E407_HAL_Driver/Src/py32e407_hal_rcc.c ****   /* SYSCLK = (HSE_VALUE, HSE_VALUE/2 or HSI_VALUE/2) / PLLPREDIV * PLLMUL / PLLLPOSTDIV */
1304:../../../../../Drivers/PY32E407_HAL_Driver/Src/py32e407_hal_rcc.c ****   pllsource = READ_BIT(RCC->CFGR3, RCC_CFGR3_PLLSRC | RCC_CFGR3_PLLXTPRE);
  42              		.loc 1 1304 3 view .LVU4
  43              		.loc 1 1304 15 is_stmt 0 view .LVU5
  44 0006 1C49     		ldr	r1, .L8+4
  45 0008 D1F88020 		ldr	r2, [r1, #128]
  46              		.loc 1 1304 13 view .LVU6
  47 000c 02F00302 		and	r2, r2, #3
  48              	.LVL1:
1305:../../../../../Drivers/PY32E407_HAL_Driver/Src/py32e407_hal_rcc.c ****   pllprediv = aDivFactorTable[(uint32_t)(RCC->CFGR3 & RCC_CFGR3_PLLPREDIV) >> RCC_CFGR3_PLLPREDIV_P
  49              		.loc 1 1305 3 is_stmt 1 view .LVU7
  50              		.loc 1 1305 45 is_stmt 0 view .LVU8
  51 0010 D1F88030 		ldr	r3, [r1, #128]
  52              		.loc 1 1305 76 view .LVU9
  53 0014 C3F38103 		ubfx	r3, r3, #2, #2
  54              		.loc 1 1305 30 view .LVU10
  55 0018 0833     		adds	r3, r3, #8
  56 001a 6B44     		add	r3, sp, r3
  57 001c 13F804CC 		ldrb	ip, [r3, #-4]	@ zero_extendqisi2
  58              	.LVL2:
1306:../../../../../Drivers/PY32E407_HAL_Driver/Src/py32e407_hal_rcc.c ****   pllpostdiv = aDivFactorTable[(uint32_t)(RCC->CFGR3 & RCC_CFGR3_PLLPOSTDIV) >> RCC_CFGR3_PLLPOSTDI
  59              		.loc 1 1306 3 is_stmt 1 view .LVU11
  60              		.loc 1 1306 46 is_stmt 0 view .LVU12
  61 0020 D1F88030 		ldr	r3, [r1, #128]
  62              		.loc 1 1306 78 view .LVU13
  63 0024 C3F30113 		ubfx	r3, r3, #4, #2
ARM GAS  C:\Users\n11ak\AppData\Local\Temp\ccioVMLM.s 			page 25


  64              		.loc 1 1306 31 view .LVU14
  65 0028 0833     		adds	r3, r3, #8
  66 002a 6B44     		add	r3, sp, r3
  67 002c 13F8040C 		ldrb	r0, [r3, #-4]	@ zero_extendqisi2
  68              	.LVL3:
1307:../../../../../Drivers/PY32E407_HAL_Driver/Src/py32e407_hal_rcc.c ****   pllmul = (READ_BIT(RCC->CFGR3, RCC_CFGR3_PLLFBDIV) >> RCC_CFGR3_PLLFBDIV_Pos) + 2U;
  69              		.loc 1 1307 3 is_stmt 1 view .LVU15
  70              		.loc 1 1307 13 is_stmt 0 view .LVU16
  71 0030 D1F88030 		ldr	r3, [r1, #128]
  72              		.loc 1 1307 54 view .LVU17
  73 0034 C3F30723 		ubfx	r3, r3, #8, #8
  74              		.loc 1 1307 10 view .LVU18
  75 0038 0233     		adds	r3, r3, #2
  76              	.LVL4:
1308:../../../../../Drivers/PY32E407_HAL_Driver/Src/py32e407_hal_rcc.c **** 
1309:../../../../../Drivers/PY32E407_HAL_Driver/Src/py32e407_hal_rcc.c ****   switch (pllsource)
  77              		.loc 1 1309 3 is_stmt 1 view .LVU19
  78 003a 012A     		cmp	r2, #1
  79 003c 09D0     		beq	.L2
  80 003e 032A     		cmp	r2, #3
  81 0040 10D0     		beq	.L3
1310:../../../../../Drivers/PY32E407_HAL_Driver/Src/py32e407_hal_rcc.c ****   {
1311:../../../../../Drivers/PY32E407_HAL_Driver/Src/py32e407_hal_rcc.c ****   case RCC_PLLSOURCE_HSE:  /* HSE used as PLL clock source */
1312:../../../../../Drivers/PY32E407_HAL_Driver/Src/py32e407_hal_rcc.c ****     sysclockfreq = (HSE_VALUE) / pllprediv * pllmul / pllpostdiv;
1313:../../../../../Drivers/PY32E407_HAL_Driver/Src/py32e407_hal_rcc.c ****     break;
1314:../../../../../Drivers/PY32E407_HAL_Driver/Src/py32e407_hal_rcc.c ****   
1315:../../../../../Drivers/PY32E407_HAL_Driver/Src/py32e407_hal_rcc.c ****   case RCC_PLLSOURCE_HSE_DIV2:  /* HSE/2 used as PLL clock source */
1316:../../../../../Drivers/PY32E407_HAL_Driver/Src/py32e407_hal_rcc.c ****     sysclockfreq = (HSE_VALUE / 2U) / pllprediv * pllmul / pllpostdiv;
1317:../../../../../Drivers/PY32E407_HAL_Driver/Src/py32e407_hal_rcc.c ****     break;
1318:../../../../../Drivers/PY32E407_HAL_Driver/Src/py32e407_hal_rcc.c ****   
1319:../../../../../Drivers/PY32E407_HAL_Driver/Src/py32e407_hal_rcc.c ****   case RCC_PLLSOURCE_HSI_DIV2:  /* HSI/2 used as PLL clock source */
1320:../../../../../Drivers/PY32E407_HAL_Driver/Src/py32e407_hal_rcc.c ****   default:
1321:../../../../../Drivers/PY32E407_HAL_Driver/Src/py32e407_hal_rcc.c ****     sysclockfreq = (HSI_VALUE / 2U) / pllprediv * pllmul / pllpostdiv;
  82              		.loc 1 1321 5 view .LVU20
  83              		.loc 1 1321 37 is_stmt 0 view .LVU21
  84 0042 0E4A     		ldr	r2, .L8+8
  85              	.LVL5:
  86              		.loc 1 1321 37 view .LVU22
  87 0044 B2FBFCFC 		udiv	ip, r2, ip
  88              	.LVL6:
  89              		.loc 1 1321 49 view .LVU23
  90 0048 03FB0CF3 		mul	r3, r3, ip
  91              	.LVL7:
  92              		.loc 1 1321 18 view .LVU24
  93 004c B3FBF0F0 		udiv	r0, r3, r0
  94              	.LVL8:
1322:../../../../../Drivers/PY32E407_HAL_Driver/Src/py32e407_hal_rcc.c ****     break;
  95              		.loc 1 1322 5 is_stmt 1 view .LVU25
1323:../../../../../Drivers/PY32E407_HAL_Driver/Src/py32e407_hal_rcc.c ****   }
1324:../../../../../Drivers/PY32E407_HAL_Driver/Src/py32e407_hal_rcc.c **** 
1325:../../../../../Drivers/PY32E407_HAL_Driver/Src/py32e407_hal_rcc.c ****   return sysclockfreq;
  96              		.loc 1 1325 3 view .LVU26
  97              		.loc 1 1325 10 is_stmt 0 view .LVU27
  98 0050 06E0     		b	.L1
  99              	.LVL9:
 100              	.L2:
1312:../../../../../Drivers/PY32E407_HAL_Driver/Src/py32e407_hal_rcc.c ****     break;
ARM GAS  C:\Users\n11ak\AppData\Local\Temp\ccioVMLM.s 			page 26


 101              		.loc 1 1312 5 is_stmt 1 view .LVU28
1312:../../../../../Drivers/PY32E407_HAL_Driver/Src/py32e407_hal_rcc.c ****     break;
 102              		.loc 1 1312 32 is_stmt 0 view .LVU29
 103 0052 0B4A     		ldr	r2, .L8+12
 104              	.LVL10:
1312:../../../../../Drivers/PY32E407_HAL_Driver/Src/py32e407_hal_rcc.c ****     break;
 105              		.loc 1 1312 32 view .LVU30
 106 0054 B2FBFCFC 		udiv	ip, r2, ip
 107              	.LVL11:
1312:../../../../../Drivers/PY32E407_HAL_Driver/Src/py32e407_hal_rcc.c ****     break;
 108              		.loc 1 1312 44 view .LVU31
 109 0058 03FB0CF3 		mul	r3, r3, ip
 110              	.LVL12:
1312:../../../../../Drivers/PY32E407_HAL_Driver/Src/py32e407_hal_rcc.c ****     break;
 111              		.loc 1 1312 18 view .LVU32
 112 005c B3FBF0F0 		udiv	r0, r3, r0
 113              	.LVL13:
1313:../../../../../Drivers/PY32E407_HAL_Driver/Src/py32e407_hal_rcc.c ****   
 114              		.loc 1 1313 5 is_stmt 1 view .LVU33
 115              	.L1:
1326:../../../../../Drivers/PY32E407_HAL_Driver/Src/py32e407_hal_rcc.c **** }
 116              		.loc 1 1326 1 is_stmt 0 view .LVU34
 117 0060 02B0     		add	sp, sp, #8
 118              	.LCFI1:
 119              		.cfi_remember_state
 120              		.cfi_def_cfa_offset 0
 121              		.loc 1 1326 1 view .LVU35
 122              		@ sp needed
 123 0062 7047     		bx	lr
 124              	.LVL14:
 125              	.L3:
 126              	.LCFI2:
 127              		.cfi_restore_state
1316:../../../../../Drivers/PY32E407_HAL_Driver/Src/py32e407_hal_rcc.c ****     break;
 128              		.loc 1 1316 5 is_stmt 1 view .LVU36
1316:../../../../../Drivers/PY32E407_HAL_Driver/Src/py32e407_hal_rcc.c ****     break;
 129              		.loc 1 1316 37 is_stmt 0 view .LVU37
 130 0064 074A     		ldr	r2, .L8+16
 131              	.LVL15:
1316:../../../../../Drivers/PY32E407_HAL_Driver/Src/py32e407_hal_rcc.c ****     break;
 132              		.loc 1 1316 37 view .LVU38
 133 0066 B2FBFCFC 		udiv	ip, r2, ip
 134              	.LVL16:
1316:../../../../../Drivers/PY32E407_HAL_Driver/Src/py32e407_hal_rcc.c ****     break;
 135              		.loc 1 1316 49 view .LVU39
 136 006a 03FB0CF3 		mul	r3, r3, ip
 137              	.LVL17:
1316:../../../../../Drivers/PY32E407_HAL_Driver/Src/py32e407_hal_rcc.c ****     break;
 138              		.loc 1 1316 18 view .LVU40
 139 006e B3FBF0F0 		udiv	r0, r3, r0
 140              	.LVL18:
1317:../../../../../Drivers/PY32E407_HAL_Driver/Src/py32e407_hal_rcc.c ****   
 141              		.loc 1 1317 5 is_stmt 1 view .LVU41
 142 0072 F5E7     		b	.L1
 143              	.L9:
 144              		.align	2
 145              	.L8:
ARM GAS  C:\Users\n11ak\AppData\Local\Temp\ccioVMLM.s 			page 27


 146 0074 01020408 		.word	134480385
 147 0078 00100240 		.word	1073876992
 148 007c 00127A00 		.word	8000000
 149 0080 00366E01 		.word	24000000
 150 0084 001BB700 		.word	12000000
 151              		.cfi_endproc
 152              	.LFE149:
 154              		.section	.text.HAL_RCC_DeInit,"ax",%progbits
 155              		.align	1
 156              		.global	HAL_RCC_DeInit
 157              		.syntax unified
 158              		.thumb
 159              		.thumb_func
 161              	HAL_RCC_DeInit:
 162              	.LFB136:
 204:../../../../../Drivers/PY32E407_HAL_Driver/Src/py32e407_hal_rcc.c ****   uint32_t tickstart;
 163              		.loc 1 204 1 view -0
 164              		.cfi_startproc
 165              		@ args = 0, pretend = 0, frame = 0
 166              		@ frame_needed = 0, uses_anonymous_args = 0
 167 0000 70B5     		push	{r4, r5, r6, lr}
 168              	.LCFI3:
 169              		.cfi_def_cfa_offset 16
 170              		.cfi_offset 4, -16
 171              		.cfi_offset 5, -12
 172              		.cfi_offset 6, -8
 173              		.cfi_offset 14, -4
 205:../../../../../Drivers/PY32E407_HAL_Driver/Src/py32e407_hal_rcc.c **** 
 174              		.loc 1 205 3 view .LVU43
 208:../../../../../Drivers/PY32E407_HAL_Driver/Src/py32e407_hal_rcc.c **** 
 175              		.loc 1 208 3 view .LVU44
 208:../../../../../Drivers/PY32E407_HAL_Driver/Src/py32e407_hal_rcc.c **** 
 176              		.loc 1 208 15 is_stmt 0 view .LVU45
 177 0002 FFF7FEFF 		bl	HAL_GetTick
 178              	.LVL19:
 179 0006 0446     		mov	r4, r0
 180              	.LVL20:
 211:../../../../../Drivers/PY32E407_HAL_Driver/Src/py32e407_hal_rcc.c **** 
 181              		.loc 1 211 3 is_stmt 1 view .LVU46
 182 0008 3D4A     		ldr	r2, .L31
 183 000a 1368     		ldr	r3, [r2]
 184 000c 43F00103 		orr	r3, r3, #1
 185 0010 1360     		str	r3, [r2]
 214:../../../../../Drivers/PY32E407_HAL_Driver/Src/py32e407_hal_rcc.c ****   {
 186              		.loc 1 214 3 view .LVU47
 187              	.LVL21:
 188              	.L11:
 214:../../../../../Drivers/PY32E407_HAL_Driver/Src/py32e407_hal_rcc.c ****   {
 189              		.loc 1 214 9 view .LVU48
 214:../../../../../Drivers/PY32E407_HAL_Driver/Src/py32e407_hal_rcc.c ****   {
 190              		.loc 1 214 10 is_stmt 0 view .LVU49
 191 0012 3B4B     		ldr	r3, .L31
 192 0014 1B68     		ldr	r3, [r3]
 214:../../../../../Drivers/PY32E407_HAL_Driver/Src/py32e407_hal_rcc.c ****   {
 193              		.loc 1 214 9 view .LVU50
 194 0016 13F0020F 		tst	r3, #2
 195 001a 07D1     		bne	.L26
ARM GAS  C:\Users\n11ak\AppData\Local\Temp\ccioVMLM.s 			page 28


 216:../../../../../Drivers/PY32E407_HAL_Driver/Src/py32e407_hal_rcc.c ****     {
 196              		.loc 1 216 5 is_stmt 1 view .LVU51
 216:../../../../../Drivers/PY32E407_HAL_Driver/Src/py32e407_hal_rcc.c ****     {
 197              		.loc 1 216 10 is_stmt 0 view .LVU52
 198 001c FFF7FEFF 		bl	HAL_GetTick
 199              	.LVL22:
 216:../../../../../Drivers/PY32E407_HAL_Driver/Src/py32e407_hal_rcc.c ****     {
 200              		.loc 1 216 24 view .LVU53
 201 0020 001B     		subs	r0, r0, r4
 216:../../../../../Drivers/PY32E407_HAL_Driver/Src/py32e407_hal_rcc.c ****     {
 202              		.loc 1 216 8 view .LVU54
 203 0022 0228     		cmp	r0, #2
 204 0024 F5D9     		bls	.L11
 218:../../../../../Drivers/PY32E407_HAL_Driver/Src/py32e407_hal_rcc.c ****     }
 205              		.loc 1 218 14 view .LVU55
 206 0026 0324     		movs	r4, #3
 207              	.LVL23:
 208              	.L12:
 301:../../../../../Drivers/PY32E407_HAL_Driver/Src/py32e407_hal_rcc.c **** 
 209              		.loc 1 301 1 view .LVU56
 210 0028 2046     		mov	r0, r4
 211 002a 70BD     		pop	{r4, r5, r6, pc}
 212              	.LVL24:
 213              	.L26:
 223:../../../../../Drivers/PY32E407_HAL_Driver/Src/py32e407_hal_rcc.c **** 
 214              		.loc 1 223 3 is_stmt 1 view .LVU57
 215 002c 344D     		ldr	r5, .L31
 216 002e 2B68     		ldr	r3, [r5]
 217 0030 23F0F803 		bic	r3, r3, #248
 218 0034 43F08003 		orr	r3, r3, #128
 219 0038 2B60     		str	r3, [r5]
 226:../../../../../Drivers/PY32E407_HAL_Driver/Src/py32e407_hal_rcc.c **** 
 220              		.loc 1 226 3 view .LVU58
 226:../../../../../Drivers/PY32E407_HAL_Driver/Src/py32e407_hal_rcc.c **** 
 221              		.loc 1 226 15 is_stmt 0 view .LVU59
 222 003a FFF7FEFF 		bl	HAL_GetTick
 223              	.LVL25:
 224 003e 0446     		mov	r4, r0
 225              	.LVL26:
 229:../../../../../Drivers/PY32E407_HAL_Driver/Src/py32e407_hal_rcc.c **** 
 226              		.loc 1 229 3 is_stmt 1 view .LVU60
 229:../../../../../Drivers/PY32E407_HAL_Driver/Src/py32e407_hal_rcc.c **** 
 227              		.loc 1 229 19 is_stmt 0 view .LVU61
 228 0040 6B68     		ldr	r3, [r5, #4]
 229:../../../../../Drivers/PY32E407_HAL_Driver/Src/py32e407_hal_rcc.c **** 
 229              		.loc 1 229 26 view .LVU62
 230 0042 03F47F03 		and	r3, r3, #16711680
 229:../../../../../Drivers/PY32E407_HAL_Driver/Src/py32e407_hal_rcc.c **** 
 231              		.loc 1 229 13 view .LVU63
 232 0046 6B60     		str	r3, [r5, #4]
 232:../../../../../Drivers/PY32E407_HAL_Driver/Src/py32e407_hal_rcc.c **** 
 233              		.loc 1 232 3 is_stmt 1 view .LVU64
 232:../../../../../Drivers/PY32E407_HAL_Driver/Src/py32e407_hal_rcc.c **** 
 234              		.loc 1 232 20 is_stmt 0 view .LVU65
 235 0048 AB6F     		ldr	r3, [r5, #120]
 232:../../../../../Drivers/PY32E407_HAL_Driver/Src/py32e407_hal_rcc.c **** 
 236              		.loc 1 232 28 view .LVU66
ARM GAS  C:\Users\n11ak\AppData\Local\Temp\ccioVMLM.s 			page 29


 237 004a 23F00703 		bic	r3, r3, #7
 232:../../../../../Drivers/PY32E407_HAL_Driver/Src/py32e407_hal_rcc.c **** 
 238              		.loc 1 232 14 view .LVU67
 239 004e AB67     		str	r3, [r5, #120]
 235:../../../../../Drivers/PY32E407_HAL_Driver/Src/py32e407_hal_rcc.c ****   {
 240              		.loc 1 235 3 is_stmt 1 view .LVU68
 241              	.LVL27:
 242              	.L14:
 235:../../../../../Drivers/PY32E407_HAL_Driver/Src/py32e407_hal_rcc.c ****   {
 243              		.loc 1 235 9 view .LVU69
 235:../../../../../Drivers/PY32E407_HAL_Driver/Src/py32e407_hal_rcc.c ****   {
 244              		.loc 1 235 10 is_stmt 0 view .LVU70
 245 0050 2B4B     		ldr	r3, .L31
 246 0052 5B68     		ldr	r3, [r3, #4]
 235:../../../../../Drivers/PY32E407_HAL_Driver/Src/py32e407_hal_rcc.c ****   {
 247              		.loc 1 235 9 view .LVU71
 248 0054 13F00C0F 		tst	r3, #12
 249 0058 08D0     		beq	.L27
 237:../../../../../Drivers/PY32E407_HAL_Driver/Src/py32e407_hal_rcc.c ****     {
 250              		.loc 1 237 5 is_stmt 1 view .LVU72
 237:../../../../../Drivers/PY32E407_HAL_Driver/Src/py32e407_hal_rcc.c ****     {
 251              		.loc 1 237 10 is_stmt 0 view .LVU73
 252 005a FFF7FEFF 		bl	HAL_GetTick
 253              	.LVL28:
 237:../../../../../Drivers/PY32E407_HAL_Driver/Src/py32e407_hal_rcc.c ****     {
 254              		.loc 1 237 24 view .LVU74
 255 005e 001B     		subs	r0, r0, r4
 237:../../../../../Drivers/PY32E407_HAL_Driver/Src/py32e407_hal_rcc.c ****     {
 256              		.loc 1 237 8 view .LVU75
 257 0060 41F28833 		movw	r3, #5000
 258 0064 9842     		cmp	r0, r3
 259 0066 F3D9     		bls	.L14
 239:../../../../../Drivers/PY32E407_HAL_Driver/Src/py32e407_hal_rcc.c ****     }
 260              		.loc 1 239 14 view .LVU76
 261 0068 0324     		movs	r4, #3
 262              	.LVL29:
 239:../../../../../Drivers/PY32E407_HAL_Driver/Src/py32e407_hal_rcc.c ****     }
 263              		.loc 1 239 14 view .LVU77
 264 006a DDE7     		b	.L12
 265              	.LVL30:
 266              	.L27:
 244:../../../../../Drivers/PY32E407_HAL_Driver/Src/py32e407_hal_rcc.c **** 
 267              		.loc 1 244 3 is_stmt 1 view .LVU78
 244:../../../../../Drivers/PY32E407_HAL_Driver/Src/py32e407_hal_rcc.c **** 
 268              		.loc 1 244 19 is_stmt 0 view .LVU79
 269 006c 254B     		ldr	r3, .L31+4
 270 006e 264A     		ldr	r2, .L31+8
 271 0070 1A60     		str	r2, [r3]
 247:../../../../../Drivers/PY32E407_HAL_Driver/Src/py32e407_hal_rcc.c ****   {
 272              		.loc 1 247 3 is_stmt 1 view .LVU80
 247:../../../../../Drivers/PY32E407_HAL_Driver/Src/py32e407_hal_rcc.c ****   {
 273              		.loc 1 247 7 is_stmt 0 view .LVU81
 274 0072 264B     		ldr	r3, .L31+12
 275 0074 1868     		ldr	r0, [r3]
 276 0076 FFF7FEFF 		bl	HAL_InitTick
 277              	.LVL31:
 247:../../../../../Drivers/PY32E407_HAL_Driver/Src/py32e407_hal_rcc.c ****   {
ARM GAS  C:\Users\n11ak\AppData\Local\Temp\ccioVMLM.s 			page 30


 278              		.loc 1 247 6 view .LVU82
 279 007a 0446     		mov	r4, r0
 280              	.LVL32:
 247:../../../../../Drivers/PY32E407_HAL_Driver/Src/py32e407_hal_rcc.c ****   {
 281              		.loc 1 247 6 view .LVU83
 282 007c 08B1     		cbz	r0, .L28
 249:../../../../../Drivers/PY32E407_HAL_Driver/Src/py32e407_hal_rcc.c ****   }
 283              		.loc 1 249 12 view .LVU84
 284 007e 0124     		movs	r4, #1
 285 0080 D2E7     		b	.L12
 286              	.L28:
 253:../../../../../Drivers/PY32E407_HAL_Driver/Src/py32e407_hal_rcc.c **** 
 287              		.loc 1 253 3 is_stmt 1 view .LVU85
 253:../../../../../Drivers/PY32E407_HAL_Driver/Src/py32e407_hal_rcc.c **** 
 288              		.loc 1 253 15 is_stmt 0 view .LVU86
 289 0082 FFF7FEFF 		bl	HAL_GetTick
 290              	.LVL33:
 291 0086 0546     		mov	r5, r0
 292              	.LVL34:
 256:../../../../../Drivers/PY32E407_HAL_Driver/Src/py32e407_hal_rcc.c **** 
 293              		.loc 1 256 3 is_stmt 1 view .LVU87
 294 0088 1D4A     		ldr	r2, .L31
 295 008a 1368     		ldr	r3, [r2]
 296 008c 23F08073 		bic	r3, r3, #16777216
 297 0090 1360     		str	r3, [r2]
 259:../../../../../Drivers/PY32E407_HAL_Driver/Src/py32e407_hal_rcc.c ****   {
 298              		.loc 1 259 3 view .LVU88
 299              	.LVL35:
 300              	.L16:
 259:../../../../../Drivers/PY32E407_HAL_Driver/Src/py32e407_hal_rcc.c ****   {
 301              		.loc 1 259 9 view .LVU89
 259:../../../../../Drivers/PY32E407_HAL_Driver/Src/py32e407_hal_rcc.c ****   {
 302              		.loc 1 259 10 is_stmt 0 view .LVU90
 303 0092 1B4B     		ldr	r3, .L31
 304 0094 1B68     		ldr	r3, [r3]
 259:../../../../../Drivers/PY32E407_HAL_Driver/Src/py32e407_hal_rcc.c ****   {
 305              		.loc 1 259 9 view .LVU91
 306 0096 13F0007F 		tst	r3, #33554432
 307 009a 06D0     		beq	.L29
 261:../../../../../Drivers/PY32E407_HAL_Driver/Src/py32e407_hal_rcc.c ****     {
 308              		.loc 1 261 5 is_stmt 1 view .LVU92
 261:../../../../../Drivers/PY32E407_HAL_Driver/Src/py32e407_hal_rcc.c ****     {
 309              		.loc 1 261 10 is_stmt 0 view .LVU93
 310 009c FFF7FEFF 		bl	HAL_GetTick
 311              	.LVL36:
 261:../../../../../Drivers/PY32E407_HAL_Driver/Src/py32e407_hal_rcc.c ****     {
 312              		.loc 1 261 24 view .LVU94
 313 00a0 401B     		subs	r0, r0, r5
 261:../../../../../Drivers/PY32E407_HAL_Driver/Src/py32e407_hal_rcc.c ****     {
 314              		.loc 1 261 8 view .LVU95
 315 00a2 0328     		cmp	r0, #3
 316 00a4 F5D9     		bls	.L16
 263:../../../../../Drivers/PY32E407_HAL_Driver/Src/py32e407_hal_rcc.c ****     }
 317              		.loc 1 263 14 view .LVU96
 318 00a6 0324     		movs	r4, #3
 319 00a8 BEE7     		b	.L12
 320              	.L29:
ARM GAS  C:\Users\n11ak\AppData\Local\Temp\ccioVMLM.s 			page 31


 268:../../../../../Drivers/PY32E407_HAL_Driver/Src/py32e407_hal_rcc.c **** 
 321              		.loc 1 268 3 is_stmt 1 view .LVU97
 322 00aa 154E     		ldr	r6, .L31
 323 00ac 0023     		movs	r3, #0
 324 00ae C6F88030 		str	r3, [r6, #128]
 271:../../../../../Drivers/PY32E407_HAL_Driver/Src/py32e407_hal_rcc.c **** 
 325              		.loc 1 271 3 view .LVU98
 271:../../../../../Drivers/PY32E407_HAL_Driver/Src/py32e407_hal_rcc.c **** 
 326              		.loc 1 271 15 is_stmt 0 view .LVU99
 327 00b2 FFF7FEFF 		bl	HAL_GetTick
 328              	.LVL37:
 329 00b6 0546     		mov	r5, r0
 330              	.LVL38:
 274:../../../../../Drivers/PY32E407_HAL_Driver/Src/py32e407_hal_rcc.c **** 
 331              		.loc 1 274 3 is_stmt 1 view .LVU100
 332 00b8 3368     		ldr	r3, [r6]
 333 00ba 23F41023 		bic	r3, r3, #589824
 334 00be 3360     		str	r3, [r6]
 277:../../../../../Drivers/PY32E407_HAL_Driver/Src/py32e407_hal_rcc.c ****   {
 335              		.loc 1 277 3 view .LVU101
 336              	.LVL39:
 337              	.L18:
 277:../../../../../Drivers/PY32E407_HAL_Driver/Src/py32e407_hal_rcc.c ****   {
 338              		.loc 1 277 9 view .LVU102
 277:../../../../../Drivers/PY32E407_HAL_Driver/Src/py32e407_hal_rcc.c ****   {
 339              		.loc 1 277 10 is_stmt 0 view .LVU103
 340 00c0 0F4B     		ldr	r3, .L31
 341 00c2 1B68     		ldr	r3, [r3]
 277:../../../../../Drivers/PY32E407_HAL_Driver/Src/py32e407_hal_rcc.c ****   {
 342              		.loc 1 277 9 view .LVU104
 343 00c4 13F4003F 		tst	r3, #131072
 344 00c8 06D0     		beq	.L30
 279:../../../../../Drivers/PY32E407_HAL_Driver/Src/py32e407_hal_rcc.c ****     {
 345              		.loc 1 279 5 is_stmt 1 view .LVU105
 279:../../../../../Drivers/PY32E407_HAL_Driver/Src/py32e407_hal_rcc.c ****     {
 346              		.loc 1 279 10 is_stmt 0 view .LVU106
 347 00ca FFF7FEFF 		bl	HAL_GetTick
 348              	.LVL40:
 279:../../../../../Drivers/PY32E407_HAL_Driver/Src/py32e407_hal_rcc.c ****     {
 349              		.loc 1 279 24 view .LVU107
 350 00ce 401B     		subs	r0, r0, r5
 279:../../../../../Drivers/PY32E407_HAL_Driver/Src/py32e407_hal_rcc.c ****     {
 351              		.loc 1 279 8 view .LVU108
 352 00d0 6428     		cmp	r0, #100
 353 00d2 F5D9     		bls	.L18
 281:../../../../../Drivers/PY32E407_HAL_Driver/Src/py32e407_hal_rcc.c ****     }
 354              		.loc 1 281 14 view .LVU109
 355 00d4 0324     		movs	r4, #3
 356 00d6 A7E7     		b	.L12
 357              	.L30:
 286:../../../../../Drivers/PY32E407_HAL_Driver/Src/py32e407_hal_rcc.c **** 
 358              		.loc 1 286 3 is_stmt 1 view .LVU110
 359 00d8 094B     		ldr	r3, .L31
 360 00da 1A68     		ldr	r2, [r3]
 361 00dc 22F48022 		bic	r2, r2, #262144
 362 00e0 1A60     		str	r2, [r3]
 289:../../../../../Drivers/PY32E407_HAL_Driver/Src/py32e407_hal_rcc.c **** 
ARM GAS  C:\Users\n11ak\AppData\Local\Temp\ccioVMLM.s 			page 32


 363              		.loc 1 289 3 view .LVU111
 289:../../../../../Drivers/PY32E407_HAL_Driver/Src/py32e407_hal_rcc.c **** 
 364              		.loc 1 289 20 is_stmt 0 view .LVU112
 365 00e2 DA6F     		ldr	r2, [r3, #124]
 289:../../../../../Drivers/PY32E407_HAL_Driver/Src/py32e407_hal_rcc.c **** 
 366              		.loc 1 289 28 view .LVU113
 367 00e4 02F00F02 		and	r2, r2, #15
 289:../../../../../Drivers/PY32E407_HAL_Driver/Src/py32e407_hal_rcc.c **** 
 368              		.loc 1 289 14 view .LVU114
 369 00e8 DA67     		str	r2, [r3, #124]
 292:../../../../../Drivers/PY32E407_HAL_Driver/Src/py32e407_hal_rcc.c **** 
 370              		.loc 1 292 3 is_stmt 1 view .LVU115
 371 00ea 0022     		movs	r2, #0
 372 00ec 9A60     		str	r2, [r3, #8]
 295:../../../../../Drivers/PY32E407_HAL_Driver/Src/py32e407_hal_rcc.c **** 
 373              		.loc 1 295 3 view .LVU116
 374 00ee 4FF43F02 		mov	r2, #12517376
 375 00f2 9A60     		str	r2, [r3, #8]
 298:../../../../../Drivers/PY32E407_HAL_Driver/Src/py32e407_hal_rcc.c **** 
 376              		.loc 1 298 3 view .LVU117
 377 00f4 5A6F     		ldr	r2, [r3, #116]
 378 00f6 42F08072 		orr	r2, r2, #16777216
 379 00fa 5A67     		str	r2, [r3, #116]
 300:../../../../../Drivers/PY32E407_HAL_Driver/Src/py32e407_hal_rcc.c **** }
 380              		.loc 1 300 3 view .LVU118
 300:../../../../../Drivers/PY32E407_HAL_Driver/Src/py32e407_hal_rcc.c **** }
 381              		.loc 1 300 10 is_stmt 0 view .LVU119
 382 00fc 94E7     		b	.L12
 383              	.L32:
 384 00fe 00BF     		.align	2
 385              	.L31:
 386 0100 00100240 		.word	1073876992
 387 0104 00000000 		.word	SystemCoreClock
 388 0108 0024F400 		.word	16000000
 389 010c 00000000 		.word	uwTickPrio
 390              		.cfi_endproc
 391              	.LFE136:
 393              		.section	.text.HAL_RCC_OscConfig,"ax",%progbits
 394              		.align	1
 395              		.global	HAL_RCC_OscConfig
 396              		.syntax unified
 397              		.thumb
 398              		.thumb_func
 400              	HAL_RCC_OscConfig:
 401              	.LVL41:
 402              	.LFB137:
 319:../../../../../Drivers/PY32E407_HAL_Driver/Src/py32e407_hal_rcc.c ****   uint32_t tickstart;
 403              		.loc 1 319 1 is_stmt 1 view -0
 404              		.cfi_startproc
 405              		@ args = 0, pretend = 0, frame = 8
 406              		@ frame_needed = 0, uses_anonymous_args = 0
 320:../../../../../Drivers/PY32E407_HAL_Driver/Src/py32e407_hal_rcc.c ****   uint32_t pll_config;
 407              		.loc 1 320 3 view .LVU121
 321:../../../../../Drivers/PY32E407_HAL_Driver/Src/py32e407_hal_rcc.c **** 
 408              		.loc 1 321 3 view .LVU122
 324:../../../../../Drivers/PY32E407_HAL_Driver/Src/py32e407_hal_rcc.c ****   {
 409              		.loc 1 324 3 view .LVU123
ARM GAS  C:\Users\n11ak\AppData\Local\Temp\ccioVMLM.s 			page 33


 324:../../../../../Drivers/PY32E407_HAL_Driver/Src/py32e407_hal_rcc.c ****   {
 410              		.loc 1 324 6 is_stmt 0 view .LVU124
 411 0000 0028     		cmp	r0, #0
 412 0002 00F03E82 		beq	.L92
 319:../../../../../Drivers/PY32E407_HAL_Driver/Src/py32e407_hal_rcc.c ****   uint32_t tickstart;
 413              		.loc 1 319 1 view .LVU125
 414 0006 70B5     		push	{r4, r5, r6, lr}
 415              	.LCFI4:
 416              		.cfi_def_cfa_offset 16
 417              		.cfi_offset 4, -16
 418              		.cfi_offset 5, -12
 419              		.cfi_offset 6, -8
 420              		.cfi_offset 14, -4
 421 0008 82B0     		sub	sp, sp, #8
 422              	.LCFI5:
 423              		.cfi_def_cfa_offset 24
 424 000a 0446     		mov	r4, r0
 330:../../../../../Drivers/PY32E407_HAL_Driver/Src/py32e407_hal_rcc.c **** 
 425              		.loc 1 330 3 is_stmt 1 view .LVU126
 333:../../../../../Drivers/PY32E407_HAL_Driver/Src/py32e407_hal_rcc.c ****   {
 426              		.loc 1 333 3 view .LVU127
 333:../../../../../Drivers/PY32E407_HAL_Driver/Src/py32e407_hal_rcc.c ****   {
 427              		.loc 1 333 26 is_stmt 0 view .LVU128
 428 000c 0368     		ldr	r3, [r0]
 333:../../../../../Drivers/PY32E407_HAL_Driver/Src/py32e407_hal_rcc.c ****   {
 429              		.loc 1 333 6 view .LVU129
 430 000e 13F0010F 		tst	r3, #1
 431 0012 39D0     		beq	.L35
 336:../../../../../Drivers/PY32E407_HAL_Driver/Src/py32e407_hal_rcc.c ****     assert_param(IS_RCC_HSE_FREQ(RCC_OscInitStruct->HSEFreq));
 432              		.loc 1 336 5 is_stmt 1 view .LVU130
 337:../../../../../Drivers/PY32E407_HAL_Driver/Src/py32e407_hal_rcc.c **** 
 433              		.loc 1 337 5 view .LVU131
 340:../../../../../Drivers/PY32E407_HAL_Driver/Src/py32e407_hal_rcc.c ****         || ((__HAL_RCC_GET_SYSCLK_SOURCE() == RCC_SYSCLKSOURCE_STATUS_PLLCLK) \
 434              		.loc 1 340 5 view .LVU132
 340:../../../../../Drivers/PY32E407_HAL_Driver/Src/py32e407_hal_rcc.c ****         || ((__HAL_RCC_GET_SYSCLK_SOURCE() == RCC_SYSCLKSOURCE_STATUS_PLLCLK) \
 435              		.loc 1 340 10 is_stmt 0 view .LVU133
 436 0014 9E4B     		ldr	r3, .L135
 437 0016 5B68     		ldr	r3, [r3, #4]
 438 0018 03F00C03 		and	r3, r3, #12
 340:../../../../../Drivers/PY32E407_HAL_Driver/Src/py32e407_hal_rcc.c ****         || ((__HAL_RCC_GET_SYSCLK_SOURCE() == RCC_SYSCLKSOURCE_STATUS_PLLCLK) \
 439              		.loc 1 340 8 view .LVU134
 440 001c 042B     		cmp	r3, #4
 441 001e 2AD0     		beq	.L36
 341:../../../../../Drivers/PY32E407_HAL_Driver/Src/py32e407_hal_rcc.c ****             && ((__HAL_RCC_GET_PLL_OSCSOURCE() == RCC_PLLSOURCE_HSE) || (__HAL_RCC_GET_PLL_OSCSOURC
 442              		.loc 1 341 14 view .LVU135
 443 0020 9B4B     		ldr	r3, .L135
 444 0022 5B68     		ldr	r3, [r3, #4]
 445 0024 03F00C03 		and	r3, r3, #12
 341:../../../../../Drivers/PY32E407_HAL_Driver/Src/py32e407_hal_rcc.c ****             && ((__HAL_RCC_GET_PLL_OSCSOURCE() == RCC_PLLSOURCE_HSE) || (__HAL_RCC_GET_PLL_OSCSOURC
 446              		.loc 1 341 9 view .LVU136
 447 0028 082B     		cmp	r3, #8
 448 002a 16D0     		beq	.L120
 449              	.L37:
 351:../../../../../Drivers/PY32E407_HAL_Driver/Src/py32e407_hal_rcc.c ****       {
 450              		.loc 1 351 7 is_stmt 1 view .LVU137
 351:../../../../../Drivers/PY32E407_HAL_Driver/Src/py32e407_hal_rcc.c ****       {
 451              		.loc 1 351 28 is_stmt 0 view .LVU138
ARM GAS  C:\Users\n11ak\AppData\Local\Temp\ccioVMLM.s 			page 34


 452 002c 6368     		ldr	r3, [r4, #4]
 351:../../../../../Drivers/PY32E407_HAL_Driver/Src/py32e407_hal_rcc.c ****       {
 453              		.loc 1 351 10 view .LVU139
 454 002e B3F5803F 		cmp	r3, #65536
 455 0032 50D0     		beq	.L121
 456              	.L38:
 358:../../../../../Drivers/PY32E407_HAL_Driver/Src/py32e407_hal_rcc.c **** 
 457              		.loc 1 358 7 is_stmt 1 view .LVU140
 358:../../../../../Drivers/PY32E407_HAL_Driver/Src/py32e407_hal_rcc.c **** 
 458              		.loc 1 358 7 view .LVU141
 459 0034 6368     		ldr	r3, [r4, #4]
 460 0036 B3F5803F 		cmp	r3, #65536
 461 003a 54D0     		beq	.L122
 358:../../../../../Drivers/PY32E407_HAL_Driver/Src/py32e407_hal_rcc.c **** 
 462              		.loc 1 358 7 discriminator 2 view .LVU142
 463 003c 002B     		cmp	r3, #0
 464 003e 68D1     		bne	.L41
 358:../../../../../Drivers/PY32E407_HAL_Driver/Src/py32e407_hal_rcc.c **** 
 465              		.loc 1 358 7 discriminator 4 view .LVU143
 466 0040 03F18043 		add	r3, r3, #1073741824
 467 0044 03F50433 		add	r3, r3, #135168
 468 0048 1A68     		ldr	r2, [r3]
 469 004a 22F48032 		bic	r2, r2, #65536
 470 004e 1A60     		str	r2, [r3]
 358:../../../../../Drivers/PY32E407_HAL_Driver/Src/py32e407_hal_rcc.c **** 
 471              		.loc 1 358 7 discriminator 4 view .LVU144
 472 0050 1A68     		ldr	r2, [r3]
 473 0052 22F48022 		bic	r2, r2, #262144
 474 0056 1A60     		str	r2, [r3]
 475 0058 4AE0     		b	.L40
 476              	.L120:
 342:../../../../../Drivers/PY32E407_HAL_Driver/Src/py32e407_hal_rcc.c ****     {
 477              		.loc 1 342 18 is_stmt 0 view .LVU145
 478 005a 8D4B     		ldr	r3, .L135
 479 005c D3F88030 		ldr	r3, [r3, #128]
 480 0060 03F00303 		and	r3, r3, #3
 342:../../../../../Drivers/PY32E407_HAL_Driver/Src/py32e407_hal_rcc.c ****     {
 481              		.loc 1 342 13 view .LVU146
 482 0064 012B     		cmp	r3, #1
 483 0066 06D0     		beq	.L36
 342:../../../../../Drivers/PY32E407_HAL_Driver/Src/py32e407_hal_rcc.c ****     {
 484              		.loc 1 342 74 discriminator 1 view .LVU147
 485 0068 894B     		ldr	r3, .L135
 486 006a D3F88030 		ldr	r3, [r3, #128]
 487 006e 03F00303 		and	r3, r3, #3
 342:../../../../../Drivers/PY32E407_HAL_Driver/Src/py32e407_hal_rcc.c ****     {
 488              		.loc 1 342 70 discriminator 1 view .LVU148
 489 0072 032B     		cmp	r3, #3
 490 0074 DAD1     		bne	.L37
 491              	.L36:
 344:../../../../../Drivers/PY32E407_HAL_Driver/Src/py32e407_hal_rcc.c ****       {
 492              		.loc 1 344 7 is_stmt 1 view .LVU149
 344:../../../../../Drivers/PY32E407_HAL_Driver/Src/py32e407_hal_rcc.c ****       {
 493              		.loc 1 344 12 is_stmt 0 view .LVU150
 494 0076 864B     		ldr	r3, .L135
 495 0078 1B68     		ldr	r3, [r3]
 344:../../../../../Drivers/PY32E407_HAL_Driver/Src/py32e407_hal_rcc.c ****       {
ARM GAS  C:\Users\n11ak\AppData\Local\Temp\ccioVMLM.s 			page 35


 496              		.loc 1 344 10 view .LVU151
 497 007a 13F4003F 		tst	r3, #131072
 498 007e 03D0     		beq	.L35
 344:../../../../../Drivers/PY32E407_HAL_Driver/Src/py32e407_hal_rcc.c ****       {
 499              		.loc 1 344 79 discriminator 1 view .LVU152
 500 0080 6368     		ldr	r3, [r4, #4]
 344:../../../../../Drivers/PY32E407_HAL_Driver/Src/py32e407_hal_rcc.c ****       {
 501              		.loc 1 344 58 discriminator 1 view .LVU153
 502 0082 002B     		cmp	r3, #0
 503 0084 00F0FF81 		beq	.L123
 504              	.LVL42:
 505              	.L35:
 394:../../../../../Drivers/PY32E407_HAL_Driver/Src/py32e407_hal_rcc.c ****   {
 506              		.loc 1 394 3 is_stmt 1 view .LVU154
 394:../../../../../Drivers/PY32E407_HAL_Driver/Src/py32e407_hal_rcc.c ****   {
 507              		.loc 1 394 26 is_stmt 0 view .LVU155
 508 0088 2368     		ldr	r3, [r4]
 394:../../../../../Drivers/PY32E407_HAL_Driver/Src/py32e407_hal_rcc.c ****   {
 509              		.loc 1 394 6 view .LVU156
 510 008a 13F0020F 		tst	r3, #2
 511 008e 78D0     		beq	.L48
 397:../../../../../Drivers/PY32E407_HAL_Driver/Src/py32e407_hal_rcc.c **** 
 512              		.loc 1 397 5 is_stmt 1 view .LVU157
 400:../../../../../Drivers/PY32E407_HAL_Driver/Src/py32e407_hal_rcc.c ****         || ((__HAL_RCC_GET_SYSCLK_SOURCE() == RCC_SYSCLKSOURCE_STATUS_PLLCLK) \
 513              		.loc 1 400 5 view .LVU158
 400:../../../../../Drivers/PY32E407_HAL_Driver/Src/py32e407_hal_rcc.c ****         || ((__HAL_RCC_GET_SYSCLK_SOURCE() == RCC_SYSCLKSOURCE_STATUS_PLLCLK) \
 514              		.loc 1 400 10 is_stmt 0 view .LVU159
 515 0090 7F4B     		ldr	r3, .L135
 516 0092 5B68     		ldr	r3, [r3, #4]
 400:../../../../../Drivers/PY32E407_HAL_Driver/Src/py32e407_hal_rcc.c ****         || ((__HAL_RCC_GET_SYSCLK_SOURCE() == RCC_SYSCLKSOURCE_STATUS_PLLCLK) \
 517              		.loc 1 400 8 view .LVU160
 518 0094 13F00C0F 		tst	r3, #12
 519 0098 6AD0     		beq	.L49
 401:../../../../../Drivers/PY32E407_HAL_Driver/Src/py32e407_hal_rcc.c ****             && ((__HAL_RCC_GET_PLL_OSCSOURCE() == RCC_PLLSOURCE_HSI_DIV2))))
 520              		.loc 1 401 14 view .LVU161
 521 009a 7D4B     		ldr	r3, .L135
 522 009c 5B68     		ldr	r3, [r3, #4]
 523 009e 03F00C03 		and	r3, r3, #12
 401:../../../../../Drivers/PY32E407_HAL_Driver/Src/py32e407_hal_rcc.c ****             && ((__HAL_RCC_GET_PLL_OSCSOURCE() == RCC_PLLSOURCE_HSI_DIV2))))
 524              		.loc 1 401 9 view .LVU162
 525 00a2 082B     		cmp	r3, #8
 526 00a4 5ED0     		beq	.L124
 527              	.L50:
 413:../../../../../Drivers/PY32E407_HAL_Driver/Src/py32e407_hal_rcc.c ****       {
 528              		.loc 1 413 7 is_stmt 1 view .LVU163
 413:../../../../../Drivers/PY32E407_HAL_Driver/Src/py32e407_hal_rcc.c ****       {
 529              		.loc 1 413 28 is_stmt 0 view .LVU164
 530 00a6 6369     		ldr	r3, [r4, #20]
 413:../../../../../Drivers/PY32E407_HAL_Driver/Src/py32e407_hal_rcc.c ****       {
 531              		.loc 1 413 10 view .LVU165
 532 00a8 002B     		cmp	r3, #0
 533 00aa 00F08480 		beq	.L51
 416:../../../../../Drivers/PY32E407_HAL_Driver/Src/py32e407_hal_rcc.c **** 
 534              		.loc 1 416 9 is_stmt 1 view .LVU166
 535 00ae 784A     		ldr	r2, .L135
 536 00b0 1368     		ldr	r3, [r2]
 537 00b2 43F00103 		orr	r3, r3, #1
ARM GAS  C:\Users\n11ak\AppData\Local\Temp\ccioVMLM.s 			page 36


 538 00b6 1360     		str	r3, [r2]
 419:../../../../../Drivers/PY32E407_HAL_Driver/Src/py32e407_hal_rcc.c **** 
 539              		.loc 1 419 9 view .LVU167
 419:../../../../../Drivers/PY32E407_HAL_Driver/Src/py32e407_hal_rcc.c **** 
 540              		.loc 1 419 21 is_stmt 0 view .LVU168
 541 00b8 FFF7FEFF 		bl	HAL_GetTick
 542              	.LVL43:
 543 00bc 0546     		mov	r5, r0
 544              	.LVL44:
 422:../../../../../Drivers/PY32E407_HAL_Driver/Src/py32e407_hal_rcc.c ****         {
 545              		.loc 1 422 9 is_stmt 1 view .LVU169
 546              	.L52:
 422:../../../../../Drivers/PY32E407_HAL_Driver/Src/py32e407_hal_rcc.c ****         {
 547              		.loc 1 422 15 view .LVU170
 422:../../../../../Drivers/PY32E407_HAL_Driver/Src/py32e407_hal_rcc.c ****         {
 548              		.loc 1 422 16 is_stmt 0 view .LVU171
 549 00be 744B     		ldr	r3, .L135
 550 00c0 1B68     		ldr	r3, [r3]
 422:../../../../../Drivers/PY32E407_HAL_Driver/Src/py32e407_hal_rcc.c ****         {
 551              		.loc 1 422 15 view .LVU172
 552 00c2 13F0020F 		tst	r3, #2
 553 00c6 5CD1     		bne	.L48
 424:../../../../../Drivers/PY32E407_HAL_Driver/Src/py32e407_hal_rcc.c ****           {
 554              		.loc 1 424 11 is_stmt 1 view .LVU173
 424:../../../../../Drivers/PY32E407_HAL_Driver/Src/py32e407_hal_rcc.c ****           {
 555              		.loc 1 424 16 is_stmt 0 view .LVU174
 556 00c8 FFF7FEFF 		bl	HAL_GetTick
 557              	.LVL45:
 424:../../../../../Drivers/PY32E407_HAL_Driver/Src/py32e407_hal_rcc.c ****           {
 558              		.loc 1 424 30 view .LVU175
 559 00cc 401B     		subs	r0, r0, r5
 424:../../../../../Drivers/PY32E407_HAL_Driver/Src/py32e407_hal_rcc.c ****           {
 560              		.loc 1 424 14 view .LVU176
 561 00ce 0228     		cmp	r0, #2
 562 00d0 F5D9     		bls	.L52
 426:../../../../../Drivers/PY32E407_HAL_Driver/Src/py32e407_hal_rcc.c ****           }
 563              		.loc 1 426 20 view .LVU177
 564 00d2 0320     		movs	r0, #3
 565 00d4 DCE1     		b	.L34
 566              	.LVL46:
 567              	.L121:
 354:../../../../../Drivers/PY32E407_HAL_Driver/Src/py32e407_hal_rcc.c ****       }
 568              		.loc 1 354 9 is_stmt 1 view .LVU178
 569 00d6 6E4A     		ldr	r2, .L135
 570 00d8 D36F     		ldr	r3, [r2, #124]
 571 00da 23F44073 		bic	r3, r3, #768
 572 00de A168     		ldr	r1, [r4, #8]
 573 00e0 0B43     		orrs	r3, r3, r1
 574 00e2 D367     		str	r3, [r2, #124]
 575 00e4 A6E7     		b	.L38
 576              	.L122:
 358:../../../../../Drivers/PY32E407_HAL_Driver/Src/py32e407_hal_rcc.c **** 
 577              		.loc 1 358 7 discriminator 1 view .LVU179
 578 00e6 6A4A     		ldr	r2, .L135
 579 00e8 1368     		ldr	r3, [r2]
 580 00ea 43F48033 		orr	r3, r3, #65536
 581 00ee 1360     		str	r3, [r2]
ARM GAS  C:\Users\n11ak\AppData\Local\Temp\ccioVMLM.s 			page 37


 582              	.L40:
 358:../../../../../Drivers/PY32E407_HAL_Driver/Src/py32e407_hal_rcc.c **** 
 583              		.loc 1 358 7 discriminator 10 view .LVU180
 361:../../../../../Drivers/PY32E407_HAL_Driver/Src/py32e407_hal_rcc.c ****       {
 584              		.loc 1 361 7 discriminator 10 view .LVU181
 361:../../../../../Drivers/PY32E407_HAL_Driver/Src/py32e407_hal_rcc.c ****       {
 585              		.loc 1 361 28 is_stmt 0 discriminator 10 view .LVU182
 586 00f0 6368     		ldr	r3, [r4, #4]
 361:../../../../../Drivers/PY32E407_HAL_Driver/Src/py32e407_hal_rcc.c ****       {
 587              		.loc 1 361 10 discriminator 10 view .LVU183
 588 00f2 43B3     		cbz	r3, .L43
 365:../../../../../Drivers/PY32E407_HAL_Driver/Src/py32e407_hal_rcc.c **** 
 589              		.loc 1 365 9 is_stmt 1 view .LVU184
 365:../../../../../Drivers/PY32E407_HAL_Driver/Src/py32e407_hal_rcc.c **** 
 590              		.loc 1 365 21 is_stmt 0 view .LVU185
 591 00f4 FFF7FEFF 		bl	HAL_GetTick
 592              	.LVL47:
 365:../../../../../Drivers/PY32E407_HAL_Driver/Src/py32e407_hal_rcc.c **** 
 593              		.loc 1 365 21 view .LVU186
 594 00f8 0546     		mov	r5, r0
 595              	.LVL48:
 368:../../../../../Drivers/PY32E407_HAL_Driver/Src/py32e407_hal_rcc.c ****         {
 596              		.loc 1 368 9 is_stmt 1 view .LVU187
 597              	.L44:
 368:../../../../../Drivers/PY32E407_HAL_Driver/Src/py32e407_hal_rcc.c ****         {
 598              		.loc 1 368 15 view .LVU188
 368:../../../../../Drivers/PY32E407_HAL_Driver/Src/py32e407_hal_rcc.c ****         {
 599              		.loc 1 368 16 is_stmt 0 view .LVU189
 600 00fa 654B     		ldr	r3, .L135
 601 00fc 1B68     		ldr	r3, [r3]
 368:../../../../../Drivers/PY32E407_HAL_Driver/Src/py32e407_hal_rcc.c ****         {
 602              		.loc 1 368 15 view .LVU190
 603 00fe 13F4003F 		tst	r3, #131072
 604 0102 C1D1     		bne	.L35
 370:../../../../../Drivers/PY32E407_HAL_Driver/Src/py32e407_hal_rcc.c ****           {
 605              		.loc 1 370 11 is_stmt 1 view .LVU191
 370:../../../../../Drivers/PY32E407_HAL_Driver/Src/py32e407_hal_rcc.c ****           {
 606              		.loc 1 370 16 is_stmt 0 view .LVU192
 607 0104 FFF7FEFF 		bl	HAL_GetTick
 608              	.LVL49:
 370:../../../../../Drivers/PY32E407_HAL_Driver/Src/py32e407_hal_rcc.c ****           {
 609              		.loc 1 370 30 view .LVU193
 610 0108 401B     		subs	r0, r0, r5
 370:../../../../../Drivers/PY32E407_HAL_Driver/Src/py32e407_hal_rcc.c ****           {
 611              		.loc 1 370 14 view .LVU194
 612 010a 6428     		cmp	r0, #100
 613 010c F5D9     		bls	.L44
 372:../../../../../Drivers/PY32E407_HAL_Driver/Src/py32e407_hal_rcc.c ****           }
 614              		.loc 1 372 20 view .LVU195
 615 010e 0320     		movs	r0, #3
 616 0110 BEE1     		b	.L34
 617              	.LVL50:
 618              	.L41:
 358:../../../../../Drivers/PY32E407_HAL_Driver/Src/py32e407_hal_rcc.c **** 
 619              		.loc 1 358 7 is_stmt 1 discriminator 5 view .LVU196
 620 0112 B3F5A02F 		cmp	r3, #327680
 621 0116 09D0     		beq	.L125
ARM GAS  C:\Users\n11ak\AppData\Local\Temp\ccioVMLM.s 			page 38


 358:../../../../../Drivers/PY32E407_HAL_Driver/Src/py32e407_hal_rcc.c **** 
 622              		.loc 1 358 7 discriminator 8 view .LVU197
 623 0118 5D4B     		ldr	r3, .L135
 624 011a 1A68     		ldr	r2, [r3]
 625 011c 22F48032 		bic	r2, r2, #65536
 626 0120 1A60     		str	r2, [r3]
 358:../../../../../Drivers/PY32E407_HAL_Driver/Src/py32e407_hal_rcc.c **** 
 627              		.loc 1 358 7 discriminator 8 view .LVU198
 628 0122 1A68     		ldr	r2, [r3]
 629 0124 22F48022 		bic	r2, r2, #262144
 630 0128 1A60     		str	r2, [r3]
 631 012a E1E7     		b	.L40
 632              	.L125:
 358:../../../../../Drivers/PY32E407_HAL_Driver/Src/py32e407_hal_rcc.c **** 
 633              		.loc 1 358 7 discriminator 7 view .LVU199
 634 012c 03F18043 		add	r3, r3, #1073741824
 635 0130 A3F53C33 		sub	r3, r3, #192512
 636 0134 1A68     		ldr	r2, [r3]
 637 0136 42F48022 		orr	r2, r2, #262144
 638 013a 1A60     		str	r2, [r3]
 358:../../../../../Drivers/PY32E407_HAL_Driver/Src/py32e407_hal_rcc.c **** 
 639              		.loc 1 358 7 discriminator 7 view .LVU200
 640 013c 1A68     		ldr	r2, [r3]
 641 013e 42F48032 		orr	r2, r2, #65536
 642 0142 1A60     		str	r2, [r3]
 643 0144 D4E7     		b	.L40
 644              	.L43:
 380:../../../../../Drivers/PY32E407_HAL_Driver/Src/py32e407_hal_rcc.c **** 
 645              		.loc 1 380 9 view .LVU201
 380:../../../../../Drivers/PY32E407_HAL_Driver/Src/py32e407_hal_rcc.c **** 
 646              		.loc 1 380 21 is_stmt 0 view .LVU202
 647 0146 FFF7FEFF 		bl	HAL_GetTick
 648              	.LVL51:
 380:../../../../../Drivers/PY32E407_HAL_Driver/Src/py32e407_hal_rcc.c **** 
 649              		.loc 1 380 21 view .LVU203
 650 014a 0546     		mov	r5, r0
 651              	.LVL52:
 383:../../../../../Drivers/PY32E407_HAL_Driver/Src/py32e407_hal_rcc.c ****         {
 652              		.loc 1 383 9 is_stmt 1 view .LVU204
 653              	.L46:
 383:../../../../../Drivers/PY32E407_HAL_Driver/Src/py32e407_hal_rcc.c ****         {
 654              		.loc 1 383 15 view .LVU205
 383:../../../../../Drivers/PY32E407_HAL_Driver/Src/py32e407_hal_rcc.c ****         {
 655              		.loc 1 383 16 is_stmt 0 view .LVU206
 656 014c 504B     		ldr	r3, .L135
 657 014e 1B68     		ldr	r3, [r3]
 383:../../../../../Drivers/PY32E407_HAL_Driver/Src/py32e407_hal_rcc.c ****         {
 658              		.loc 1 383 15 view .LVU207
 659 0150 13F4003F 		tst	r3, #131072
 660 0154 98D0     		beq	.L35
 385:../../../../../Drivers/PY32E407_HAL_Driver/Src/py32e407_hal_rcc.c ****           {
 661              		.loc 1 385 11 is_stmt 1 view .LVU208
 385:../../../../../Drivers/PY32E407_HAL_Driver/Src/py32e407_hal_rcc.c ****           {
 662              		.loc 1 385 16 is_stmt 0 view .LVU209
 663 0156 FFF7FEFF 		bl	HAL_GetTick
 664              	.LVL53:
 385:../../../../../Drivers/PY32E407_HAL_Driver/Src/py32e407_hal_rcc.c ****           {
ARM GAS  C:\Users\n11ak\AppData\Local\Temp\ccioVMLM.s 			page 39


 665              		.loc 1 385 30 view .LVU210
 666 015a 401B     		subs	r0, r0, r5
 385:../../../../../Drivers/PY32E407_HAL_Driver/Src/py32e407_hal_rcc.c ****           {
 667              		.loc 1 385 14 view .LVU211
 668 015c 6428     		cmp	r0, #100
 669 015e F5D9     		bls	.L46
 387:../../../../../Drivers/PY32E407_HAL_Driver/Src/py32e407_hal_rcc.c ****           }
 670              		.loc 1 387 20 view .LVU212
 671 0160 0320     		movs	r0, #3
 672 0162 95E1     		b	.L34
 673              	.LVL54:
 674              	.L124:
 402:../../../../../Drivers/PY32E407_HAL_Driver/Src/py32e407_hal_rcc.c ****     {
 675              		.loc 1 402 18 view .LVU213
 676 0164 4A4B     		ldr	r3, .L135
 677 0166 D3F88030 		ldr	r3, [r3, #128]
 402:../../../../../Drivers/PY32E407_HAL_Driver/Src/py32e407_hal_rcc.c ****     {
 678              		.loc 1 402 13 view .LVU214
 679 016a 13F0030F 		tst	r3, #3
 680 016e 9AD1     		bne	.L50
 681              	.L49:
 405:../../../../../Drivers/PY32E407_HAL_Driver/Src/py32e407_hal_rcc.c ****       {
 682              		.loc 1 405 7 is_stmt 1 view .LVU215
 405:../../../../../Drivers/PY32E407_HAL_Driver/Src/py32e407_hal_rcc.c ****       {
 683              		.loc 1 405 12 is_stmt 0 view .LVU216
 684 0170 474B     		ldr	r3, .L135
 685 0172 1B68     		ldr	r3, [r3]
 405:../../../../../Drivers/PY32E407_HAL_Driver/Src/py32e407_hal_rcc.c ****       {
 686              		.loc 1 405 10 view .LVU217
 687 0174 13F0020F 		tst	r3, #2
 688 0178 03D0     		beq	.L48
 405:../../../../../Drivers/PY32E407_HAL_Driver/Src/py32e407_hal_rcc.c ****       {
 689              		.loc 1 405 79 discriminator 1 view .LVU218
 690 017a 6369     		ldr	r3, [r4, #20]
 405:../../../../../Drivers/PY32E407_HAL_Driver/Src/py32e407_hal_rcc.c ****       {
 691              		.loc 1 405 58 discriminator 1 view .LVU219
 692 017c 012B     		cmp	r3, #1
 693 017e 40F08481 		bne	.L96
 694              	.L48:
 450:../../../../../Drivers/PY32E407_HAL_Driver/Src/py32e407_hal_rcc.c ****   {
 695              		.loc 1 450 3 is_stmt 1 view .LVU220
 450:../../../../../Drivers/PY32E407_HAL_Driver/Src/py32e407_hal_rcc.c ****   {
 696              		.loc 1 450 26 is_stmt 0 view .LVU221
 697 0182 2368     		ldr	r3, [r4]
 450:../../../../../Drivers/PY32E407_HAL_Driver/Src/py32e407_hal_rcc.c ****   {
 698              		.loc 1 450 6 view .LVU222
 699 0184 13F0100F 		tst	r3, #16
 700 0188 3DD0     		beq	.L56
 453:../../../../../Drivers/PY32E407_HAL_Driver/Src/py32e407_hal_rcc.c ****     
 701              		.loc 1 453 5 is_stmt 1 view .LVU223
 456:../../../../../Drivers/PY32E407_HAL_Driver/Src/py32e407_hal_rcc.c ****     {
 702              		.loc 1 456 5 view .LVU224
 456:../../../../../Drivers/PY32E407_HAL_Driver/Src/py32e407_hal_rcc.c ****     {
 703              		.loc 1 456 26 is_stmt 0 view .LVU225
 704 018a A369     		ldr	r3, [r4, #24]
 456:../../../../../Drivers/PY32E407_HAL_Driver/Src/py32e407_hal_rcc.c ****     {
 705              		.loc 1 456 8 view .LVU226
ARM GAS  C:\Users\n11ak\AppData\Local\Temp\ccioVMLM.s 			page 40


 706 018c 3BB3     		cbz	r3, .L57
 459:../../../../../Drivers/PY32E407_HAL_Driver/Src/py32e407_hal_rcc.c **** 
 707              		.loc 1 459 7 is_stmt 1 view .LVU227
 708 018e 404A     		ldr	r2, .L135
 709 0190 936F     		ldr	r3, [r2, #120]
 710 0192 43F01003 		orr	r3, r3, #16
 711 0196 9367     		str	r3, [r2, #120]
 462:../../../../../Drivers/PY32E407_HAL_Driver/Src/py32e407_hal_rcc.c **** 
 712              		.loc 1 462 7 view .LVU228
 462:../../../../../Drivers/PY32E407_HAL_Driver/Src/py32e407_hal_rcc.c **** 
 713              		.loc 1 462 19 is_stmt 0 view .LVU229
 714 0198 FFF7FEFF 		bl	HAL_GetTick
 715              	.LVL55:
 716 019c 0546     		mov	r5, r0
 717              	.LVL56:
 465:../../../../../Drivers/PY32E407_HAL_Driver/Src/py32e407_hal_rcc.c ****       {
 718              		.loc 1 465 7 is_stmt 1 view .LVU230
 719              	.L58:
 465:../../../../../Drivers/PY32E407_HAL_Driver/Src/py32e407_hal_rcc.c ****       {
 720              		.loc 1 465 13 view .LVU231
 465:../../../../../Drivers/PY32E407_HAL_Driver/Src/py32e407_hal_rcc.c ****       {
 721              		.loc 1 465 14 is_stmt 0 view .LVU232
 722 019e 3C4B     		ldr	r3, .L135
 723 01a0 9B6F     		ldr	r3, [r3, #120]
 465:../../../../../Drivers/PY32E407_HAL_Driver/Src/py32e407_hal_rcc.c ****       {
 724              		.loc 1 465 13 view .LVU233
 725 01a2 13F0200F 		tst	r3, #32
 726 01a6 2ED1     		bne	.L56
 467:../../../../../Drivers/PY32E407_HAL_Driver/Src/py32e407_hal_rcc.c ****         {
 727              		.loc 1 467 9 is_stmt 1 view .LVU234
 467:../../../../../Drivers/PY32E407_HAL_Driver/Src/py32e407_hal_rcc.c ****         {
 728              		.loc 1 467 14 is_stmt 0 view .LVU235
 729 01a8 FFF7FEFF 		bl	HAL_GetTick
 730              	.LVL57:
 467:../../../../../Drivers/PY32E407_HAL_Driver/Src/py32e407_hal_rcc.c ****         {
 731              		.loc 1 467 28 view .LVU236
 732 01ac 401B     		subs	r0, r0, r5
 467:../../../../../Drivers/PY32E407_HAL_Driver/Src/py32e407_hal_rcc.c ****         {
 733              		.loc 1 467 12 view .LVU237
 734 01ae 0228     		cmp	r0, #2
 735 01b0 F5D9     		bls	.L58
 469:../../../../../Drivers/PY32E407_HAL_Driver/Src/py32e407_hal_rcc.c ****         }
 736              		.loc 1 469 18 view .LVU238
 737 01b2 0320     		movs	r0, #3
 738 01b4 6CE1     		b	.L34
 739              	.LVL58:
 740              	.L51:
 433:../../../../../Drivers/PY32E407_HAL_Driver/Src/py32e407_hal_rcc.c **** 
 741              		.loc 1 433 9 is_stmt 1 view .LVU239
 742 01b6 364A     		ldr	r2, .L135
 743 01b8 1368     		ldr	r3, [r2]
 744 01ba 23F00103 		bic	r3, r3, #1
 745 01be 1360     		str	r3, [r2]
 436:../../../../../Drivers/PY32E407_HAL_Driver/Src/py32e407_hal_rcc.c **** 
 746              		.loc 1 436 9 view .LVU240
 436:../../../../../Drivers/PY32E407_HAL_Driver/Src/py32e407_hal_rcc.c **** 
 747              		.loc 1 436 21 is_stmt 0 view .LVU241
ARM GAS  C:\Users\n11ak\AppData\Local\Temp\ccioVMLM.s 			page 41


 748 01c0 FFF7FEFF 		bl	HAL_GetTick
 749              	.LVL59:
 750 01c4 0546     		mov	r5, r0
 751              	.LVL60:
 439:../../../../../Drivers/PY32E407_HAL_Driver/Src/py32e407_hal_rcc.c ****         {
 752              		.loc 1 439 9 is_stmt 1 view .LVU242
 753              	.L54:
 439:../../../../../Drivers/PY32E407_HAL_Driver/Src/py32e407_hal_rcc.c ****         {
 754              		.loc 1 439 15 view .LVU243
 439:../../../../../Drivers/PY32E407_HAL_Driver/Src/py32e407_hal_rcc.c ****         {
 755              		.loc 1 439 16 is_stmt 0 view .LVU244
 756 01c6 324B     		ldr	r3, .L135
 757 01c8 1B68     		ldr	r3, [r3]
 439:../../../../../Drivers/PY32E407_HAL_Driver/Src/py32e407_hal_rcc.c ****         {
 758              		.loc 1 439 15 view .LVU245
 759 01ca 13F0020F 		tst	r3, #2
 760 01ce D8D0     		beq	.L48
 441:../../../../../Drivers/PY32E407_HAL_Driver/Src/py32e407_hal_rcc.c ****           {
 761              		.loc 1 441 11 is_stmt 1 view .LVU246
 441:../../../../../Drivers/PY32E407_HAL_Driver/Src/py32e407_hal_rcc.c ****           {
 762              		.loc 1 441 16 is_stmt 0 view .LVU247
 763 01d0 FFF7FEFF 		bl	HAL_GetTick
 764              	.LVL61:
 441:../../../../../Drivers/PY32E407_HAL_Driver/Src/py32e407_hal_rcc.c ****           {
 765              		.loc 1 441 30 view .LVU248
 766 01d4 401B     		subs	r0, r0, r5
 441:../../../../../Drivers/PY32E407_HAL_Driver/Src/py32e407_hal_rcc.c ****           {
 767              		.loc 1 441 14 view .LVU249
 768 01d6 0228     		cmp	r0, #2
 769 01d8 F5D9     		bls	.L54
 443:../../../../../Drivers/PY32E407_HAL_Driver/Src/py32e407_hal_rcc.c ****           }
 770              		.loc 1 443 20 view .LVU250
 771 01da 0320     		movs	r0, #3
 772 01dc 58E1     		b	.L34
 773              	.LVL62:
 774              	.L57:
 476:../../../../../Drivers/PY32E407_HAL_Driver/Src/py32e407_hal_rcc.c **** 
 775              		.loc 1 476 7 is_stmt 1 view .LVU251
 776 01de 2C4A     		ldr	r2, .L135
 777 01e0 936F     		ldr	r3, [r2, #120]
 778 01e2 23F01003 		bic	r3, r3, #16
 779 01e6 9367     		str	r3, [r2, #120]
 479:../../../../../Drivers/PY32E407_HAL_Driver/Src/py32e407_hal_rcc.c **** 
 780              		.loc 1 479 7 view .LVU252
 479:../../../../../Drivers/PY32E407_HAL_Driver/Src/py32e407_hal_rcc.c **** 
 781              		.loc 1 479 19 is_stmt 0 view .LVU253
 782 01e8 FFF7FEFF 		bl	HAL_GetTick
 783              	.LVL63:
 784 01ec 0546     		mov	r5, r0
 785              	.LVL64:
 482:../../../../../Drivers/PY32E407_HAL_Driver/Src/py32e407_hal_rcc.c ****       {
 786              		.loc 1 482 7 is_stmt 1 view .LVU254
 787              	.L60:
 482:../../../../../Drivers/PY32E407_HAL_Driver/Src/py32e407_hal_rcc.c ****       {
 788              		.loc 1 482 13 view .LVU255
 482:../../../../../Drivers/PY32E407_HAL_Driver/Src/py32e407_hal_rcc.c ****       {
 789              		.loc 1 482 14 is_stmt 0 view .LVU256
ARM GAS  C:\Users\n11ak\AppData\Local\Temp\ccioVMLM.s 			page 42


 790 01ee 284B     		ldr	r3, .L135
 791 01f0 9B6F     		ldr	r3, [r3, #120]
 482:../../../../../Drivers/PY32E407_HAL_Driver/Src/py32e407_hal_rcc.c ****       {
 792              		.loc 1 482 13 view .LVU257
 793 01f2 13F0200F 		tst	r3, #32
 794 01f6 06D0     		beq	.L56
 484:../../../../../Drivers/PY32E407_HAL_Driver/Src/py32e407_hal_rcc.c ****         {
 795              		.loc 1 484 9 is_stmt 1 view .LVU258
 484:../../../../../Drivers/PY32E407_HAL_Driver/Src/py32e407_hal_rcc.c ****         {
 796              		.loc 1 484 14 is_stmt 0 view .LVU259
 797 01f8 FFF7FEFF 		bl	HAL_GetTick
 798              	.LVL65:
 484:../../../../../Drivers/PY32E407_HAL_Driver/Src/py32e407_hal_rcc.c ****         {
 799              		.loc 1 484 28 view .LVU260
 800 01fc 401B     		subs	r0, r0, r5
 484:../../../../../Drivers/PY32E407_HAL_Driver/Src/py32e407_hal_rcc.c ****         {
 801              		.loc 1 484 12 view .LVU261
 802 01fe 0228     		cmp	r0, #2
 803 0200 F5D9     		bls	.L60
 486:../../../../../Drivers/PY32E407_HAL_Driver/Src/py32e407_hal_rcc.c ****         }
 804              		.loc 1 486 18 view .LVU262
 805 0202 0320     		movs	r0, #3
 806 0204 44E1     		b	.L34
 807              	.LVL66:
 808              	.L56:
 492:../../../../../Drivers/PY32E407_HAL_Driver/Src/py32e407_hal_rcc.c ****   {
 809              		.loc 1 492 3 is_stmt 1 view .LVU263
 492:../../../../../Drivers/PY32E407_HAL_Driver/Src/py32e407_hal_rcc.c ****   {
 810              		.loc 1 492 26 is_stmt 0 view .LVU264
 811 0206 2368     		ldr	r3, [r4]
 492:../../../../../Drivers/PY32E407_HAL_Driver/Src/py32e407_hal_rcc.c ****   {
 812              		.loc 1 492 6 view .LVU265
 813 0208 13F0080F 		tst	r3, #8
 814 020c 29D0     		beq	.L62
 495:../../../../../Drivers/PY32E407_HAL_Driver/Src/py32e407_hal_rcc.c **** 
 815              		.loc 1 495 5 is_stmt 1 view .LVU266
 498:../../../../../Drivers/PY32E407_HAL_Driver/Src/py32e407_hal_rcc.c ****     {
 816              		.loc 1 498 5 view .LVU267
 498:../../../../../Drivers/PY32E407_HAL_Driver/Src/py32e407_hal_rcc.c ****     {
 817              		.loc 1 498 26 is_stmt 0 view .LVU268
 818 020e E369     		ldr	r3, [r4, #28]
 498:../../../../../Drivers/PY32E407_HAL_Driver/Src/py32e407_hal_rcc.c ****     {
 819              		.loc 1 498 8 view .LVU269
 820 0210 9BB1     		cbz	r3, .L63
 501:../../../../../Drivers/PY32E407_HAL_Driver/Src/py32e407_hal_rcc.c **** 
 821              		.loc 1 501 7 is_stmt 1 view .LVU270
 822 0212 1F4A     		ldr	r2, .L135
 823 0214 536F     		ldr	r3, [r2, #116]
 824 0216 43F00103 		orr	r3, r3, #1
 825 021a 5367     		str	r3, [r2, #116]
 504:../../../../../Drivers/PY32E407_HAL_Driver/Src/py32e407_hal_rcc.c **** 
 826              		.loc 1 504 7 view .LVU271
 504:../../../../../Drivers/PY32E407_HAL_Driver/Src/py32e407_hal_rcc.c **** 
 827              		.loc 1 504 19 is_stmt 0 view .LVU272
 828 021c FFF7FEFF 		bl	HAL_GetTick
 829              	.LVL67:
 830 0220 0546     		mov	r5, r0
ARM GAS  C:\Users\n11ak\AppData\Local\Temp\ccioVMLM.s 			page 43


 831              	.LVL68:
 507:../../../../../Drivers/PY32E407_HAL_Driver/Src/py32e407_hal_rcc.c ****       {
 832              		.loc 1 507 7 is_stmt 1 view .LVU273
 833              	.L64:
 507:../../../../../Drivers/PY32E407_HAL_Driver/Src/py32e407_hal_rcc.c ****       {
 834              		.loc 1 507 13 view .LVU274
 507:../../../../../Drivers/PY32E407_HAL_Driver/Src/py32e407_hal_rcc.c ****       {
 835              		.loc 1 507 14 is_stmt 0 view .LVU275
 836 0222 1B4B     		ldr	r3, .L135
 837 0224 5B6F     		ldr	r3, [r3, #116]
 507:../../../../../Drivers/PY32E407_HAL_Driver/Src/py32e407_hal_rcc.c ****       {
 838              		.loc 1 507 13 view .LVU276
 839 0226 13F0020F 		tst	r3, #2
 840 022a 1AD1     		bne	.L62
 509:../../../../../Drivers/PY32E407_HAL_Driver/Src/py32e407_hal_rcc.c ****         {
 841              		.loc 1 509 9 is_stmt 1 view .LVU277
 509:../../../../../Drivers/PY32E407_HAL_Driver/Src/py32e407_hal_rcc.c ****         {
 842              		.loc 1 509 14 is_stmt 0 view .LVU278
 843 022c FFF7FEFF 		bl	HAL_GetTick
 844              	.LVL69:
 509:../../../../../Drivers/PY32E407_HAL_Driver/Src/py32e407_hal_rcc.c ****         {
 845              		.loc 1 509 28 view .LVU279
 846 0230 401B     		subs	r0, r0, r5
 509:../../../../../Drivers/PY32E407_HAL_Driver/Src/py32e407_hal_rcc.c ****         {
 847              		.loc 1 509 12 view .LVU280
 848 0232 0228     		cmp	r0, #2
 849 0234 F5D9     		bls	.L64
 511:../../../../../Drivers/PY32E407_HAL_Driver/Src/py32e407_hal_rcc.c ****         }
 850              		.loc 1 511 18 view .LVU281
 851 0236 0320     		movs	r0, #3
 852 0238 2AE1     		b	.L34
 853              	.LVL70:
 854              	.L63:
 518:../../../../../Drivers/PY32E407_HAL_Driver/Src/py32e407_hal_rcc.c **** 
 855              		.loc 1 518 7 is_stmt 1 view .LVU282
 856 023a 154A     		ldr	r2, .L135
 857 023c 536F     		ldr	r3, [r2, #116]
 858 023e 23F00103 		bic	r3, r3, #1
 859 0242 5367     		str	r3, [r2, #116]
 521:../../../../../Drivers/PY32E407_HAL_Driver/Src/py32e407_hal_rcc.c **** 
 860              		.loc 1 521 7 view .LVU283
 521:../../../../../Drivers/PY32E407_HAL_Driver/Src/py32e407_hal_rcc.c **** 
 861              		.loc 1 521 19 is_stmt 0 view .LVU284
 862 0244 FFF7FEFF 		bl	HAL_GetTick
 863              	.LVL71:
 864 0248 0546     		mov	r5, r0
 865              	.LVL72:
 524:../../../../../Drivers/PY32E407_HAL_Driver/Src/py32e407_hal_rcc.c ****       {
 866              		.loc 1 524 7 is_stmt 1 view .LVU285
 867              	.L66:
 524:../../../../../Drivers/PY32E407_HAL_Driver/Src/py32e407_hal_rcc.c ****       {
 868              		.loc 1 524 13 view .LVU286
 524:../../../../../Drivers/PY32E407_HAL_Driver/Src/py32e407_hal_rcc.c ****       {
 869              		.loc 1 524 14 is_stmt 0 view .LVU287
 870 024a 114B     		ldr	r3, .L135
 871 024c 5B6F     		ldr	r3, [r3, #116]
 524:../../../../../Drivers/PY32E407_HAL_Driver/Src/py32e407_hal_rcc.c ****       {
ARM GAS  C:\Users\n11ak\AppData\Local\Temp\ccioVMLM.s 			page 44


 872              		.loc 1 524 13 view .LVU288
 873 024e 13F0020F 		tst	r3, #2
 874 0252 06D0     		beq	.L62
 526:../../../../../Drivers/PY32E407_HAL_Driver/Src/py32e407_hal_rcc.c ****         {
 875              		.loc 1 526 9 is_stmt 1 view .LVU289
 526:../../../../../Drivers/PY32E407_HAL_Driver/Src/py32e407_hal_rcc.c ****         {
 876              		.loc 1 526 14 is_stmt 0 view .LVU290
 877 0254 FFF7FEFF 		bl	HAL_GetTick
 878              	.LVL73:
 526:../../../../../Drivers/PY32E407_HAL_Driver/Src/py32e407_hal_rcc.c ****         {
 879              		.loc 1 526 28 view .LVU291
 880 0258 401B     		subs	r0, r0, r5
 526:../../../../../Drivers/PY32E407_HAL_Driver/Src/py32e407_hal_rcc.c ****         {
 881              		.loc 1 526 12 view .LVU292
 882 025a 0228     		cmp	r0, #2
 883 025c F5D9     		bls	.L66
 528:../../../../../Drivers/PY32E407_HAL_Driver/Src/py32e407_hal_rcc.c ****         }
 884              		.loc 1 528 18 view .LVU293
 885 025e 0320     		movs	r0, #3
 886 0260 16E1     		b	.L34
 887              	.LVL74:
 888              	.L62:
 534:../../../../../Drivers/PY32E407_HAL_Driver/Src/py32e407_hal_rcc.c ****   {
 889              		.loc 1 534 3 is_stmt 1 view .LVU294
 534:../../../../../Drivers/PY32E407_HAL_Driver/Src/py32e407_hal_rcc.c ****   {
 890              		.loc 1 534 26 is_stmt 0 view .LVU295
 891 0262 2368     		ldr	r3, [r4]
 534:../../../../../Drivers/PY32E407_HAL_Driver/Src/py32e407_hal_rcc.c ****   {
 892              		.loc 1 534 6 view .LVU296
 893 0264 13F0040F 		tst	r3, #4
 894 0268 00F08B80 		beq	.L68
 895              	.LBB2:
 536:../../../../../Drivers/PY32E407_HAL_Driver/Src/py32e407_hal_rcc.c **** 
 896              		.loc 1 536 5 is_stmt 1 view .LVU297
 897              	.LVL75:
 539:../../../../../Drivers/PY32E407_HAL_Driver/Src/py32e407_hal_rcc.c ****     assert_param(IS_RCC_LSE_DRIVER(RCC_OscInitStruct->LSEDriver));
 898              		.loc 1 539 5 view .LVU298
 540:../../../../../Drivers/PY32E407_HAL_Driver/Src/py32e407_hal_rcc.c **** 
 899              		.loc 1 540 5 view .LVU299
 544:../../../../../Drivers/PY32E407_HAL_Driver/Src/py32e407_hal_rcc.c ****     {
 900              		.loc 1 544 5 view .LVU300
 544:../../../../../Drivers/PY32E407_HAL_Driver/Src/py32e407_hal_rcc.c ****     {
 901              		.loc 1 544 9 is_stmt 0 view .LVU301
 902 026c 084B     		ldr	r3, .L135
 903 026e 9B6D     		ldr	r3, [r3, #88]
 544:../../../../../Drivers/PY32E407_HAL_Driver/Src/py32e407_hal_rcc.c ****     {
 904              		.loc 1 544 8 view .LVU302
 905 0270 13F0805F 		tst	r3, #268435456
 906 0274 0ED1     		bne	.L103
 546:../../../../../Drivers/PY32E407_HAL_Driver/Src/py32e407_hal_rcc.c ****       pwrclkchanged = SET;
 907              		.loc 1 546 7 is_stmt 1 view .LVU303
 908              	.LBB3:
 546:../../../../../Drivers/PY32E407_HAL_Driver/Src/py32e407_hal_rcc.c ****       pwrclkchanged = SET;
 909              		.loc 1 546 7 view .LVU304
 546:../../../../../Drivers/PY32E407_HAL_Driver/Src/py32e407_hal_rcc.c ****       pwrclkchanged = SET;
 910              		.loc 1 546 7 view .LVU305
 911 0276 064B     		ldr	r3, .L135
ARM GAS  C:\Users\n11ak\AppData\Local\Temp\ccioVMLM.s 			page 45


 912 0278 9A6D     		ldr	r2, [r3, #88]
 913 027a 42F08052 		orr	r2, r2, #268435456
 914 027e 9A65     		str	r2, [r3, #88]
 546:../../../../../Drivers/PY32E407_HAL_Driver/Src/py32e407_hal_rcc.c ****       pwrclkchanged = SET;
 915              		.loc 1 546 7 view .LVU306
 916 0280 9B6D     		ldr	r3, [r3, #88]
 917 0282 03F08053 		and	r3, r3, #268435456
 918 0286 0193     		str	r3, [sp, #4]
 546:../../../../../Drivers/PY32E407_HAL_Driver/Src/py32e407_hal_rcc.c ****       pwrclkchanged = SET;
 919              		.loc 1 546 7 view .LVU307
 920 0288 019B     		ldr	r3, [sp, #4]
 921              	.LBE3:
 546:../../../../../Drivers/PY32E407_HAL_Driver/Src/py32e407_hal_rcc.c ****       pwrclkchanged = SET;
 922              		.loc 1 546 7 view .LVU308
 547:../../../../../Drivers/PY32E407_HAL_Driver/Src/py32e407_hal_rcc.c ****     }
 923              		.loc 1 547 7 view .LVU309
 924              	.LVL76:
 547:../../../../../Drivers/PY32E407_HAL_Driver/Src/py32e407_hal_rcc.c ****     }
 925              		.loc 1 547 21 is_stmt 0 view .LVU310
 926 028a 0125     		movs	r5, #1
 927 028c 03E0     		b	.L69
 928              	.L136:
 929 028e 00BF     		.align	2
 930              	.L135:
 931 0290 00100240 		.word	1073876992
 932              	.LVL77:
 933              	.L103:
 536:../../../../../Drivers/PY32E407_HAL_Driver/Src/py32e407_hal_rcc.c **** 
 934              		.loc 1 536 22 view .LVU311
 935 0294 0025     		movs	r5, #0
 936              	.LVL78:
 937              	.L69:
 550:../../../../../Drivers/PY32E407_HAL_Driver/Src/py32e407_hal_rcc.c ****      {
 938              		.loc 1 550 5 is_stmt 1 view .LVU312
 550:../../../../../Drivers/PY32E407_HAL_Driver/Src/py32e407_hal_rcc.c ****      {
 939              		.loc 1 550 9 is_stmt 0 view .LVU313
 940 0296 844B     		ldr	r3, .L137
 941 0298 1B68     		ldr	r3, [r3]
 550:../../../../../Drivers/PY32E407_HAL_Driver/Src/py32e407_hal_rcc.c ****      {
 942              		.loc 1 550 8 view .LVU314
 943 029a 13F4807F 		tst	r3, #256
 944 029e 14D0     		beq	.L126
 945              	.L70:
 567:../../../../../Drivers/PY32E407_HAL_Driver/Src/py32e407_hal_rcc.c ****     {
 946              		.loc 1 567 5 is_stmt 1 view .LVU315
 567:../../../../../Drivers/PY32E407_HAL_Driver/Src/py32e407_hal_rcc.c ****     {
 947              		.loc 1 567 26 is_stmt 0 view .LVU316
 948 02a0 E368     		ldr	r3, [r4, #12]
 567:../../../../../Drivers/PY32E407_HAL_Driver/Src/py32e407_hal_rcc.c ****     {
 949              		.loc 1 567 8 view .LVU317
 950 02a2 012B     		cmp	r3, #1
 951 02a4 25D0     		beq	.L127
 952              	.L73:
 574:../../../../../Drivers/PY32E407_HAL_Driver/Src/py32e407_hal_rcc.c ****     /* Check the LSE State */
 953              		.loc 1 574 5 is_stmt 1 view .LVU318
 574:../../../../../Drivers/PY32E407_HAL_Driver/Src/py32e407_hal_rcc.c ****     /* Check the LSE State */
 954              		.loc 1 574 5 view .LVU319
ARM GAS  C:\Users\n11ak\AppData\Local\Temp\ccioVMLM.s 			page 46


 955 02a6 E368     		ldr	r3, [r4, #12]
 956 02a8 012B     		cmp	r3, #1
 957 02aa 2AD0     		beq	.L128
 574:../../../../../Drivers/PY32E407_HAL_Driver/Src/py32e407_hal_rcc.c ****     /* Check the LSE State */
 958              		.loc 1 574 5 discriminator 2 view .LVU320
 959 02ac 002B     		cmp	r3, #0
 960 02ae 40D1     		bne	.L76
 574:../../../../../Drivers/PY32E407_HAL_Driver/Src/py32e407_hal_rcc.c ****     /* Check the LSE State */
 961              		.loc 1 574 5 discriminator 4 view .LVU321
 962 02b0 03F18043 		add	r3, r3, #1073741824
 963 02b4 03F50433 		add	r3, r3, #135168
 964 02b8 1A6F     		ldr	r2, [r3, #112]
 965 02ba 22F00102 		bic	r2, r2, #1
 966 02be 1A67     		str	r2, [r3, #112]
 574:../../../../../Drivers/PY32E407_HAL_Driver/Src/py32e407_hal_rcc.c ****     /* Check the LSE State */
 967              		.loc 1 574 5 discriminator 4 view .LVU322
 968 02c0 1A6F     		ldr	r2, [r3, #112]
 969 02c2 22F00402 		bic	r2, r2, #4
 970 02c6 1A67     		str	r2, [r3, #112]
 971 02c8 20E0     		b	.L75
 972              	.L126:
 553:../../../../../Drivers/PY32E407_HAL_Driver/Src/py32e407_hal_rcc.c **** 
 973              		.loc 1 553 7 view .LVU323
 974 02ca 774A     		ldr	r2, .L137
 975 02cc 1368     		ldr	r3, [r2]
 976 02ce 43F48073 		orr	r3, r3, #256
 977 02d2 1360     		str	r3, [r2]
 556:../../../../../Drivers/PY32E407_HAL_Driver/Src/py32e407_hal_rcc.c **** 
 978              		.loc 1 556 7 view .LVU324
 556:../../../../../Drivers/PY32E407_HAL_Driver/Src/py32e407_hal_rcc.c **** 
 979              		.loc 1 556 19 is_stmt 0 view .LVU325
 980 02d4 FFF7FEFF 		bl	HAL_GetTick
 981              	.LVL79:
 982 02d8 0646     		mov	r6, r0
 983              	.LVL80:
 558:../../../../../Drivers/PY32E407_HAL_Driver/Src/py32e407_hal_rcc.c ****       {
 984              		.loc 1 558 7 is_stmt 1 view .LVU326
 985              	.L71:
 558:../../../../../Drivers/PY32E407_HAL_Driver/Src/py32e407_hal_rcc.c ****       {
 986              		.loc 1 558 13 view .LVU327
 558:../../../../../Drivers/PY32E407_HAL_Driver/Src/py32e407_hal_rcc.c ****       {
 987              		.loc 1 558 14 is_stmt 0 view .LVU328
 988 02da 734B     		ldr	r3, .L137
 989 02dc 1B68     		ldr	r3, [r3]
 558:../../../../../Drivers/PY32E407_HAL_Driver/Src/py32e407_hal_rcc.c ****       {
 990              		.loc 1 558 13 view .LVU329
 991 02de 13F4807F 		tst	r3, #256
 992 02e2 DDD1     		bne	.L70
 560:../../../../../Drivers/PY32E407_HAL_Driver/Src/py32e407_hal_rcc.c ****         {
 993              		.loc 1 560 9 is_stmt 1 view .LVU330
 560:../../../../../Drivers/PY32E407_HAL_Driver/Src/py32e407_hal_rcc.c ****         {
 994              		.loc 1 560 14 is_stmt 0 view .LVU331
 995 02e4 FFF7FEFF 		bl	HAL_GetTick
 996              	.LVL81:
 560:../../../../../Drivers/PY32E407_HAL_Driver/Src/py32e407_hal_rcc.c ****         {
 997              		.loc 1 560 28 view .LVU332
 998 02e8 801B     		subs	r0, r0, r6
ARM GAS  C:\Users\n11ak\AppData\Local\Temp\ccioVMLM.s 			page 47


 560:../../../../../Drivers/PY32E407_HAL_Driver/Src/py32e407_hal_rcc.c ****         {
 999              		.loc 1 560 12 view .LVU333
 1000 02ea 6428     		cmp	r0, #100
 1001 02ec F5D9     		bls	.L71
 562:../../../../../Drivers/PY32E407_HAL_Driver/Src/py32e407_hal_rcc.c ****         }
 1002              		.loc 1 562 18 view .LVU334
 1003 02ee 0320     		movs	r0, #3
 1004 02f0 CEE0     		b	.L34
 1005              	.LVL82:
 1006              	.L127:
 570:../../../../../Drivers/PY32E407_HAL_Driver/Src/py32e407_hal_rcc.c ****     }
 1007              		.loc 1 570 7 is_stmt 1 view .LVU335
 1008 02f2 6E4A     		ldr	r2, .L137+4
 1009 02f4 136F     		ldr	r3, [r2, #112]
 1010 02f6 23F01803 		bic	r3, r3, #24
 1011 02fa 2169     		ldr	r1, [r4, #16]
 1012 02fc 0B43     		orrs	r3, r3, r1
 1013 02fe 1367     		str	r3, [r2, #112]
 1014 0300 D1E7     		b	.L73
 1015              	.L128:
 574:../../../../../Drivers/PY32E407_HAL_Driver/Src/py32e407_hal_rcc.c ****     /* Check the LSE State */
 1016              		.loc 1 574 5 discriminator 1 view .LVU336
 1017 0302 6A4A     		ldr	r2, .L137+4
 1018 0304 136F     		ldr	r3, [r2, #112]
 1019 0306 43F00103 		orr	r3, r3, #1
 1020 030a 1367     		str	r3, [r2, #112]
 1021              	.L75:
 574:../../../../../Drivers/PY32E407_HAL_Driver/Src/py32e407_hal_rcc.c ****     /* Check the LSE State */
 1022              		.loc 1 574 5 discriminator 10 view .LVU337
 576:../../../../../Drivers/PY32E407_HAL_Driver/Src/py32e407_hal_rcc.c ****     {
 1023              		.loc 1 576 5 discriminator 10 view .LVU338
 576:../../../../../Drivers/PY32E407_HAL_Driver/Src/py32e407_hal_rcc.c ****     {
 1024              		.loc 1 576 26 is_stmt 0 discriminator 10 view .LVU339
 1025 030c E368     		ldr	r3, [r4, #12]
 576:../../../../../Drivers/PY32E407_HAL_Driver/Src/py32e407_hal_rcc.c ****     {
 1026              		.loc 1 576 8 discriminator 10 view .LVU340
 1027 030e 33B3     		cbz	r3, .L78
 579:../../../../../Drivers/PY32E407_HAL_Driver/Src/py32e407_hal_rcc.c **** 
 1028              		.loc 1 579 7 is_stmt 1 view .LVU341
 579:../../../../../Drivers/PY32E407_HAL_Driver/Src/py32e407_hal_rcc.c **** 
 1029              		.loc 1 579 19 is_stmt 0 view .LVU342
 1030 0310 FFF7FEFF 		bl	HAL_GetTick
 1031              	.LVL83:
 1032 0314 0646     		mov	r6, r0
 1033              	.LVL84:
 582:../../../../../Drivers/PY32E407_HAL_Driver/Src/py32e407_hal_rcc.c ****       {
 1034              		.loc 1 582 7 is_stmt 1 view .LVU343
 1035              	.L79:
 582:../../../../../Drivers/PY32E407_HAL_Driver/Src/py32e407_hal_rcc.c ****       {
 1036              		.loc 1 582 13 view .LVU344
 582:../../../../../Drivers/PY32E407_HAL_Driver/Src/py32e407_hal_rcc.c ****       {
 1037              		.loc 1 582 14 is_stmt 0 view .LVU345
 1038 0316 654B     		ldr	r3, .L137+4
 1039 0318 1B6F     		ldr	r3, [r3, #112]
 582:../../../../../Drivers/PY32E407_HAL_Driver/Src/py32e407_hal_rcc.c ****       {
 1040              		.loc 1 582 13 view .LVU346
 1041 031a 13F0020F 		tst	r3, #2
ARM GAS  C:\Users\n11ak\AppData\Local\Temp\ccioVMLM.s 			page 48


 1042 031e 2FD1     		bne	.L81
 584:../../../../../Drivers/PY32E407_HAL_Driver/Src/py32e407_hal_rcc.c ****         {
 1043              		.loc 1 584 9 is_stmt 1 view .LVU347
 584:../../../../../Drivers/PY32E407_HAL_Driver/Src/py32e407_hal_rcc.c ****         {
 1044              		.loc 1 584 14 is_stmt 0 view .LVU348
 1045 0320 FFF7FEFF 		bl	HAL_GetTick
 1046              	.LVL85:
 584:../../../../../Drivers/PY32E407_HAL_Driver/Src/py32e407_hal_rcc.c ****         {
 1047              		.loc 1 584 28 view .LVU349
 1048 0324 801B     		subs	r0, r0, r6
 584:../../../../../Drivers/PY32E407_HAL_Driver/Src/py32e407_hal_rcc.c ****         {
 1049              		.loc 1 584 12 view .LVU350
 1050 0326 41F28833 		movw	r3, #5000
 1051 032a 9842     		cmp	r0, r3
 1052 032c F3D9     		bls	.L79
 586:../../../../../Drivers/PY32E407_HAL_Driver/Src/py32e407_hal_rcc.c ****         }
 1053              		.loc 1 586 18 view .LVU351
 1054 032e 0320     		movs	r0, #3
 1055 0330 AEE0     		b	.L34
 1056              	.LVL86:
 1057              	.L76:
 574:../../../../../Drivers/PY32E407_HAL_Driver/Src/py32e407_hal_rcc.c ****     /* Check the LSE State */
 1058              		.loc 1 574 5 is_stmt 1 discriminator 5 view .LVU352
 1059 0332 052B     		cmp	r3, #5
 1060 0334 09D0     		beq	.L129
 574:../../../../../Drivers/PY32E407_HAL_Driver/Src/py32e407_hal_rcc.c ****     /* Check the LSE State */
 1061              		.loc 1 574 5 discriminator 8 view .LVU353
 1062 0336 5D4B     		ldr	r3, .L137+4
 1063 0338 1A6F     		ldr	r2, [r3, #112]
 1064 033a 22F00102 		bic	r2, r2, #1
 1065 033e 1A67     		str	r2, [r3, #112]
 574:../../../../../Drivers/PY32E407_HAL_Driver/Src/py32e407_hal_rcc.c ****     /* Check the LSE State */
 1066              		.loc 1 574 5 discriminator 8 view .LVU354
 1067 0340 1A6F     		ldr	r2, [r3, #112]
 1068 0342 22F00402 		bic	r2, r2, #4
 1069 0346 1A67     		str	r2, [r3, #112]
 1070 0348 E0E7     		b	.L75
 1071              	.L129:
 574:../../../../../Drivers/PY32E407_HAL_Driver/Src/py32e407_hal_rcc.c ****     /* Check the LSE State */
 1072              		.loc 1 574 5 discriminator 7 view .LVU355
 1073 034a 584B     		ldr	r3, .L137+4
 1074 034c 1A6F     		ldr	r2, [r3, #112]
 1075 034e 42F00402 		orr	r2, r2, #4
 1076 0352 1A67     		str	r2, [r3, #112]
 574:../../../../../Drivers/PY32E407_HAL_Driver/Src/py32e407_hal_rcc.c ****     /* Check the LSE State */
 1077              		.loc 1 574 5 discriminator 7 view .LVU356
 1078 0354 1A6F     		ldr	r2, [r3, #112]
 1079 0356 42F00102 		orr	r2, r2, #1
 1080 035a 1A67     		str	r2, [r3, #112]
 1081 035c D6E7     		b	.L75
 1082              	.L78:
 593:../../../../../Drivers/PY32E407_HAL_Driver/Src/py32e407_hal_rcc.c **** 
 1083              		.loc 1 593 7 view .LVU357
 593:../../../../../Drivers/PY32E407_HAL_Driver/Src/py32e407_hal_rcc.c **** 
 1084              		.loc 1 593 19 is_stmt 0 view .LVU358
 1085 035e FFF7FEFF 		bl	HAL_GetTick
 1086              	.LVL87:
ARM GAS  C:\Users\n11ak\AppData\Local\Temp\ccioVMLM.s 			page 49


 1087 0362 0646     		mov	r6, r0
 1088              	.LVL88:
 596:../../../../../Drivers/PY32E407_HAL_Driver/Src/py32e407_hal_rcc.c ****       {
 1089              		.loc 1 596 7 is_stmt 1 view .LVU359
 1090              	.L82:
 596:../../../../../Drivers/PY32E407_HAL_Driver/Src/py32e407_hal_rcc.c ****       {
 1091              		.loc 1 596 13 view .LVU360
 596:../../../../../Drivers/PY32E407_HAL_Driver/Src/py32e407_hal_rcc.c ****       {
 1092              		.loc 1 596 14 is_stmt 0 view .LVU361
 1093 0364 514B     		ldr	r3, .L137+4
 1094 0366 1B6F     		ldr	r3, [r3, #112]
 596:../../../../../Drivers/PY32E407_HAL_Driver/Src/py32e407_hal_rcc.c ****       {
 1095              		.loc 1 596 13 view .LVU362
 1096 0368 13F0020F 		tst	r3, #2
 1097 036c 08D0     		beq	.L81
 598:../../../../../Drivers/PY32E407_HAL_Driver/Src/py32e407_hal_rcc.c ****         {
 1098              		.loc 1 598 9 is_stmt 1 view .LVU363
 598:../../../../../Drivers/PY32E407_HAL_Driver/Src/py32e407_hal_rcc.c ****         {
 1099              		.loc 1 598 14 is_stmt 0 view .LVU364
 1100 036e FFF7FEFF 		bl	HAL_GetTick
 1101              	.LVL89:
 598:../../../../../Drivers/PY32E407_HAL_Driver/Src/py32e407_hal_rcc.c ****         {
 1102              		.loc 1 598 28 view .LVU365
 1103 0372 801B     		subs	r0, r0, r6
 598:../../../../../Drivers/PY32E407_HAL_Driver/Src/py32e407_hal_rcc.c ****         {
 1104              		.loc 1 598 12 view .LVU366
 1105 0374 41F28833 		movw	r3, #5000
 1106 0378 9842     		cmp	r0, r3
 1107 037a F3D9     		bls	.L82
 600:../../../../../Drivers/PY32E407_HAL_Driver/Src/py32e407_hal_rcc.c ****         }
 1108              		.loc 1 600 18 view .LVU367
 1109 037c 0320     		movs	r0, #3
 1110 037e 87E0     		b	.L34
 1111              	.L81:
 606:../../../../../Drivers/PY32E407_HAL_Driver/Src/py32e407_hal_rcc.c ****     {
 1112              		.loc 1 606 5 is_stmt 1 view .LVU368
 606:../../../../../Drivers/PY32E407_HAL_Driver/Src/py32e407_hal_rcc.c ****     {
 1113              		.loc 1 606 8 is_stmt 0 view .LVU369
 1114 0380 FDB9     		cbnz	r5, .L130
 1115              	.LVL90:
 1116              	.L68:
 606:../../../../../Drivers/PY32E407_HAL_Driver/Src/py32e407_hal_rcc.c ****     {
 1117              		.loc 1 606 8 view .LVU370
 1118              	.LBE2:
 614:../../../../../Drivers/PY32E407_HAL_Driver/Src/py32e407_hal_rcc.c ****   if ((RCC_OscInitStruct->PLL.PLLState) != RCC_PLL_NONE)
 1119              		.loc 1 614 3 is_stmt 1 view .LVU371
 615:../../../../../Drivers/PY32E407_HAL_Driver/Src/py32e407_hal_rcc.c ****   {
 1120              		.loc 1 615 3 view .LVU372
 615:../../../../../Drivers/PY32E407_HAL_Driver/Src/py32e407_hal_rcc.c ****   {
 1121              		.loc 1 615 30 is_stmt 0 view .LVU373
 1122 0382 236A     		ldr	r3, [r4, #32]
 615:../../../../../Drivers/PY32E407_HAL_Driver/Src/py32e407_hal_rcc.c ****   {
 1123              		.loc 1 615 6 view .LVU374
 1124 0384 002B     		cmp	r3, #0
 1125 0386 00F08280 		beq	.L107
 618:../../../../../Drivers/PY32E407_HAL_Driver/Src/py32e407_hal_rcc.c ****     {
 1126              		.loc 1 618 5 is_stmt 1 view .LVU375
ARM GAS  C:\Users\n11ak\AppData\Local\Temp\ccioVMLM.s 			page 50


 618:../../../../../Drivers/PY32E407_HAL_Driver/Src/py32e407_hal_rcc.c ****     {
 1127              		.loc 1 618 9 is_stmt 0 view .LVU376
 1128 038a 484A     		ldr	r2, .L137+4
 1129 038c 5268     		ldr	r2, [r2, #4]
 1130 038e 02F00C02 		and	r2, r2, #12
 618:../../../../../Drivers/PY32E407_HAL_Driver/Src/py32e407_hal_rcc.c ****     {
 1131              		.loc 1 618 8 view .LVU377
 1132 0392 082A     		cmp	r2, #8
 1133 0394 59D0     		beq	.L84
 620:../../../../../Drivers/PY32E407_HAL_Driver/Src/py32e407_hal_rcc.c ****       {
 1134              		.loc 1 620 7 is_stmt 1 view .LVU378
 620:../../../../../Drivers/PY32E407_HAL_Driver/Src/py32e407_hal_rcc.c ****       {
 1135              		.loc 1 620 10 is_stmt 0 view .LVU379
 1136 0396 022B     		cmp	r3, #2
 1137 0398 19D0     		beq	.L131
 666:../../../../../Drivers/PY32E407_HAL_Driver/Src/py32e407_hal_rcc.c **** 
 1138              		.loc 1 666 9 is_stmt 1 view .LVU380
 1139 039a 444A     		ldr	r2, .L137+4
 1140 039c 1368     		ldr	r3, [r2]
 1141 039e 23F08073 		bic	r3, r3, #16777216
 1142 03a2 1360     		str	r3, [r2]
 669:../../../../../Drivers/PY32E407_HAL_Driver/Src/py32e407_hal_rcc.c **** 
 1143              		.loc 1 669 9 view .LVU381
 669:../../../../../Drivers/PY32E407_HAL_Driver/Src/py32e407_hal_rcc.c **** 
 1144              		.loc 1 669 21 is_stmt 0 view .LVU382
 1145 03a4 FFF7FEFF 		bl	HAL_GetTick
 1146              	.LVL91:
 1147 03a8 0446     		mov	r4, r0
 1148              	.LVL92:
 672:../../../../../Drivers/PY32E407_HAL_Driver/Src/py32e407_hal_rcc.c ****         {
 1149              		.loc 1 672 9 is_stmt 1 view .LVU383
 1150              	.L90:
 672:../../../../../Drivers/PY32E407_HAL_Driver/Src/py32e407_hal_rcc.c ****         {
 1151              		.loc 1 672 15 view .LVU384
 672:../../../../../Drivers/PY32E407_HAL_Driver/Src/py32e407_hal_rcc.c ****         {
 1152              		.loc 1 672 16 is_stmt 0 view .LVU385
 1153 03aa 404B     		ldr	r3, .L137+4
 1154 03ac 1B68     		ldr	r3, [r3]
 672:../../../../../Drivers/PY32E407_HAL_Driver/Src/py32e407_hal_rcc.c ****         {
 1155              		.loc 1 672 15 view .LVU386
 1156 03ae 13F0007F 		tst	r3, #33554432
 1157 03b2 48D0     		beq	.L132
 674:../../../../../Drivers/PY32E407_HAL_Driver/Src/py32e407_hal_rcc.c ****           {
 1158              		.loc 1 674 11 is_stmt 1 view .LVU387
 674:../../../../../Drivers/PY32E407_HAL_Driver/Src/py32e407_hal_rcc.c ****           {
 1159              		.loc 1 674 16 is_stmt 0 view .LVU388
 1160 03b4 FFF7FEFF 		bl	HAL_GetTick
 1161              	.LVL93:
 674:../../../../../Drivers/PY32E407_HAL_Driver/Src/py32e407_hal_rcc.c ****           {
 1162              		.loc 1 674 30 view .LVU389
 1163 03b8 001B     		subs	r0, r0, r4
 674:../../../../../Drivers/PY32E407_HAL_Driver/Src/py32e407_hal_rcc.c ****           {
 1164              		.loc 1 674 14 view .LVU390
 1165 03ba 0328     		cmp	r0, #3
 1166 03bc F5D9     		bls	.L90
 676:../../../../../Drivers/PY32E407_HAL_Driver/Src/py32e407_hal_rcc.c ****           }
 1167              		.loc 1 676 20 view .LVU391
ARM GAS  C:\Users\n11ak\AppData\Local\Temp\ccioVMLM.s 			page 51


 1168 03be 0320     		movs	r0, #3
 1169 03c0 66E0     		b	.L34
 1170              	.LVL94:
 1171              	.L130:
 1172              	.LBB4:
 608:../../../../../Drivers/PY32E407_HAL_Driver/Src/py32e407_hal_rcc.c ****     }
 1173              		.loc 1 608 7 is_stmt 1 view .LVU392
 1174 03c2 3A4A     		ldr	r2, .L137+4
 1175 03c4 936D     		ldr	r3, [r2, #88]
 1176 03c6 23F08053 		bic	r3, r3, #268435456
 1177 03ca 9365     		str	r3, [r2, #88]
 1178 03cc D9E7     		b	.L68
 1179              	.LVL95:
 1180              	.L131:
 608:../../../../../Drivers/PY32E407_HAL_Driver/Src/py32e407_hal_rcc.c ****     }
 1181              		.loc 1 608 7 is_stmt 0 view .LVU393
 1182              	.LBE4:
 623:../../../../../Drivers/PY32E407_HAL_Driver/Src/py32e407_hal_rcc.c ****         assert_param(IS_RCC_PLL_MUL(RCC_OscInitStruct->PLL.PLLMUL));
 1183              		.loc 1 623 9 is_stmt 1 view .LVU394
 624:../../../../../Drivers/PY32E407_HAL_Driver/Src/py32e407_hal_rcc.c ****         assert_param(IS_RCC_PLL_PREDIV(RCC_OscInitStruct->PLL.PLLPrediv));
 1184              		.loc 1 624 9 view .LVU395
 625:../../../../../Drivers/PY32E407_HAL_Driver/Src/py32e407_hal_rcc.c ****         assert_param(IS_RCC_PLL_POSTDIV(RCC_OscInitStruct->PLL.PLLPostdiv));
 1185              		.loc 1 625 9 view .LVU396
 626:../../../../../Drivers/PY32E407_HAL_Driver/Src/py32e407_hal_rcc.c **** 
 1186              		.loc 1 626 9 view .LVU397
 629:../../../../../Drivers/PY32E407_HAL_Driver/Src/py32e407_hal_rcc.c **** 
 1187              		.loc 1 629 9 view .LVU398
 1188 03ce 374A     		ldr	r2, .L137+4
 1189 03d0 1368     		ldr	r3, [r2]
 1190 03d2 23F08073 		bic	r3, r3, #16777216
 1191 03d6 1360     		str	r3, [r2]
 632:../../../../../Drivers/PY32E407_HAL_Driver/Src/py32e407_hal_rcc.c **** 
 1192              		.loc 1 632 9 view .LVU399
 632:../../../../../Drivers/PY32E407_HAL_Driver/Src/py32e407_hal_rcc.c **** 
 1193              		.loc 1 632 21 is_stmt 0 view .LVU400
 1194 03d8 FFF7FEFF 		bl	HAL_GetTick
 1195              	.LVL96:
 1196 03dc 0546     		mov	r5, r0
 1197              	.LVL97:
 635:../../../../../Drivers/PY32E407_HAL_Driver/Src/py32e407_hal_rcc.c ****         {
 1198              		.loc 1 635 9 is_stmt 1 view .LVU401
 1199              	.L86:
 635:../../../../../Drivers/PY32E407_HAL_Driver/Src/py32e407_hal_rcc.c ****         {
 1200              		.loc 1 635 15 view .LVU402
 635:../../../../../Drivers/PY32E407_HAL_Driver/Src/py32e407_hal_rcc.c ****         {
 1201              		.loc 1 635 16 is_stmt 0 view .LVU403
 1202 03de 334B     		ldr	r3, .L137+4
 1203 03e0 1B68     		ldr	r3, [r3]
 635:../../../../../Drivers/PY32E407_HAL_Driver/Src/py32e407_hal_rcc.c ****         {
 1204              		.loc 1 635 15 view .LVU404
 1205 03e2 13F0007F 		tst	r3, #33554432
 1206 03e6 06D0     		beq	.L133
 637:../../../../../Drivers/PY32E407_HAL_Driver/Src/py32e407_hal_rcc.c ****           {
 1207              		.loc 1 637 11 is_stmt 1 view .LVU405
 637:../../../../../Drivers/PY32E407_HAL_Driver/Src/py32e407_hal_rcc.c ****           {
 1208              		.loc 1 637 16 is_stmt 0 view .LVU406
 1209 03e8 FFF7FEFF 		bl	HAL_GetTick
ARM GAS  C:\Users\n11ak\AppData\Local\Temp\ccioVMLM.s 			page 52


 1210              	.LVL98:
 637:../../../../../Drivers/PY32E407_HAL_Driver/Src/py32e407_hal_rcc.c ****           {
 1211              		.loc 1 637 30 view .LVU407
 1212 03ec 401B     		subs	r0, r0, r5
 637:../../../../../Drivers/PY32E407_HAL_Driver/Src/py32e407_hal_rcc.c ****           {
 1213              		.loc 1 637 14 view .LVU408
 1214 03ee 0328     		cmp	r0, #3
 1215 03f0 F5D9     		bls	.L86
 639:../../../../../Drivers/PY32E407_HAL_Driver/Src/py32e407_hal_rcc.c ****           }
 1216              		.loc 1 639 20 view .LVU409
 1217 03f2 0320     		movs	r0, #3
 1218 03f4 4CE0     		b	.L34
 1219              	.L133:
 644:../../../../../Drivers/PY32E407_HAL_Driver/Src/py32e407_hal_rcc.c ****                              RCC_OscInitStruct->PLL.PLLMUL,
 1220              		.loc 1 644 9 is_stmt 1 view .LVU410
 1221 03f6 2D49     		ldr	r1, .L137+4
 1222 03f8 D1F88030 		ldr	r3, [r1, #128]
 1223 03fc 23F47F43 		bic	r3, r3, #65280
 1224 0400 23F03F03 		bic	r3, r3, #63
 1225 0404 626A     		ldr	r2, [r4, #36]
 1226 0406 E06A     		ldr	r0, [r4, #44]
 1227 0408 0243     		orrs	r2, r2, r0
 1228 040a 206B     		ldr	r0, [r4, #48]
 1229 040c 0243     		orrs	r2, r2, r0
 1230 040e A06A     		ldr	r0, [r4, #40]
 1231 0410 0238     		subs	r0, r0, #2
 1232 0412 42EA0022 		orr	r2, r2, r0, lsl #8
 1233 0416 1343     		orrs	r3, r3, r2
 1234 0418 C1F88030 		str	r3, [r1, #128]
 649:../../../../../Drivers/PY32E407_HAL_Driver/Src/py32e407_hal_rcc.c **** 
 1235              		.loc 1 649 9 view .LVU411
 1236 041c 0B68     		ldr	r3, [r1]
 1237 041e 43F08073 		orr	r3, r3, #16777216
 1238 0422 0B60     		str	r3, [r1]
 652:../../../../../Drivers/PY32E407_HAL_Driver/Src/py32e407_hal_rcc.c **** 
 1239              		.loc 1 652 9 view .LVU412
 652:../../../../../Drivers/PY32E407_HAL_Driver/Src/py32e407_hal_rcc.c **** 
 1240              		.loc 1 652 21 is_stmt 0 view .LVU413
 1241 0424 FFF7FEFF 		bl	HAL_GetTick
 1242              	.LVL99:
 1243 0428 0446     		mov	r4, r0
 1244              	.LVL100:
 655:../../../../../Drivers/PY32E407_HAL_Driver/Src/py32e407_hal_rcc.c ****         {
 1245              		.loc 1 655 9 is_stmt 1 view .LVU414
 1246              	.L88:
 655:../../../../../Drivers/PY32E407_HAL_Driver/Src/py32e407_hal_rcc.c ****         {
 1247              		.loc 1 655 15 view .LVU415
 655:../../../../../Drivers/PY32E407_HAL_Driver/Src/py32e407_hal_rcc.c ****         {
 1248              		.loc 1 655 16 is_stmt 0 view .LVU416
 1249 042a 204B     		ldr	r3, .L137+4
 1250 042c 1B68     		ldr	r3, [r3]
 655:../../../../../Drivers/PY32E407_HAL_Driver/Src/py32e407_hal_rcc.c ****         {
 1251              		.loc 1 655 15 view .LVU417
 1252 042e 13F0007F 		tst	r3, #33554432
 1253 0432 06D1     		bne	.L134
 657:../../../../../Drivers/PY32E407_HAL_Driver/Src/py32e407_hal_rcc.c ****           {
 1254              		.loc 1 657 11 is_stmt 1 view .LVU418
ARM GAS  C:\Users\n11ak\AppData\Local\Temp\ccioVMLM.s 			page 53


 657:../../../../../Drivers/PY32E407_HAL_Driver/Src/py32e407_hal_rcc.c ****           {
 1255              		.loc 1 657 16 is_stmt 0 view .LVU419
 1256 0434 FFF7FEFF 		bl	HAL_GetTick
 1257              	.LVL101:
 657:../../../../../Drivers/PY32E407_HAL_Driver/Src/py32e407_hal_rcc.c ****           {
 1258              		.loc 1 657 30 view .LVU420
 1259 0438 001B     		subs	r0, r0, r4
 657:../../../../../Drivers/PY32E407_HAL_Driver/Src/py32e407_hal_rcc.c ****           {
 1260              		.loc 1 657 14 view .LVU421
 1261 043a 0328     		cmp	r0, #3
 1262 043c F5D9     		bls	.L88
 659:../../../../../Drivers/PY32E407_HAL_Driver/Src/py32e407_hal_rcc.c ****           }
 1263              		.loc 1 659 20 view .LVU422
 1264 043e 0320     		movs	r0, #3
 1265 0440 26E0     		b	.L34
 1266              	.L134:
 703:../../../../../Drivers/PY32E407_HAL_Driver/Src/py32e407_hal_rcc.c **** }
 1267              		.loc 1 703 10 view .LVU423
 1268 0442 0020     		movs	r0, #0
 1269 0444 24E0     		b	.L34
 1270              	.L132:
 703:../../../../../Drivers/PY32E407_HAL_Driver/Src/py32e407_hal_rcc.c **** }
 1271              		.loc 1 703 10 view .LVU424
 1272 0446 0020     		movs	r0, #0
 1273 0448 22E0     		b	.L34
 1274              	.LVL102:
 1275              	.L84:
 684:../../../../../Drivers/PY32E407_HAL_Driver/Src/py32e407_hal_rcc.c ****       {
 1276              		.loc 1 684 7 is_stmt 1 view .LVU425
 684:../../../../../Drivers/PY32E407_HAL_Driver/Src/py32e407_hal_rcc.c ****       {
 1277              		.loc 1 684 10 is_stmt 0 view .LVU426
 1278 044a 012B     		cmp	r3, #1
 1279 044c 22D0     		beq	.L111
 691:../../../../../Drivers/PY32E407_HAL_Driver/Src/py32e407_hal_rcc.c ****         if ((READ_BIT(pll_config, (RCC_CFGR3_PLLSRC | RCC_CFGR3_PLLXTPRE)) != RCC_OscInitStruct->PL
 1280              		.loc 1 691 9 is_stmt 1 view .LVU427
 691:../../../../../Drivers/PY32E407_HAL_Driver/Src/py32e407_hal_rcc.c ****         if ((READ_BIT(pll_config, (RCC_CFGR3_PLLSRC | RCC_CFGR3_PLLXTPRE)) != RCC_OscInitStruct->PL
 1281              		.loc 1 691 20 is_stmt 0 view .LVU428
 1282 044e 174B     		ldr	r3, .L137+4
 1283 0450 D3F88030 		ldr	r3, [r3, #128]
 1284              	.LVL103:
 692:../../../../../Drivers/PY32E407_HAL_Driver/Src/py32e407_hal_rcc.c ****             (READ_BIT(pll_config, RCC_CFGR3_PLLPREDIV) != RCC_OscInitStruct->PLL.PLLPrediv) ||
 1285              		.loc 1 692 9 is_stmt 1 view .LVU429
 692:../../../../../Drivers/PY32E407_HAL_Driver/Src/py32e407_hal_rcc.c ****             (READ_BIT(pll_config, RCC_CFGR3_PLLPREDIV) != RCC_OscInitStruct->PLL.PLLPrediv) ||
 1286              		.loc 1 692 14 is_stmt 0 view .LVU430
 1287 0454 03F00301 		and	r1, r3, #3
 692:../../../../../Drivers/PY32E407_HAL_Driver/Src/py32e407_hal_rcc.c ****             (READ_BIT(pll_config, RCC_CFGR3_PLLPREDIV) != RCC_OscInitStruct->PLL.PLLPrediv) ||
 1288              		.loc 1 692 101 view .LVU431
 1289 0458 626A     		ldr	r2, [r4, #36]
 692:../../../../../Drivers/PY32E407_HAL_Driver/Src/py32e407_hal_rcc.c ****             (READ_BIT(pll_config, RCC_CFGR3_PLLPREDIV) != RCC_OscInitStruct->PLL.PLLPrediv) ||
 1290              		.loc 1 692 12 view .LVU432
 1291 045a 9142     		cmp	r1, r2
 1292 045c 1CD1     		bne	.L112
 693:../../../../../Drivers/PY32E407_HAL_Driver/Src/py32e407_hal_rcc.c ****             (((READ_BIT(pll_config, RCC_CFGR3_PLLFBDIV) >> RCC_CFGR3_PLLFBDIV_Pos) + 2U) != RCC_Osc
 1293              		.loc 1 693 14 discriminator 1 view .LVU433
 1294 045e 03F00C02 		and	r2, r3, #12
 693:../../../../../Drivers/PY32E407_HAL_Driver/Src/py32e407_hal_rcc.c ****             (((READ_BIT(pll_config, RCC_CFGR3_PLLFBDIV) >> RCC_CFGR3_PLLFBDIV_Pos) + 2U) != RCC_Osc
 1295              		.loc 1 693 81 discriminator 1 view .LVU434
ARM GAS  C:\Users\n11ak\AppData\Local\Temp\ccioVMLM.s 			page 54


 1296 0462 E16A     		ldr	r1, [r4, #44]
 692:../../../../../Drivers/PY32E407_HAL_Driver/Src/py32e407_hal_rcc.c ****             (READ_BIT(pll_config, RCC_CFGR3_PLLPREDIV) != RCC_OscInitStruct->PLL.PLLPrediv) ||
 1297              		.loc 1 692 113 discriminator 1 view .LVU435
 1298 0464 8A42     		cmp	r2, r1
 1299 0466 19D1     		bne	.L113
 694:../../../../../Drivers/PY32E407_HAL_Driver/Src/py32e407_hal_rcc.c ****             (READ_BIT(pll_config, RCC_CFGR3_PLLPOSTDIV) != RCC_OscInitStruct->PLL.PLLPostdiv))
 1300              		.loc 1 694 57 view .LVU436
 1301 0468 C3F30722 		ubfx	r2, r3, #8, #8
 694:../../../../../Drivers/PY32E407_HAL_Driver/Src/py32e407_hal_rcc.c ****             (READ_BIT(pll_config, RCC_CFGR3_PLLPOSTDIV) != RCC_OscInitStruct->PLL.PLLPostdiv))
 1302              		.loc 1 694 84 view .LVU437
 1303 046c 0232     		adds	r2, r2, #2
 694:../../../../../Drivers/PY32E407_HAL_Driver/Src/py32e407_hal_rcc.c ****             (READ_BIT(pll_config, RCC_CFGR3_PLLPOSTDIV) != RCC_OscInitStruct->PLL.PLLPostdiv))
 1304              		.loc 1 694 115 view .LVU438
 1305 046e A16A     		ldr	r1, [r4, #40]
 693:../../../../../Drivers/PY32E407_HAL_Driver/Src/py32e407_hal_rcc.c ****             (((READ_BIT(pll_config, RCC_CFGR3_PLLFBDIV) >> RCC_CFGR3_PLLFBDIV_Pos) + 2U) != RCC_Osc
 1306              		.loc 1 693 93 view .LVU439
 1307 0470 8A42     		cmp	r2, r1
 1308 0472 15D1     		bne	.L114
 695:../../../../../Drivers/PY32E407_HAL_Driver/Src/py32e407_hal_rcc.c ****         {
 1309              		.loc 1 695 14 view .LVU440
 1310 0474 03F03003 		and	r3, r3, #48
 1311              	.LVL104:
 695:../../../../../Drivers/PY32E407_HAL_Driver/Src/py32e407_hal_rcc.c ****         {
 1312              		.loc 1 695 82 view .LVU441
 1313 0478 226B     		ldr	r2, [r4, #48]
 694:../../../../../Drivers/PY32E407_HAL_Driver/Src/py32e407_hal_rcc.c ****             (READ_BIT(pll_config, RCC_CFGR3_PLLPOSTDIV) != RCC_OscInitStruct->PLL.PLLPostdiv))
 1314              		.loc 1 694 124 view .LVU442
 1315 047a 9342     		cmp	r3, r2
 1316 047c 12D1     		bne	.L115
 703:../../../../../Drivers/PY32E407_HAL_Driver/Src/py32e407_hal_rcc.c **** }
 1317              		.loc 1 703 10 view .LVU443
 1318 047e 0020     		movs	r0, #0
 1319 0480 06E0     		b	.L34
 1320              	.LVL105:
 1321              	.L92:
 1322              	.LCFI6:
 1323              		.cfi_def_cfa_offset 0
 1324              		.cfi_restore 4
 1325              		.cfi_restore 5
 1326              		.cfi_restore 6
 1327              		.cfi_restore 14
 326:../../../../../Drivers/PY32E407_HAL_Driver/Src/py32e407_hal_rcc.c ****   }
 1328              		.loc 1 326 12 view .LVU444
 1329 0482 0120     		movs	r0, #1
 1330              	.LVL106:
 704:../../../../../Drivers/PY32E407_HAL_Driver/Src/py32e407_hal_rcc.c **** 
 1331              		.loc 1 704 1 view .LVU445
 1332 0484 7047     		bx	lr
 1333              	.LVL107:
 1334              	.L123:
 1335              	.LCFI7:
 1336              		.cfi_def_cfa_offset 24
 1337              		.cfi_offset 4, -16
 1338              		.cfi_offset 5, -12
 1339              		.cfi_offset 6, -8
 1340              		.cfi_offset 14, -4
 346:../../../../../Drivers/PY32E407_HAL_Driver/Src/py32e407_hal_rcc.c ****       }
ARM GAS  C:\Users\n11ak\AppData\Local\Temp\ccioVMLM.s 			page 55


 1341              		.loc 1 346 16 view .LVU446
 1342 0486 0120     		movs	r0, #1
 1343              	.LVL108:
 346:../../../../../Drivers/PY32E407_HAL_Driver/Src/py32e407_hal_rcc.c ****       }
 1344              		.loc 1 346 16 view .LVU447
 1345 0488 02E0     		b	.L34
 1346              	.L96:
 407:../../../../../Drivers/PY32E407_HAL_Driver/Src/py32e407_hal_rcc.c ****       }
 1347              		.loc 1 407 16 view .LVU448
 1348 048a 0120     		movs	r0, #1
 1349 048c 00E0     		b	.L34
 1350              	.L107:
 703:../../../../../Drivers/PY32E407_HAL_Driver/Src/py32e407_hal_rcc.c **** }
 1351              		.loc 1 703 10 view .LVU449
 1352 048e 0020     		movs	r0, #0
 1353              	.LVL109:
 1354              	.L34:
 704:../../../../../Drivers/PY32E407_HAL_Driver/Src/py32e407_hal_rcc.c **** 
 1355              		.loc 1 704 1 view .LVU450
 1356 0490 02B0     		add	sp, sp, #8
 1357              	.LCFI8:
 1358              		.cfi_remember_state
 1359              		.cfi_def_cfa_offset 16
 1360              		@ sp needed
 1361 0492 70BD     		pop	{r4, r5, r6, pc}
 1362              	.LVL110:
 1363              	.L111:
 1364              	.LCFI9:
 1365              		.cfi_restore_state
 686:../../../../../Drivers/PY32E407_HAL_Driver/Src/py32e407_hal_rcc.c ****       }
 1366              		.loc 1 686 16 view .LVU451
 1367 0494 0120     		movs	r0, #1
 1368 0496 FBE7     		b	.L34
 1369              	.LVL111:
 1370              	.L112:
 697:../../../../../Drivers/PY32E407_HAL_Driver/Src/py32e407_hal_rcc.c ****         }
 1371              		.loc 1 697 18 view .LVU452
 1372 0498 0120     		movs	r0, #1
 1373 049a F9E7     		b	.L34
 1374              	.L113:
 1375 049c 0120     		movs	r0, #1
 1376 049e F7E7     		b	.L34
 1377              	.L114:
 1378 04a0 0120     		movs	r0, #1
 1379 04a2 F5E7     		b	.L34
 1380              	.LVL112:
 1381              	.L115:
 697:../../../../../Drivers/PY32E407_HAL_Driver/Src/py32e407_hal_rcc.c ****         }
 1382              		.loc 1 697 18 view .LVU453
 1383 04a4 0120     		movs	r0, #1
 1384 04a6 F3E7     		b	.L34
 1385              	.L138:
 1386              		.align	2
 1387              	.L137:
 1388 04a8 00700040 		.word	1073770496
 1389 04ac 00100240 		.word	1073876992
 1390              		.cfi_endproc
ARM GAS  C:\Users\n11ak\AppData\Local\Temp\ccioVMLM.s 			page 56


 1391              	.LFE137:
 1393              		.section	.text.HAL_RCC_MCOConfig,"ax",%progbits
 1394              		.align	1
 1395              		.global	HAL_RCC_MCOConfig
 1396              		.syntax unified
 1397              		.thumb
 1398              		.thumb_func
 1400              	HAL_RCC_MCOConfig:
 1401              	.LVL113:
 1402              	.LFB139:
 957:../../../../../Drivers/PY32E407_HAL_Driver/Src/py32e407_hal_rcc.c ****   GPIO_InitTypeDef GPIO_InitStruct = {0};
 1403              		.loc 1 957 1 is_stmt 1 view -0
 1404              		.cfi_startproc
 1405              		@ args = 0, pretend = 0, frame = 32
 1406              		@ frame_needed = 0, uses_anonymous_args = 0
 957:../../../../../Drivers/PY32E407_HAL_Driver/Src/py32e407_hal_rcc.c ****   GPIO_InitTypeDef GPIO_InitStruct = {0};
 1407              		.loc 1 957 1 is_stmt 0 view .LVU455
 1408 0000 30B5     		push	{r4, r5, lr}
 1409              	.LCFI10:
 1410              		.cfi_def_cfa_offset 12
 1411              		.cfi_offset 4, -12
 1412              		.cfi_offset 5, -8
 1413              		.cfi_offset 14, -4
 1414 0002 89B0     		sub	sp, sp, #36
 1415              	.LCFI11:
 1416              		.cfi_def_cfa_offset 48
 1417 0004 0D46     		mov	r5, r1
 1418 0006 1446     		mov	r4, r2
 958:../../../../../Drivers/PY32E407_HAL_Driver/Src/py32e407_hal_rcc.c **** 
 1419              		.loc 1 958 3 is_stmt 1 view .LVU456
 958:../../../../../Drivers/PY32E407_HAL_Driver/Src/py32e407_hal_rcc.c **** 
 1420              		.loc 1 958 20 is_stmt 0 view .LVU457
 1421 0008 0023     		movs	r3, #0
 1422 000a 0393     		str	r3, [sp, #12]
 1423 000c 0493     		str	r3, [sp, #16]
 1424 000e 0593     		str	r3, [sp, #20]
 1425 0010 0693     		str	r3, [sp, #24]
 1426 0012 0793     		str	r3, [sp, #28]
 961:../../../../../Drivers/PY32E407_HAL_Driver/Src/py32e407_hal_rcc.c ****   assert_param(IS_RCC_MCODIV(RCC_MCODiv));
 1427              		.loc 1 961 3 is_stmt 1 view .LVU458
 962:../../../../../Drivers/PY32E407_HAL_Driver/Src/py32e407_hal_rcc.c ****   assert_param(IS_RCC_MCOSOURCE(RCC_MCOSource));
 1428              		.loc 1 962 3 view .LVU459
 963:../../../../../Drivers/PY32E407_HAL_Driver/Src/py32e407_hal_rcc.c **** 
 1429              		.loc 1 963 3 view .LVU460
 965:../../../../../Drivers/PY32E407_HAL_Driver/Src/py32e407_hal_rcc.c ****   GPIO_InitStruct.Speed = GPIO_SPEED_FREQ_VERY_HIGH;
 1430              		.loc 1 965 3 view .LVU461
 965:../../../../../Drivers/PY32E407_HAL_Driver/Src/py32e407_hal_rcc.c ****   GPIO_InitStruct.Speed = GPIO_SPEED_FREQ_VERY_HIGH;
 1431              		.loc 1 965 24 is_stmt 0 view .LVU462
 1432 0014 0223     		movs	r3, #2
 1433 0016 0493     		str	r3, [sp, #16]
 966:../../../../../Drivers/PY32E407_HAL_Driver/Src/py32e407_hal_rcc.c ****   GPIO_InitStruct.Pull = GPIO_NOPULL;
 1434              		.loc 1 966 3 is_stmt 1 view .LVU463
 966:../../../../../Drivers/PY32E407_HAL_Driver/Src/py32e407_hal_rcc.c ****   GPIO_InitStruct.Pull = GPIO_NOPULL;
 1435              		.loc 1 966 25 is_stmt 0 view .LVU464
 1436 0018 0323     		movs	r3, #3
 1437 001a 0693     		str	r3, [sp, #24]
 967:../../../../../Drivers/PY32E407_HAL_Driver/Src/py32e407_hal_rcc.c ****   switch(RCC_MCOx)
ARM GAS  C:\Users\n11ak\AppData\Local\Temp\ccioVMLM.s 			page 57


 1438              		.loc 1 967 3 is_stmt 1 view .LVU465
 968:../../../../../Drivers/PY32E407_HAL_Driver/Src/py32e407_hal_rcc.c ****   {
 1439              		.loc 1 968 3 view .LVU466
 1440 001c 0128     		cmp	r0, #1
 1441 001e 1ED0     		beq	.L143
 978:../../../../../Drivers/PY32E407_HAL_Driver/Src/py32e407_hal_rcc.c ****       GPIO_InitStruct.Pin = GPIO_PIN_8;
 1442              		.loc 1 978 7 view .LVU467
 1443              	.LBB5:
 978:../../../../../Drivers/PY32E407_HAL_Driver/Src/py32e407_hal_rcc.c ****       GPIO_InitStruct.Pin = GPIO_PIN_8;
 1444              		.loc 1 978 7 view .LVU468
 978:../../../../../Drivers/PY32E407_HAL_Driver/Src/py32e407_hal_rcc.c ****       GPIO_InitStruct.Pin = GPIO_PIN_8;
 1445              		.loc 1 978 7 view .LVU469
 1446 0020 174B     		ldr	r3, .L144
 1447 0022 DA6C     		ldr	r2, [r3, #76]
 1448              	.LVL114:
 978:../../../../../Drivers/PY32E407_HAL_Driver/Src/py32e407_hal_rcc.c ****       GPIO_InitStruct.Pin = GPIO_PIN_8;
 1449              		.loc 1 978 7 is_stmt 0 view .LVU470
 1450 0024 42F00402 		orr	r2, r2, #4
 1451 0028 DA64     		str	r2, [r3, #76]
 978:../../../../../Drivers/PY32E407_HAL_Driver/Src/py32e407_hal_rcc.c ****       GPIO_InitStruct.Pin = GPIO_PIN_8;
 1452              		.loc 1 978 7 is_stmt 1 view .LVU471
 1453 002a DB6C     		ldr	r3, [r3, #76]
 1454 002c 03F00403 		and	r3, r3, #4
 1455 0030 0293     		str	r3, [sp, #8]
 978:../../../../../Drivers/PY32E407_HAL_Driver/Src/py32e407_hal_rcc.c ****       GPIO_InitStruct.Pin = GPIO_PIN_8;
 1456              		.loc 1 978 7 view .LVU472
 1457 0032 029B     		ldr	r3, [sp, #8]
 1458              	.LBE5:
 978:../../../../../Drivers/PY32E407_HAL_Driver/Src/py32e407_hal_rcc.c ****       GPIO_InitStruct.Pin = GPIO_PIN_8;
 1459              		.loc 1 978 7 view .LVU473
 979:../../../../../Drivers/PY32E407_HAL_Driver/Src/py32e407_hal_rcc.c ****       GPIO_InitStruct.Alternate = GPIO_AF0_MCO;
 1460              		.loc 1 979 7 view .LVU474
 979:../../../../../Drivers/PY32E407_HAL_Driver/Src/py32e407_hal_rcc.c ****       GPIO_InitStruct.Alternate = GPIO_AF0_MCO;
 1461              		.loc 1 979 27 is_stmt 0 view .LVU475
 1462 0034 4FF48073 		mov	r3, #256
 1463 0038 0393     		str	r3, [sp, #12]
 980:../../../../../Drivers/PY32E407_HAL_Driver/Src/py32e407_hal_rcc.c ****       HAL_GPIO_Init(GPIOA, &GPIO_InitStruct);
 1464              		.loc 1 980 7 is_stmt 1 view .LVU476
 981:../../../../../Drivers/PY32E407_HAL_Driver/Src/py32e407_hal_rcc.c ****       break;
 1465              		.loc 1 981 7 view .LVU477
 1466 003a 03A9     		add	r1, sp, #12
 1467              	.LVL115:
 981:../../../../../Drivers/PY32E407_HAL_Driver/Src/py32e407_hal_rcc.c ****       break;
 1468              		.loc 1 981 7 is_stmt 0 view .LVU478
 1469 003c 4FF09040 		mov	r0, #1207959552
 1470              	.LVL116:
 981:../../../../../Drivers/PY32E407_HAL_Driver/Src/py32e407_hal_rcc.c ****       break;
 1471              		.loc 1 981 7 view .LVU479
 1472 0040 FFF7FEFF 		bl	HAL_GPIO_Init
 1473              	.LVL117:
 982:../../../../../Drivers/PY32E407_HAL_Driver/Src/py32e407_hal_rcc.c ****   }
 1474              		.loc 1 982 7 is_stmt 1 view .LVU480
 1475              	.L141:
 986:../../../../../Drivers/PY32E407_HAL_Driver/Src/py32e407_hal_rcc.c ****     MODIFY_REG(RCC->CFGR1, RCC_CFGR1_MCOPRE, RCC_MCODiv);
 1476              		.loc 1 986 5 view .LVU481
 1477 0044 0E48     		ldr	r0, .L144
 1478 0046 4368     		ldr	r3, [r0, #4]
ARM GAS  C:\Users\n11ak\AppData\Local\Temp\ccioVMLM.s 			page 58


 1479 0048 23F07063 		bic	r3, r3, #251658240
 1480 004c 2B43     		orrs	r3, r3, r5
 1481 004e 4360     		str	r3, [r0, #4]
 987:../../../../../Drivers/PY32E407_HAL_Driver/Src/py32e407_hal_rcc.c **** }
 1482              		.loc 1 987 5 view .LVU482
 1483 0050 836F     		ldr	r3, [r0, #120]
 1484 0052 23F00703 		bic	r3, r3, #7
 1485 0056 2343     		orrs	r3, r3, r4
 1486 0058 8367     		str	r3, [r0, #120]
 988:../../../../../Drivers/PY32E407_HAL_Driver/Src/py32e407_hal_rcc.c **** 
 1487              		.loc 1 988 1 is_stmt 0 view .LVU483
 1488 005a 09B0     		add	sp, sp, #36
 1489              	.LCFI12:
 1490              		.cfi_remember_state
 1491              		.cfi_def_cfa_offset 12
 1492              		@ sp needed
 1493 005c 30BD     		pop	{r4, r5, pc}
 1494              	.LVL118:
 1495              	.L143:
 1496              	.LCFI13:
 1497              		.cfi_restore_state
 971:../../../../../Drivers/PY32E407_HAL_Driver/Src/py32e407_hal_rcc.c ****       GPIO_InitStruct.Pin = GPIO_PIN_5;
 1498              		.loc 1 971 7 is_stmt 1 view .LVU484
 1499              	.LBB6:
 971:../../../../../Drivers/PY32E407_HAL_Driver/Src/py32e407_hal_rcc.c ****       GPIO_InitStruct.Pin = GPIO_PIN_5;
 1500              		.loc 1 971 7 view .LVU485
 971:../../../../../Drivers/PY32E407_HAL_Driver/Src/py32e407_hal_rcc.c ****       GPIO_InitStruct.Pin = GPIO_PIN_5;
 1501              		.loc 1 971 7 view .LVU486
 1502 005e 084B     		ldr	r3, .L144
 1503 0060 DA6C     		ldr	r2, [r3, #76]
 1504              	.LVL119:
 971:../../../../../Drivers/PY32E407_HAL_Driver/Src/py32e407_hal_rcc.c ****       GPIO_InitStruct.Pin = GPIO_PIN_5;
 1505              		.loc 1 971 7 is_stmt 0 view .LVU487
 1506 0062 42F08002 		orr	r2, r2, #128
 1507 0066 DA64     		str	r2, [r3, #76]
 971:../../../../../Drivers/PY32E407_HAL_Driver/Src/py32e407_hal_rcc.c ****       GPIO_InitStruct.Pin = GPIO_PIN_5;
 1508              		.loc 1 971 7 is_stmt 1 view .LVU488
 1509 0068 DB6C     		ldr	r3, [r3, #76]
 1510 006a 03F08003 		and	r3, r3, #128
 1511 006e 0193     		str	r3, [sp, #4]
 971:../../../../../Drivers/PY32E407_HAL_Driver/Src/py32e407_hal_rcc.c ****       GPIO_InitStruct.Pin = GPIO_PIN_5;
 1512              		.loc 1 971 7 view .LVU489
 1513 0070 019B     		ldr	r3, [sp, #4]
 1514              	.LBE6:
 971:../../../../../Drivers/PY32E407_HAL_Driver/Src/py32e407_hal_rcc.c ****       GPIO_InitStruct.Pin = GPIO_PIN_5;
 1515              		.loc 1 971 7 view .LVU490
 972:../../../../../Drivers/PY32E407_HAL_Driver/Src/py32e407_hal_rcc.c ****       GPIO_InitStruct.Alternate = GPIO_AF0_MCO;
 1516              		.loc 1 972 7 view .LVU491
 972:../../../../../Drivers/PY32E407_HAL_Driver/Src/py32e407_hal_rcc.c ****       GPIO_InitStruct.Alternate = GPIO_AF0_MCO;
 1517              		.loc 1 972 27 is_stmt 0 view .LVU492
 1518 0072 2023     		movs	r3, #32
 1519 0074 0393     		str	r3, [sp, #12]
 973:../../../../../Drivers/PY32E407_HAL_Driver/Src/py32e407_hal_rcc.c ****       HAL_GPIO_Init(GPIOF, &GPIO_InitStruct);
 1520              		.loc 1 973 7 is_stmt 1 view .LVU493
 974:../../../../../Drivers/PY32E407_HAL_Driver/Src/py32e407_hal_rcc.c ****       break;
 1521              		.loc 1 974 7 view .LVU494
 1522 0076 03A9     		add	r1, sp, #12
ARM GAS  C:\Users\n11ak\AppData\Local\Temp\ccioVMLM.s 			page 59


 1523              	.LVL120:
 974:../../../../../Drivers/PY32E407_HAL_Driver/Src/py32e407_hal_rcc.c ****       break;
 1524              		.loc 1 974 7 is_stmt 0 view .LVU495
 1525 0078 0248     		ldr	r0, .L144+4
 1526              	.LVL121:
 974:../../../../../Drivers/PY32E407_HAL_Driver/Src/py32e407_hal_rcc.c ****       break;
 1527              		.loc 1 974 7 view .LVU496
 1528 007a FFF7FEFF 		bl	HAL_GPIO_Init
 1529              	.LVL122:
 975:../../../../../Drivers/PY32E407_HAL_Driver/Src/py32e407_hal_rcc.c ****     case RCC_MCO1 :  /* PA08 */
 1530              		.loc 1 975 7 is_stmt 1 view .LVU497
 1531 007e E1E7     		b	.L141
 1532              	.L145:
 1533              		.align	2
 1534              	.L144:
 1535 0080 00100240 		.word	1073876992
 1536 0084 00140048 		.word	1207964672
 1537              		.cfi_endproc
 1538              	.LFE139:
 1540              		.section	.text.HAL_RCC_EnableCSS,"ax",%progbits
 1541              		.align	1
 1542              		.global	HAL_RCC_EnableCSS
 1543              		.syntax unified
 1544              		.thumb
 1545              		.thumb_func
 1547              	HAL_RCC_EnableCSS:
 1548              	.LFB140:
1000:../../../../../Drivers/PY32E407_HAL_Driver/Src/py32e407_hal_rcc.c ****   SET_BIT(RCC->CR, RCC_CR_CSSON);
 1549              		.loc 1 1000 1 view -0
 1550              		.cfi_startproc
 1551              		@ args = 0, pretend = 0, frame = 0
 1552              		@ frame_needed = 0, uses_anonymous_args = 0
 1553              		@ link register save eliminated.
1001:../../../../../Drivers/PY32E407_HAL_Driver/Src/py32e407_hal_rcc.c **** }
 1554              		.loc 1 1001 3 view .LVU499
 1555 0000 024A     		ldr	r2, .L147
 1556 0002 1368     		ldr	r3, [r2]
 1557 0004 43F40023 		orr	r3, r3, #524288
 1558 0008 1360     		str	r3, [r2]
1002:../../../../../Drivers/PY32E407_HAL_Driver/Src/py32e407_hal_rcc.c **** 
 1559              		.loc 1 1002 1 is_stmt 0 view .LVU500
 1560 000a 7047     		bx	lr
 1561              	.L148:
 1562              		.align	2
 1563              	.L147:
 1564 000c 00100240 		.word	1073876992
 1565              		.cfi_endproc
 1566              	.LFE140:
 1568              		.section	.text.HAL_RCC_GetSysClockFreq,"ax",%progbits
 1569              		.align	1
 1570              		.global	HAL_RCC_GetSysClockFreq
 1571              		.syntax unified
 1572              		.thumb
 1573              		.thumb_func
 1575              	HAL_RCC_GetSysClockFreq:
 1576              	.LFB141:
1033:../../../../../Drivers/PY32E407_HAL_Driver/Src/py32e407_hal_rcc.c ****   const uint8_t aDivFactorTable[4] = {1, 2, 4, 8};
ARM GAS  C:\Users\n11ak\AppData\Local\Temp\ccioVMLM.s 			page 60


 1577              		.loc 1 1033 1 is_stmt 1 view -0
 1578              		.cfi_startproc
 1579              		@ args = 0, pretend = 0, frame = 8
 1580              		@ frame_needed = 0, uses_anonymous_args = 0
 1581              		@ link register save eliminated.
 1582 0000 82B0     		sub	sp, sp, #8
 1583              	.LCFI14:
 1584              		.cfi_def_cfa_offset 8
1034:../../../../../Drivers/PY32E407_HAL_Driver/Src/py32e407_hal_rcc.c ****   const uint8_t aXTPredivFactorTable[2] = {1, 2};
 1585              		.loc 1 1034 3 view .LVU502
1034:../../../../../Drivers/PY32E407_HAL_Driver/Src/py32e407_hal_rcc.c ****   const uint8_t aXTPredivFactorTable[2] = {1, 2};
 1586              		.loc 1 1034 17 is_stmt 0 view .LVU503
 1587 0002 274B     		ldr	r3, .L156
 1588 0004 0193     		str	r3, [sp, #4]
1035:../../../../../Drivers/PY32E407_HAL_Driver/Src/py32e407_hal_rcc.c **** 
 1589              		.loc 1 1035 3 is_stmt 1 view .LVU504
1035:../../../../../Drivers/PY32E407_HAL_Driver/Src/py32e407_hal_rcc.c **** 
 1590              		.loc 1 1035 17 is_stmt 0 view .LVU505
 1591 0006 40F20123 		movw	r3, #513
 1592 000a ADF80030 		strh	r3, [sp]	@ movhi
1037:../../../../../Drivers/PY32E407_HAL_Driver/Src/py32e407_hal_rcc.c ****   uint32_t sysclockfreq = 0U;
 1593              		.loc 1 1037 3 is_stmt 1 view .LVU506
 1594              	.LVL123:
1038:../../../../../Drivers/PY32E407_HAL_Driver/Src/py32e407_hal_rcc.c **** 
 1595              		.loc 1 1038 3 view .LVU507
1040:../../../../../Drivers/PY32E407_HAL_Driver/Src/py32e407_hal_rcc.c ****   
 1596              		.loc 1 1040 3 view .LVU508
1040:../../../../../Drivers/PY32E407_HAL_Driver/Src/py32e407_hal_rcc.c ****   
 1597              		.loc 1 1040 10 is_stmt 0 view .LVU509
 1598 000e 254A     		ldr	r2, .L156+4
 1599 0010 5368     		ldr	r3, [r2, #4]
 1600              	.LVL124:
1042:../../../../../Drivers/PY32E407_HAL_Driver/Src/py32e407_hal_rcc.c **** 
 1601              		.loc 1 1042 3 is_stmt 1 view .LVU510
1042:../../../../../Drivers/PY32E407_HAL_Driver/Src/py32e407_hal_rcc.c **** 
 1602              		.loc 1 1042 13 is_stmt 0 view .LVU511
 1603 0012 D2F88020 		ldr	r2, [r2, #128]
 1604              	.LVL125:
1045:../../../../../Drivers/PY32E407_HAL_Driver/Src/py32e407_hal_rcc.c ****   {
 1605              		.loc 1 1045 3 is_stmt 1 view .LVU512
1045:../../../../../Drivers/PY32E407_HAL_Driver/Src/py32e407_hal_rcc.c ****   {
 1606              		.loc 1 1045 18 is_stmt 0 view .LVU513
 1607 0016 03F00C03 		and	r3, r3, #12
 1608              	.LVL126:
1045:../../../../../Drivers/PY32E407_HAL_Driver/Src/py32e407_hal_rcc.c ****   {
 1609              		.loc 1 1045 3 view .LVU514
 1610 001a 042B     		cmp	r3, #4
 1611 001c 3AD0     		beq	.L153
 1612 001e 082B     		cmp	r3, #8
 1613 0020 3AD1     		bne	.L154
1054:../../../../../Drivers/PY32E407_HAL_Driver/Src/py32e407_hal_rcc.c ****       pllpostdiv = aDivFactorTable[(uint32_t)(RCC->CFGR3 & RCC_CFGR3_PLLPOSTDIV) >> RCC_CFGR3_PLLPO
 1614              		.loc 1 1054 7 is_stmt 1 view .LVU515
1054:../../../../../Drivers/PY32E407_HAL_Driver/Src/py32e407_hal_rcc.c ****       pllpostdiv = aDivFactorTable[(uint32_t)(RCC->CFGR3 & RCC_CFGR3_PLLPOSTDIV) >> RCC_CFGR3_PLLPO
 1615              		.loc 1 1054 49 is_stmt 0 view .LVU516
 1616 0022 2049     		ldr	r1, .L156+4
 1617 0024 D1F88030 		ldr	r3, [r1, #128]
1054:../../../../../Drivers/PY32E407_HAL_Driver/Src/py32e407_hal_rcc.c ****       pllpostdiv = aDivFactorTable[(uint32_t)(RCC->CFGR3 & RCC_CFGR3_PLLPOSTDIV) >> RCC_CFGR3_PLLPO
ARM GAS  C:\Users\n11ak\AppData\Local\Temp\ccioVMLM.s 			page 61


 1618              		.loc 1 1054 80 view .LVU517
 1619 0028 C3F38103 		ubfx	r3, r3, #2, #2
1054:../../../../../Drivers/PY32E407_HAL_Driver/Src/py32e407_hal_rcc.c ****       pllpostdiv = aDivFactorTable[(uint32_t)(RCC->CFGR3 & RCC_CFGR3_PLLPOSTDIV) >> RCC_CFGR3_PLLPO
 1620              		.loc 1 1054 34 view .LVU518
 1621 002c 0833     		adds	r3, r3, #8
 1622 002e 6B44     		add	r3, sp, r3
 1623 0030 13F804CC 		ldrb	ip, [r3, #-4]	@ zero_extendqisi2
 1624              	.LVL127:
1055:../../../../../Drivers/PY32E407_HAL_Driver/Src/py32e407_hal_rcc.c ****       pllmul = (READ_BIT(RCC->CFGR3, RCC_CFGR3_PLLFBDIV) >> RCC_CFGR3_PLLFBDIV_Pos) + 2U;
 1625              		.loc 1 1055 7 is_stmt 1 view .LVU519
1055:../../../../../Drivers/PY32E407_HAL_Driver/Src/py32e407_hal_rcc.c ****       pllmul = (READ_BIT(RCC->CFGR3, RCC_CFGR3_PLLFBDIV) >> RCC_CFGR3_PLLFBDIV_Pos) + 2U;
 1626              		.loc 1 1055 50 is_stmt 0 view .LVU520
 1627 0034 D1F88030 		ldr	r3, [r1, #128]
1055:../../../../../Drivers/PY32E407_HAL_Driver/Src/py32e407_hal_rcc.c ****       pllmul = (READ_BIT(RCC->CFGR3, RCC_CFGR3_PLLFBDIV) >> RCC_CFGR3_PLLFBDIV_Pos) + 2U;
 1628              		.loc 1 1055 82 view .LVU521
 1629 0038 C3F30113 		ubfx	r3, r3, #4, #2
1055:../../../../../Drivers/PY32E407_HAL_Driver/Src/py32e407_hal_rcc.c ****       pllmul = (READ_BIT(RCC->CFGR3, RCC_CFGR3_PLLFBDIV) >> RCC_CFGR3_PLLFBDIV_Pos) + 2U;
 1630              		.loc 1 1055 35 view .LVU522
 1631 003c 0833     		adds	r3, r3, #8
 1632 003e 6B44     		add	r3, sp, r3
 1633 0040 13F8040C 		ldrb	r0, [r3, #-4]	@ zero_extendqisi2
 1634              	.LVL128:
1056:../../../../../Drivers/PY32E407_HAL_Driver/Src/py32e407_hal_rcc.c ****       if (((tmppllreg & (RCC_CFGR3_PLLSRC | RCC_CFGR3_PLLXTPRE)) == RCC_PLLSOURCE_HSE) || \
 1635              		.loc 1 1056 7 is_stmt 1 view .LVU523
1056:../../../../../Drivers/PY32E407_HAL_Driver/Src/py32e407_hal_rcc.c ****       if (((tmppllreg & (RCC_CFGR3_PLLSRC | RCC_CFGR3_PLLXTPRE)) == RCC_PLLSOURCE_HSE) || \
 1636              		.loc 1 1056 17 is_stmt 0 view .LVU524
 1637 0044 D1F88030 		ldr	r3, [r1, #128]
1056:../../../../../Drivers/PY32E407_HAL_Driver/Src/py32e407_hal_rcc.c ****       if (((tmppllreg & (RCC_CFGR3_PLLSRC | RCC_CFGR3_PLLXTPRE)) == RCC_PLLSOURCE_HSE) || \
 1638              		.loc 1 1056 58 view .LVU525
 1639 0048 C3F30723 		ubfx	r3, r3, #8, #8
1056:../../../../../Drivers/PY32E407_HAL_Driver/Src/py32e407_hal_rcc.c ****       if (((tmppllreg & (RCC_CFGR3_PLLSRC | RCC_CFGR3_PLLXTPRE)) == RCC_PLLSOURCE_HSE) || \
 1640              		.loc 1 1056 14 view .LVU526
 1641 004c 0233     		adds	r3, r3, #2
 1642              	.LVL129:
1057:../../../../../Drivers/PY32E407_HAL_Driver/Src/py32e407_hal_rcc.c ****           ((tmppllreg & (RCC_CFGR3_PLLSRC | RCC_CFGR3_PLLXTPRE)) == RCC_PLLSOURCE_HSE_DIV2))
 1643              		.loc 1 1057 7 is_stmt 1 view .LVU527
1057:../../../../../Drivers/PY32E407_HAL_Driver/Src/py32e407_hal_rcc.c ****           ((tmppllreg & (RCC_CFGR3_PLLSRC | RCC_CFGR3_PLLXTPRE)) == RCC_PLLSOURCE_HSE_DIV2))
 1644              		.loc 1 1057 23 is_stmt 0 view .LVU528
 1645 004e 02F00302 		and	r2, r2, #3
 1646              	.LVL130:
1057:../../../../../Drivers/PY32E407_HAL_Driver/Src/py32e407_hal_rcc.c ****           ((tmppllreg & (RCC_CFGR3_PLLSRC | RCC_CFGR3_PLLXTPRE)) == RCC_PLLSOURCE_HSE_DIV2))
 1647              		.loc 1 1057 10 view .LVU529
 1648 0052 012A     		cmp	r2, #1
 1649 0054 09D0     		beq	.L151
1057:../../../../../Drivers/PY32E407_HAL_Driver/Src/py32e407_hal_rcc.c ****           ((tmppllreg & (RCC_CFGR3_PLLSRC | RCC_CFGR3_PLLXTPRE)) == RCC_PLLSOURCE_HSE_DIV2))
 1650              		.loc 1 1057 88 discriminator 1 view .LVU530
 1651 0056 032A     		cmp	r2, #3
 1652 0058 07D0     		beq	.L151
1068:../../../../../Drivers/PY32E407_HAL_Driver/Src/py32e407_hal_rcc.c ****       }
 1653              		.loc 1 1068 9 is_stmt 1 view .LVU531
1068:../../../../../Drivers/PY32E407_HAL_Driver/Src/py32e407_hal_rcc.c ****       }
 1654              		.loc 1 1068 47 is_stmt 0 view .LVU532
 1655 005a 134A     		ldr	r2, .L156+8
 1656 005c B2FBFCF2 		udiv	r2, r2, ip
1068:../../../../../Drivers/PY32E407_HAL_Driver/Src/py32e407_hal_rcc.c ****       }
 1657              		.loc 1 1068 59 view .LVU533
 1658 0060 02FB03F3 		mul	r3, r2, r3
ARM GAS  C:\Users\n11ak\AppData\Local\Temp\ccioVMLM.s 			page 62


 1659              	.LVL131:
1068:../../../../../Drivers/PY32E407_HAL_Driver/Src/py32e407_hal_rcc.c ****       }
 1660              		.loc 1 1068 16 view .LVU534
 1661 0064 B3FBF0F0 		udiv	r0, r3, r0
 1662              	.LVL132:
1068:../../../../../Drivers/PY32E407_HAL_Driver/Src/py32e407_hal_rcc.c ****       }
 1663              		.loc 1 1068 16 view .LVU535
 1664 0068 17E0     		b	.L149
 1665              	.LVL133:
 1666              	.L151:
1060:../../../../../Drivers/PY32E407_HAL_Driver/Src/py32e407_hal_rcc.c ****         
 1667              		.loc 1 1060 9 is_stmt 1 view .LVU536
1060:../../../../../Drivers/PY32E407_HAL_Driver/Src/py32e407_hal_rcc.c ****         
 1668              		.loc 1 1060 58 is_stmt 0 view .LVU537
 1669 006a 0E4A     		ldr	r2, .L156+4
 1670 006c D2F88010 		ldr	r1, [r2, #128]
1060:../../../../../Drivers/PY32E407_HAL_Driver/Src/py32e407_hal_rcc.c ****         
 1671              		.loc 1 1060 88 view .LVU538
 1672 0070 C1F34001 		ubfx	r1, r1, #1, #1
1060:../../../../../Drivers/PY32E407_HAL_Driver/Src/py32e407_hal_rcc.c ****         
 1673              		.loc 1 1060 43 view .LVU539
 1674 0074 01F10802 		add	r2, r1, #8
 1675 0078 0DEB0201 		add	r1, sp, r2
 1676 007c 11F8081C 		ldrb	r1, [r1, #-8]	@ zero_extendqisi2
 1677              	.LVL134:
1063:../../../../../Drivers/PY32E407_HAL_Driver/Src/py32e407_hal_rcc.c ****       }
 1678              		.loc 1 1063 9 is_stmt 1 view .LVU540
1063:../../../../../Drivers/PY32E407_HAL_Driver/Src/py32e407_hal_rcc.c ****       }
 1679              		.loc 1 1063 40 is_stmt 0 view .LVU541
 1680 0080 0A4A     		ldr	r2, .L156+12
 1681 0082 B2FBF1F2 		udiv	r2, r2, r1
1063:../../../../../Drivers/PY32E407_HAL_Driver/Src/py32e407_hal_rcc.c ****       }
 1682              		.loc 1 1063 55 view .LVU542
 1683 0086 B2FBFCF2 		udiv	r2, r2, ip
1063:../../../../../Drivers/PY32E407_HAL_Driver/Src/py32e407_hal_rcc.c ****       }
 1684              		.loc 1 1063 67 view .LVU543
 1685 008a 02FB03F3 		mul	r3, r2, r3
 1686              	.LVL135:
1063:../../../../../Drivers/PY32E407_HAL_Driver/Src/py32e407_hal_rcc.c ****       }
 1687              		.loc 1 1063 16 view .LVU544
 1688 008e B3FBF0F0 		udiv	r0, r3, r0
 1689              	.LVL136:
1063:../../../../../Drivers/PY32E407_HAL_Driver/Src/py32e407_hal_rcc.c ****       }
 1690              		.loc 1 1063 16 view .LVU545
 1691 0092 02E0     		b	.L149
 1692              	.LVL137:
 1693              	.L153:
1045:../../../../../Drivers/PY32E407_HAL_Driver/Src/py32e407_hal_rcc.c ****   {
 1694              		.loc 1 1045 3 view .LVU546
 1695 0094 0548     		ldr	r0, .L156+12
 1696 0096 00E0     		b	.L149
 1697              	.L154:
1076:../../../../../Drivers/PY32E407_HAL_Driver/Src/py32e407_hal_rcc.c ****       break;
 1698              		.loc 1 1076 20 view .LVU547
 1699 0098 0548     		ldr	r0, .L156+16
 1700              	.LVL138:
1080:../../../../../Drivers/PY32E407_HAL_Driver/Src/py32e407_hal_rcc.c **** }
ARM GAS  C:\Users\n11ak\AppData\Local\Temp\ccioVMLM.s 			page 63


 1701              		.loc 1 1080 3 is_stmt 1 view .LVU548
 1702              	.L149:
1081:../../../../../Drivers/PY32E407_HAL_Driver/Src/py32e407_hal_rcc.c **** 
 1703              		.loc 1 1081 1 is_stmt 0 view .LVU549
 1704 009a 02B0     		add	sp, sp, #8
 1705              	.LCFI15:
 1706              		.cfi_def_cfa_offset 0
 1707              		@ sp needed
 1708 009c 7047     		bx	lr
 1709              	.L157:
 1710 009e 00BF     		.align	2
 1711              	.L156:
 1712 00a0 01020408 		.word	134480385
 1713 00a4 00100240 		.word	1073876992
 1714 00a8 00127A00 		.word	8000000
 1715 00ac 00366E01 		.word	24000000
 1716 00b0 0024F400 		.word	16000000
 1717              		.cfi_endproc
 1718              	.LFE141:
 1720              		.section	.text.HAL_RCC_ClockConfig,"ax",%progbits
 1721              		.align	1
 1722              		.global	HAL_RCC_ClockConfig
 1723              		.syntax unified
 1724              		.thumb
 1725              		.thumb_func
 1727              	HAL_RCC_ClockConfig:
 1728              	.LVL139:
 1729              	.LFB138:
 730:../../../../../Drivers/PY32E407_HAL_Driver/Src/py32e407_hal_rcc.c ****   uint32_t tickstart;
 1730              		.loc 1 730 1 is_stmt 1 view -0
 1731              		.cfi_startproc
 1732              		@ args = 0, pretend = 0, frame = 0
 1733              		@ frame_needed = 0, uses_anonymous_args = 0
 731:../../../../../Drivers/PY32E407_HAL_Driver/Src/py32e407_hal_rcc.c ****   uint32_t pllfreq;
 1734              		.loc 1 731 3 view .LVU551
 732:../../../../../Drivers/PY32E407_HAL_Driver/Src/py32e407_hal_rcc.c ****   uint32_t hpre = RCC_SYSCLK_DIV1;
 1735              		.loc 1 732 3 view .LVU552
 733:../../../../../Drivers/PY32E407_HAL_Driver/Src/py32e407_hal_rcc.c **** 
 1736              		.loc 1 733 3 view .LVU553
 736:../../../../../Drivers/PY32E407_HAL_Driver/Src/py32e407_hal_rcc.c ****   {
 1737              		.loc 1 736 3 view .LVU554
 736:../../../../../Drivers/PY32E407_HAL_Driver/Src/py32e407_hal_rcc.c ****   {
 1738              		.loc 1 736 6 is_stmt 0 view .LVU555
 1739 0000 0028     		cmp	r0, #0
 1740 0002 00F0CF80 		beq	.L177
 730:../../../../../Drivers/PY32E407_HAL_Driver/Src/py32e407_hal_rcc.c ****   uint32_t tickstart;
 1741              		.loc 1 730 1 view .LVU556
 1742 0006 F8B5     		push	{r3, r4, r5, r6, r7, lr}
 1743              	.LCFI16:
 1744              		.cfi_def_cfa_offset 24
 1745              		.cfi_offset 3, -24
 1746              		.cfi_offset 4, -20
 1747              		.cfi_offset 5, -16
 1748              		.cfi_offset 6, -12
 1749              		.cfi_offset 7, -8
 1750              		.cfi_offset 14, -4
 1751 0008 0C46     		mov	r4, r1
ARM GAS  C:\Users\n11ak\AppData\Local\Temp\ccioVMLM.s 			page 64


 1752 000a 0546     		mov	r5, r0
 742:../../../../../Drivers/PY32E407_HAL_Driver/Src/py32e407_hal_rcc.c ****   assert_param(IS_FLASH_LATENCY(FLatency));
 1753              		.loc 1 742 3 is_stmt 1 view .LVU557
 743:../../../../../Drivers/PY32E407_HAL_Driver/Src/py32e407_hal_rcc.c **** 
 1754              		.loc 1 743 3 view .LVU558
 751:../../../../../Drivers/PY32E407_HAL_Driver/Src/py32e407_hal_rcc.c ****   {
 1755              		.loc 1 751 3 view .LVU559
 751:../../../../../Drivers/PY32E407_HAL_Driver/Src/py32e407_hal_rcc.c ****   {
 1756              		.loc 1 751 18 is_stmt 0 view .LVU560
 1757 000c 684B     		ldr	r3, .L196
 1758 000e 1B68     		ldr	r3, [r3]
 1759 0010 03F00F03 		and	r3, r3, #15
 751:../../../../../Drivers/PY32E407_HAL_Driver/Src/py32e407_hal_rcc.c ****   {
 1760              		.loc 1 751 6 view .LVU561
 1761 0014 8B42     		cmp	r3, r1
 1762 0016 0BD2     		bcs	.L160
 754:../../../../../Drivers/PY32E407_HAL_Driver/Src/py32e407_hal_rcc.c **** 
 1763              		.loc 1 754 5 is_stmt 1 view .LVU562
 1764 0018 654A     		ldr	r2, .L196
 1765 001a 1368     		ldr	r3, [r2]
 1766 001c 23F00F03 		bic	r3, r3, #15
 1767 0020 0B43     		orrs	r3, r3, r1
 1768 0022 1360     		str	r3, [r2]
 758:../../../../../Drivers/PY32E407_HAL_Driver/Src/py32e407_hal_rcc.c ****     {
 1769              		.loc 1 758 5 view .LVU563
 758:../../../../../Drivers/PY32E407_HAL_Driver/Src/py32e407_hal_rcc.c ****     {
 1770              		.loc 1 758 9 is_stmt 0 view .LVU564
 1771 0024 1368     		ldr	r3, [r2]
 1772 0026 03F00F03 		and	r3, r3, #15
 758:../../../../../Drivers/PY32E407_HAL_Driver/Src/py32e407_hal_rcc.c ****     {
 1773              		.loc 1 758 8 view .LVU565
 1774 002a 8B42     		cmp	r3, r1
 1775 002c 40F0BC80 		bne	.L178
 1776              	.L160:
 767:../../../../../Drivers/PY32E407_HAL_Driver/Src/py32e407_hal_rcc.c ****   {
 1777              		.loc 1 767 3 is_stmt 1 view .LVU566
 767:../../../../../Drivers/PY32E407_HAL_Driver/Src/py32e407_hal_rcc.c ****   {
 1778              		.loc 1 767 26 is_stmt 0 view .LVU567
 1779 0030 2B68     		ldr	r3, [r5]
 767:../../../../../Drivers/PY32E407_HAL_Driver/Src/py32e407_hal_rcc.c ****   {
 1780              		.loc 1 767 6 view .LVU568
 1781 0032 13F0020F 		tst	r3, #2
 1782 0036 17D0     		beq	.L161
 771:../../../../../Drivers/PY32E407_HAL_Driver/Src/py32e407_hal_rcc.c ****     {
 1783              		.loc 1 771 5 is_stmt 1 view .LVU569
 771:../../../../../Drivers/PY32E407_HAL_Driver/Src/py32e407_hal_rcc.c ****     {
 1784              		.loc 1 771 8 is_stmt 0 view .LVU570
 1785 0038 13F0040F 		tst	r3, #4
 1786 003c 04D0     		beq	.L162
 773:../../../../../Drivers/PY32E407_HAL_Driver/Src/py32e407_hal_rcc.c ****     }
 1787              		.loc 1 773 7 is_stmt 1 view .LVU571
 1788 003e 5D4A     		ldr	r2, .L196+4
 1789 0040 5368     		ldr	r3, [r2, #4]
 1790 0042 43F4E063 		orr	r3, r3, #1792
 1791 0046 5360     		str	r3, [r2, #4]
 1792              	.L162:
 775:../../../../../Drivers/PY32E407_HAL_Driver/Src/py32e407_hal_rcc.c ****     {
ARM GAS  C:\Users\n11ak\AppData\Local\Temp\ccioVMLM.s 			page 65


 1793              		.loc 1 775 5 view .LVU572
 775:../../../../../Drivers/PY32E407_HAL_Driver/Src/py32e407_hal_rcc.c ****     {
 1794              		.loc 1 775 28 is_stmt 0 view .LVU573
 1795 0048 2B68     		ldr	r3, [r5]
 775:../../../../../Drivers/PY32E407_HAL_Driver/Src/py32e407_hal_rcc.c ****     {
 1796              		.loc 1 775 8 view .LVU574
 1797 004a 13F0080F 		tst	r3, #8
 1798 004e 04D0     		beq	.L163
 777:../../../../../Drivers/PY32E407_HAL_Driver/Src/py32e407_hal_rcc.c ****     }
 1799              		.loc 1 777 7 is_stmt 1 view .LVU575
 1800 0050 584A     		ldr	r2, .L196+4
 1801 0052 5368     		ldr	r3, [r2, #4]
 1802 0054 43F46053 		orr	r3, r3, #14336
 1803 0058 5360     		str	r3, [r2, #4]
 1804              	.L163:
 781:../../../../../Drivers/PY32E407_HAL_Driver/Src/py32e407_hal_rcc.c ****     MODIFY_REG(RCC->CFGR, RCC_CFGR_HPRE, RCC_ClkInitStruct->AHBCLKDivider);
 1805              		.loc 1 781 5 view .LVU576
 782:../../../../../Drivers/PY32E407_HAL_Driver/Src/py32e407_hal_rcc.c ****   }
 1806              		.loc 1 782 5 view .LVU577
 1807 005a 564A     		ldr	r2, .L196+4
 1808 005c 5368     		ldr	r3, [r2, #4]
 1809 005e 23F0F003 		bic	r3, r3, #240
 1810 0062 A968     		ldr	r1, [r5, #8]
 1811              	.LVL140:
 782:../../../../../Drivers/PY32E407_HAL_Driver/Src/py32e407_hal_rcc.c ****   }
 1812              		.loc 1 782 5 is_stmt 0 view .LVU578
 1813 0064 0B43     		orrs	r3, r3, r1
 1814 0066 5360     		str	r3, [r2, #4]
 1815              	.L161:
 786:../../../../../Drivers/PY32E407_HAL_Driver/Src/py32e407_hal_rcc.c ****   {
 1816              		.loc 1 786 3 is_stmt 1 view .LVU579
 786:../../../../../Drivers/PY32E407_HAL_Driver/Src/py32e407_hal_rcc.c ****   {
 1817              		.loc 1 786 26 is_stmt 0 view .LVU580
 1818 0068 2B68     		ldr	r3, [r5]
 786:../../../../../Drivers/PY32E407_HAL_Driver/Src/py32e407_hal_rcc.c ****   {
 1819              		.loc 1 786 6 view .LVU581
 1820 006a 13F0010F 		tst	r3, #1
 1821 006e 4ED0     		beq	.L164
 788:../../../../../Drivers/PY32E407_HAL_Driver/Src/py32e407_hal_rcc.c **** 
 1822              		.loc 1 788 5 is_stmt 1 view .LVU582
 791:../../../../../Drivers/PY32E407_HAL_Driver/Src/py32e407_hal_rcc.c ****     {
 1823              		.loc 1 791 5 view .LVU583
 791:../../../../../Drivers/PY32E407_HAL_Driver/Src/py32e407_hal_rcc.c ****     {
 1824              		.loc 1 791 26 is_stmt 0 view .LVU584
 1825 0070 6B68     		ldr	r3, [r5, #4]
 791:../../../../../Drivers/PY32E407_HAL_Driver/Src/py32e407_hal_rcc.c ****     {
 1826              		.loc 1 791 8 view .LVU585
 1827 0072 022B     		cmp	r3, #2
 1828 0074 1AD0     		beq	.L190
 805:../../../../../Drivers/PY32E407_HAL_Driver/Src/py32e407_hal_rcc.c ****       {
 1829              		.loc 1 805 7 is_stmt 1 view .LVU586
 805:../../../../../Drivers/PY32E407_HAL_Driver/Src/py32e407_hal_rcc.c ****       {
 1830              		.loc 1 805 10 is_stmt 0 view .LVU587
 1831 0076 012B     		cmp	r3, #1
 1832 0078 22D0     		beq	.L191
 817:../../../../../Drivers/PY32E407_HAL_Driver/Src/py32e407_hal_rcc.c ****         {
 1833              		.loc 1 817 9 is_stmt 1 view .LVU588
ARM GAS  C:\Users\n11ak\AppData\Local\Temp\ccioVMLM.s 			page 66


 817:../../../../../Drivers/PY32E407_HAL_Driver/Src/py32e407_hal_rcc.c ****         {
 1834              		.loc 1 817 12 is_stmt 0 view .LVU589
 1835 007a 4E4B     		ldr	r3, .L196+4
 1836 007c 1B68     		ldr	r3, [r3]
 817:../../../../../Drivers/PY32E407_HAL_Driver/Src/py32e407_hal_rcc.c ****         {
 1837              		.loc 1 817 11 view .LVU590
 1838 007e 13F0020F 		tst	r3, #2
 1839 0082 00F09380 		beq	.L181
 1840              	.L168:
 823:../../../../../Drivers/PY32E407_HAL_Driver/Src/py32e407_hal_rcc.c ****     }
 1841              		.loc 1 823 7 is_stmt 1 view .LVU591
 823:../../../../../Drivers/PY32E407_HAL_Driver/Src/py32e407_hal_rcc.c ****     }
 1842              		.loc 1 823 17 is_stmt 0 view .LVU592
 1843 0086 FFF7FEFF 		bl	HAL_RCC_GetSysClockFreq
 1844              	.LVL141:
 1845              	.L166:
 828:../../../../../Drivers/PY32E407_HAL_Driver/Src/py32e407_hal_rcc.c ****     {
 1846              		.loc 1 828 5 is_stmt 1 view .LVU593
 828:../../../../../Drivers/PY32E407_HAL_Driver/Src/py32e407_hal_rcc.c ****     {
 1847              		.loc 1 828 7 is_stmt 0 view .LVU594
 1848 008a 4B4B     		ldr	r3, .L196+8
 1849 008c 9842     		cmp	r0, r3
 1850 008e 1ED9     		bls	.L182
 830:../../../../../Drivers/PY32E407_HAL_Driver/Src/py32e407_hal_rcc.c ****       {
 1851              		.loc 1 830 7 is_stmt 1 view .LVU595
 830:../../../../../Drivers/PY32E407_HAL_Driver/Src/py32e407_hal_rcc.c ****       {
 1852              		.loc 1 830 11 is_stmt 0 view .LVU596
 1853 0090 484B     		ldr	r3, .L196+4
 1854 0092 5B68     		ldr	r3, [r3, #4]
 830:../../../../../Drivers/PY32E407_HAL_Driver/Src/py32e407_hal_rcc.c ****       {
 1855              		.loc 1 830 10 view .LVU597
 1856 0094 13F0F00F 		tst	r3, #240
 1857 0098 35D1     		bne	.L183
 832:../../../../../Drivers/PY32E407_HAL_Driver/Src/py32e407_hal_rcc.c ****         hpre = RCC_SYSCLK_DIV2;
 1858              		.loc 1 832 9 is_stmt 1 view .LVU598
 1859 009a 464A     		ldr	r2, .L196+4
 1860 009c 5368     		ldr	r3, [r2, #4]
 1861 009e 23F0F003 		bic	r3, r3, #240
 1862 00a2 43F08003 		orr	r3, r3, #128
 1863 00a6 5360     		str	r3, [r2, #4]
 833:../../../../../Drivers/PY32E407_HAL_Driver/Src/py32e407_hal_rcc.c ****       }
 1864              		.loc 1 833 9 view .LVU599
 1865              	.LVL142:
 833:../../../../../Drivers/PY32E407_HAL_Driver/Src/py32e407_hal_rcc.c ****       }
 1866              		.loc 1 833 14 is_stmt 0 view .LVU600
 1867 00a8 8027     		movs	r7, #128
 1868 00aa 11E0     		b	.L169
 1869              	.LVL143:
 1870              	.L190:
 794:../../../../../Drivers/PY32E407_HAL_Driver/Src/py32e407_hal_rcc.c ****       {
 1871              		.loc 1 794 7 is_stmt 1 view .LVU601
 794:../../../../../Drivers/PY32E407_HAL_Driver/Src/py32e407_hal_rcc.c ****       {
 1872              		.loc 1 794 11 is_stmt 0 view .LVU602
 1873 00ac 414B     		ldr	r3, .L196+4
 1874 00ae 1B68     		ldr	r3, [r3]
 794:../../../../../Drivers/PY32E407_HAL_Driver/Src/py32e407_hal_rcc.c ****       {
 1875              		.loc 1 794 10 view .LVU603
ARM GAS  C:\Users\n11ak\AppData\Local\Temp\ccioVMLM.s 			page 67


 1876 00b0 13F0007F 		tst	r3, #33554432
 1877 00b4 01D1     		bne	.L192
 796:../../../../../Drivers/PY32E407_HAL_Driver/Src/py32e407_hal_rcc.c ****       }
 1878              		.loc 1 796 16 view .LVU604
 1879 00b6 0120     		movs	r0, #1
 1880              	.LVL144:
 796:../../../../../Drivers/PY32E407_HAL_Driver/Src/py32e407_hal_rcc.c ****       }
 1881              		.loc 1 796 16 view .LVU605
 1882 00b8 55E0     		b	.L159
 1883              	.LVL145:
 1884              	.L192:
 800:../../../../../Drivers/PY32E407_HAL_Driver/Src/py32e407_hal_rcc.c ****     }
 1885              		.loc 1 800 7 is_stmt 1 view .LVU606
 800:../../../../../Drivers/PY32E407_HAL_Driver/Src/py32e407_hal_rcc.c ****     }
 1886              		.loc 1 800 17 is_stmt 0 view .LVU607
 1887 00ba FFF7FEFF 		bl	RCC_GetSysClockFreqFromPLLSource
 1888              	.LVL146:
 800:../../../../../Drivers/PY32E407_HAL_Driver/Src/py32e407_hal_rcc.c ****     }
 1889              		.loc 1 800 17 view .LVU608
 1890 00be E4E7     		b	.L166
 1891              	.LVL147:
 1892              	.L191:
 808:../../../../../Drivers/PY32E407_HAL_Driver/Src/py32e407_hal_rcc.c ****         {
 1893              		.loc 1 808 9 is_stmt 1 view .LVU609
 808:../../../../../Drivers/PY32E407_HAL_Driver/Src/py32e407_hal_rcc.c ****         {
 1894              		.loc 1 808 12 is_stmt 0 view .LVU610
 1895 00c0 3C4B     		ldr	r3, .L196+4
 1896 00c2 1B68     		ldr	r3, [r3]
 808:../../../../../Drivers/PY32E407_HAL_Driver/Src/py32e407_hal_rcc.c ****         {
 1897              		.loc 1 808 11 view .LVU611
 1898 00c4 13F4003F 		tst	r3, #131072
 1899 00c8 DDD1     		bne	.L168
 810:../../../../../Drivers/PY32E407_HAL_Driver/Src/py32e407_hal_rcc.c ****         }
 1900              		.loc 1 810 18 view .LVU612
 1901 00ca 0120     		movs	r0, #1
 1902              	.LVL148:
 810:../../../../../Drivers/PY32E407_HAL_Driver/Src/py32e407_hal_rcc.c ****         }
 1903              		.loc 1 810 18 view .LVU613
 1904 00cc 4BE0     		b	.L159
 1905              	.LVL149:
 1906              	.L182:
 733:../../../../../Drivers/PY32E407_HAL_Driver/Src/py32e407_hal_rcc.c **** 
 1907              		.loc 1 733 12 view .LVU614
 1908 00ce 0027     		movs	r7, #0
 1909              	.LVL150:
 1910              	.L169:
 837:../../../../../Drivers/PY32E407_HAL_Driver/Src/py32e407_hal_rcc.c **** 
 1911              		.loc 1 837 5 is_stmt 1 view .LVU615
 1912 00d0 384A     		ldr	r2, .L196+4
 1913 00d2 5368     		ldr	r3, [r2, #4]
 1914 00d4 23F00303 		bic	r3, r3, #3
 1915 00d8 6968     		ldr	r1, [r5, #4]
 1916 00da 0B43     		orrs	r3, r3, r1
 1917 00dc 5360     		str	r3, [r2, #4]
 840:../../../../../Drivers/PY32E407_HAL_Driver/Src/py32e407_hal_rcc.c **** 
 1918              		.loc 1 840 5 view .LVU616
 840:../../../../../Drivers/PY32E407_HAL_Driver/Src/py32e407_hal_rcc.c **** 
ARM GAS  C:\Users\n11ak\AppData\Local\Temp\ccioVMLM.s 			page 68


 1919              		.loc 1 840 17 is_stmt 0 view .LVU617
 1920 00de FFF7FEFF 		bl	HAL_GetTick
 1921              	.LVL151:
 840:../../../../../Drivers/PY32E407_HAL_Driver/Src/py32e407_hal_rcc.c **** 
 1922              		.loc 1 840 17 view .LVU618
 1923 00e2 0646     		mov	r6, r0
 1924              	.LVL152:
 842:../../../../../Drivers/PY32E407_HAL_Driver/Src/py32e407_hal_rcc.c ****     {
 1925              		.loc 1 842 5 is_stmt 1 view .LVU619
 1926              	.L170:
 842:../../../../../Drivers/PY32E407_HAL_Driver/Src/py32e407_hal_rcc.c ****     {
 1927              		.loc 1 842 11 view .LVU620
 842:../../../../../Drivers/PY32E407_HAL_Driver/Src/py32e407_hal_rcc.c ****     {
 1928              		.loc 1 842 12 is_stmt 0 view .LVU621
 1929 00e4 334B     		ldr	r3, .L196+4
 1930 00e6 5B68     		ldr	r3, [r3, #4]
 1931 00e8 03F00C03 		and	r3, r3, #12
 842:../../../../../Drivers/PY32E407_HAL_Driver/Src/py32e407_hal_rcc.c ****     {
 1932              		.loc 1 842 63 view .LVU622
 1933 00ec 6A68     		ldr	r2, [r5, #4]
 842:../../../../../Drivers/PY32E407_HAL_Driver/Src/py32e407_hal_rcc.c ****     {
 1934              		.loc 1 842 11 view .LVU623
 1935 00ee B3EB820F 		cmp	r3, r2, lsl #2
 1936 00f2 0AD0     		beq	.L193
 844:../../../../../Drivers/PY32E407_HAL_Driver/Src/py32e407_hal_rcc.c ****       {
 1937              		.loc 1 844 7 is_stmt 1 view .LVU624
 844:../../../../../Drivers/PY32E407_HAL_Driver/Src/py32e407_hal_rcc.c ****       {
 1938              		.loc 1 844 12 is_stmt 0 view .LVU625
 1939 00f4 FFF7FEFF 		bl	HAL_GetTick
 1940              	.LVL153:
 844:../../../../../Drivers/PY32E407_HAL_Driver/Src/py32e407_hal_rcc.c ****       {
 1941              		.loc 1 844 26 view .LVU626
 1942 00f8 801B     		subs	r0, r0, r6
 844:../../../../../Drivers/PY32E407_HAL_Driver/Src/py32e407_hal_rcc.c ****       {
 1943              		.loc 1 844 10 view .LVU627
 1944 00fa 41F28833 		movw	r3, #5000
 1945 00fe 9842     		cmp	r0, r3
 1946 0100 F0D9     		bls	.L170
 846:../../../../../Drivers/PY32E407_HAL_Driver/Src/py32e407_hal_rcc.c ****       }
 1947              		.loc 1 846 16 view .LVU628
 1948 0102 0320     		movs	r0, #3
 1949 0104 2FE0     		b	.L159
 1950              	.LVL154:
 1951              	.L183:
 733:../../../../../Drivers/PY32E407_HAL_Driver/Src/py32e407_hal_rcc.c **** 
 1952              		.loc 1 733 12 view .LVU629
 1953 0106 0027     		movs	r7, #0
 1954 0108 E2E7     		b	.L169
 1955              	.LVL155:
 1956              	.L193:
 853:../../../../../Drivers/PY32E407_HAL_Driver/Src/py32e407_hal_rcc.c ****   {
 1957              		.loc 1 853 3 is_stmt 1 view .LVU630
 853:../../../../../Drivers/PY32E407_HAL_Driver/Src/py32e407_hal_rcc.c ****   {
 1958              		.loc 1 853 5 is_stmt 0 view .LVU631
 1959 010a 002F     		cmp	r7, #0
 1960 010c 2CD1     		bne	.L194
 1961              	.LVL156:
ARM GAS  C:\Users\n11ak\AppData\Local\Temp\ccioVMLM.s 			page 69


 1962              	.L164:
 860:../../../../../Drivers/PY32E407_HAL_Driver/Src/py32e407_hal_rcc.c ****   {
 1963              		.loc 1 860 3 is_stmt 1 view .LVU632
 860:../../../../../Drivers/PY32E407_HAL_Driver/Src/py32e407_hal_rcc.c ****   {
 1964              		.loc 1 860 18 is_stmt 0 view .LVU633
 1965 010e 284B     		ldr	r3, .L196
 1966 0110 1B68     		ldr	r3, [r3]
 1967 0112 03F00F03 		and	r3, r3, #15
 860:../../../../../Drivers/PY32E407_HAL_Driver/Src/py32e407_hal_rcc.c ****   {
 1968              		.loc 1 860 6 view .LVU634
 1969 0116 A342     		cmp	r3, r4
 1970 0118 2CD8     		bhi	.L195
 1971              	.L172:
 880:../../../../../Drivers/PY32E407_HAL_Driver/Src/py32e407_hal_rcc.c ****   {
 1972              		.loc 1 880 3 is_stmt 1 view .LVU635
 880:../../../../../Drivers/PY32E407_HAL_Driver/Src/py32e407_hal_rcc.c ****   {
 1973              		.loc 1 880 26 is_stmt 0 view .LVU636
 1974 011a 2B68     		ldr	r3, [r5]
 880:../../../../../Drivers/PY32E407_HAL_Driver/Src/py32e407_hal_rcc.c ****   {
 1975              		.loc 1 880 6 view .LVU637
 1976 011c 13F0040F 		tst	r3, #4
 1977 0120 06D0     		beq	.L175
 882:../../../../../Drivers/PY32E407_HAL_Driver/Src/py32e407_hal_rcc.c ****     MODIFY_REG(RCC->CFGR, RCC_CFGR_PPRE1, RCC_ClkInitStruct->APB1CLKDivider);
 1978              		.loc 1 882 5 is_stmt 1 view .LVU638
 883:../../../../../Drivers/PY32E407_HAL_Driver/Src/py32e407_hal_rcc.c ****   }
 1979              		.loc 1 883 5 view .LVU639
 1980 0122 244A     		ldr	r2, .L196+4
 1981 0124 5368     		ldr	r3, [r2, #4]
 1982 0126 23F4E063 		bic	r3, r3, #1792
 1983 012a E968     		ldr	r1, [r5, #12]
 1984 012c 0B43     		orrs	r3, r3, r1
 1985 012e 5360     		str	r3, [r2, #4]
 1986              	.L175:
 887:../../../../../Drivers/PY32E407_HAL_Driver/Src/py32e407_hal_rcc.c ****   {
 1987              		.loc 1 887 3 view .LVU640
 887:../../../../../Drivers/PY32E407_HAL_Driver/Src/py32e407_hal_rcc.c ****   {
 1988              		.loc 1 887 26 is_stmt 0 view .LVU641
 1989 0130 2B68     		ldr	r3, [r5]
 887:../../../../../Drivers/PY32E407_HAL_Driver/Src/py32e407_hal_rcc.c ****   {
 1990              		.loc 1 887 6 view .LVU642
 1991 0132 13F0080F 		tst	r3, #8
 1992 0136 07D0     		beq	.L176
 889:../../../../../Drivers/PY32E407_HAL_Driver/Src/py32e407_hal_rcc.c ****     MODIFY_REG(RCC->CFGR, RCC_CFGR_PPRE2, ((RCC_ClkInitStruct->APB2CLKDivider) << 3U));
 1993              		.loc 1 889 5 is_stmt 1 view .LVU643
 890:../../../../../Drivers/PY32E407_HAL_Driver/Src/py32e407_hal_rcc.c ****   }
 1994              		.loc 1 890 5 view .LVU644
 1995 0138 1E4A     		ldr	r2, .L196+4
 1996 013a 5368     		ldr	r3, [r2, #4]
 1997 013c 23F46053 		bic	r3, r3, #14336
 1998 0140 2969     		ldr	r1, [r5, #16]
 1999 0142 43EAC103 		orr	r3, r3, r1, lsl #3
 2000 0146 5360     		str	r3, [r2, #4]
 2001              	.L176:
 894:../../../../../Drivers/PY32E407_HAL_Driver/Src/py32e407_hal_rcc.c **** 
 2002              		.loc 1 894 3 view .LVU645
 894:../../../../../Drivers/PY32E407_HAL_Driver/Src/py32e407_hal_rcc.c **** 
 2003              		.loc 1 894 21 is_stmt 0 view .LVU646
ARM GAS  C:\Users\n11ak\AppData\Local\Temp\ccioVMLM.s 			page 70


 2004 0148 FFF7FEFF 		bl	HAL_RCC_GetSysClockFreq
 2005              	.LVL157:
 894:../../../../../Drivers/PY32E407_HAL_Driver/Src/py32e407_hal_rcc.c **** 
 2006              		.loc 1 894 68 view .LVU647
 2007 014c 194B     		ldr	r3, .L196+4
 2008 014e 5B68     		ldr	r3, [r3, #4]
 894:../../../../../Drivers/PY32E407_HAL_Driver/Src/py32e407_hal_rcc.c **** 
 2009              		.loc 1 894 92 view .LVU648
 2010 0150 C3F30313 		ubfx	r3, r3, #4, #4
 894:../../../../../Drivers/PY32E407_HAL_Driver/Src/py32e407_hal_rcc.c **** 
 2011              		.loc 1 894 63 view .LVU649
 2012 0154 194A     		ldr	r2, .L196+12
 2013 0156 D35C     		ldrb	r3, [r2, r3]	@ zero_extendqisi2
 894:../../../../../Drivers/PY32E407_HAL_Driver/Src/py32e407_hal_rcc.c **** 
 2014              		.loc 1 894 47 view .LVU650
 2015 0158 D840     		lsrs	r0, r0, r3
 894:../../../../../Drivers/PY32E407_HAL_Driver/Src/py32e407_hal_rcc.c **** 
 2016              		.loc 1 894 19 view .LVU651
 2017 015a 194B     		ldr	r3, .L196+16
 2018 015c 1860     		str	r0, [r3]
 897:../../../../../Drivers/PY32E407_HAL_Driver/Src/py32e407_hal_rcc.c **** }
 2019              		.loc 1 897 3 is_stmt 1 view .LVU652
 897:../../../../../Drivers/PY32E407_HAL_Driver/Src/py32e407_hal_rcc.c **** }
 2020              		.loc 1 897 10 is_stmt 0 view .LVU653
 2021 015e 194B     		ldr	r3, .L196+20
 2022 0160 1868     		ldr	r0, [r3]
 2023 0162 FFF7FEFF 		bl	HAL_InitTick
 2024              	.LVL158:
 2025              	.L159:
 898:../../../../../Drivers/PY32E407_HAL_Driver/Src/py32e407_hal_rcc.c **** 
 2026              		.loc 1 898 1 view .LVU654
 2027 0166 F8BD     		pop	{r3, r4, r5, r6, r7, pc}
 2028              	.LVL159:
 2029              	.L194:
 855:../../../../../Drivers/PY32E407_HAL_Driver/Src/py32e407_hal_rcc.c ****   }
 2030              		.loc 1 855 5 is_stmt 1 view .LVU655
 2031 0168 124A     		ldr	r2, .L196+4
 2032 016a 5368     		ldr	r3, [r2, #4]
 2033 016c 23F0F003 		bic	r3, r3, #240
 2034 0170 5360     		str	r3, [r2, #4]
 2035 0172 CCE7     		b	.L164
 2036              	.LVL160:
 2037              	.L195:
 863:../../../../../Drivers/PY32E407_HAL_Driver/Src/py32e407_hal_rcc.c **** 
 2038              		.loc 1 863 5 view .LVU656
 2039 0174 0E4A     		ldr	r2, .L196
 2040 0176 1368     		ldr	r3, [r2]
 2041 0178 23F00F03 		bic	r3, r3, #15
 2042 017c 2343     		orrs	r3, r3, r4
 2043 017e 1360     		str	r3, [r2]
 867:../../../../../Drivers/PY32E407_HAL_Driver/Src/py32e407_hal_rcc.c **** 
 2044              		.loc 1 867 5 view .LVU657
 867:../../../../../Drivers/PY32E407_HAL_Driver/Src/py32e407_hal_rcc.c **** 
 2045              		.loc 1 867 17 is_stmt 0 view .LVU658
 2046 0180 FFF7FEFF 		bl	HAL_GetTick
 2047              	.LVL161:
 2048 0184 0646     		mov	r6, r0
ARM GAS  C:\Users\n11ak\AppData\Local\Temp\ccioVMLM.s 			page 71


 2049              	.LVL162:
 869:../../../../../Drivers/PY32E407_HAL_Driver/Src/py32e407_hal_rcc.c ****     {
 2050              		.loc 1 869 5 is_stmt 1 view .LVU659
 2051              	.L173:
 869:../../../../../Drivers/PY32E407_HAL_Driver/Src/py32e407_hal_rcc.c ****     {
 2052              		.loc 1 869 11 view .LVU660
 869:../../../../../Drivers/PY32E407_HAL_Driver/Src/py32e407_hal_rcc.c ****     {
 2053              		.loc 1 869 12 is_stmt 0 view .LVU661
 2054 0186 0A4B     		ldr	r3, .L196
 2055 0188 1B68     		ldr	r3, [r3]
 2056 018a 03F00F03 		and	r3, r3, #15
 869:../../../../../Drivers/PY32E407_HAL_Driver/Src/py32e407_hal_rcc.c ****     {
 2057              		.loc 1 869 11 view .LVU662
 2058 018e A342     		cmp	r3, r4
 2059 0190 C3D0     		beq	.L172
 871:../../../../../Drivers/PY32E407_HAL_Driver/Src/py32e407_hal_rcc.c ****       {
 2060              		.loc 1 871 7 is_stmt 1 view .LVU663
 871:../../../../../Drivers/PY32E407_HAL_Driver/Src/py32e407_hal_rcc.c ****       {
 2061              		.loc 1 871 12 is_stmt 0 view .LVU664
 2062 0192 FFF7FEFF 		bl	HAL_GetTick
 2063              	.LVL163:
 871:../../../../../Drivers/PY32E407_HAL_Driver/Src/py32e407_hal_rcc.c ****       {
 2064              		.loc 1 871 26 view .LVU665
 2065 0196 801B     		subs	r0, r0, r6
 871:../../../../../Drivers/PY32E407_HAL_Driver/Src/py32e407_hal_rcc.c ****       {
 2066              		.loc 1 871 10 view .LVU666
 2067 0198 41F28833 		movw	r3, #5000
 2068 019c 9842     		cmp	r0, r3
 2069 019e F2D9     		bls	.L173
 873:../../../../../Drivers/PY32E407_HAL_Driver/Src/py32e407_hal_rcc.c ****       }
 2070              		.loc 1 873 16 view .LVU667
 2071 01a0 0320     		movs	r0, #3
 2072 01a2 E0E7     		b	.L159
 2073              	.LVL164:
 2074              	.L177:
 2075              	.LCFI17:
 2076              		.cfi_def_cfa_offset 0
 2077              		.cfi_restore 3
 2078              		.cfi_restore 4
 2079              		.cfi_restore 5
 2080              		.cfi_restore 6
 2081              		.cfi_restore 7
 2082              		.cfi_restore 14
 738:../../../../../Drivers/PY32E407_HAL_Driver/Src/py32e407_hal_rcc.c ****   }
 2083              		.loc 1 738 12 view .LVU668
 2084 01a4 0120     		movs	r0, #1
 2085              	.LVL165:
 898:../../../../../Drivers/PY32E407_HAL_Driver/Src/py32e407_hal_rcc.c **** 
 2086              		.loc 1 898 1 view .LVU669
 2087 01a6 7047     		bx	lr
 2088              	.LVL166:
 2089              	.L178:
 2090              	.LCFI18:
 2091              		.cfi_def_cfa_offset 24
 2092              		.cfi_offset 3, -24
 2093              		.cfi_offset 4, -20
 2094              		.cfi_offset 5, -16
ARM GAS  C:\Users\n11ak\AppData\Local\Temp\ccioVMLM.s 			page 72


 2095              		.cfi_offset 6, -12
 2096              		.cfi_offset 7, -8
 2097              		.cfi_offset 14, -4
 760:../../../../../Drivers/PY32E407_HAL_Driver/Src/py32e407_hal_rcc.c ****     }
 2098              		.loc 1 760 14 view .LVU670
 2099 01a8 0120     		movs	r0, #1
 2100              	.LVL167:
 760:../../../../../Drivers/PY32E407_HAL_Driver/Src/py32e407_hal_rcc.c ****     }
 2101              		.loc 1 760 14 view .LVU671
 2102 01aa DCE7     		b	.L159
 2103              	.LVL168:
 2104              	.L181:
 819:../../../../../Drivers/PY32E407_HAL_Driver/Src/py32e407_hal_rcc.c ****         }
 2105              		.loc 1 819 18 view .LVU672
 2106 01ac 0120     		movs	r0, #1
 2107              	.LVL169:
 819:../../../../../Drivers/PY32E407_HAL_Driver/Src/py32e407_hal_rcc.c ****         }
 2108              		.loc 1 819 18 view .LVU673
 2109 01ae DAE7     		b	.L159
 2110              	.L197:
 2111              		.align	2
 2112              	.L196:
 2113 01b0 00200240 		.word	1073881088
 2114 01b4 00100240 		.word	1073876992
 2115 01b8 00B4C404 		.word	80000000
 2116 01bc 00000000 		.word	AHBPrescTable
 2117 01c0 00000000 		.word	SystemCoreClock
 2118 01c4 00000000 		.word	uwTickPrio
 2119              		.cfi_endproc
 2120              	.LFE138:
 2122              		.section	.text.HAL_RCC_GetHCLKFreq,"ax",%progbits
 2123              		.align	1
 2124              		.global	HAL_RCC_GetHCLKFreq
 2125              		.syntax unified
 2126              		.thumb
 2127              		.thumb_func
 2129              	HAL_RCC_GetHCLKFreq:
 2130              	.LFB142:
1093:../../../../../Drivers/PY32E407_HAL_Driver/Src/py32e407_hal_rcc.c ****   return SystemCoreClock;
 2131              		.loc 1 1093 1 is_stmt 1 view -0
 2132              		.cfi_startproc
 2133              		@ args = 0, pretend = 0, frame = 0
 2134              		@ frame_needed = 0, uses_anonymous_args = 0
 2135              		@ link register save eliminated.
1094:../../../../../Drivers/PY32E407_HAL_Driver/Src/py32e407_hal_rcc.c **** }
 2136              		.loc 1 1094 3 view .LVU675
1095:../../../../../Drivers/PY32E407_HAL_Driver/Src/py32e407_hal_rcc.c **** 
 2137              		.loc 1 1095 1 is_stmt 0 view .LVU676
 2138 0000 014B     		ldr	r3, .L199
 2139 0002 1868     		ldr	r0, [r3]
 2140 0004 7047     		bx	lr
 2141              	.L200:
 2142 0006 00BF     		.align	2
 2143              	.L199:
 2144 0008 00000000 		.word	SystemCoreClock
 2145              		.cfi_endproc
 2146              	.LFE142:
ARM GAS  C:\Users\n11ak\AppData\Local\Temp\ccioVMLM.s 			page 73


 2148              		.section	.text.HAL_RCC_GetPCLK1Freq,"ax",%progbits
 2149              		.align	1
 2150              		.global	HAL_RCC_GetPCLK1Freq
 2151              		.syntax unified
 2152              		.thumb
 2153              		.thumb_func
 2155              	HAL_RCC_GetPCLK1Freq:
 2156              	.LFB143:
1104:../../../../../Drivers/PY32E407_HAL_Driver/Src/py32e407_hal_rcc.c ****   /* Get HCLK source and Compute PCLK1 frequency ---------------------------*/
 2157              		.loc 1 1104 1 is_stmt 1 view -0
 2158              		.cfi_startproc
 2159              		@ args = 0, pretend = 0, frame = 0
 2160              		@ frame_needed = 0, uses_anonymous_args = 0
 2161 0000 08B5     		push	{r3, lr}
 2162              	.LCFI19:
 2163              		.cfi_def_cfa_offset 8
 2164              		.cfi_offset 3, -8
 2165              		.cfi_offset 14, -4
1106:../../../../../Drivers/PY32E407_HAL_Driver/Src/py32e407_hal_rcc.c **** }
 2166              		.loc 1 1106 3 view .LVU678
1106:../../../../../Drivers/PY32E407_HAL_Driver/Src/py32e407_hal_rcc.c **** }
 2167              		.loc 1 1106 11 is_stmt 0 view .LVU679
 2168 0002 FFF7FEFF 		bl	HAL_RCC_GetHCLKFreq
 2169              	.LVL170:
1106:../../../../../Drivers/PY32E407_HAL_Driver/Src/py32e407_hal_rcc.c **** }
 2170              		.loc 1 1106 54 view .LVU680
 2171 0006 044B     		ldr	r3, .L203
 2172 0008 5B68     		ldr	r3, [r3, #4]
1106:../../../../../Drivers/PY32E407_HAL_Driver/Src/py32e407_hal_rcc.c **** }
 2173              		.loc 1 1106 79 view .LVU681
 2174 000a C3F30223 		ubfx	r3, r3, #8, #3
1106:../../../../../Drivers/PY32E407_HAL_Driver/Src/py32e407_hal_rcc.c **** }
 2175              		.loc 1 1106 49 view .LVU682
 2176 000e 034A     		ldr	r2, .L203+4
 2177 0010 D35C     		ldrb	r3, [r2, r3]	@ zero_extendqisi2
1107:../../../../../Drivers/PY32E407_HAL_Driver/Src/py32e407_hal_rcc.c **** 
 2178              		.loc 1 1107 1 view .LVU683
 2179 0012 D840     		lsrs	r0, r0, r3
 2180 0014 08BD     		pop	{r3, pc}
 2181              	.L204:
 2182 0016 00BF     		.align	2
 2183              	.L203:
 2184 0018 00100240 		.word	1073876992
 2185 001c 00000000 		.word	APBPrescTable
 2186              		.cfi_endproc
 2187              	.LFE143:
 2189              		.section	.text.HAL_RCC_GetPCLK2Freq,"ax",%progbits
 2190              		.align	1
 2191              		.global	HAL_RCC_GetPCLK2Freq
 2192              		.syntax unified
 2193              		.thumb
 2194              		.thumb_func
 2196              	HAL_RCC_GetPCLK2Freq:
 2197              	.LFB144:
1116:../../../../../Drivers/PY32E407_HAL_Driver/Src/py32e407_hal_rcc.c ****   /* Get HCLK source and Compute PCLK2 frequency ---------------------------*/
 2198              		.loc 1 1116 1 is_stmt 1 view -0
 2199              		.cfi_startproc
ARM GAS  C:\Users\n11ak\AppData\Local\Temp\ccioVMLM.s 			page 74


 2200              		@ args = 0, pretend = 0, frame = 0
 2201              		@ frame_needed = 0, uses_anonymous_args = 0
 2202 0000 08B5     		push	{r3, lr}
 2203              	.LCFI20:
 2204              		.cfi_def_cfa_offset 8
 2205              		.cfi_offset 3, -8
 2206              		.cfi_offset 14, -4
1118:../../../../../Drivers/PY32E407_HAL_Driver/Src/py32e407_hal_rcc.c **** }
 2207              		.loc 1 1118 3 view .LVU685
1118:../../../../../Drivers/PY32E407_HAL_Driver/Src/py32e407_hal_rcc.c **** }
 2208              		.loc 1 1118 11 is_stmt 0 view .LVU686
 2209 0002 FFF7FEFF 		bl	HAL_RCC_GetHCLKFreq
 2210              	.LVL171:
1118:../../../../../Drivers/PY32E407_HAL_Driver/Src/py32e407_hal_rcc.c **** }
 2211              		.loc 1 1118 54 view .LVU687
 2212 0006 044B     		ldr	r3, .L207
 2213 0008 5B68     		ldr	r3, [r3, #4]
1118:../../../../../Drivers/PY32E407_HAL_Driver/Src/py32e407_hal_rcc.c **** }
 2214              		.loc 1 1118 79 view .LVU688
 2215 000a C3F3C223 		ubfx	r3, r3, #11, #3
1118:../../../../../Drivers/PY32E407_HAL_Driver/Src/py32e407_hal_rcc.c **** }
 2216              		.loc 1 1118 49 view .LVU689
 2217 000e 034A     		ldr	r2, .L207+4
 2218 0010 D35C     		ldrb	r3, [r2, r3]	@ zero_extendqisi2
1119:../../../../../Drivers/PY32E407_HAL_Driver/Src/py32e407_hal_rcc.c **** 
 2219              		.loc 1 1119 1 view .LVU690
 2220 0012 D840     		lsrs	r0, r0, r3
 2221 0014 08BD     		pop	{r3, pc}
 2222              	.L208:
 2223 0016 00BF     		.align	2
 2224              	.L207:
 2225 0018 00100240 		.word	1073876992
 2226 001c 00000000 		.word	APBPrescTable
 2227              		.cfi_endproc
 2228              	.LFE144:
 2230              		.section	.text.HAL_RCC_GetOscConfig,"ax",%progbits
 2231              		.align	1
 2232              		.global	HAL_RCC_GetOscConfig
 2233              		.syntax unified
 2234              		.thumb
 2235              		.thumb_func
 2237              	HAL_RCC_GetOscConfig:
 2238              	.LVL172:
 2239              	.LFB145:
1129:../../../../../Drivers/PY32E407_HAL_Driver/Src/py32e407_hal_rcc.c ****   /* Check the parameters */
 2240              		.loc 1 1129 1 is_stmt 1 view -0
 2241              		.cfi_startproc
 2242              		@ args = 0, pretend = 0, frame = 0
 2243              		@ frame_needed = 0, uses_anonymous_args = 0
 2244              		@ link register save eliminated.
1131:../../../../../Drivers/PY32E407_HAL_Driver/Src/py32e407_hal_rcc.c **** 
 2245              		.loc 1 1131 3 view .LVU692
1134:../../../../../Drivers/PY32E407_HAL_Driver/Src/py32e407_hal_rcc.c ****                                       | RCC_OSCILLATORTYPE_LSE | RCC_OSCILLATORTYPE_LSI  \
 2246              		.loc 1 1134 3 view .LVU693
1134:../../../../../Drivers/PY32E407_HAL_Driver/Src/py32e407_hal_rcc.c ****                                       | RCC_OSCILLATORTYPE_LSE | RCC_OSCILLATORTYPE_LSI  \
 2247              		.loc 1 1134 37 is_stmt 0 view .LVU694
 2248 0000 1F23     		movs	r3, #31
ARM GAS  C:\Users\n11ak\AppData\Local\Temp\ccioVMLM.s 			page 75


 2249 0002 0360     		str	r3, [r0]
1139:../../../../../Drivers/PY32E407_HAL_Driver/Src/py32e407_hal_rcc.c ****   {
 2250              		.loc 1 1139 3 is_stmt 1 view .LVU695
1139:../../../../../Drivers/PY32E407_HAL_Driver/Src/py32e407_hal_rcc.c ****   {
 2251              		.loc 1 1139 11 is_stmt 0 view .LVU696
 2252 0004 364B     		ldr	r3, .L224
 2253 0006 1B68     		ldr	r3, [r3]
1139:../../../../../Drivers/PY32E407_HAL_Driver/Src/py32e407_hal_rcc.c ****   {
 2254              		.loc 1 1139 6 view .LVU697
 2255 0008 13F4802F 		tst	r3, #262144
 2256 000c 44D0     		beq	.L210
1141:../../../../../Drivers/PY32E407_HAL_Driver/Src/py32e407_hal_rcc.c ****   }
 2257              		.loc 1 1141 5 is_stmt 1 view .LVU698
1141:../../../../../Drivers/PY32E407_HAL_Driver/Src/py32e407_hal_rcc.c ****   }
 2258              		.loc 1 1141 33 is_stmt 0 view .LVU699
 2259 000e 4FF4A023 		mov	r3, #327680
 2260 0012 4360     		str	r3, [r0, #4]
 2261              	.L211:
1151:../../../../../Drivers/PY32E407_HAL_Driver/Src/py32e407_hal_rcc.c ****   
 2262              		.loc 1 1151 3 is_stmt 1 view .LVU700
1151:../../../../../Drivers/PY32E407_HAL_Driver/Src/py32e407_hal_rcc.c ****   
 2263              		.loc 1 1151 46 is_stmt 0 view .LVU701
 2264 0014 324A     		ldr	r2, .L224
 2265 0016 D36F     		ldr	r3, [r2, #124]
1151:../../../../../Drivers/PY32E407_HAL_Driver/Src/py32e407_hal_rcc.c ****   
 2266              		.loc 1 1151 32 view .LVU702
 2267 0018 03F44073 		and	r3, r3, #768
1151:../../../../../Drivers/PY32E407_HAL_Driver/Src/py32e407_hal_rcc.c ****   
 2268              		.loc 1 1151 30 view .LVU703
 2269 001c 8360     		str	r3, [r0, #8]
1154:../../../../../Drivers/PY32E407_HAL_Driver/Src/py32e407_hal_rcc.c ****   {
 2270              		.loc 1 1154 3 is_stmt 1 view .LVU704
1154:../../../../../Drivers/PY32E407_HAL_Driver/Src/py32e407_hal_rcc.c ****   {
 2271              		.loc 1 1154 11 is_stmt 0 view .LVU705
 2272 001e 1368     		ldr	r3, [r2]
1154:../../../../../Drivers/PY32E407_HAL_Driver/Src/py32e407_hal_rcc.c ****   {
 2273              		.loc 1 1154 6 view .LVU706
 2274 0020 13F0010F 		tst	r3, #1
 2275 0024 44D0     		beq	.L213
1156:../../../../../Drivers/PY32E407_HAL_Driver/Src/py32e407_hal_rcc.c ****   }
 2276              		.loc 1 1156 5 is_stmt 1 view .LVU707
1156:../../../../../Drivers/PY32E407_HAL_Driver/Src/py32e407_hal_rcc.c ****   }
 2277              		.loc 1 1156 33 is_stmt 0 view .LVU708
 2278 0026 0123     		movs	r3, #1
 2279 0028 4361     		str	r3, [r0, #20]
 2280              	.L214:
1164:../../../../../Drivers/PY32E407_HAL_Driver/Src/py32e407_hal_rcc.c ****   {
 2281              		.loc 1 1164 3 is_stmt 1 view .LVU709
1164:../../../../../Drivers/PY32E407_HAL_Driver/Src/py32e407_hal_rcc.c ****   {
 2282              		.loc 1 1164 11 is_stmt 0 view .LVU710
 2283 002a 2D4B     		ldr	r3, .L224
 2284 002c 9B6F     		ldr	r3, [r3, #120]
1164:../../../../../Drivers/PY32E407_HAL_Driver/Src/py32e407_hal_rcc.c ****   {
 2285              		.loc 1 1164 6 view .LVU711
 2286 002e 13F0100F 		tst	r3, #16
 2287 0032 40D0     		beq	.L215
1166:../../../../../Drivers/PY32E407_HAL_Driver/Src/py32e407_hal_rcc.c ****   }
ARM GAS  C:\Users\n11ak\AppData\Local\Temp\ccioVMLM.s 			page 76


 2288              		.loc 1 1166 5 is_stmt 1 view .LVU712
1166:../../../../../Drivers/PY32E407_HAL_Driver/Src/py32e407_hal_rcc.c ****   }
 2289              		.loc 1 1166 36 is_stmt 0 view .LVU713
 2290 0034 1023     		movs	r3, #16
 2291 0036 8361     		str	r3, [r0, #24]
 2292              	.L216:
1174:../../../../../Drivers/PY32E407_HAL_Driver/Src/py32e407_hal_rcc.c ****   {
 2293              		.loc 1 1174 3 is_stmt 1 view .LVU714
1174:../../../../../Drivers/PY32E407_HAL_Driver/Src/py32e407_hal_rcc.c ****   {
 2294              		.loc 1 1174 11 is_stmt 0 view .LVU715
 2295 0038 294B     		ldr	r3, .L224
 2296 003a 1B6F     		ldr	r3, [r3, #112]
1174:../../../../../Drivers/PY32E407_HAL_Driver/Src/py32e407_hal_rcc.c ****   {
 2297              		.loc 1 1174 6 view .LVU716
 2298 003c 13F0040F 		tst	r3, #4
 2299 0040 3CD0     		beq	.L217
1176:../../../../../Drivers/PY32E407_HAL_Driver/Src/py32e407_hal_rcc.c ****   }
 2300              		.loc 1 1176 5 is_stmt 1 view .LVU717
1176:../../../../../Drivers/PY32E407_HAL_Driver/Src/py32e407_hal_rcc.c ****   }
 2301              		.loc 1 1176 33 is_stmt 0 view .LVU718
 2302 0042 0523     		movs	r3, #5
 2303 0044 C360     		str	r3, [r0, #12]
 2304              	.L218:
1186:../../../../../Drivers/PY32E407_HAL_Driver/Src/py32e407_hal_rcc.c **** 
 2305              		.loc 1 1186 3 is_stmt 1 view .LVU719
1186:../../../../../Drivers/PY32E407_HAL_Driver/Src/py32e407_hal_rcc.c **** 
 2306              		.loc 1 1186 48 is_stmt 0 view .LVU720
 2307 0046 264A     		ldr	r2, .L224
 2308 0048 136F     		ldr	r3, [r2, #112]
1186:../../../../../Drivers/PY32E407_HAL_Driver/Src/py32e407_hal_rcc.c **** 
 2309              		.loc 1 1186 34 view .LVU721
 2310 004a 03F01803 		and	r3, r3, #24
1186:../../../../../Drivers/PY32E407_HAL_Driver/Src/py32e407_hal_rcc.c **** 
 2311              		.loc 1 1186 32 view .LVU722
 2312 004e 0361     		str	r3, [r0, #16]
1189:../../../../../Drivers/PY32E407_HAL_Driver/Src/py32e407_hal_rcc.c ****   {
 2313              		.loc 1 1189 3 is_stmt 1 view .LVU723
1189:../../../../../Drivers/PY32E407_HAL_Driver/Src/py32e407_hal_rcc.c ****   {
 2314              		.loc 1 1189 11 is_stmt 0 view .LVU724
 2315 0050 536F     		ldr	r3, [r2, #116]
1189:../../../../../Drivers/PY32E407_HAL_Driver/Src/py32e407_hal_rcc.c ****   {
 2316              		.loc 1 1189 6 view .LVU725
 2317 0052 13F0010F 		tst	r3, #1
 2318 0056 3CD0     		beq	.L220
1191:../../../../../Drivers/PY32E407_HAL_Driver/Src/py32e407_hal_rcc.c ****   }
 2319              		.loc 1 1191 5 is_stmt 1 view .LVU726
1191:../../../../../Drivers/PY32E407_HAL_Driver/Src/py32e407_hal_rcc.c ****   }
 2320              		.loc 1 1191 33 is_stmt 0 view .LVU727
 2321 0058 0123     		movs	r3, #1
 2322 005a C361     		str	r3, [r0, #28]
 2323              	.L221:
1199:../../../../../Drivers/PY32E407_HAL_Driver/Src/py32e407_hal_rcc.c ****   {
 2324              		.loc 1 1199 3 is_stmt 1 view .LVU728
1199:../../../../../Drivers/PY32E407_HAL_Driver/Src/py32e407_hal_rcc.c ****   {
 2325              		.loc 1 1199 11 is_stmt 0 view .LVU729
 2326 005c 204B     		ldr	r3, .L224
 2327 005e 1B68     		ldr	r3, [r3]
ARM GAS  C:\Users\n11ak\AppData\Local\Temp\ccioVMLM.s 			page 77


1199:../../../../../Drivers/PY32E407_HAL_Driver/Src/py32e407_hal_rcc.c ****   {
 2328              		.loc 1 1199 6 view .LVU730
 2329 0060 13F0807F 		tst	r3, #16777216
 2330 0064 38D0     		beq	.L222
1201:../../../../../Drivers/PY32E407_HAL_Driver/Src/py32e407_hal_rcc.c ****   }
 2331              		.loc 1 1201 5 is_stmt 1 view .LVU731
1201:../../../../../Drivers/PY32E407_HAL_Driver/Src/py32e407_hal_rcc.c ****   }
 2332              		.loc 1 1201 37 is_stmt 0 view .LVU732
 2333 0066 0223     		movs	r3, #2
 2334 0068 0362     		str	r3, [r0, #32]
 2335              	.L223:
1207:../../../../../Drivers/PY32E407_HAL_Driver/Src/py32e407_hal_rcc.c ****   RCC_OscInitStruct->PLL.PLLMUL = (uint32_t)(((RCC->CFGR3 & RCC_CFGR3_PLLFBDIV) >> RCC_CFGR3_PLLFBD
 2336              		.loc 1 1207 3 is_stmt 1 view .LVU733
1207:../../../../../Drivers/PY32E407_HAL_Driver/Src/py32e407_hal_rcc.c ****   RCC_OscInitStruct->PLL.PLLMUL = (uint32_t)(((RCC->CFGR3 & RCC_CFGR3_PLLFBDIV) >> RCC_CFGR3_PLLFBD
 2337              		.loc 1 1207 52 is_stmt 0 view .LVU734
 2338 006a 1D4A     		ldr	r2, .L224
 2339 006c D2F88030 		ldr	r3, [r2, #128]
1207:../../../../../Drivers/PY32E407_HAL_Driver/Src/py32e407_hal_rcc.c ****   RCC_OscInitStruct->PLL.PLLMUL = (uint32_t)(((RCC->CFGR3 & RCC_CFGR3_PLLFBDIV) >> RCC_CFGR3_PLLFBD
 2340              		.loc 1 1207 38 view .LVU735
 2341 0070 03F00303 		and	r3, r3, #3
1207:../../../../../Drivers/PY32E407_HAL_Driver/Src/py32e407_hal_rcc.c ****   RCC_OscInitStruct->PLL.PLLMUL = (uint32_t)(((RCC->CFGR3 & RCC_CFGR3_PLLFBDIV) >> RCC_CFGR3_PLLFBD
 2342              		.loc 1 1207 36 view .LVU736
 2343 0074 4362     		str	r3, [r0, #36]
1208:../../../../../Drivers/PY32E407_HAL_Driver/Src/py32e407_hal_rcc.c ****   RCC_OscInitStruct->PLL.PLLPrediv = (uint32_t)(RCC->CFGR3 & RCC_CFGR3_PLLPREDIV);
 2344              		.loc 1 1208 3 is_stmt 1 view .LVU737
1208:../../../../../Drivers/PY32E407_HAL_Driver/Src/py32e407_hal_rcc.c ****   RCC_OscInitStruct->PLL.PLLPrediv = (uint32_t)(RCC->CFGR3 & RCC_CFGR3_PLLPREDIV);
 2345              		.loc 1 1208 51 is_stmt 0 view .LVU738
 2346 0076 D2F88030 		ldr	r3, [r2, #128]
1208:../../../../../Drivers/PY32E407_HAL_Driver/Src/py32e407_hal_rcc.c ****   RCC_OscInitStruct->PLL.PLLPrediv = (uint32_t)(RCC->CFGR3 & RCC_CFGR3_PLLPREDIV);
 2347              		.loc 1 1208 81 view .LVU739
 2348 007a C3F30723 		ubfx	r3, r3, #8, #8
1208:../../../../../Drivers/PY32E407_HAL_Driver/Src/py32e407_hal_rcc.c ****   RCC_OscInitStruct->PLL.PLLPrediv = (uint32_t)(RCC->CFGR3 & RCC_CFGR3_PLLPREDIV);
 2349              		.loc 1 1208 35 view .LVU740
 2350 007e 0233     		adds	r3, r3, #2
1208:../../../../../Drivers/PY32E407_HAL_Driver/Src/py32e407_hal_rcc.c ****   RCC_OscInitStruct->PLL.PLLPrediv = (uint32_t)(RCC->CFGR3 & RCC_CFGR3_PLLPREDIV);
 2351              		.loc 1 1208 33 view .LVU741
 2352 0080 8362     		str	r3, [r0, #40]
1209:../../../../../Drivers/PY32E407_HAL_Driver/Src/py32e407_hal_rcc.c ****   RCC_OscInitStruct->PLL.PLLPostdiv = (uint32_t)(RCC->CFGR3 & RCC_CFGR3_PLLPOSTDIV);
 2353              		.loc 1 1209 3 is_stmt 1 view .LVU742
1209:../../../../../Drivers/PY32E407_HAL_Driver/Src/py32e407_hal_rcc.c ****   RCC_OscInitStruct->PLL.PLLPostdiv = (uint32_t)(RCC->CFGR3 & RCC_CFGR3_PLLPOSTDIV);
 2354              		.loc 1 1209 52 is_stmt 0 view .LVU743
 2355 0082 D2F88030 		ldr	r3, [r2, #128]
1209:../../../../../Drivers/PY32E407_HAL_Driver/Src/py32e407_hal_rcc.c ****   RCC_OscInitStruct->PLL.PLLPostdiv = (uint32_t)(RCC->CFGR3 & RCC_CFGR3_PLLPOSTDIV);
 2356              		.loc 1 1209 38 view .LVU744
 2357 0086 03F00C03 		and	r3, r3, #12
1209:../../../../../Drivers/PY32E407_HAL_Driver/Src/py32e407_hal_rcc.c ****   RCC_OscInitStruct->PLL.PLLPostdiv = (uint32_t)(RCC->CFGR3 & RCC_CFGR3_PLLPOSTDIV);
 2358              		.loc 1 1209 36 view .LVU745
 2359 008a C362     		str	r3, [r0, #44]
1210:../../../../../Drivers/PY32E407_HAL_Driver/Src/py32e407_hal_rcc.c **** }
 2360              		.loc 1 1210 3 is_stmt 1 view .LVU746
1210:../../../../../Drivers/PY32E407_HAL_Driver/Src/py32e407_hal_rcc.c **** }
 2361              		.loc 1 1210 53 is_stmt 0 view .LVU747
 2362 008c D2F88030 		ldr	r3, [r2, #128]
1210:../../../../../Drivers/PY32E407_HAL_Driver/Src/py32e407_hal_rcc.c **** }
 2363              		.loc 1 1210 39 view .LVU748
 2364 0090 03F03003 		and	r3, r3, #48
1210:../../../../../Drivers/PY32E407_HAL_Driver/Src/py32e407_hal_rcc.c **** }
ARM GAS  C:\Users\n11ak\AppData\Local\Temp\ccioVMLM.s 			page 78


 2365              		.loc 1 1210 37 view .LVU749
 2366 0094 0363     		str	r3, [r0, #48]
1211:../../../../../Drivers/PY32E407_HAL_Driver/Src/py32e407_hal_rcc.c **** 
 2367              		.loc 1 1211 1 view .LVU750
 2368 0096 7047     		bx	lr
 2369              	.L210:
1143:../../../../../Drivers/PY32E407_HAL_Driver/Src/py32e407_hal_rcc.c ****   {
 2370              		.loc 1 1143 8 is_stmt 1 view .LVU751
1143:../../../../../Drivers/PY32E407_HAL_Driver/Src/py32e407_hal_rcc.c ****   {
 2371              		.loc 1 1143 16 is_stmt 0 view .LVU752
 2372 0098 114B     		ldr	r3, .L224
 2373 009a 1B68     		ldr	r3, [r3]
1143:../../../../../Drivers/PY32E407_HAL_Driver/Src/py32e407_hal_rcc.c ****   {
 2374              		.loc 1 1143 11 view .LVU753
 2375 009c 13F4803F 		tst	r3, #65536
 2376 00a0 03D0     		beq	.L212
1145:../../../../../Drivers/PY32E407_HAL_Driver/Src/py32e407_hal_rcc.c ****   }
 2377              		.loc 1 1145 5 is_stmt 1 view .LVU754
1145:../../../../../Drivers/PY32E407_HAL_Driver/Src/py32e407_hal_rcc.c ****   }
 2378              		.loc 1 1145 33 is_stmt 0 view .LVU755
 2379 00a2 4FF48033 		mov	r3, #65536
 2380 00a6 4360     		str	r3, [r0, #4]
 2381 00a8 B4E7     		b	.L211
 2382              	.L212:
1149:../../../../../Drivers/PY32E407_HAL_Driver/Src/py32e407_hal_rcc.c ****   }
 2383              		.loc 1 1149 5 is_stmt 1 view .LVU756
1149:../../../../../Drivers/PY32E407_HAL_Driver/Src/py32e407_hal_rcc.c ****   }
 2384              		.loc 1 1149 33 is_stmt 0 view .LVU757
 2385 00aa 0023     		movs	r3, #0
 2386 00ac 4360     		str	r3, [r0, #4]
 2387 00ae B1E7     		b	.L211
 2388              	.L213:
1160:../../../../../Drivers/PY32E407_HAL_Driver/Src/py32e407_hal_rcc.c ****   }
 2389              		.loc 1 1160 5 is_stmt 1 view .LVU758
1160:../../../../../Drivers/PY32E407_HAL_Driver/Src/py32e407_hal_rcc.c ****   }
 2390              		.loc 1 1160 33 is_stmt 0 view .LVU759
 2391 00b0 0023     		movs	r3, #0
 2392 00b2 4361     		str	r3, [r0, #20]
 2393 00b4 B9E7     		b	.L214
 2394              	.L215:
1170:../../../../../Drivers/PY32E407_HAL_Driver/Src/py32e407_hal_rcc.c ****   }
 2395              		.loc 1 1170 5 is_stmt 1 view .LVU760
1170:../../../../../Drivers/PY32E407_HAL_Driver/Src/py32e407_hal_rcc.c ****   }
 2396              		.loc 1 1170 36 is_stmt 0 view .LVU761
 2397 00b6 0023     		movs	r3, #0
 2398 00b8 8361     		str	r3, [r0, #24]
 2399 00ba BDE7     		b	.L216
 2400              	.L217:
1178:../../../../../Drivers/PY32E407_HAL_Driver/Src/py32e407_hal_rcc.c ****   {
 2401              		.loc 1 1178 8 is_stmt 1 view .LVU762
1178:../../../../../Drivers/PY32E407_HAL_Driver/Src/py32e407_hal_rcc.c ****   {
 2402              		.loc 1 1178 16 is_stmt 0 view .LVU763
 2403 00bc 084B     		ldr	r3, .L224
 2404 00be 1B6F     		ldr	r3, [r3, #112]
1178:../../../../../Drivers/PY32E407_HAL_Driver/Src/py32e407_hal_rcc.c ****   {
 2405              		.loc 1 1178 11 view .LVU764
 2406 00c0 13F0010F 		tst	r3, #1
ARM GAS  C:\Users\n11ak\AppData\Local\Temp\ccioVMLM.s 			page 79


 2407 00c4 02D0     		beq	.L219
1180:../../../../../Drivers/PY32E407_HAL_Driver/Src/py32e407_hal_rcc.c ****   }
 2408              		.loc 1 1180 5 is_stmt 1 view .LVU765
1180:../../../../../Drivers/PY32E407_HAL_Driver/Src/py32e407_hal_rcc.c ****   }
 2409              		.loc 1 1180 33 is_stmt 0 view .LVU766
 2410 00c6 0123     		movs	r3, #1
 2411 00c8 C360     		str	r3, [r0, #12]
 2412 00ca BCE7     		b	.L218
 2413              	.L219:
1184:../../../../../Drivers/PY32E407_HAL_Driver/Src/py32e407_hal_rcc.c ****   }
 2414              		.loc 1 1184 5 is_stmt 1 view .LVU767
1184:../../../../../Drivers/PY32E407_HAL_Driver/Src/py32e407_hal_rcc.c ****   }
 2415              		.loc 1 1184 33 is_stmt 0 view .LVU768
 2416 00cc 0023     		movs	r3, #0
 2417 00ce C360     		str	r3, [r0, #12]
 2418 00d0 B9E7     		b	.L218
 2419              	.L220:
1195:../../../../../Drivers/PY32E407_HAL_Driver/Src/py32e407_hal_rcc.c ****   }
 2420              		.loc 1 1195 5 is_stmt 1 view .LVU769
1195:../../../../../Drivers/PY32E407_HAL_Driver/Src/py32e407_hal_rcc.c ****   }
 2421              		.loc 1 1195 33 is_stmt 0 view .LVU770
 2422 00d2 0023     		movs	r3, #0
 2423 00d4 C361     		str	r3, [r0, #28]
 2424 00d6 C1E7     		b	.L221
 2425              	.L222:
1205:../../../../../Drivers/PY32E407_HAL_Driver/Src/py32e407_hal_rcc.c ****   }
 2426              		.loc 1 1205 5 is_stmt 1 view .LVU771
1205:../../../../../Drivers/PY32E407_HAL_Driver/Src/py32e407_hal_rcc.c ****   }
 2427              		.loc 1 1205 37 is_stmt 0 view .LVU772
 2428 00d8 0123     		movs	r3, #1
 2429 00da 0362     		str	r3, [r0, #32]
 2430 00dc C5E7     		b	.L223
 2431              	.L225:
 2432 00de 00BF     		.align	2
 2433              	.L224:
 2434 00e0 00100240 		.word	1073876992
 2435              		.cfi_endproc
 2436              	.LFE145:
 2438              		.section	.text.HAL_RCC_GetClockConfig,"ax",%progbits
 2439              		.align	1
 2440              		.global	HAL_RCC_GetClockConfig
 2441              		.syntax unified
 2442              		.thumb
 2443              		.thumb_func
 2445              	HAL_RCC_GetClockConfig:
 2446              	.LVL173:
 2447              	.LFB146:
1222:../../../../../Drivers/PY32E407_HAL_Driver/Src/py32e407_hal_rcc.c ****   /* Check the parameters */
 2448              		.loc 1 1222 1 is_stmt 1 view -0
 2449              		.cfi_startproc
 2450              		@ args = 0, pretend = 0, frame = 0
 2451              		@ frame_needed = 0, uses_anonymous_args = 0
 2452              		@ link register save eliminated.
1224:../../../../../Drivers/PY32E407_HAL_Driver/Src/py32e407_hal_rcc.c ****   assert_param(pFLatency != NULL);
 2453              		.loc 1 1224 3 view .LVU774
1225:../../../../../Drivers/PY32E407_HAL_Driver/Src/py32e407_hal_rcc.c **** 
 2454              		.loc 1 1225 3 view .LVU775
ARM GAS  C:\Users\n11ak\AppData\Local\Temp\ccioVMLM.s 			page 80


1228:../../../../../Drivers/PY32E407_HAL_Driver/Src/py32e407_hal_rcc.c **** 
 2455              		.loc 1 1228 3 view .LVU776
1228:../../../../../Drivers/PY32E407_HAL_Driver/Src/py32e407_hal_rcc.c **** 
 2456              		.loc 1 1228 32 is_stmt 0 view .LVU777
 2457 0000 0F23     		movs	r3, #15
 2458 0002 0360     		str	r3, [r0]
1231:../../../../../Drivers/PY32E407_HAL_Driver/Src/py32e407_hal_rcc.c **** 
 2459              		.loc 1 1231 3 is_stmt 1 view .LVU778
1231:../../../../../Drivers/PY32E407_HAL_Driver/Src/py32e407_hal_rcc.c **** 
 2460              		.loc 1 1231 51 is_stmt 0 view .LVU779
 2461 0004 0B4B     		ldr	r3, .L227
 2462 0006 5A68     		ldr	r2, [r3, #4]
1231:../../../../../Drivers/PY32E407_HAL_Driver/Src/py32e407_hal_rcc.c **** 
 2463              		.loc 1 1231 37 view .LVU780
 2464 0008 02F00302 		and	r2, r2, #3
1231:../../../../../Drivers/PY32E407_HAL_Driver/Src/py32e407_hal_rcc.c **** 
 2465              		.loc 1 1231 35 view .LVU781
 2466 000c 4260     		str	r2, [r0, #4]
1234:../../../../../Drivers/PY32E407_HAL_Driver/Src/py32e407_hal_rcc.c **** 
 2467              		.loc 1 1234 3 is_stmt 1 view .LVU782
1234:../../../../../Drivers/PY32E407_HAL_Driver/Src/py32e407_hal_rcc.c **** 
 2468              		.loc 1 1234 52 is_stmt 0 view .LVU783
 2469 000e 5A68     		ldr	r2, [r3, #4]
1234:../../../../../Drivers/PY32E407_HAL_Driver/Src/py32e407_hal_rcc.c **** 
 2470              		.loc 1 1234 38 view .LVU784
 2471 0010 02F0F002 		and	r2, r2, #240
1234:../../../../../Drivers/PY32E407_HAL_Driver/Src/py32e407_hal_rcc.c **** 
 2472              		.loc 1 1234 36 view .LVU785
 2473 0014 8260     		str	r2, [r0, #8]
1237:../../../../../Drivers/PY32E407_HAL_Driver/Src/py32e407_hal_rcc.c **** 
 2474              		.loc 1 1237 3 is_stmt 1 view .LVU786
1237:../../../../../Drivers/PY32E407_HAL_Driver/Src/py32e407_hal_rcc.c **** 
 2475              		.loc 1 1237 53 is_stmt 0 view .LVU787
 2476 0016 5A68     		ldr	r2, [r3, #4]
1237:../../../../../Drivers/PY32E407_HAL_Driver/Src/py32e407_hal_rcc.c **** 
 2477              		.loc 1 1237 39 view .LVU788
 2478 0018 02F4E062 		and	r2, r2, #1792
1237:../../../../../Drivers/PY32E407_HAL_Driver/Src/py32e407_hal_rcc.c **** 
 2479              		.loc 1 1237 37 view .LVU789
 2480 001c C260     		str	r2, [r0, #12]
1240:../../../../../Drivers/PY32E407_HAL_Driver/Src/py32e407_hal_rcc.c **** 
 2481              		.loc 1 1240 3 is_stmt 1 view .LVU790
1240:../../../../../Drivers/PY32E407_HAL_Driver/Src/py32e407_hal_rcc.c **** 
 2482              		.loc 1 1240 54 is_stmt 0 view .LVU791
 2483 001e 5B68     		ldr	r3, [r3, #4]
1240:../../../../../Drivers/PY32E407_HAL_Driver/Src/py32e407_hal_rcc.c **** 
 2484              		.loc 1 1240 39 view .LVU792
 2485 0020 DB08     		lsrs	r3, r3, #3
 2486 0022 03F4E063 		and	r3, r3, #1792
1240:../../../../../Drivers/PY32E407_HAL_Driver/Src/py32e407_hal_rcc.c **** 
 2487              		.loc 1 1240 37 view .LVU793
 2488 0026 0361     		str	r3, [r0, #16]
1244:../../../../../Drivers/PY32E407_HAL_Driver/Src/py32e407_hal_rcc.c **** #else
 2489              		.loc 1 1244 3 is_stmt 1 view .LVU794
1244:../../../../../Drivers/PY32E407_HAL_Driver/Src/py32e407_hal_rcc.c **** #else
 2490              		.loc 1 1244 32 is_stmt 0 view .LVU795
 2491 0028 034B     		ldr	r3, .L227+4
ARM GAS  C:\Users\n11ak\AppData\Local\Temp\ccioVMLM.s 			page 81


 2492 002a 1B68     		ldr	r3, [r3]
1244:../../../../../Drivers/PY32E407_HAL_Driver/Src/py32e407_hal_rcc.c **** #else
 2493              		.loc 1 1244 16 view .LVU796
 2494 002c 03F00F03 		and	r3, r3, #15
1244:../../../../../Drivers/PY32E407_HAL_Driver/Src/py32e407_hal_rcc.c **** #else
 2495              		.loc 1 1244 14 view .LVU797
 2496 0030 0B60     		str	r3, [r1]
1249:../../../../../Drivers/PY32E407_HAL_Driver/Src/py32e407_hal_rcc.c **** 
 2497              		.loc 1 1249 1 view .LVU798
 2498 0032 7047     		bx	lr
 2499              	.L228:
 2500              		.align	2
 2501              	.L227:
 2502 0034 00100240 		.word	1073876992
 2503 0038 00200240 		.word	1073881088
 2504              		.cfi_endproc
 2505              	.LFE146:
 2507              		.section	.text.HAL_RCC_CSSCallback,"ax",%progbits
 2508              		.align	1
 2509              		.weak	HAL_RCC_CSSCallback
 2510              		.syntax unified
 2511              		.thumb
 2512              		.thumb_func
 2514              	HAL_RCC_CSSCallback:
 2515              	.LFB148:
1274:../../../../../Drivers/PY32E407_HAL_Driver/Src/py32e407_hal_rcc.c ****   /* NOTE : This function Should not be modified, when the callback is needed,
 2516              		.loc 1 1274 1 is_stmt 1 view -0
 2517              		.cfi_startproc
 2518              		@ args = 0, pretend = 0, frame = 0
 2519              		@ frame_needed = 0, uses_anonymous_args = 0
 2520              		@ link register save eliminated.
1278:../../../../../Drivers/PY32E407_HAL_Driver/Src/py32e407_hal_rcc.c **** 
 2521              		.loc 1 1278 1 view .LVU800
 2522 0000 7047     		bx	lr
 2523              		.cfi_endproc
 2524              	.LFE148:
 2526              		.section	.text.HAL_RCC_NMI_IRQHandler,"ax",%progbits
 2527              		.align	1
 2528              		.global	HAL_RCC_NMI_IRQHandler
 2529              		.syntax unified
 2530              		.thumb
 2531              		.thumb_func
 2533              	HAL_RCC_NMI_IRQHandler:
 2534              	.LFB147:
1257:../../../../../Drivers/PY32E407_HAL_Driver/Src/py32e407_hal_rcc.c ****   /* Check RCC CSSF flag  */
 2535              		.loc 1 1257 1 view -0
 2536              		.cfi_startproc
 2537              		@ args = 0, pretend = 0, frame = 0
 2538              		@ frame_needed = 0, uses_anonymous_args = 0
 2539 0000 08B5     		push	{r3, lr}
 2540              	.LCFI21:
 2541              		.cfi_def_cfa_offset 8
 2542              		.cfi_offset 3, -8
 2543              		.cfi_offset 14, -4
1259:../../../../../Drivers/PY32E407_HAL_Driver/Src/py32e407_hal_rcc.c ****   {
 2544              		.loc 1 1259 3 view .LVU802
1259:../../../../../Drivers/PY32E407_HAL_Driver/Src/py32e407_hal_rcc.c ****   {
ARM GAS  C:\Users\n11ak\AppData\Local\Temp\ccioVMLM.s 			page 82


 2545              		.loc 1 1259 7 is_stmt 0 view .LVU803
 2546 0002 064B     		ldr	r3, .L234
 2547 0004 9B68     		ldr	r3, [r3, #8]
1259:../../../../../Drivers/PY32E407_HAL_Driver/Src/py32e407_hal_rcc.c ****   {
 2548              		.loc 1 1259 6 view .LVU804
 2549 0006 13F0800F 		tst	r3, #128
 2550 000a 00D1     		bne	.L233
 2551              	.L230:
1267:../../../../../Drivers/PY32E407_HAL_Driver/Src/py32e407_hal_rcc.c **** 
 2552              		.loc 1 1267 1 view .LVU805
 2553 000c 08BD     		pop	{r3, pc}
 2554              	.L233:
1262:../../../../../Drivers/PY32E407_HAL_Driver/Src/py32e407_hal_rcc.c **** 
 2555              		.loc 1 1262 5 is_stmt 1 view .LVU806
 2556 000e FFF7FEFF 		bl	HAL_RCC_CSSCallback
 2557              	.LVL174:
1265:../../../../../Drivers/PY32E407_HAL_Driver/Src/py32e407_hal_rcc.c ****   }
 2558              		.loc 1 1265 5 view .LVU807
 2559 0012 024B     		ldr	r3, .L234
 2560 0014 8022     		movs	r2, #128
 2561 0016 9A72     		strb	r2, [r3, #10]
1267:../../../../../Drivers/PY32E407_HAL_Driver/Src/py32e407_hal_rcc.c **** 
 2562              		.loc 1 1267 1 is_stmt 0 view .LVU808
 2563 0018 F8E7     		b	.L230
 2564              	.L235:
 2565 001a 00BF     		.align	2
 2566              	.L234:
 2567 001c 00100240 		.word	1073876992
 2568              		.cfi_endproc
 2569              	.LFE147:
 2571              		.text
 2572              	.Letext0:
 2573              		.file 2 "h:\\program files (x86)\\puyasde\\tool\\arm-none-eabi\\include\\machine\\_default_types.h
 2574              		.file 3 "h:\\program files (x86)\\puyasde\\tool\\arm-none-eabi\\include\\sys\\_stdint.h"
 2575              		.file 4 "h:\\drivers\\cmsis\\device\\puya\\py32e407\\include\\system_py32e4xx.h"
 2576              		.file 5 "h:\\drivers\\cmsis\\device\\puya\\py32e407\\include\\py32e407xE.h"
 2577              		.file 6 "h:\\drivers\\cmsis\\device\\puya\\py32e407\\include\\py32e4xx.h"
 2578              		.file 7 "h:\\drivers\\py32e407_hal_driver\\inc\\py32e407_hal_def.h"
 2579              		.file 8 "h:\\drivers\\py32e407_hal_driver\\inc\\py32e407_hal_rcc.h"
 2580              		.file 9 "h:\\drivers\\py32e407_hal_driver\\inc\\py32e407_hal_gpio.h"
 2581              		.file 10 "h:\\drivers\\py32e407_hal_driver\\inc\\py32e4xx_hal.h"
ARM GAS  C:\Users\n11ak\AppData\Local\Temp\ccioVMLM.s 			page 83


DEFINED SYMBOLS
                            *ABS*:00000000 py32e407_hal_rcc.c
C:\Users\n11ak\AppData\Local\Temp\ccioVMLM.s:20     .text.RCC_GetSysClockFreqFromPLLSource:00000000 $t
C:\Users\n11ak\AppData\Local\Temp\ccioVMLM.s:25     .text.RCC_GetSysClockFreqFromPLLSource:00000000 RCC_GetSysClockFreqFromPLLSource
C:\Users\n11ak\AppData\Local\Temp\ccioVMLM.s:146    .text.RCC_GetSysClockFreqFromPLLSource:00000074 $d
C:\Users\n11ak\AppData\Local\Temp\ccioVMLM.s:155    .text.HAL_RCC_DeInit:00000000 $t
C:\Users\n11ak\AppData\Local\Temp\ccioVMLM.s:161    .text.HAL_RCC_DeInit:00000000 HAL_RCC_DeInit
C:\Users\n11ak\AppData\Local\Temp\ccioVMLM.s:386    .text.HAL_RCC_DeInit:00000100 $d
C:\Users\n11ak\AppData\Local\Temp\ccioVMLM.s:394    .text.HAL_RCC_OscConfig:00000000 $t
C:\Users\n11ak\AppData\Local\Temp\ccioVMLM.s:400    .text.HAL_RCC_OscConfig:00000000 HAL_RCC_OscConfig
C:\Users\n11ak\AppData\Local\Temp\ccioVMLM.s:931    .text.HAL_RCC_OscConfig:00000290 $d
C:\Users\n11ak\AppData\Local\Temp\ccioVMLM.s:935    .text.HAL_RCC_OscConfig:00000294 $t
C:\Users\n11ak\AppData\Local\Temp\ccioVMLM.s:1388   .text.HAL_RCC_OscConfig:000004a8 $d
C:\Users\n11ak\AppData\Local\Temp\ccioVMLM.s:1394   .text.HAL_RCC_MCOConfig:00000000 $t
C:\Users\n11ak\AppData\Local\Temp\ccioVMLM.s:1400   .text.HAL_RCC_MCOConfig:00000000 HAL_RCC_MCOConfig
C:\Users\n11ak\AppData\Local\Temp\ccioVMLM.s:1535   .text.HAL_RCC_MCOConfig:00000080 $d
C:\Users\n11ak\AppData\Local\Temp\ccioVMLM.s:1541   .text.HAL_RCC_EnableCSS:00000000 $t
C:\Users\n11ak\AppData\Local\Temp\ccioVMLM.s:1547   .text.HAL_RCC_EnableCSS:00000000 HAL_RCC_EnableCSS
C:\Users\n11ak\AppData\Local\Temp\ccioVMLM.s:1564   .text.HAL_RCC_EnableCSS:0000000c $d
C:\Users\n11ak\AppData\Local\Temp\ccioVMLM.s:1569   .text.HAL_RCC_GetSysClockFreq:00000000 $t
C:\Users\n11ak\AppData\Local\Temp\ccioVMLM.s:1575   .text.HAL_RCC_GetSysClockFreq:00000000 HAL_RCC_GetSysClockFreq
C:\Users\n11ak\AppData\Local\Temp\ccioVMLM.s:1712   .text.HAL_RCC_GetSysClockFreq:000000a0 $d
C:\Users\n11ak\AppData\Local\Temp\ccioVMLM.s:1721   .text.HAL_RCC_ClockConfig:00000000 $t
C:\Users\n11ak\AppData\Local\Temp\ccioVMLM.s:1727   .text.HAL_RCC_ClockConfig:00000000 HAL_RCC_ClockConfig
C:\Users\n11ak\AppData\Local\Temp\ccioVMLM.s:2113   .text.HAL_RCC_ClockConfig:000001b0 $d
C:\Users\n11ak\AppData\Local\Temp\ccioVMLM.s:2123   .text.HAL_RCC_GetHCLKFreq:00000000 $t
C:\Users\n11ak\AppData\Local\Temp\ccioVMLM.s:2129   .text.HAL_RCC_GetHCLKFreq:00000000 HAL_RCC_GetHCLKFreq
C:\Users\n11ak\AppData\Local\Temp\ccioVMLM.s:2144   .text.HAL_RCC_GetHCLKFreq:00000008 $d
C:\Users\n11ak\AppData\Local\Temp\ccioVMLM.s:2149   .text.HAL_RCC_GetPCLK1Freq:00000000 $t
C:\Users\n11ak\AppData\Local\Temp\ccioVMLM.s:2155   .text.HAL_RCC_GetPCLK1Freq:00000000 HAL_RCC_GetPCLK1Freq
C:\Users\n11ak\AppData\Local\Temp\ccioVMLM.s:2184   .text.HAL_RCC_GetPCLK1Freq:00000018 $d
C:\Users\n11ak\AppData\Local\Temp\ccioVMLM.s:2190   .text.HAL_RCC_GetPCLK2Freq:00000000 $t
C:\Users\n11ak\AppData\Local\Temp\ccioVMLM.s:2196   .text.HAL_RCC_GetPCLK2Freq:00000000 HAL_RCC_GetPCLK2Freq
C:\Users\n11ak\AppData\Local\Temp\ccioVMLM.s:2225   .text.HAL_RCC_GetPCLK2Freq:00000018 $d
C:\Users\n11ak\AppData\Local\Temp\ccioVMLM.s:2231   .text.HAL_RCC_GetOscConfig:00000000 $t
C:\Users\n11ak\AppData\Local\Temp\ccioVMLM.s:2237   .text.HAL_RCC_GetOscConfig:00000000 HAL_RCC_GetOscConfig
C:\Users\n11ak\AppData\Local\Temp\ccioVMLM.s:2434   .text.HAL_RCC_GetOscConfig:000000e0 $d
C:\Users\n11ak\AppData\Local\Temp\ccioVMLM.s:2439   .text.HAL_RCC_GetClockConfig:00000000 $t
C:\Users\n11ak\AppData\Local\Temp\ccioVMLM.s:2445   .text.HAL_RCC_GetClockConfig:00000000 HAL_RCC_GetClockConfig
C:\Users\n11ak\AppData\Local\Temp\ccioVMLM.s:2502   .text.HAL_RCC_GetClockConfig:00000034 $d
C:\Users\n11ak\AppData\Local\Temp\ccioVMLM.s:2508   .text.HAL_RCC_CSSCallback:00000000 $t
C:\Users\n11ak\AppData\Local\Temp\ccioVMLM.s:2514   .text.HAL_RCC_CSSCallback:00000000 HAL_RCC_CSSCallback
C:\Users\n11ak\AppData\Local\Temp\ccioVMLM.s:2527   .text.HAL_RCC_NMI_IRQHandler:00000000 $t
C:\Users\n11ak\AppData\Local\Temp\ccioVMLM.s:2533   .text.HAL_RCC_NMI_IRQHandler:00000000 HAL_RCC_NMI_IRQHandler
C:\Users\n11ak\AppData\Local\Temp\ccioVMLM.s:2567   .text.HAL_RCC_NMI_IRQHandler:0000001c $d

UNDEFINED SYMBOLS
HAL_GetTick
HAL_InitTick
SystemCoreClock
uwTickPrio
HAL_GPIO_Init
AHBPrescTable
APBPrescTable
