ARM GAS  C:\Users\n11ak\AppData\Local\Temp\cc3ria0q.s 			page 1


   1              		.cpu cortex-m4
   2              		.arch armv7e-m
   3              		.fpu fpv4-sp-d16
   4              		.eabi_attribute 27, 1
   5              		.eabi_attribute 28, 1
   6              		.eabi_attribute 20, 1
   7              		.eabi_attribute 21, 1
   8              		.eabi_attribute 23, 3
   9              		.eabi_attribute 24, 1
  10              		.eabi_attribute 25, 1
  11              		.eabi_attribute 26, 1
  12              		.eabi_attribute 30, 1
  13              		.eabi_attribute 34, 1
  14              		.eabi_attribute 18, 4
  15              		.file	"py32e407_hal_rcc_ex.c"
  16              		.text
  17              	.Ltext0:
  18              		.cfi_sections	.debug_frame
  19              		.section	.text.HAL_RCCEx_PeriphCLKConfig,"ax",%progbits
  20              		.align	1
  21              		.global	HAL_RCCEx_PeriphCLKConfig
  22              		.syntax unified
  23              		.thumb
  24              		.thumb_func
  26              	HAL_RCCEx_PeriphCLKConfig:
  27              	.LVL0:
  28              	.LFB136:
  29              		.file 1 "../../../../../Drivers/PY32E407_HAL_Driver/Src/py32e407_hal_rcc_ex.c"
   1:../../../../../Drivers/PY32E407_HAL_Driver/Src/py32e407_hal_rcc_ex.c **** /**
   2:../../../../../Drivers/PY32E407_HAL_Driver/Src/py32e407_hal_rcc_ex.c ****   ******************************************************************************
   3:../../../../../Drivers/PY32E407_HAL_Driver/Src/py32e407_hal_rcc_ex.c ****   * @file    py32e407_hal_rcc_ex.c
   4:../../../../../Drivers/PY32E407_HAL_Driver/Src/py32e407_hal_rcc_ex.c ****   * @author  MCU Application Team
   5:../../../../../Drivers/PY32E407_HAL_Driver/Src/py32e407_hal_rcc_ex.c ****   * @brief   Extended RCC HAL module driver.
   6:../../../../../Drivers/PY32E407_HAL_Driver/Src/py32e407_hal_rcc_ex.c ****   *          This file provides firmware functions to manage the following
   7:../../../../../Drivers/PY32E407_HAL_Driver/Src/py32e407_hal_rcc_ex.c ****   *          functionalities RCC extended peripheral:
   8:../../../../../Drivers/PY32E407_HAL_Driver/Src/py32e407_hal_rcc_ex.c ****   *           + Extended Peripheral Control functions
   9:../../../../../Drivers/PY32E407_HAL_Driver/Src/py32e407_hal_rcc_ex.c ****   *           + Extended Clock management functions
  10:../../../../../Drivers/PY32E407_HAL_Driver/Src/py32e407_hal_rcc_ex.c ****   *
  11:../../../../../Drivers/PY32E407_HAL_Driver/Src/py32e407_hal_rcc_ex.c ****   ******************************************************************************
  12:../../../../../Drivers/PY32E407_HAL_Driver/Src/py32e407_hal_rcc_ex.c ****   * @attention
  13:../../../../../Drivers/PY32E407_HAL_Driver/Src/py32e407_hal_rcc_ex.c ****   *
  14:../../../../../Drivers/PY32E407_HAL_Driver/Src/py32e407_hal_rcc_ex.c ****   * <h2><center>&copy; Copyright (c) 2023 Puya Semiconductor Co.
  15:../../../../../Drivers/PY32E407_HAL_Driver/Src/py32e407_hal_rcc_ex.c ****   * All rights reserved.</center></h2>
  16:../../../../../Drivers/PY32E407_HAL_Driver/Src/py32e407_hal_rcc_ex.c ****   *
  17:../../../../../Drivers/PY32E407_HAL_Driver/Src/py32e407_hal_rcc_ex.c ****   * This software component is licensed by Puya under BSD 3-Clause license,
  18:../../../../../Drivers/PY32E407_HAL_Driver/Src/py32e407_hal_rcc_ex.c ****   * the "License"; You may not use this file except in compliance with the
  19:../../../../../Drivers/PY32E407_HAL_Driver/Src/py32e407_hal_rcc_ex.c ****   * License. You may obtain a copy of the License at:
  20:../../../../../Drivers/PY32E407_HAL_Driver/Src/py32e407_hal_rcc_ex.c ****   *                        opensource.org/licenses/BSD-3-Clause
  21:../../../../../Drivers/PY32E407_HAL_Driver/Src/py32e407_hal_rcc_ex.c ****   *
  22:../../../../../Drivers/PY32E407_HAL_Driver/Src/py32e407_hal_rcc_ex.c ****   ******************************************************************************
  23:../../../../../Drivers/PY32E407_HAL_Driver/Src/py32e407_hal_rcc_ex.c ****   * @attention
  24:../../../../../Drivers/PY32E407_HAL_Driver/Src/py32e407_hal_rcc_ex.c ****   *
  25:../../../../../Drivers/PY32E407_HAL_Driver/Src/py32e407_hal_rcc_ex.c ****   * <h2><center>&copy; Copyright (c) 2016 STMicroelectronics.
  26:../../../../../Drivers/PY32E407_HAL_Driver/Src/py32e407_hal_rcc_ex.c ****   * All rights reserved.</center></h2>
  27:../../../../../Drivers/PY32E407_HAL_Driver/Src/py32e407_hal_rcc_ex.c ****   *
  28:../../../../../Drivers/PY32E407_HAL_Driver/Src/py32e407_hal_rcc_ex.c ****   * This software component is licensed by ST under BSD 3-Clause license,
  29:../../../../../Drivers/PY32E407_HAL_Driver/Src/py32e407_hal_rcc_ex.c ****   * the "License"; You may not use this file except in compliance with the
ARM GAS  C:\Users\n11ak\AppData\Local\Temp\cc3ria0q.s 			page 2


  30:../../../../../Drivers/PY32E407_HAL_Driver/Src/py32e407_hal_rcc_ex.c ****   * License. You may obtain a copy of the License at:
  31:../../../../../Drivers/PY32E407_HAL_Driver/Src/py32e407_hal_rcc_ex.c ****   *                        opensource.org/licenses/BSD-3-Clause
  32:../../../../../Drivers/PY32E407_HAL_Driver/Src/py32e407_hal_rcc_ex.c ****   *
  33:../../../../../Drivers/PY32E407_HAL_Driver/Src/py32e407_hal_rcc_ex.c ****   ******************************************************************************
  34:../../../../../Drivers/PY32E407_HAL_Driver/Src/py32e407_hal_rcc_ex.c ****   */
  35:../../../../../Drivers/PY32E407_HAL_Driver/Src/py32e407_hal_rcc_ex.c **** 
  36:../../../../../Drivers/PY32E407_HAL_Driver/Src/py32e407_hal_rcc_ex.c **** /* Includes ------------------------------------------------------------------*/
  37:../../../../../Drivers/PY32E407_HAL_Driver/Src/py32e407_hal_rcc_ex.c **** #include "py32e4xx_hal.h"
  38:../../../../../Drivers/PY32E407_HAL_Driver/Src/py32e407_hal_rcc_ex.c **** 
  39:../../../../../Drivers/PY32E407_HAL_Driver/Src/py32e407_hal_rcc_ex.c **** /** @addtogroup PY32E407_HAL_Driver
  40:../../../../../Drivers/PY32E407_HAL_Driver/Src/py32e407_hal_rcc_ex.c ****   * @{
  41:../../../../../Drivers/PY32E407_HAL_Driver/Src/py32e407_hal_rcc_ex.c ****   */
  42:../../../../../Drivers/PY32E407_HAL_Driver/Src/py32e407_hal_rcc_ex.c **** 
  43:../../../../../Drivers/PY32E407_HAL_Driver/Src/py32e407_hal_rcc_ex.c **** #ifdef HAL_RCC_MODULE_ENABLED
  44:../../../../../Drivers/PY32E407_HAL_Driver/Src/py32e407_hal_rcc_ex.c **** 
  45:../../../../../Drivers/PY32E407_HAL_Driver/Src/py32e407_hal_rcc_ex.c **** /** @defgroup RCCEx RCCEx
  46:../../../../../Drivers/PY32E407_HAL_Driver/Src/py32e407_hal_rcc_ex.c ****   * @brief RCC Extension HAL module driver.
  47:../../../../../Drivers/PY32E407_HAL_Driver/Src/py32e407_hal_rcc_ex.c ****   * @{
  48:../../../../../Drivers/PY32E407_HAL_Driver/Src/py32e407_hal_rcc_ex.c ****   */
  49:../../../../../Drivers/PY32E407_HAL_Driver/Src/py32e407_hal_rcc_ex.c **** 
  50:../../../../../Drivers/PY32E407_HAL_Driver/Src/py32e407_hal_rcc_ex.c **** /* Private typedef -----------------------------------------------------------*/
  51:../../../../../Drivers/PY32E407_HAL_Driver/Src/py32e407_hal_rcc_ex.c **** /* Private define ------------------------------------------------------------*/
  52:../../../../../Drivers/PY32E407_HAL_Driver/Src/py32e407_hal_rcc_ex.c **** /** @defgroup RCCEx_Private_Constants RCCEx Private Constants
  53:../../../../../Drivers/PY32E407_HAL_Driver/Src/py32e407_hal_rcc_ex.c ****   * @{
  54:../../../../../Drivers/PY32E407_HAL_Driver/Src/py32e407_hal_rcc_ex.c ****   */
  55:../../../../../Drivers/PY32E407_HAL_Driver/Src/py32e407_hal_rcc_ex.c **** /**
  56:../../../../../Drivers/PY32E407_HAL_Driver/Src/py32e407_hal_rcc_ex.c ****   * @}
  57:../../../../../Drivers/PY32E407_HAL_Driver/Src/py32e407_hal_rcc_ex.c ****   */
  58:../../../../../Drivers/PY32E407_HAL_Driver/Src/py32e407_hal_rcc_ex.c **** 
  59:../../../../../Drivers/PY32E407_HAL_Driver/Src/py32e407_hal_rcc_ex.c **** /* Private macro -------------------------------------------------------------*/
  60:../../../../../Drivers/PY32E407_HAL_Driver/Src/py32e407_hal_rcc_ex.c **** /** @defgroup RCCEx_Private_Macros RCCEx Private Macros
  61:../../../../../Drivers/PY32E407_HAL_Driver/Src/py32e407_hal_rcc_ex.c ****   * @{
  62:../../../../../Drivers/PY32E407_HAL_Driver/Src/py32e407_hal_rcc_ex.c ****   */
  63:../../../../../Drivers/PY32E407_HAL_Driver/Src/py32e407_hal_rcc_ex.c **** /**
  64:../../../../../Drivers/PY32E407_HAL_Driver/Src/py32e407_hal_rcc_ex.c ****   * @}
  65:../../../../../Drivers/PY32E407_HAL_Driver/Src/py32e407_hal_rcc_ex.c ****   */
  66:../../../../../Drivers/PY32E407_HAL_Driver/Src/py32e407_hal_rcc_ex.c **** 
  67:../../../../../Drivers/PY32E407_HAL_Driver/Src/py32e407_hal_rcc_ex.c **** /* Private variables ---------------------------------------------------------*/
  68:../../../../../Drivers/PY32E407_HAL_Driver/Src/py32e407_hal_rcc_ex.c **** /* Private function prototypes -----------------------------------------------*/
  69:../../../../../Drivers/PY32E407_HAL_Driver/Src/py32e407_hal_rcc_ex.c **** /* Private functions ---------------------------------------------------------*/
  70:../../../../../Drivers/PY32E407_HAL_Driver/Src/py32e407_hal_rcc_ex.c **** 
  71:../../../../../Drivers/PY32E407_HAL_Driver/Src/py32e407_hal_rcc_ex.c **** /** @defgroup RCCEx_Exported_Functions RCCEx Exported Functions
  72:../../../../../Drivers/PY32E407_HAL_Driver/Src/py32e407_hal_rcc_ex.c ****   * @{
  73:../../../../../Drivers/PY32E407_HAL_Driver/Src/py32e407_hal_rcc_ex.c ****   */
  74:../../../../../Drivers/PY32E407_HAL_Driver/Src/py32e407_hal_rcc_ex.c **** 
  75:../../../../../Drivers/PY32E407_HAL_Driver/Src/py32e407_hal_rcc_ex.c **** /** @defgroup RCCEx_Exported_Functions_Group1 Peripheral Control functions
  76:../../../../../Drivers/PY32E407_HAL_Driver/Src/py32e407_hal_rcc_ex.c ****   *  @brief  Extended Peripheral Control functions
  77:../../../../../Drivers/PY32E407_HAL_Driver/Src/py32e407_hal_rcc_ex.c ****   *
  78:../../../../../Drivers/PY32E407_HAL_Driver/Src/py32e407_hal_rcc_ex.c **** @verbatim
  79:../../../../../Drivers/PY32E407_HAL_Driver/Src/py32e407_hal_rcc_ex.c ****  ===============================================================================
  80:../../../../../Drivers/PY32E407_HAL_Driver/Src/py32e407_hal_rcc_ex.c ****                 ##### Extended Peripheral Control functions  #####
  81:../../../../../Drivers/PY32E407_HAL_Driver/Src/py32e407_hal_rcc_ex.c ****  ===============================================================================
  82:../../../../../Drivers/PY32E407_HAL_Driver/Src/py32e407_hal_rcc_ex.c ****     [..]
  83:../../../../../Drivers/PY32E407_HAL_Driver/Src/py32e407_hal_rcc_ex.c ****     This subsection provides a set of functions allowing to control the RCC Clocks
  84:../../../../../Drivers/PY32E407_HAL_Driver/Src/py32e407_hal_rcc_ex.c ****     frequencies.
  85:../../../../../Drivers/PY32E407_HAL_Driver/Src/py32e407_hal_rcc_ex.c ****     [..]
  86:../../../../../Drivers/PY32E407_HAL_Driver/Src/py32e407_hal_rcc_ex.c ****     (@) Important note: Care must be taken when HAL_RCCEx_PeriphCLKConfig() is used to
ARM GAS  C:\Users\n11ak\AppData\Local\Temp\cc3ria0q.s 			page 3


  87:../../../../../Drivers/PY32E407_HAL_Driver/Src/py32e407_hal_rcc_ex.c ****         select the RTC clock source; in this case the Backup domain will be reset in
  88:../../../../../Drivers/PY32E407_HAL_Driver/Src/py32e407_hal_rcc_ex.c ****         order to modify the RTC Clock source, as consequence RTC registers (including
  89:../../../../../Drivers/PY32E407_HAL_Driver/Src/py32e407_hal_rcc_ex.c ****         the backup registers) are set to their reset values.
  90:../../../../../Drivers/PY32E407_HAL_Driver/Src/py32e407_hal_rcc_ex.c **** 
  91:../../../../../Drivers/PY32E407_HAL_Driver/Src/py32e407_hal_rcc_ex.c **** @endverbatim
  92:../../../../../Drivers/PY32E407_HAL_Driver/Src/py32e407_hal_rcc_ex.c ****   * @{
  93:../../../../../Drivers/PY32E407_HAL_Driver/Src/py32e407_hal_rcc_ex.c ****   */
  94:../../../../../Drivers/PY32E407_HAL_Driver/Src/py32e407_hal_rcc_ex.c **** 
  95:../../../../../Drivers/PY32E407_HAL_Driver/Src/py32e407_hal_rcc_ex.c **** /**
  96:../../../../../Drivers/PY32E407_HAL_Driver/Src/py32e407_hal_rcc_ex.c ****   * @brief  Initializes the RCC extended peripherals clocks according to the specified parameters i
  97:../../../../../Drivers/PY32E407_HAL_Driver/Src/py32e407_hal_rcc_ex.c ****   *         RCC_PeriphCLKInitTypeDef.
  98:../../../../../Drivers/PY32E407_HAL_Driver/Src/py32e407_hal_rcc_ex.c ****   * @param  PeriphClkInit pointer to an RCC_PeriphCLKInitTypeDef structure that
  99:../../../../../Drivers/PY32E407_HAL_Driver/Src/py32e407_hal_rcc_ex.c ****   *         contains the configuration information for the Extended Peripherals clocks.
 100:../../../../../Drivers/PY32E407_HAL_Driver/Src/py32e407_hal_rcc_ex.c ****   *
 101:../../../../../Drivers/PY32E407_HAL_Driver/Src/py32e407_hal_rcc_ex.c ****   * @note   Care must be taken when HAL_RCCEx_PeriphCLKConfig() is used to select
 102:../../../../../Drivers/PY32E407_HAL_Driver/Src/py32e407_hal_rcc_ex.c ****   *         the RTC clock source; in this case the Backup domain will be reset in
 103:../../../../../Drivers/PY32E407_HAL_Driver/Src/py32e407_hal_rcc_ex.c ****   *         order to modify the RTC Clock source, as consequence RTC registers (including
 104:../../../../../Drivers/PY32E407_HAL_Driver/Src/py32e407_hal_rcc_ex.c ****   *         the backup registers) are set to their reset values.
 105:../../../../../Drivers/PY32E407_HAL_Driver/Src/py32e407_hal_rcc_ex.c ****   *
 106:../../../../../Drivers/PY32E407_HAL_Driver/Src/py32e407_hal_rcc_ex.c ****   * @retval HAL status
 107:../../../../../Drivers/PY32E407_HAL_Driver/Src/py32e407_hal_rcc_ex.c ****   */
 108:../../../../../Drivers/PY32E407_HAL_Driver/Src/py32e407_hal_rcc_ex.c **** HAL_StatusTypeDef HAL_RCCEx_PeriphCLKConfig(RCC_PeriphCLKInitTypeDef  *PeriphClkInit)
 109:../../../../../Drivers/PY32E407_HAL_Driver/Src/py32e407_hal_rcc_ex.c **** {
  30              		.loc 1 109 1 view -0
  31              		.cfi_startproc
  32              		@ args = 0, pretend = 0, frame = 8
  33              		@ frame_needed = 0, uses_anonymous_args = 0
  34              		.loc 1 109 1 is_stmt 0 view .LVU1
  35 0000 70B5     		push	{r4, r5, r6, lr}
  36              	.LCFI0:
  37              		.cfi_def_cfa_offset 16
  38              		.cfi_offset 4, -16
  39              		.cfi_offset 5, -12
  40              		.cfi_offset 6, -8
  41              		.cfi_offset 14, -4
  42 0002 82B0     		sub	sp, sp, #8
  43              	.LCFI1:
  44              		.cfi_def_cfa_offset 24
  45 0004 0446     		mov	r4, r0
 110:../../../../../Drivers/PY32E407_HAL_Driver/Src/py32e407_hal_rcc_ex.c ****   uint32_t tickstart = 0U, temp_reg = 0U;
  46              		.loc 1 110 3 is_stmt 1 view .LVU2
  47              	.LVL1:
 111:../../../../../Drivers/PY32E407_HAL_Driver/Src/py32e407_hal_rcc_ex.c **** 
 112:../../../../../Drivers/PY32E407_HAL_Driver/Src/py32e407_hal_rcc_ex.c ****   /* Check the parameters */
 113:../../../../../Drivers/PY32E407_HAL_Driver/Src/py32e407_hal_rcc_ex.c ****   assert_param(IS_RCC_PERIPHCLOCK(PeriphClkInit->PeriphClockSelection));
  48              		.loc 1 113 3 view .LVU3
 114:../../../../../Drivers/PY32E407_HAL_Driver/Src/py32e407_hal_rcc_ex.c **** 
 115:../../../../../Drivers/PY32E407_HAL_Driver/Src/py32e407_hal_rcc_ex.c ****   /*------------------------------- RTC Configuration ------------------------*/
 116:../../../../../Drivers/PY32E407_HAL_Driver/Src/py32e407_hal_rcc_ex.c ****   if ((((PeriphClkInit->PeriphClockSelection) & RCC_PERIPHCLK_RTC) == RCC_PERIPHCLK_RTC))
  49              		.loc 1 116 3 view .LVU4
  50              		.loc 1 116 23 is_stmt 0 view .LVU5
  51 0006 0368     		ldr	r3, [r0]
  52              		.loc 1 116 6 view .LVU6
  53 0008 13F0010F 		tst	r3, #1
  54 000c 3BD0     		beq	.L2
  55              	.LBB2:
 117:../../../../../Drivers/PY32E407_HAL_Driver/Src/py32e407_hal_rcc_ex.c ****   {
ARM GAS  C:\Users\n11ak\AppData\Local\Temp\cc3ria0q.s 			page 4


 118:../../../../../Drivers/PY32E407_HAL_Driver/Src/py32e407_hal_rcc_ex.c ****     /* check for RTC Parameters used to output RTCCLK */
 119:../../../../../Drivers/PY32E407_HAL_Driver/Src/py32e407_hal_rcc_ex.c ****     assert_param(IS_RCC_RTCCLKSOURCE(PeriphClkInit->RtcClockSelection));
  56              		.loc 1 119 5 is_stmt 1 view .LVU7
 120:../../../../../Drivers/PY32E407_HAL_Driver/Src/py32e407_hal_rcc_ex.c **** 
 121:../../../../../Drivers/PY32E407_HAL_Driver/Src/py32e407_hal_rcc_ex.c ****     FlagStatus       pwrclkchanged = RESET;
  57              		.loc 1 121 5 view .LVU8
  58              	.LVL2:
 122:../../../../../Drivers/PY32E407_HAL_Driver/Src/py32e407_hal_rcc_ex.c **** 
 123:../../../../../Drivers/PY32E407_HAL_Driver/Src/py32e407_hal_rcc_ex.c ****     /* As soon as function is called to change RTC clock source, activation of the
 124:../../../../../Drivers/PY32E407_HAL_Driver/Src/py32e407_hal_rcc_ex.c ****        power domain is done. */
 125:../../../../../Drivers/PY32E407_HAL_Driver/Src/py32e407_hal_rcc_ex.c ****     /* Requires to enable write access to Backup Domain of necessary */
 126:../../../../../Drivers/PY32E407_HAL_Driver/Src/py32e407_hal_rcc_ex.c ****     if (__HAL_RCC_PWR_IS_CLK_DISABLED())
  59              		.loc 1 126 5 view .LVU9
  60              		.loc 1 126 9 is_stmt 0 view .LVU10
  61 000e 8C4B     		ldr	r3, .L33
  62 0010 9B6D     		ldr	r3, [r3, #88]
  63              		.loc 1 126 8 view .LVU11
  64 0012 13F0805F 		tst	r3, #268435456
  65 0016 40F0DC80 		bne	.L25
 127:../../../../../Drivers/PY32E407_HAL_Driver/Src/py32e407_hal_rcc_ex.c ****     {
 128:../../../../../Drivers/PY32E407_HAL_Driver/Src/py32e407_hal_rcc_ex.c ****       __HAL_RCC_PWR_CLK_ENABLE();
  66              		.loc 1 128 7 is_stmt 1 view .LVU12
  67              	.LBB3:
  68              		.loc 1 128 7 view .LVU13
  69              		.loc 1 128 7 view .LVU14
  70 001a 894B     		ldr	r3, .L33
  71 001c 9A6D     		ldr	r2, [r3, #88]
  72 001e 42F08052 		orr	r2, r2, #268435456
  73 0022 9A65     		str	r2, [r3, #88]
  74              		.loc 1 128 7 view .LVU15
  75 0024 9B6D     		ldr	r3, [r3, #88]
  76 0026 03F08053 		and	r3, r3, #268435456
  77 002a 0193     		str	r3, [sp, #4]
  78              		.loc 1 128 7 view .LVU16
  79 002c 019B     		ldr	r3, [sp, #4]
  80              	.LBE3:
  81              		.loc 1 128 7 view .LVU17
 129:../../../../../Drivers/PY32E407_HAL_Driver/Src/py32e407_hal_rcc_ex.c ****       pwrclkchanged = SET;
  82              		.loc 1 129 7 view .LVU18
  83              	.LVL3:
  84              		.loc 1 129 21 is_stmt 0 view .LVU19
  85 002e 0125     		movs	r5, #1
  86              	.LVL4:
  87              	.L3:
 130:../../../../../Drivers/PY32E407_HAL_Driver/Src/py32e407_hal_rcc_ex.c ****     }
 131:../../../../../Drivers/PY32E407_HAL_Driver/Src/py32e407_hal_rcc_ex.c **** 
 132:../../../../../Drivers/PY32E407_HAL_Driver/Src/py32e407_hal_rcc_ex.c ****     if (HAL_IS_BIT_CLR(PWR->CR1, PWR_CR1_DBP))
  88              		.loc 1 132 5 is_stmt 1 view .LVU20
  89              		.loc 1 132 9 is_stmt 0 view .LVU21
  90 0030 844B     		ldr	r3, .L33+4
  91 0032 1B68     		ldr	r3, [r3]
  92              		.loc 1 132 8 view .LVU22
  93 0034 13F4807F 		tst	r3, #256
  94 0038 00F0CD80 		beq	.L30
  95              	.LVL5:
  96              	.L4:
 133:../../../../../Drivers/PY32E407_HAL_Driver/Src/py32e407_hal_rcc_ex.c ****     {
ARM GAS  C:\Users\n11ak\AppData\Local\Temp\cc3ria0q.s 			page 5


 134:../../../../../Drivers/PY32E407_HAL_Driver/Src/py32e407_hal_rcc_ex.c ****       /* Enable write access to Backup domain */
 135:../../../../../Drivers/PY32E407_HAL_Driver/Src/py32e407_hal_rcc_ex.c ****       SET_BIT(PWR->CR1, PWR_CR1_DBP);
 136:../../../../../Drivers/PY32E407_HAL_Driver/Src/py32e407_hal_rcc_ex.c **** 
 137:../../../../../Drivers/PY32E407_HAL_Driver/Src/py32e407_hal_rcc_ex.c ****       /* Wait for Backup domain Write protection disable */
 138:../../../../../Drivers/PY32E407_HAL_Driver/Src/py32e407_hal_rcc_ex.c ****       tickstart = HAL_GetTick();
 139:../../../../../Drivers/PY32E407_HAL_Driver/Src/py32e407_hal_rcc_ex.c **** 
 140:../../../../../Drivers/PY32E407_HAL_Driver/Src/py32e407_hal_rcc_ex.c ****       while (HAL_IS_BIT_CLR(PWR->CR1, PWR_CR1_DBP))
 141:../../../../../Drivers/PY32E407_HAL_Driver/Src/py32e407_hal_rcc_ex.c ****       {
 142:../../../../../Drivers/PY32E407_HAL_Driver/Src/py32e407_hal_rcc_ex.c ****         if ((HAL_GetTick() - tickstart) > RCC_DBP_TIMEOUT_VALUE)
 143:../../../../../Drivers/PY32E407_HAL_Driver/Src/py32e407_hal_rcc_ex.c ****         {
 144:../../../../../Drivers/PY32E407_HAL_Driver/Src/py32e407_hal_rcc_ex.c ****           return HAL_TIMEOUT;
 145:../../../../../Drivers/PY32E407_HAL_Driver/Src/py32e407_hal_rcc_ex.c ****         }
 146:../../../../../Drivers/PY32E407_HAL_Driver/Src/py32e407_hal_rcc_ex.c ****       }
 147:../../../../../Drivers/PY32E407_HAL_Driver/Src/py32e407_hal_rcc_ex.c ****     }
 148:../../../../../Drivers/PY32E407_HAL_Driver/Src/py32e407_hal_rcc_ex.c **** 
 149:../../../../../Drivers/PY32E407_HAL_Driver/Src/py32e407_hal_rcc_ex.c ****     /* Reset the Backup domain only if the RTC Clock source selection is modified from reset value 
 150:../../../../../Drivers/PY32E407_HAL_Driver/Src/py32e407_hal_rcc_ex.c ****     temp_reg = (RCC->BDCR & RCC_BDCR_RTCSEL);
  97              		.loc 1 150 5 is_stmt 1 view .LVU23
  98              		.loc 1 150 20 is_stmt 0 view .LVU24
  99 003c 804B     		ldr	r3, .L33
 100 003e 1B6F     		ldr	r3, [r3, #112]
 101              	.LVL6:
 151:../../../../../Drivers/PY32E407_HAL_Driver/Src/py32e407_hal_rcc_ex.c ****     if ((temp_reg != 0x00000000U) && (temp_reg != (PeriphClkInit->RtcClockSelection & RCC_BDCR_RTCS
 102              		.loc 1 151 5 is_stmt 1 view .LVU25
 103              		.loc 1 151 8 is_stmt 0 view .LVU26
 104 0040 13F44073 		ands	r3, r3, #768
 105              	.LVL7:
 106              		.loc 1 151 8 view .LVU27
 107 0044 15D0     		beq	.L8
 108              		.loc 1 151 65 discriminator 1 view .LVU28
 109 0046 6268     		ldr	r2, [r4, #4]
 110              		.loc 1 151 85 discriminator 1 view .LVU29
 111 0048 02F44072 		and	r2, r2, #768
 112              		.loc 1 151 35 discriminator 1 view .LVU30
 113 004c 9A42     		cmp	r2, r3
 114 004e 10D0     		beq	.L8
 152:../../../../../Drivers/PY32E407_HAL_Driver/Src/py32e407_hal_rcc_ex.c ****     {
 153:../../../../../Drivers/PY32E407_HAL_Driver/Src/py32e407_hal_rcc_ex.c ****       /* Store the content of BDCR register before the reset of Backup Domain */
 154:../../../../../Drivers/PY32E407_HAL_Driver/Src/py32e407_hal_rcc_ex.c ****       temp_reg = (RCC->BDCR & ~(RCC_BDCR_RTCSEL));
 115              		.loc 1 154 7 is_stmt 1 view .LVU31
 116              		.loc 1 154 22 is_stmt 0 view .LVU32
 117 0050 7B4B     		ldr	r3, .L33
 118              	.LVL8:
 119              		.loc 1 154 22 view .LVU33
 120 0052 196F     		ldr	r1, [r3, #112]
 121              		.loc 1 154 16 view .LVU34
 122 0054 21F44070 		bic	r0, r1, #768
 123              	.LVL9:
 155:../../../../../Drivers/PY32E407_HAL_Driver/Src/py32e407_hal_rcc_ex.c ****       /* RTC Clock selection can be changed only if the Backup Domain is reset */
 156:../../../../../Drivers/PY32E407_HAL_Driver/Src/py32e407_hal_rcc_ex.c ****       __HAL_RCC_BACKUPRESET_FORCE();
 124              		.loc 1 156 7 is_stmt 1 view .LVU35
 125 0058 1A6F     		ldr	r2, [r3, #112]
 126 005a 42F48032 		orr	r2, r2, #65536
 127 005e 1A67     		str	r2, [r3, #112]
 157:../../../../../Drivers/PY32E407_HAL_Driver/Src/py32e407_hal_rcc_ex.c ****       __HAL_RCC_BACKUPRESET_RELEASE();
 128              		.loc 1 157 7 view .LVU36
 129 0060 1A6F     		ldr	r2, [r3, #112]
ARM GAS  C:\Users\n11ak\AppData\Local\Temp\cc3ria0q.s 			page 6


 130 0062 22F48032 		bic	r2, r2, #65536
 131 0066 1A67     		str	r2, [r3, #112]
 158:../../../../../Drivers/PY32E407_HAL_Driver/Src/py32e407_hal_rcc_ex.c ****       /* Restore the Content of BDCR register */
 159:../../../../../Drivers/PY32E407_HAL_Driver/Src/py32e407_hal_rcc_ex.c ****       RCC->BDCR = temp_reg;
 132              		.loc 1 159 7 view .LVU37
 133              		.loc 1 159 17 is_stmt 0 view .LVU38
 134 0068 1867     		str	r0, [r3, #112]
 160:../../../../../Drivers/PY32E407_HAL_Driver/Src/py32e407_hal_rcc_ex.c **** 
 161:../../../../../Drivers/PY32E407_HAL_Driver/Src/py32e407_hal_rcc_ex.c ****       /* Wait for LSERDY if LSE was enabled */
 162:../../../../../Drivers/PY32E407_HAL_Driver/Src/py32e407_hal_rcc_ex.c ****       if (HAL_IS_BIT_SET(temp_reg, RCC_BDCR_LSEON))
 135              		.loc 1 162 7 is_stmt 1 view .LVU39
 136              		.loc 1 162 10 is_stmt 0 view .LVU40
 137 006a 11F0010F 		tst	r1, #1
 138 006e 40F0C780 		bne	.L31
 139              	.LVL10:
 140              	.L8:
 163:../../../../../Drivers/PY32E407_HAL_Driver/Src/py32e407_hal_rcc_ex.c ****       {
 164:../../../../../Drivers/PY32E407_HAL_Driver/Src/py32e407_hal_rcc_ex.c ****         /* Get Start Tick */
 165:../../../../../Drivers/PY32E407_HAL_Driver/Src/py32e407_hal_rcc_ex.c ****         tickstart = HAL_GetTick();
 166:../../../../../Drivers/PY32E407_HAL_Driver/Src/py32e407_hal_rcc_ex.c **** 
 167:../../../../../Drivers/PY32E407_HAL_Driver/Src/py32e407_hal_rcc_ex.c ****         /* Wait till LSE is ready */
 168:../../../../../Drivers/PY32E407_HAL_Driver/Src/py32e407_hal_rcc_ex.c ****         while (__HAL_RCC_GET_FLAG(RCC_FLAG_LSERDY) == RESET)
 169:../../../../../Drivers/PY32E407_HAL_Driver/Src/py32e407_hal_rcc_ex.c ****         {
 170:../../../../../Drivers/PY32E407_HAL_Driver/Src/py32e407_hal_rcc_ex.c ****           if ((HAL_GetTick() - tickstart) > RCC_LSE_TIMEOUT_VALUE)
 171:../../../../../Drivers/PY32E407_HAL_Driver/Src/py32e407_hal_rcc_ex.c ****           {
 172:../../../../../Drivers/PY32E407_HAL_Driver/Src/py32e407_hal_rcc_ex.c ****             return HAL_TIMEOUT;
 173:../../../../../Drivers/PY32E407_HAL_Driver/Src/py32e407_hal_rcc_ex.c ****           }
 174:../../../../../Drivers/PY32E407_HAL_Driver/Src/py32e407_hal_rcc_ex.c ****         }
 175:../../../../../Drivers/PY32E407_HAL_Driver/Src/py32e407_hal_rcc_ex.c ****       }
 176:../../../../../Drivers/PY32E407_HAL_Driver/Src/py32e407_hal_rcc_ex.c ****     }
 177:../../../../../Drivers/PY32E407_HAL_Driver/Src/py32e407_hal_rcc_ex.c ****     __HAL_RCC_RTC_CONFIG(PeriphClkInit->RtcClockSelection);
 141              		.loc 1 177 5 is_stmt 1 view .LVU41
 142 0072 734A     		ldr	r2, .L33
 143 0074 136F     		ldr	r3, [r2, #112]
 144 0076 23F44073 		bic	r3, r3, #768
 145 007a 6168     		ldr	r1, [r4, #4]
 146 007c 0B43     		orrs	r3, r3, r1
 147 007e 1367     		str	r3, [r2, #112]
 178:../../../../../Drivers/PY32E407_HAL_Driver/Src/py32e407_hal_rcc_ex.c **** 
 179:../../../../../Drivers/PY32E407_HAL_Driver/Src/py32e407_hal_rcc_ex.c ****     /* Require to disable power clock if necessary */
 180:../../../../../Drivers/PY32E407_HAL_Driver/Src/py32e407_hal_rcc_ex.c ****     if (pwrclkchanged == SET)
 148              		.loc 1 180 5 view .LVU42
 149              		.loc 1 180 8 is_stmt 0 view .LVU43
 150 0080 002D     		cmp	r5, #0
 151 0082 40F0CF80 		bne	.L32
 152              	.LVL11:
 153              	.L2:
 154              		.loc 1 180 8 view .LVU44
 155              	.LBE2:
 181:../../../../../Drivers/PY32E407_HAL_Driver/Src/py32e407_hal_rcc_ex.c ****     {
 182:../../../../../Drivers/PY32E407_HAL_Driver/Src/py32e407_hal_rcc_ex.c ****       __HAL_RCC_PWR_CLK_DISABLE();
 183:../../../../../Drivers/PY32E407_HAL_Driver/Src/py32e407_hal_rcc_ex.c ****     }
 184:../../../../../Drivers/PY32E407_HAL_Driver/Src/py32e407_hal_rcc_ex.c ****   }
 185:../../../../../Drivers/PY32E407_HAL_Driver/Src/py32e407_hal_rcc_ex.c **** 
 186:../../../../../Drivers/PY32E407_HAL_Driver/Src/py32e407_hal_rcc_ex.c ****   /*------------------------------ ADC clock Configuration ------------------*/
 187:../../../../../Drivers/PY32E407_HAL_Driver/Src/py32e407_hal_rcc_ex.c ****   if (((PeriphClkInit->PeriphClockSelection) & RCC_PERIPHCLK_ADC) == RCC_PERIPHCLK_ADC)
 156              		.loc 1 187 3 is_stmt 1 view .LVU45
ARM GAS  C:\Users\n11ak\AppData\Local\Temp\cc3ria0q.s 			page 7


 157              		.loc 1 187 22 is_stmt 0 view .LVU46
 158 0086 2368     		ldr	r3, [r4]
 159              		.loc 1 187 6 view .LVU47
 160 0088 13F0020F 		tst	r3, #2
 161 008c 06D0     		beq	.L11
 188:../../../../../Drivers/PY32E407_HAL_Driver/Src/py32e407_hal_rcc_ex.c ****   {
 189:../../../../../Drivers/PY32E407_HAL_Driver/Src/py32e407_hal_rcc_ex.c ****     /* Check the parameters */
 190:../../../../../Drivers/PY32E407_HAL_Driver/Src/py32e407_hal_rcc_ex.c ****     assert_param(IS_RCC_ADCPLLCLK_DIV(PeriphClkInit->AdcClockSelection));
 162              		.loc 1 190 5 is_stmt 1 view .LVU48
 191:../../../../../Drivers/PY32E407_HAL_Driver/Src/py32e407_hal_rcc_ex.c **** 
 192:../../../../../Drivers/PY32E407_HAL_Driver/Src/py32e407_hal_rcc_ex.c ****     /* Configure the ADC clock source */
 193:../../../../../Drivers/PY32E407_HAL_Driver/Src/py32e407_hal_rcc_ex.c ****     __HAL_RCC_ADC_CONFIG(PeriphClkInit->AdcClockSelection);
 163              		.loc 1 193 5 view .LVU49
 164 008e 6C4A     		ldr	r2, .L33
 165 0090 5368     		ldr	r3, [r2, #4]
 166 0092 23F4E023 		bic	r3, r3, #458752
 167 0096 A168     		ldr	r1, [r4, #8]
 168 0098 0B43     		orrs	r3, r3, r1
 169 009a 5360     		str	r3, [r2, #4]
 170              	.L11:
 194:../../../../../Drivers/PY32E407_HAL_Driver/Src/py32e407_hal_rcc_ex.c ****   }
 195:../../../../../Drivers/PY32E407_HAL_Driver/Src/py32e407_hal_rcc_ex.c ****   
 196:../../../../../Drivers/PY32E407_HAL_Driver/Src/py32e407_hal_rcc_ex.c ****   /*------------------------------ USB clock Configuration ------------------*/
 197:../../../../../Drivers/PY32E407_HAL_Driver/Src/py32e407_hal_rcc_ex.c ****   if (((PeriphClkInit->PeriphClockSelection) & RCC_PERIPHCLK_USB) == RCC_PERIPHCLK_USB)
 171              		.loc 1 197 3 view .LVU50
 172              		.loc 1 197 22 is_stmt 0 view .LVU51
 173 009c 2368     		ldr	r3, [r4]
 174              		.loc 1 197 6 view .LVU52
 175 009e 13F0040F 		tst	r3, #4
 176 00a2 0FD0     		beq	.L12
 198:../../../../../Drivers/PY32E407_HAL_Driver/Src/py32e407_hal_rcc_ex.c ****   {
 199:../../../../../Drivers/PY32E407_HAL_Driver/Src/py32e407_hal_rcc_ex.c ****     /* Check the parameters */
 200:../../../../../Drivers/PY32E407_HAL_Driver/Src/py32e407_hal_rcc_ex.c ****     assert_param(IS_RCC_USBCLKSOURCE(PeriphClkInit->UsbClockSelection));
 177              		.loc 1 200 5 is_stmt 1 view .LVU53
 201:../../../../../Drivers/PY32E407_HAL_Driver/Src/py32e407_hal_rcc_ex.c ****     
 202:../../../../../Drivers/PY32E407_HAL_Driver/Src/py32e407_hal_rcc_ex.c ****     if((PeriphClkInit->UsbClockSelection) != RCC_USBCLKSOURCE_HSI48M)
 178              		.loc 1 202 5 view .LVU54
 179              		.loc 1 202 22 is_stmt 0 view .LVU55
 180 00a4 E368     		ldr	r3, [r4, #12]
 181              		.loc 1 202 7 view .LVU56
 182 00a6 B3F1004F 		cmp	r3, #-2147483648
 183 00aa 00F0C080 		beq	.L13
 203:../../../../../Drivers/PY32E407_HAL_Driver/Src/py32e407_hal_rcc_ex.c ****     {
 204:../../../../../Drivers/PY32E407_HAL_Driver/Src/py32e407_hal_rcc_ex.c ****       /* Set USB clock source as PLL frequency */
 205:../../../../../Drivers/PY32E407_HAL_Driver/Src/py32e407_hal_rcc_ex.c ****       CLEAR_BIT(RCC->CFGR1,RCC_CFGR1_USBSELHSI48);
 184              		.loc 1 205 7 is_stmt 1 view .LVU57
 185 00ae 644A     		ldr	r2, .L33
 186 00b0 936F     		ldr	r3, [r2, #120]
 187 00b2 23F00043 		bic	r3, r3, #-2147483648
 188 00b6 9367     		str	r3, [r2, #120]
 206:../../../../../Drivers/PY32E407_HAL_Driver/Src/py32e407_hal_rcc_ex.c ****       
 207:../../../../../Drivers/PY32E407_HAL_Driver/Src/py32e407_hal_rcc_ex.c ****       /* Configure the USB clock source */
 208:../../../../../Drivers/PY32E407_HAL_Driver/Src/py32e407_hal_rcc_ex.c ****       __HAL_RCC_USB_CONFIG(PeriphClkInit->UsbClockSelection);
 189              		.loc 1 208 7 view .LVU58
 190 00b8 5368     		ldr	r3, [r2, #4]
 191 00ba 23F4E003 		bic	r3, r3, #7340032
 192 00be E168     		ldr	r1, [r4, #12]
ARM GAS  C:\Users\n11ak\AppData\Local\Temp\cc3ria0q.s 			page 8


 193 00c0 0B43     		orrs	r3, r3, r1
 194 00c2 5360     		str	r3, [r2, #4]
 195              	.L12:
 209:../../../../../Drivers/PY32E407_HAL_Driver/Src/py32e407_hal_rcc_ex.c ****     }
 210:../../../../../Drivers/PY32E407_HAL_Driver/Src/py32e407_hal_rcc_ex.c ****     else
 211:../../../../../Drivers/PY32E407_HAL_Driver/Src/py32e407_hal_rcc_ex.c ****     {
 212:../../../../../Drivers/PY32E407_HAL_Driver/Src/py32e407_hal_rcc_ex.c ****       /* Set USB clock source as HSI48M */
 213:../../../../../Drivers/PY32E407_HAL_Driver/Src/py32e407_hal_rcc_ex.c ****       SET_BIT(RCC->CFGR1,RCC_CFGR1_USBSELHSI48);
 214:../../../../../Drivers/PY32E407_HAL_Driver/Src/py32e407_hal_rcc_ex.c ****     }
 215:../../../../../Drivers/PY32E407_HAL_Driver/Src/py32e407_hal_rcc_ex.c ****   }
 216:../../../../../Drivers/PY32E407_HAL_Driver/Src/py32e407_hal_rcc_ex.c ****   
 217:../../../../../Drivers/PY32E407_HAL_Driver/Src/py32e407_hal_rcc_ex.c ****   /*------------------------------ SRAM2 clock Configuration ----------------*/
 218:../../../../../Drivers/PY32E407_HAL_Driver/Src/py32e407_hal_rcc_ex.c ****   if (((PeriphClkInit->PeriphClockSelection) & RCC_PERIPHCLK_SRAM2) == RCC_PERIPHCLK_SRAM2)
 196              		.loc 1 218 3 view .LVU59
 197              		.loc 1 218 22 is_stmt 0 view .LVU60
 198 00c4 2368     		ldr	r3, [r4]
 199              		.loc 1 218 6 view .LVU61
 200 00c6 13F0080F 		tst	r3, #8
 201 00ca 06D0     		beq	.L14
 219:../../../../../Drivers/PY32E407_HAL_Driver/Src/py32e407_hal_rcc_ex.c ****   {
 220:../../../../../Drivers/PY32E407_HAL_Driver/Src/py32e407_hal_rcc_ex.c ****     /* Check the parameters */
 221:../../../../../Drivers/PY32E407_HAL_Driver/Src/py32e407_hal_rcc_ex.c ****     assert_param(IS_RCC_SRAM2CLK_DIV(PeriphClkInit->Sram2ClockSelection));
 202              		.loc 1 221 5 is_stmt 1 view .LVU62
 222:../../../../../Drivers/PY32E407_HAL_Driver/Src/py32e407_hal_rcc_ex.c **** 
 223:../../../../../Drivers/PY32E407_HAL_Driver/Src/py32e407_hal_rcc_ex.c ****     /* Configure the SRAM2 clock source */
 224:../../../../../Drivers/PY32E407_HAL_Driver/Src/py32e407_hal_rcc_ex.c ****     __HAL_RCC_SRAM2_CONFIG(PeriphClkInit->Sram2ClockSelection);
 203              		.loc 1 224 5 view .LVU63
 204 00cc 5C4A     		ldr	r2, .L33
 205 00ce 5368     		ldr	r3, [r2, #4]
 206 00d0 23F40003 		bic	r3, r3, #8388608
 207 00d4 2169     		ldr	r1, [r4, #16]
 208 00d6 0B43     		orrs	r3, r3, r1
 209 00d8 5360     		str	r3, [r2, #4]
 210              	.L14:
 225:../../../../../Drivers/PY32E407_HAL_Driver/Src/py32e407_hal_rcc_ex.c ****   }
 226:../../../../../Drivers/PY32E407_HAL_Driver/Src/py32e407_hal_rcc_ex.c ****   
 227:../../../../../Drivers/PY32E407_HAL_Driver/Src/py32e407_hal_rcc_ex.c ****   /*------------------------------ CAN clock Configuration ------------------*/
 228:../../../../../Drivers/PY32E407_HAL_Driver/Src/py32e407_hal_rcc_ex.c ****   if (((PeriphClkInit->PeriphClockSelection) & RCC_PERIPHCLK_CAN) == RCC_PERIPHCLK_CAN)
 211              		.loc 1 228 3 view .LVU64
 212              		.loc 1 228 22 is_stmt 0 view .LVU65
 213 00da 2368     		ldr	r3, [r4]
 214              		.loc 1 228 6 view .LVU66
 215 00dc 13F0100F 		tst	r3, #16
 216 00e0 06D0     		beq	.L15
 229:../../../../../Drivers/PY32E407_HAL_Driver/Src/py32e407_hal_rcc_ex.c ****   {
 230:../../../../../Drivers/PY32E407_HAL_Driver/Src/py32e407_hal_rcc_ex.c ****     /* Check the parameters */
 231:../../../../../Drivers/PY32E407_HAL_Driver/Src/py32e407_hal_rcc_ex.c ****     assert_param(IS_RCC_CANCLKSOURCE(PeriphClkInit->CanClockSelection));
 217              		.loc 1 231 5 is_stmt 1 view .LVU67
 232:../../../../../Drivers/PY32E407_HAL_Driver/Src/py32e407_hal_rcc_ex.c **** 
 233:../../../../../Drivers/PY32E407_HAL_Driver/Src/py32e407_hal_rcc_ex.c ****     /* Configure the CAN clock source */
 234:../../../../../Drivers/PY32E407_HAL_Driver/Src/py32e407_hal_rcc_ex.c ****     __HAL_RCC_CAN_CONFIG(PeriphClkInit->CanClockSelection);
 218              		.loc 1 234 5 view .LVU68
 219 00e2 574A     		ldr	r2, .L33
 220 00e4 D36F     		ldr	r3, [r2, #124]
 221 00e6 23F00F03 		bic	r3, r3, #15
 222 00ea 6169     		ldr	r1, [r4, #20]
 223 00ec 0B43     		orrs	r3, r3, r1
ARM GAS  C:\Users\n11ak\AppData\Local\Temp\cc3ria0q.s 			page 9


 224 00ee D367     		str	r3, [r2, #124]
 225              	.L15:
 235:../../../../../Drivers/PY32E407_HAL_Driver/Src/py32e407_hal_rcc_ex.c ****   }
 236:../../../../../Drivers/PY32E407_HAL_Driver/Src/py32e407_hal_rcc_ex.c ****   
 237:../../../../../Drivers/PY32E407_HAL_Driver/Src/py32e407_hal_rcc_ex.c ****   /*------------------------------ PVD filter  clock Configuration ----------*/
 238:../../../../../Drivers/PY32E407_HAL_Driver/Src/py32e407_hal_rcc_ex.c ****   if (((PeriphClkInit->PeriphClockSelection) & RCC_PERIPHCLK_PVD) == RCC_PERIPHCLK_PVD)
 226              		.loc 1 238 3 view .LVU69
 227              		.loc 1 238 22 is_stmt 0 view .LVU70
 228 00f0 2368     		ldr	r3, [r4]
 229              		.loc 1 238 6 view .LVU71
 230 00f2 13F0200F 		tst	r3, #32
 231 00f6 06D0     		beq	.L16
 239:../../../../../Drivers/PY32E407_HAL_Driver/Src/py32e407_hal_rcc_ex.c ****   {
 240:../../../../../Drivers/PY32E407_HAL_Driver/Src/py32e407_hal_rcc_ex.c ****     /* Check the parameters */
 241:../../../../../Drivers/PY32E407_HAL_Driver/Src/py32e407_hal_rcc_ex.c ****     assert_param(IS_RCC_PVDFILTERCLK(PeriphClkInit->PvdFilterClockSelection));
 232              		.loc 1 241 5 is_stmt 1 view .LVU72
 242:../../../../../Drivers/PY32E407_HAL_Driver/Src/py32e407_hal_rcc_ex.c **** 
 243:../../../../../Drivers/PY32E407_HAL_Driver/Src/py32e407_hal_rcc_ex.c ****     /* Configure the PVD filter clock */
 244:../../../../../Drivers/PY32E407_HAL_Driver/Src/py32e407_hal_rcc_ex.c ****     __HAL_RCC_PVD_CONFIG(PeriphClkInit->PvdFilterClockSelection);
 233              		.loc 1 244 5 view .LVU73
 234 00f8 514A     		ldr	r2, .L33
 235 00fa 936F     		ldr	r3, [r2, #120]
 236 00fc 23F0C043 		bic	r3, r3, #1610612736
 237 0100 A169     		ldr	r1, [r4, #24]
 238 0102 0B43     		orrs	r3, r3, r1
 239 0104 9367     		str	r3, [r2, #120]
 240              	.L16:
 245:../../../../../Drivers/PY32E407_HAL_Driver/Src/py32e407_hal_rcc_ex.c ****   }
 246:../../../../../Drivers/PY32E407_HAL_Driver/Src/py32e407_hal_rcc_ex.c ****   
 247:../../../../../Drivers/PY32E407_HAL_Driver/Src/py32e407_hal_rcc_ex.c ****   /*-------------------------- USART1 clock source configuration -------------------*/
 248:../../../../../Drivers/PY32E407_HAL_Driver/Src/py32e407_hal_rcc_ex.c ****   if(((PeriphClkInit->PeriphClockSelection) & RCC_PERIPHCLK_USART1) == RCC_PERIPHCLK_USART1)
 241              		.loc 1 248 3 view .LVU74
 242              		.loc 1 248 21 is_stmt 0 view .LVU75
 243 0106 2368     		ldr	r3, [r4]
 244              		.loc 1 248 5 view .LVU76
 245 0108 13F0400F 		tst	r3, #64
 246 010c 06D0     		beq	.L17
 249:../../../../../Drivers/PY32E407_HAL_Driver/Src/py32e407_hal_rcc_ex.c ****   {
 250:../../../../../Drivers/PY32E407_HAL_Driver/Src/py32e407_hal_rcc_ex.c ****     /* Check the parameters */
 251:../../../../../Drivers/PY32E407_HAL_Driver/Src/py32e407_hal_rcc_ex.c ****     assert_param(IS_RCC_USART1CLKSOURCE(PeriphClkInit->Usart1ClockSelection));
 247              		.loc 1 251 5 is_stmt 1 view .LVU77
 252:../../../../../Drivers/PY32E407_HAL_Driver/Src/py32e407_hal_rcc_ex.c **** 
 253:../../../../../Drivers/PY32E407_HAL_Driver/Src/py32e407_hal_rcc_ex.c ****     /* Configure the USART1 clock source */
 254:../../../../../Drivers/PY32E407_HAL_Driver/Src/py32e407_hal_rcc_ex.c ****     __HAL_RCC_USART1_CONFIG(PeriphClkInit->Usart1ClockSelection);
 248              		.loc 1 254 5 view .LVU78
 249 010e 4C4A     		ldr	r2, .L33
 250 0110 936E     		ldr	r3, [r2, #104]
 251 0112 23F00303 		bic	r3, r3, #3
 252 0116 E169     		ldr	r1, [r4, #28]
 253 0118 0B43     		orrs	r3, r3, r1
 254 011a 9366     		str	r3, [r2, #104]
 255              	.L17:
 255:../../../../../Drivers/PY32E407_HAL_Driver/Src/py32e407_hal_rcc_ex.c ****   }
 256:../../../../../Drivers/PY32E407_HAL_Driver/Src/py32e407_hal_rcc_ex.c **** 
 257:../../../../../Drivers/PY32E407_HAL_Driver/Src/py32e407_hal_rcc_ex.c ****   /*-------------------------- USART2 clock source configuration -------------------*/
 258:../../../../../Drivers/PY32E407_HAL_Driver/Src/py32e407_hal_rcc_ex.c ****   if(((PeriphClkInit->PeriphClockSelection) & RCC_PERIPHCLK_USART2) == RCC_PERIPHCLK_USART2)
 256              		.loc 1 258 3 view .LVU79
ARM GAS  C:\Users\n11ak\AppData\Local\Temp\cc3ria0q.s 			page 10


 257              		.loc 1 258 21 is_stmt 0 view .LVU80
 258 011c 2368     		ldr	r3, [r4]
 259              		.loc 1 258 5 view .LVU81
 260 011e 13F0800F 		tst	r3, #128
 261 0122 06D0     		beq	.L18
 259:../../../../../Drivers/PY32E407_HAL_Driver/Src/py32e407_hal_rcc_ex.c ****   {
 260:../../../../../Drivers/PY32E407_HAL_Driver/Src/py32e407_hal_rcc_ex.c ****     /* Check the parameters */
 261:../../../../../Drivers/PY32E407_HAL_Driver/Src/py32e407_hal_rcc_ex.c ****     assert_param(IS_RCC_USART2CLKSOURCE(PeriphClkInit->Usart2ClockSelection));
 262              		.loc 1 261 5 is_stmt 1 view .LVU82
 262:../../../../../Drivers/PY32E407_HAL_Driver/Src/py32e407_hal_rcc_ex.c **** 
 263:../../../../../Drivers/PY32E407_HAL_Driver/Src/py32e407_hal_rcc_ex.c ****     /* Configure the USART2 clock source */
 264:../../../../../Drivers/PY32E407_HAL_Driver/Src/py32e407_hal_rcc_ex.c ****     __HAL_RCC_USART2_CONFIG(PeriphClkInit->Usart2ClockSelection);
 263              		.loc 1 264 5 view .LVU83
 264 0124 464A     		ldr	r2, .L33
 265 0126 936E     		ldr	r3, [r2, #104]
 266 0128 23F00C03 		bic	r3, r3, #12
 267 012c 216A     		ldr	r1, [r4, #32]
 268 012e 0B43     		orrs	r3, r3, r1
 269 0130 9366     		str	r3, [r2, #104]
 270              	.L18:
 265:../../../../../Drivers/PY32E407_HAL_Driver/Src/py32e407_hal_rcc_ex.c ****   }
 266:../../../../../Drivers/PY32E407_HAL_Driver/Src/py32e407_hal_rcc_ex.c **** 
 267:../../../../../Drivers/PY32E407_HAL_Driver/Src/py32e407_hal_rcc_ex.c ****   /*-------------------------- USART3 clock source configuration -------------------*/
 268:../../../../../Drivers/PY32E407_HAL_Driver/Src/py32e407_hal_rcc_ex.c ****   if(((PeriphClkInit->PeriphClockSelection) & RCC_PERIPHCLK_USART3) == RCC_PERIPHCLK_USART3)
 271              		.loc 1 268 3 view .LVU84
 272              		.loc 1 268 21 is_stmt 0 view .LVU85
 273 0132 2368     		ldr	r3, [r4]
 274              		.loc 1 268 5 view .LVU86
 275 0134 13F4807F 		tst	r3, #256
 276 0138 06D0     		beq	.L19
 269:../../../../../Drivers/PY32E407_HAL_Driver/Src/py32e407_hal_rcc_ex.c ****   {
 270:../../../../../Drivers/PY32E407_HAL_Driver/Src/py32e407_hal_rcc_ex.c ****     /* Check the parameters */
 271:../../../../../Drivers/PY32E407_HAL_Driver/Src/py32e407_hal_rcc_ex.c ****     assert_param(IS_RCC_USART3CLKSOURCE(PeriphClkInit->Usart3ClockSelection));
 277              		.loc 1 271 5 is_stmt 1 view .LVU87
 272:../../../../../Drivers/PY32E407_HAL_Driver/Src/py32e407_hal_rcc_ex.c **** 
 273:../../../../../Drivers/PY32E407_HAL_Driver/Src/py32e407_hal_rcc_ex.c ****     /* Configure the USART3 clock source */
 274:../../../../../Drivers/PY32E407_HAL_Driver/Src/py32e407_hal_rcc_ex.c ****     __HAL_RCC_USART3_CONFIG(PeriphClkInit->Usart3ClockSelection);
 278              		.loc 1 274 5 view .LVU88
 279 013a 414A     		ldr	r2, .L33
 280 013c 936E     		ldr	r3, [r2, #104]
 281 013e 23F03003 		bic	r3, r3, #48
 282 0142 616A     		ldr	r1, [r4, #36]
 283 0144 0B43     		orrs	r3, r3, r1
 284 0146 9366     		str	r3, [r2, #104]
 285              	.L19:
 275:../../../../../Drivers/PY32E407_HAL_Driver/Src/py32e407_hal_rcc_ex.c ****   }
 276:../../../../../Drivers/PY32E407_HAL_Driver/Src/py32e407_hal_rcc_ex.c **** 
 277:../../../../../Drivers/PY32E407_HAL_Driver/Src/py32e407_hal_rcc_ex.c ****   /*-------------------------- LPUART1 clock source configuration ------------------*/
 278:../../../../../Drivers/PY32E407_HAL_Driver/Src/py32e407_hal_rcc_ex.c ****   if(((PeriphClkInit->PeriphClockSelection) & RCC_PERIPHCLK_LPUART1) == RCC_PERIPHCLK_LPUART1)
 286              		.loc 1 278 3 view .LVU89
 287              		.loc 1 278 21 is_stmt 0 view .LVU90
 288 0148 2368     		ldr	r3, [r4]
 289              		.loc 1 278 5 view .LVU91
 290 014a 13F4007F 		tst	r3, #512
 291 014e 06D0     		beq	.L20
 279:../../../../../Drivers/PY32E407_HAL_Driver/Src/py32e407_hal_rcc_ex.c ****   {
 280:../../../../../Drivers/PY32E407_HAL_Driver/Src/py32e407_hal_rcc_ex.c ****     /* Check the parameters */
ARM GAS  C:\Users\n11ak\AppData\Local\Temp\cc3ria0q.s 			page 11


 281:../../../../../Drivers/PY32E407_HAL_Driver/Src/py32e407_hal_rcc_ex.c ****     assert_param(IS_RCC_LPUART1CLKSOURCE(PeriphClkInit->Lpuart1ClockSelection));
 292              		.loc 1 281 5 is_stmt 1 view .LVU92
 282:../../../../../Drivers/PY32E407_HAL_Driver/Src/py32e407_hal_rcc_ex.c **** 
 283:../../../../../Drivers/PY32E407_HAL_Driver/Src/py32e407_hal_rcc_ex.c ****     /* Configure the LPUAR1 clock source */
 284:../../../../../Drivers/PY32E407_HAL_Driver/Src/py32e407_hal_rcc_ex.c ****     __HAL_RCC_LPUART1_CONFIG(PeriphClkInit->Lpuart1ClockSelection);
 293              		.loc 1 284 5 view .LVU93
 294 0150 3B4A     		ldr	r2, .L33
 295 0152 936E     		ldr	r3, [r2, #104]
 296 0154 23F44053 		bic	r3, r3, #12288
 297 0158 A16A     		ldr	r1, [r4, #40]
 298 015a 0B43     		orrs	r3, r3, r1
 299 015c 9366     		str	r3, [r2, #104]
 300              	.L20:
 285:../../../../../Drivers/PY32E407_HAL_Driver/Src/py32e407_hal_rcc_ex.c ****   }
 286:../../../../../Drivers/PY32E407_HAL_Driver/Src/py32e407_hal_rcc_ex.c ****   
 287:../../../../../Drivers/PY32E407_HAL_Driver/Src/py32e407_hal_rcc_ex.c ****   /*-------------------------- LPTIM1 clock source configuration ---------------------*/
 288:../../../../../Drivers/PY32E407_HAL_Driver/Src/py32e407_hal_rcc_ex.c ****   if(((PeriphClkInit->PeriphClockSelection) & RCC_PERIPHCLK_LPTIM1) == RCC_PERIPHCLK_LPTIM1)
 301              		.loc 1 288 3 view .LVU94
 302              		.loc 1 288 21 is_stmt 0 view .LVU95
 303 015e 2368     		ldr	r3, [r4]
 304              		.loc 1 288 5 view .LVU96
 305 0160 13F4806F 		tst	r3, #1024
 306 0164 06D0     		beq	.L21
 289:../../../../../Drivers/PY32E407_HAL_Driver/Src/py32e407_hal_rcc_ex.c ****   {
 290:../../../../../Drivers/PY32E407_HAL_Driver/Src/py32e407_hal_rcc_ex.c ****     /* Check the parameters */
 291:../../../../../Drivers/PY32E407_HAL_Driver/Src/py32e407_hal_rcc_ex.c ****     assert_param(IS_RCC_LPTIM1CLKSOURCE(PeriphClkInit->Lptim1ClockSelection));
 307              		.loc 1 291 5 is_stmt 1 view .LVU97
 292:../../../../../Drivers/PY32E407_HAL_Driver/Src/py32e407_hal_rcc_ex.c **** 
 293:../../../../../Drivers/PY32E407_HAL_Driver/Src/py32e407_hal_rcc_ex.c ****     /* Configure the LPTIM1 clock source */
 294:../../../../../Drivers/PY32E407_HAL_Driver/Src/py32e407_hal_rcc_ex.c ****     __HAL_RCC_LPTIM1_CONFIG(PeriphClkInit->Lptim1ClockSelection);
 308              		.loc 1 294 5 view .LVU98
 309 0166 364A     		ldr	r2, .L33
 310 0168 936E     		ldr	r3, [r2, #104]
 311 016a 23F44043 		bic	r3, r3, #49152
 312 016e E16A     		ldr	r1, [r4, #44]
 313 0170 0B43     		orrs	r3, r3, r1
 314 0172 9366     		str	r3, [r2, #104]
 315              	.L21:
 295:../../../../../Drivers/PY32E407_HAL_Driver/Src/py32e407_hal_rcc_ex.c ****   }
 296:../../../../../Drivers/PY32E407_HAL_Driver/Src/py32e407_hal_rcc_ex.c ****   
 297:../../../../../Drivers/PY32E407_HAL_Driver/Src/py32e407_hal_rcc_ex.c ****   /*-------------------------- COMP1 clock source configuration ---------------------*/
 298:../../../../../Drivers/PY32E407_HAL_Driver/Src/py32e407_hal_rcc_ex.c ****   if(((PeriphClkInit->PeriphClockSelection) & RCC_PERIPHCLK_COMP1) == RCC_PERIPHCLK_COMP1)
 316              		.loc 1 298 3 view .LVU99
 317              		.loc 1 298 21 is_stmt 0 view .LVU100
 318 0174 2368     		ldr	r3, [r4]
 319              		.loc 1 298 5 view .LVU101
 320 0176 13F4006F 		tst	r3, #2048
 321 017a 06D0     		beq	.L22
 299:../../../../../Drivers/PY32E407_HAL_Driver/Src/py32e407_hal_rcc_ex.c ****   {
 300:../../../../../Drivers/PY32E407_HAL_Driver/Src/py32e407_hal_rcc_ex.c ****     /* Check the parameters */
 301:../../../../../Drivers/PY32E407_HAL_Driver/Src/py32e407_hal_rcc_ex.c ****     assert_param(IS_RCC_COMP1CLKSOURCE(PeriphClkInit->Comp1ClockSelection));
 322              		.loc 1 301 5 is_stmt 1 view .LVU102
 302:../../../../../Drivers/PY32E407_HAL_Driver/Src/py32e407_hal_rcc_ex.c **** 
 303:../../../../../Drivers/PY32E407_HAL_Driver/Src/py32e407_hal_rcc_ex.c ****     /* Configure the COMP1 clock source */
 304:../../../../../Drivers/PY32E407_HAL_Driver/Src/py32e407_hal_rcc_ex.c ****     __HAL_RCC_COMP1_CONFIG(PeriphClkInit->Comp1ClockSelection);
 323              		.loc 1 304 5 view .LVU103
 324 017c 304A     		ldr	r2, .L33
ARM GAS  C:\Users\n11ak\AppData\Local\Temp\cc3ria0q.s 			page 12


 325 017e 936E     		ldr	r3, [r2, #104]
 326 0180 23F44033 		bic	r3, r3, #196608
 327 0184 216B     		ldr	r1, [r4, #48]
 328 0186 0B43     		orrs	r3, r3, r1
 329 0188 9366     		str	r3, [r2, #104]
 330              	.L22:
 305:../../../../../Drivers/PY32E407_HAL_Driver/Src/py32e407_hal_rcc_ex.c ****   }
 306:../../../../../Drivers/PY32E407_HAL_Driver/Src/py32e407_hal_rcc_ex.c ****   
 307:../../../../../Drivers/PY32E407_HAL_Driver/Src/py32e407_hal_rcc_ex.c ****   /*-------------------------- COMP2 clock source configuration ---------------------*/
 308:../../../../../Drivers/PY32E407_HAL_Driver/Src/py32e407_hal_rcc_ex.c ****   if(((PeriphClkInit->PeriphClockSelection) & RCC_PERIPHCLK_COMP2) == RCC_PERIPHCLK_COMP2)
 331              		.loc 1 308 3 view .LVU104
 332              		.loc 1 308 21 is_stmt 0 view .LVU105
 333 018a 2368     		ldr	r3, [r4]
 334              		.loc 1 308 5 view .LVU106
 335 018c 13F4805F 		tst	r3, #4096
 336 0190 06D0     		beq	.L23
 309:../../../../../Drivers/PY32E407_HAL_Driver/Src/py32e407_hal_rcc_ex.c ****   {
 310:../../../../../Drivers/PY32E407_HAL_Driver/Src/py32e407_hal_rcc_ex.c ****     /* Check the parameters */
 311:../../../../../Drivers/PY32E407_HAL_Driver/Src/py32e407_hal_rcc_ex.c ****     assert_param(IS_RCC_COMP2CLKSOURCE(PeriphClkInit->Comp2ClockSelection));
 337              		.loc 1 311 5 is_stmt 1 view .LVU107
 312:../../../../../Drivers/PY32E407_HAL_Driver/Src/py32e407_hal_rcc_ex.c **** 
 313:../../../../../Drivers/PY32E407_HAL_Driver/Src/py32e407_hal_rcc_ex.c ****     /* Configure the COMP2 clock source */
 314:../../../../../Drivers/PY32E407_HAL_Driver/Src/py32e407_hal_rcc_ex.c ****     __HAL_RCC_COMP2_CONFIG(PeriphClkInit->Comp2ClockSelection);
 338              		.loc 1 314 5 view .LVU108
 339 0192 2B4A     		ldr	r2, .L33
 340 0194 936E     		ldr	r3, [r2, #104]
 341 0196 23F44023 		bic	r3, r3, #786432
 342 019a 616B     		ldr	r1, [r4, #52]
 343 019c 0B43     		orrs	r3, r3, r1
 344 019e 9366     		str	r3, [r2, #104]
 345              	.L23:
 315:../../../../../Drivers/PY32E407_HAL_Driver/Src/py32e407_hal_rcc_ex.c ****   }
 316:../../../../../Drivers/PY32E407_HAL_Driver/Src/py32e407_hal_rcc_ex.c ****   
 317:../../../../../Drivers/PY32E407_HAL_Driver/Src/py32e407_hal_rcc_ex.c ****   /*-------------------------- COMP3 clock source configuration ---------------------*/
 318:../../../../../Drivers/PY32E407_HAL_Driver/Src/py32e407_hal_rcc_ex.c ****   if(((PeriphClkInit->PeriphClockSelection) & RCC_PERIPHCLK_COMP3) == RCC_PERIPHCLK_COMP3)
 346              		.loc 1 318 3 view .LVU109
 347              		.loc 1 318 21 is_stmt 0 view .LVU110
 348 01a0 2368     		ldr	r3, [r4]
 349              		.loc 1 318 5 view .LVU111
 350 01a2 13F4005F 		tst	r3, #8192
 351 01a6 06D0     		beq	.L24
 319:../../../../../Drivers/PY32E407_HAL_Driver/Src/py32e407_hal_rcc_ex.c ****   {
 320:../../../../../Drivers/PY32E407_HAL_Driver/Src/py32e407_hal_rcc_ex.c ****     /* Check the parameters */
 321:../../../../../Drivers/PY32E407_HAL_Driver/Src/py32e407_hal_rcc_ex.c ****     assert_param(IS_RCC_COMP3CLKSOURCE(PeriphClkInit->Comp3ClockSelection));
 352              		.loc 1 321 5 is_stmt 1 view .LVU112
 322:../../../../../Drivers/PY32E407_HAL_Driver/Src/py32e407_hal_rcc_ex.c **** 
 323:../../../../../Drivers/PY32E407_HAL_Driver/Src/py32e407_hal_rcc_ex.c ****     /* Configure the COMP3 clock source */
 324:../../../../../Drivers/PY32E407_HAL_Driver/Src/py32e407_hal_rcc_ex.c ****     __HAL_RCC_COMP3_CONFIG(PeriphClkInit->Comp3ClockSelection);
 353              		.loc 1 324 5 view .LVU113
 354 01a8 254A     		ldr	r2, .L33
 355 01aa 936E     		ldr	r3, [r2, #104]
 356 01ac 23F44013 		bic	r3, r3, #3145728
 357 01b0 A16B     		ldr	r1, [r4, #56]
 358 01b2 0B43     		orrs	r3, r3, r1
 359 01b4 9366     		str	r3, [r2, #104]
 360              	.L24:
 325:../../../../../Drivers/PY32E407_HAL_Driver/Src/py32e407_hal_rcc_ex.c ****   }
ARM GAS  C:\Users\n11ak\AppData\Local\Temp\cc3ria0q.s 			page 13


 326:../../../../../Drivers/PY32E407_HAL_Driver/Src/py32e407_hal_rcc_ex.c ****   
 327:../../../../../Drivers/PY32E407_HAL_Driver/Src/py32e407_hal_rcc_ex.c ****   /*-------------------------- COMP4 clock source configuration ---------------------*/
 328:../../../../../Drivers/PY32E407_HAL_Driver/Src/py32e407_hal_rcc_ex.c ****   if(((PeriphClkInit->PeriphClockSelection) & RCC_PERIPHCLK_COMP4) == RCC_PERIPHCLK_COMP4)
 361              		.loc 1 328 3 view .LVU114
 362              		.loc 1 328 21 is_stmt 0 view .LVU115
 363 01b6 2368     		ldr	r3, [r4]
 364              		.loc 1 328 5 view .LVU116
 365 01b8 13F4804F 		tst	r3, #16384
 366 01bc 3DD0     		beq	.L28
 329:../../../../../Drivers/PY32E407_HAL_Driver/Src/py32e407_hal_rcc_ex.c ****   {
 330:../../../../../Drivers/PY32E407_HAL_Driver/Src/py32e407_hal_rcc_ex.c ****     /* Check the parameters */
 331:../../../../../Drivers/PY32E407_HAL_Driver/Src/py32e407_hal_rcc_ex.c ****     assert_param(IS_RCC_COMP4CLKSOURCE(PeriphClkInit->Comp4ClockSelection));
 367              		.loc 1 331 5 is_stmt 1 view .LVU117
 332:../../../../../Drivers/PY32E407_HAL_Driver/Src/py32e407_hal_rcc_ex.c **** 
 333:../../../../../Drivers/PY32E407_HAL_Driver/Src/py32e407_hal_rcc_ex.c ****     /* Configure the COMP4 clock source */
 334:../../../../../Drivers/PY32E407_HAL_Driver/Src/py32e407_hal_rcc_ex.c ****     __HAL_RCC_COMP4_CONFIG(PeriphClkInit->Comp4ClockSelection);
 368              		.loc 1 334 5 view .LVU118
 369 01be 204A     		ldr	r2, .L33
 370 01c0 936E     		ldr	r3, [r2, #104]
 371 01c2 23F44003 		bic	r3, r3, #12582912
 372 01c6 E16B     		ldr	r1, [r4, #60]
 373 01c8 0B43     		orrs	r3, r3, r1
 374 01ca 9366     		str	r3, [r2, #104]
 335:../../../../../Drivers/PY32E407_HAL_Driver/Src/py32e407_hal_rcc_ex.c ****   }
 336:../../../../../Drivers/PY32E407_HAL_Driver/Src/py32e407_hal_rcc_ex.c ****   
 337:../../../../../Drivers/PY32E407_HAL_Driver/Src/py32e407_hal_rcc_ex.c ****   return HAL_OK;
 375              		.loc 1 337 10 is_stmt 0 view .LVU119
 376 01cc 0020     		movs	r0, #0
 377              	.L6:
 338:../../../../../Drivers/PY32E407_HAL_Driver/Src/py32e407_hal_rcc_ex.c **** }
 378              		.loc 1 338 1 view .LVU120
 379 01ce 02B0     		add	sp, sp, #8
 380              	.LCFI2:
 381              		.cfi_remember_state
 382              		.cfi_def_cfa_offset 16
 383              		@ sp needed
 384 01d0 70BD     		pop	{r4, r5, r6, pc}
 385              	.LVL12:
 386              	.L25:
 387              	.LCFI3:
 388              		.cfi_restore_state
 389              	.LBB4:
 121:../../../../../Drivers/PY32E407_HAL_Driver/Src/py32e407_hal_rcc_ex.c **** 
 390              		.loc 1 121 22 view .LVU121
 391 01d2 0025     		movs	r5, #0
 392 01d4 2CE7     		b	.L3
 393              	.LVL13:
 394              	.L30:
 135:../../../../../Drivers/PY32E407_HAL_Driver/Src/py32e407_hal_rcc_ex.c **** 
 395              		.loc 1 135 7 is_stmt 1 view .LVU122
 396 01d6 1B4A     		ldr	r2, .L33+4
 397 01d8 1368     		ldr	r3, [r2]
 398 01da 43F48073 		orr	r3, r3, #256
 399 01de 1360     		str	r3, [r2]
 138:../../../../../Drivers/PY32E407_HAL_Driver/Src/py32e407_hal_rcc_ex.c **** 
 400              		.loc 1 138 7 view .LVU123
 138:../../../../../Drivers/PY32E407_HAL_Driver/Src/py32e407_hal_rcc_ex.c **** 
ARM GAS  C:\Users\n11ak\AppData\Local\Temp\cc3ria0q.s 			page 14


 401              		.loc 1 138 19 is_stmt 0 view .LVU124
 402 01e0 FFF7FEFF 		bl	HAL_GetTick
 403              	.LVL14:
 138:../../../../../Drivers/PY32E407_HAL_Driver/Src/py32e407_hal_rcc_ex.c **** 
 404              		.loc 1 138 19 view .LVU125
 405 01e4 0646     		mov	r6, r0
 406              	.LVL15:
 140:../../../../../Drivers/PY32E407_HAL_Driver/Src/py32e407_hal_rcc_ex.c ****       {
 407              		.loc 1 140 7 is_stmt 1 view .LVU126
 408              	.L5:
 140:../../../../../Drivers/PY32E407_HAL_Driver/Src/py32e407_hal_rcc_ex.c ****       {
 409              		.loc 1 140 13 view .LVU127
 140:../../../../../Drivers/PY32E407_HAL_Driver/Src/py32e407_hal_rcc_ex.c ****       {
 410              		.loc 1 140 14 is_stmt 0 view .LVU128
 411 01e6 174B     		ldr	r3, .L33+4
 412 01e8 1B68     		ldr	r3, [r3]
 140:../../../../../Drivers/PY32E407_HAL_Driver/Src/py32e407_hal_rcc_ex.c ****       {
 413              		.loc 1 140 13 view .LVU129
 414 01ea 13F4807F 		tst	r3, #256
 415 01ee 7FF425AF 		bne	.L4
 142:../../../../../Drivers/PY32E407_HAL_Driver/Src/py32e407_hal_rcc_ex.c ****         {
 416              		.loc 1 142 9 is_stmt 1 view .LVU130
 142:../../../../../Drivers/PY32E407_HAL_Driver/Src/py32e407_hal_rcc_ex.c ****         {
 417              		.loc 1 142 14 is_stmt 0 view .LVU131
 418 01f2 FFF7FEFF 		bl	HAL_GetTick
 419              	.LVL16:
 142:../../../../../Drivers/PY32E407_HAL_Driver/Src/py32e407_hal_rcc_ex.c ****         {
 420              		.loc 1 142 28 view .LVU132
 421 01f6 801B     		subs	r0, r0, r6
 142:../../../../../Drivers/PY32E407_HAL_Driver/Src/py32e407_hal_rcc_ex.c ****         {
 422              		.loc 1 142 12 view .LVU133
 423 01f8 6428     		cmp	r0, #100
 424 01fa F4D9     		bls	.L5
 144:../../../../../Drivers/PY32E407_HAL_Driver/Src/py32e407_hal_rcc_ex.c ****         }
 425              		.loc 1 144 18 view .LVU134
 426 01fc 0320     		movs	r0, #3
 427 01fe E6E7     		b	.L6
 428              	.LVL17:
 429              	.L31:
 165:../../../../../Drivers/PY32E407_HAL_Driver/Src/py32e407_hal_rcc_ex.c **** 
 430              		.loc 1 165 9 is_stmt 1 view .LVU135
 165:../../../../../Drivers/PY32E407_HAL_Driver/Src/py32e407_hal_rcc_ex.c **** 
 431              		.loc 1 165 21 is_stmt 0 view .LVU136
 432 0200 FFF7FEFF 		bl	HAL_GetTick
 433              	.LVL18:
 165:../../../../../Drivers/PY32E407_HAL_Driver/Src/py32e407_hal_rcc_ex.c **** 
 434              		.loc 1 165 21 view .LVU137
 435 0204 0646     		mov	r6, r0
 436              	.LVL19:
 168:../../../../../Drivers/PY32E407_HAL_Driver/Src/py32e407_hal_rcc_ex.c ****         {
 437              		.loc 1 168 9 is_stmt 1 view .LVU138
 438              	.L9:
 168:../../../../../Drivers/PY32E407_HAL_Driver/Src/py32e407_hal_rcc_ex.c ****         {
 439              		.loc 1 168 15 view .LVU139
 168:../../../../../Drivers/PY32E407_HAL_Driver/Src/py32e407_hal_rcc_ex.c ****         {
 440              		.loc 1 168 16 is_stmt 0 view .LVU140
 441 0206 0E4B     		ldr	r3, .L33
ARM GAS  C:\Users\n11ak\AppData\Local\Temp\cc3ria0q.s 			page 15


 442 0208 1B6F     		ldr	r3, [r3, #112]
 168:../../../../../Drivers/PY32E407_HAL_Driver/Src/py32e407_hal_rcc_ex.c ****         {
 443              		.loc 1 168 15 view .LVU141
 444 020a 13F0020F 		tst	r3, #2
 445 020e 7FF430AF 		bne	.L8
 170:../../../../../Drivers/PY32E407_HAL_Driver/Src/py32e407_hal_rcc_ex.c ****           {
 446              		.loc 1 170 11 is_stmt 1 view .LVU142
 170:../../../../../Drivers/PY32E407_HAL_Driver/Src/py32e407_hal_rcc_ex.c ****           {
 447              		.loc 1 170 16 is_stmt 0 view .LVU143
 448 0212 FFF7FEFF 		bl	HAL_GetTick
 449              	.LVL20:
 170:../../../../../Drivers/PY32E407_HAL_Driver/Src/py32e407_hal_rcc_ex.c ****           {
 450              		.loc 1 170 30 view .LVU144
 451 0216 801B     		subs	r0, r0, r6
 170:../../../../../Drivers/PY32E407_HAL_Driver/Src/py32e407_hal_rcc_ex.c ****           {
 452              		.loc 1 170 14 view .LVU145
 453 0218 41F28833 		movw	r3, #5000
 454 021c 9842     		cmp	r0, r3
 455 021e F2D9     		bls	.L9
 172:../../../../../Drivers/PY32E407_HAL_Driver/Src/py32e407_hal_rcc_ex.c ****           }
 456              		.loc 1 172 20 view .LVU146
 457 0220 0320     		movs	r0, #3
 458 0222 D4E7     		b	.L6
 459              	.LVL21:
 460              	.L32:
 182:../../../../../Drivers/PY32E407_HAL_Driver/Src/py32e407_hal_rcc_ex.c ****     }
 461              		.loc 1 182 7 is_stmt 1 view .LVU147
 462 0224 936D     		ldr	r3, [r2, #88]
 463 0226 23F08053 		bic	r3, r3, #268435456
 464 022a 9365     		str	r3, [r2, #88]
 465 022c 2BE7     		b	.L2
 466              	.LVL22:
 467              	.L13:
 182:../../../../../Drivers/PY32E407_HAL_Driver/Src/py32e407_hal_rcc_ex.c ****     }
 468              		.loc 1 182 7 is_stmt 0 view .LVU148
 469              	.LBE4:
 213:../../../../../Drivers/PY32E407_HAL_Driver/Src/py32e407_hal_rcc_ex.c ****     }
 470              		.loc 1 213 7 is_stmt 1 view .LVU149
 471 022e 044A     		ldr	r2, .L33
 472 0230 936F     		ldr	r3, [r2, #120]
 473 0232 43F00043 		orr	r3, r3, #-2147483648
 474 0236 9367     		str	r3, [r2, #120]
 475 0238 44E7     		b	.L12
 476              	.L28:
 337:../../../../../Drivers/PY32E407_HAL_Driver/Src/py32e407_hal_rcc_ex.c **** }
 477              		.loc 1 337 10 is_stmt 0 view .LVU150
 478 023a 0020     		movs	r0, #0
 479 023c C7E7     		b	.L6
 480              	.L34:
 481 023e 00BF     		.align	2
 482              	.L33:
 483 0240 00100240 		.word	1073876992
 484 0244 00700040 		.word	1073770496
 485              		.cfi_endproc
 486              	.LFE136:
 488              		.section	.text.HAL_RCCEx_GetPeriphCLKConfig,"ax",%progbits
 489              		.align	1
ARM GAS  C:\Users\n11ak\AppData\Local\Temp\cc3ria0q.s 			page 16


 490              		.global	HAL_RCCEx_GetPeriphCLKConfig
 491              		.syntax unified
 492              		.thumb
 493              		.thumb_func
 495              	HAL_RCCEx_GetPeriphCLKConfig:
 496              	.LVL23:
 497              	.LFB137:
 339:../../../../../Drivers/PY32E407_HAL_Driver/Src/py32e407_hal_rcc_ex.c **** 
 340:../../../../../Drivers/PY32E407_HAL_Driver/Src/py32e407_hal_rcc_ex.c **** /**
 341:../../../../../Drivers/PY32E407_HAL_Driver/Src/py32e407_hal_rcc_ex.c ****   * @brief  Get the PeriphClkInit according to the internal
 342:../../../../../Drivers/PY32E407_HAL_Driver/Src/py32e407_hal_rcc_ex.c ****   * RCC configuration registers.
 343:../../../../../Drivers/PY32E407_HAL_Driver/Src/py32e407_hal_rcc_ex.c ****   * @param  PeriphClkInit pointer to an RCC_PeriphCLKInitTypeDef structure that
 344:../../../../../Drivers/PY32E407_HAL_Driver/Src/py32e407_hal_rcc_ex.c ****   *         returns the configuration information for the Extended Peripherals clocks(RTC, ADC... c
 345:../../../../../Drivers/PY32E407_HAL_Driver/Src/py32e407_hal_rcc_ex.c ****   * @retval None
 346:../../../../../Drivers/PY32E407_HAL_Driver/Src/py32e407_hal_rcc_ex.c ****   */
 347:../../../../../Drivers/PY32E407_HAL_Driver/Src/py32e407_hal_rcc_ex.c **** void HAL_RCCEx_GetPeriphCLKConfig(RCC_PeriphCLKInitTypeDef  *PeriphClkInit)
 348:../../../../../Drivers/PY32E407_HAL_Driver/Src/py32e407_hal_rcc_ex.c **** {
 498              		.loc 1 348 1 is_stmt 1 view -0
 499              		.cfi_startproc
 500              		@ args = 0, pretend = 0, frame = 0
 501              		@ frame_needed = 0, uses_anonymous_args = 0
 502              		@ link register save eliminated.
 349:../../../../../Drivers/PY32E407_HAL_Driver/Src/py32e407_hal_rcc_ex.c ****   /* Get the RTC configuration -----------------------------------------------*/
 350:../../../../../Drivers/PY32E407_HAL_Driver/Src/py32e407_hal_rcc_ex.c ****   PeriphClkInit->PeriphClockSelection = RCC_PERIPHCLK_RTC;
 503              		.loc 1 350 3 view .LVU152
 504              		.loc 1 350 39 is_stmt 0 view .LVU153
 505 0000 0123     		movs	r3, #1
 506 0002 0360     		str	r3, [r0]
 351:../../../../../Drivers/PY32E407_HAL_Driver/Src/py32e407_hal_rcc_ex.c ****   PeriphClkInit->RtcClockSelection = __HAL_RCC_GET_RTC_SOURCE();
 507              		.loc 1 351 3 is_stmt 1 view .LVU154
 508              		.loc 1 351 38 is_stmt 0 view .LVU155
 509 0004 344B     		ldr	r3, .L38
 510 0006 1A6F     		ldr	r2, [r3, #112]
 511 0008 02F44072 		and	r2, r2, #768
 512              		.loc 1 351 36 view .LVU156
 513 000c 4260     		str	r2, [r0, #4]
 352:../../../../../Drivers/PY32E407_HAL_Driver/Src/py32e407_hal_rcc_ex.c **** 
 353:../../../../../Drivers/PY32E407_HAL_Driver/Src/py32e407_hal_rcc_ex.c ****   /* Get the ADC clock configuration -----------------------------------------*/
 354:../../../../../Drivers/PY32E407_HAL_Driver/Src/py32e407_hal_rcc_ex.c ****   PeriphClkInit->PeriphClockSelection |= RCC_PERIPHCLK_ADC;
 514              		.loc 1 354 3 is_stmt 1 view .LVU157
 515              		.loc 1 354 39 is_stmt 0 view .LVU158
 516 000e 0322     		movs	r2, #3
 517 0010 0260     		str	r2, [r0]
 355:../../../../../Drivers/PY32E407_HAL_Driver/Src/py32e407_hal_rcc_ex.c ****   PeriphClkInit->AdcClockSelection = __HAL_RCC_GET_ADC_SOURCE();
 518              		.loc 1 355 3 is_stmt 1 view .LVU159
 519              		.loc 1 355 38 is_stmt 0 view .LVU160
 520 0012 5A68     		ldr	r2, [r3, #4]
 521 0014 02F4E022 		and	r2, r2, #458752
 522              		.loc 1 355 36 view .LVU161
 523 0018 8260     		str	r2, [r0, #8]
 356:../../../../../Drivers/PY32E407_HAL_Driver/Src/py32e407_hal_rcc_ex.c **** 
 357:../../../../../Drivers/PY32E407_HAL_Driver/Src/py32e407_hal_rcc_ex.c ****   /* Get the USB clock configuration -----------------------------------------*/
 358:../../../../../Drivers/PY32E407_HAL_Driver/Src/py32e407_hal_rcc_ex.c ****   PeriphClkInit->PeriphClockSelection |= RCC_PERIPHCLK_USB;
 524              		.loc 1 358 3 is_stmt 1 view .LVU162
 525              		.loc 1 358 39 is_stmt 0 view .LVU163
 526 001a 0722     		movs	r2, #7
 527 001c 0260     		str	r2, [r0]
ARM GAS  C:\Users\n11ak\AppData\Local\Temp\cc3ria0q.s 			page 17


 359:../../../../../Drivers/PY32E407_HAL_Driver/Src/py32e407_hal_rcc_ex.c ****   if(READ_BIT(RCC->CFGR1,RCC_USBCLKSOURCE_HSI48M) != RCC_USBCLKSOURCE_HSI48M)
 528              		.loc 1 359 3 is_stmt 1 view .LVU164
 529              		.loc 1 359 6 is_stmt 0 view .LVU165
 530 001e 9B6F     		ldr	r3, [r3, #120]
 531              		.loc 1 359 5 view .LVU166
 532 0020 002B     		cmp	r3, #0
 533 0022 55DB     		blt	.L36
 360:../../../../../Drivers/PY32E407_HAL_Driver/Src/py32e407_hal_rcc_ex.c ****   {
 361:../../../../../Drivers/PY32E407_HAL_Driver/Src/py32e407_hal_rcc_ex.c ****     PeriphClkInit->UsbClockSelection = __HAL_RCC_GET_USB_SOURCE();
 534              		.loc 1 361 5 is_stmt 1 view .LVU167
 535              		.loc 1 361 40 is_stmt 0 view .LVU168
 536 0024 2C4B     		ldr	r3, .L38
 537 0026 5B68     		ldr	r3, [r3, #4]
 538 0028 03F4E003 		and	r3, r3, #7340032
 539              		.loc 1 361 38 view .LVU169
 540 002c C360     		str	r3, [r0, #12]
 541              	.L37:
 362:../../../../../Drivers/PY32E407_HAL_Driver/Src/py32e407_hal_rcc_ex.c ****   }
 363:../../../../../Drivers/PY32E407_HAL_Driver/Src/py32e407_hal_rcc_ex.c ****   else
 364:../../../../../Drivers/PY32E407_HAL_Driver/Src/py32e407_hal_rcc_ex.c ****   {
 365:../../../../../Drivers/PY32E407_HAL_Driver/Src/py32e407_hal_rcc_ex.c ****     PeriphClkInit->UsbClockSelection = RCC_USBCLKSOURCE_HSI48M;
 366:../../../../../Drivers/PY32E407_HAL_Driver/Src/py32e407_hal_rcc_ex.c ****   }
 367:../../../../../Drivers/PY32E407_HAL_Driver/Src/py32e407_hal_rcc_ex.c **** 
 368:../../../../../Drivers/PY32E407_HAL_Driver/Src/py32e407_hal_rcc_ex.c ****   /* Get the SRAM2 clock configuration -----------------------------------------*/
 369:../../../../../Drivers/PY32E407_HAL_Driver/Src/py32e407_hal_rcc_ex.c ****   PeriphClkInit->PeriphClockSelection |= RCC_PERIPHCLK_SRAM2;
 542              		.loc 1 369 3 is_stmt 1 view .LVU170
 543              		.loc 1 369 39 is_stmt 0 view .LVU171
 544 002e 0F23     		movs	r3, #15
 545 0030 0360     		str	r3, [r0]
 370:../../../../../Drivers/PY32E407_HAL_Driver/Src/py32e407_hal_rcc_ex.c ****   PeriphClkInit->Sram2ClockSelection = __HAL_RCC_GET_SRAM2_SOURCE();
 546              		.loc 1 370 3 is_stmt 1 view .LVU172
 547              		.loc 1 370 40 is_stmt 0 view .LVU173
 548 0032 294B     		ldr	r3, .L38
 549 0034 5A68     		ldr	r2, [r3, #4]
 550 0036 02F40002 		and	r2, r2, #8388608
 551              		.loc 1 370 38 view .LVU174
 552 003a 0261     		str	r2, [r0, #16]
 371:../../../../../Drivers/PY32E407_HAL_Driver/Src/py32e407_hal_rcc_ex.c **** 
 372:../../../../../Drivers/PY32E407_HAL_Driver/Src/py32e407_hal_rcc_ex.c ****   /* Get the CAN clock configuration -----------------------------------------*/
 373:../../../../../Drivers/PY32E407_HAL_Driver/Src/py32e407_hal_rcc_ex.c ****   PeriphClkInit->PeriphClockSelection |= RCC_PERIPHCLK_CAN;
 553              		.loc 1 373 3 is_stmt 1 view .LVU175
 554              		.loc 1 373 39 is_stmt 0 view .LVU176
 555 003c 1F22     		movs	r2, #31
 556 003e 0260     		str	r2, [r0]
 374:../../../../../Drivers/PY32E407_HAL_Driver/Src/py32e407_hal_rcc_ex.c ****   PeriphClkInit->CanClockSelection = __HAL_RCC_GET_CAN_SOURCE();
 557              		.loc 1 374 3 is_stmt 1 view .LVU177
 558              		.loc 1 374 38 is_stmt 0 view .LVU178
 559 0040 DA6F     		ldr	r2, [r3, #124]
 560 0042 02F00F02 		and	r2, r2, #15
 561              		.loc 1 374 36 view .LVU179
 562 0046 4261     		str	r2, [r0, #20]
 375:../../../../../Drivers/PY32E407_HAL_Driver/Src/py32e407_hal_rcc_ex.c ****   
 376:../../../../../Drivers/PY32E407_HAL_Driver/Src/py32e407_hal_rcc_ex.c ****   /* Get the PVD filter clock configuration -----------------------------------------*/
 377:../../../../../Drivers/PY32E407_HAL_Driver/Src/py32e407_hal_rcc_ex.c ****   PeriphClkInit->PeriphClockSelection |= RCC_PERIPHCLK_PVD;
 563              		.loc 1 377 3 is_stmt 1 view .LVU180
 564              		.loc 1 377 39 is_stmt 0 view .LVU181
 565 0048 3F22     		movs	r2, #63
ARM GAS  C:\Users\n11ak\AppData\Local\Temp\cc3ria0q.s 			page 18


 566 004a 0260     		str	r2, [r0]
 378:../../../../../Drivers/PY32E407_HAL_Driver/Src/py32e407_hal_rcc_ex.c ****   PeriphClkInit->PvdFilterClockSelection = __HAL_RCC_GET_PVD_FILTER_SOURCE();
 567              		.loc 1 378 3 is_stmt 1 view .LVU182
 568              		.loc 1 378 44 is_stmt 0 view .LVU183
 569 004c 9A6F     		ldr	r2, [r3, #120]
 570 004e 02F0C042 		and	r2, r2, #1610612736
 571              		.loc 1 378 42 view .LVU184
 572 0052 8261     		str	r2, [r0, #24]
 379:../../../../../Drivers/PY32E407_HAL_Driver/Src/py32e407_hal_rcc_ex.c ****   
 380:../../../../../Drivers/PY32E407_HAL_Driver/Src/py32e407_hal_rcc_ex.c ****   /* Get the USART1 clock configuration -----------------------------------------*/
 381:../../../../../Drivers/PY32E407_HAL_Driver/Src/py32e407_hal_rcc_ex.c ****   PeriphClkInit->PeriphClockSelection |= RCC_PERIPHCLK_USART1;
 573              		.loc 1 381 3 is_stmt 1 view .LVU185
 574              		.loc 1 381 39 is_stmt 0 view .LVU186
 575 0054 7F22     		movs	r2, #127
 576 0056 0260     		str	r2, [r0]
 382:../../../../../Drivers/PY32E407_HAL_Driver/Src/py32e407_hal_rcc_ex.c ****   PeriphClkInit->Usart1ClockSelection = __HAL_RCC_GET_USART1_SOURCE();
 577              		.loc 1 382 3 is_stmt 1 view .LVU187
 578              		.loc 1 382 41 is_stmt 0 view .LVU188
 579 0058 9A6E     		ldr	r2, [r3, #104]
 580 005a 02F00302 		and	r2, r2, #3
 581              		.loc 1 382 39 view .LVU189
 582 005e C261     		str	r2, [r0, #28]
 383:../../../../../Drivers/PY32E407_HAL_Driver/Src/py32e407_hal_rcc_ex.c ****   
 384:../../../../../Drivers/PY32E407_HAL_Driver/Src/py32e407_hal_rcc_ex.c ****   /* Get the USART2 clock configuration -----------------------------------------*/
 385:../../../../../Drivers/PY32E407_HAL_Driver/Src/py32e407_hal_rcc_ex.c ****   PeriphClkInit->PeriphClockSelection |= RCC_PERIPHCLK_USART2;
 583              		.loc 1 385 3 is_stmt 1 view .LVU190
 584              		.loc 1 385 39 is_stmt 0 view .LVU191
 585 0060 FF22     		movs	r2, #255
 586 0062 0260     		str	r2, [r0]
 386:../../../../../Drivers/PY32E407_HAL_Driver/Src/py32e407_hal_rcc_ex.c ****   PeriphClkInit->Usart2ClockSelection = __HAL_RCC_GET_USART2_SOURCE();
 587              		.loc 1 386 3 is_stmt 1 view .LVU192
 588              		.loc 1 386 41 is_stmt 0 view .LVU193
 589 0064 9A6E     		ldr	r2, [r3, #104]
 590 0066 02F00C02 		and	r2, r2, #12
 591              		.loc 1 386 39 view .LVU194
 592 006a 0262     		str	r2, [r0, #32]
 387:../../../../../Drivers/PY32E407_HAL_Driver/Src/py32e407_hal_rcc_ex.c ****   
 388:../../../../../Drivers/PY32E407_HAL_Driver/Src/py32e407_hal_rcc_ex.c ****   /* Get the USART3 clock configuration -----------------------------------------*/
 389:../../../../../Drivers/PY32E407_HAL_Driver/Src/py32e407_hal_rcc_ex.c ****   PeriphClkInit->PeriphClockSelection |= RCC_PERIPHCLK_USART3;
 593              		.loc 1 389 3 is_stmt 1 view .LVU195
 594              		.loc 1 389 39 is_stmt 0 view .LVU196
 595 006c 40F2FF12 		movw	r2, #511
 596 0070 0260     		str	r2, [r0]
 390:../../../../../Drivers/PY32E407_HAL_Driver/Src/py32e407_hal_rcc_ex.c ****   PeriphClkInit->Usart3ClockSelection = __HAL_RCC_GET_USART3_SOURCE();
 597              		.loc 1 390 3 is_stmt 1 view .LVU197
 598              		.loc 1 390 41 is_stmt 0 view .LVU198
 599 0072 9A6E     		ldr	r2, [r3, #104]
 600 0074 02F03002 		and	r2, r2, #48
 601              		.loc 1 390 39 view .LVU199
 602 0078 4262     		str	r2, [r0, #36]
 391:../../../../../Drivers/PY32E407_HAL_Driver/Src/py32e407_hal_rcc_ex.c ****   
 392:../../../../../Drivers/PY32E407_HAL_Driver/Src/py32e407_hal_rcc_ex.c ****   /* Get the LPUART1 clock configuration -----------------------------------------*/
 393:../../../../../Drivers/PY32E407_HAL_Driver/Src/py32e407_hal_rcc_ex.c ****   PeriphClkInit->PeriphClockSelection |= RCC_PERIPHCLK_LPUART1;
 603              		.loc 1 393 3 is_stmt 1 view .LVU200
 604              		.loc 1 393 39 is_stmt 0 view .LVU201
 605 007a 40F2FF32 		movw	r2, #1023
 606 007e 0260     		str	r2, [r0]
ARM GAS  C:\Users\n11ak\AppData\Local\Temp\cc3ria0q.s 			page 19


 394:../../../../../Drivers/PY32E407_HAL_Driver/Src/py32e407_hal_rcc_ex.c ****   PeriphClkInit->Lpuart1ClockSelection = __HAL_RCC_GET_LPUART1_SOURCE();
 607              		.loc 1 394 3 is_stmt 1 view .LVU202
 608              		.loc 1 394 42 is_stmt 0 view .LVU203
 609 0080 9A6E     		ldr	r2, [r3, #104]
 610 0082 02F44052 		and	r2, r2, #12288
 611              		.loc 1 394 40 view .LVU204
 612 0086 8262     		str	r2, [r0, #40]
 395:../../../../../Drivers/PY32E407_HAL_Driver/Src/py32e407_hal_rcc_ex.c ****   
 396:../../../../../Drivers/PY32E407_HAL_Driver/Src/py32e407_hal_rcc_ex.c ****   /* Get the LPTIM1 clock configuration -----------------------------------------*/
 397:../../../../../Drivers/PY32E407_HAL_Driver/Src/py32e407_hal_rcc_ex.c ****   PeriphClkInit->PeriphClockSelection |= RCC_PERIPHCLK_LPTIM1;
 613              		.loc 1 397 3 is_stmt 1 view .LVU205
 614              		.loc 1 397 39 is_stmt 0 view .LVU206
 615 0088 40F2FF72 		movw	r2, #2047
 616 008c 0260     		str	r2, [r0]
 398:../../../../../Drivers/PY32E407_HAL_Driver/Src/py32e407_hal_rcc_ex.c ****   PeriphClkInit->Lptim1ClockSelection = __HAL_RCC_GET_LPTIM1_SOURCE();
 617              		.loc 1 398 3 is_stmt 1 view .LVU207
 618              		.loc 1 398 41 is_stmt 0 view .LVU208
 619 008e 9A6E     		ldr	r2, [r3, #104]
 620 0090 02F44042 		and	r2, r2, #49152
 621              		.loc 1 398 39 view .LVU209
 622 0094 C262     		str	r2, [r0, #44]
 399:../../../../../Drivers/PY32E407_HAL_Driver/Src/py32e407_hal_rcc_ex.c ****   
 400:../../../../../Drivers/PY32E407_HAL_Driver/Src/py32e407_hal_rcc_ex.c ****   /* Get the COMP1 clock configuration -----------------------------------------*/
 401:../../../../../Drivers/PY32E407_HAL_Driver/Src/py32e407_hal_rcc_ex.c ****   PeriphClkInit->PeriphClockSelection |= RCC_PERIPHCLK_COMP1;
 623              		.loc 1 401 3 is_stmt 1 view .LVU210
 624              		.loc 1 401 39 is_stmt 0 view .LVU211
 625 0096 40F6FF72 		movw	r2, #4095
 626 009a 0260     		str	r2, [r0]
 402:../../../../../Drivers/PY32E407_HAL_Driver/Src/py32e407_hal_rcc_ex.c ****   PeriphClkInit->Comp1ClockSelection = __HAL_RCC_GET_COMP1_SOURCE();
 627              		.loc 1 402 3 is_stmt 1 view .LVU212
 628              		.loc 1 402 40 is_stmt 0 view .LVU213
 629 009c 9A6E     		ldr	r2, [r3, #104]
 630 009e 02F44032 		and	r2, r2, #196608
 631              		.loc 1 402 38 view .LVU214
 632 00a2 0263     		str	r2, [r0, #48]
 403:../../../../../Drivers/PY32E407_HAL_Driver/Src/py32e407_hal_rcc_ex.c ****   
 404:../../../../../Drivers/PY32E407_HAL_Driver/Src/py32e407_hal_rcc_ex.c ****   /* Get the COMP2 clock configuration -----------------------------------------*/
 405:../../../../../Drivers/PY32E407_HAL_Driver/Src/py32e407_hal_rcc_ex.c ****   PeriphClkInit->PeriphClockSelection |= RCC_PERIPHCLK_COMP2;
 633              		.loc 1 405 3 is_stmt 1 view .LVU215
 634              		.loc 1 405 39 is_stmt 0 view .LVU216
 635 00a4 41F6FF72 		movw	r2, #8191
 636 00a8 0260     		str	r2, [r0]
 406:../../../../../Drivers/PY32E407_HAL_Driver/Src/py32e407_hal_rcc_ex.c ****   PeriphClkInit->Comp2ClockSelection = __HAL_RCC_GET_COMP2_SOURCE();
 637              		.loc 1 406 3 is_stmt 1 view .LVU217
 638              		.loc 1 406 40 is_stmt 0 view .LVU218
 639 00aa 9A6E     		ldr	r2, [r3, #104]
 640 00ac 02F44022 		and	r2, r2, #786432
 641              		.loc 1 406 38 view .LVU219
 642 00b0 4263     		str	r2, [r0, #52]
 407:../../../../../Drivers/PY32E407_HAL_Driver/Src/py32e407_hal_rcc_ex.c ****   
 408:../../../../../Drivers/PY32E407_HAL_Driver/Src/py32e407_hal_rcc_ex.c ****   /* Get the COMP3 clock configuration -----------------------------------------*/
 409:../../../../../Drivers/PY32E407_HAL_Driver/Src/py32e407_hal_rcc_ex.c ****   PeriphClkInit->PeriphClockSelection |= RCC_PERIPHCLK_COMP3;
 643              		.loc 1 409 3 is_stmt 1 view .LVU220
 644              		.loc 1 409 39 is_stmt 0 view .LVU221
 645 00b2 43F6FF72 		movw	r2, #16383
 646 00b6 0260     		str	r2, [r0]
 410:../../../../../Drivers/PY32E407_HAL_Driver/Src/py32e407_hal_rcc_ex.c ****   PeriphClkInit->Comp3ClockSelection = __HAL_RCC_GET_COMP3_SOURCE();
ARM GAS  C:\Users\n11ak\AppData\Local\Temp\cc3ria0q.s 			page 20


 647              		.loc 1 410 3 is_stmt 1 view .LVU222
 648              		.loc 1 410 40 is_stmt 0 view .LVU223
 649 00b8 9A6E     		ldr	r2, [r3, #104]
 650 00ba 02F44012 		and	r2, r2, #3145728
 651              		.loc 1 410 38 view .LVU224
 652 00be 8263     		str	r2, [r0, #56]
 411:../../../../../Drivers/PY32E407_HAL_Driver/Src/py32e407_hal_rcc_ex.c ****   
 412:../../../../../Drivers/PY32E407_HAL_Driver/Src/py32e407_hal_rcc_ex.c ****   /* Get the COMP4 clock configuration -----------------------------------------*/
 413:../../../../../Drivers/PY32E407_HAL_Driver/Src/py32e407_hal_rcc_ex.c ****   PeriphClkInit->PeriphClockSelection |= RCC_PERIPHCLK_COMP4;
 653              		.loc 1 413 3 is_stmt 1 view .LVU225
 654              		.loc 1 413 39 is_stmt 0 view .LVU226
 655 00c0 47F6FF72 		movw	r2, #32767
 656 00c4 0260     		str	r2, [r0]
 414:../../../../../Drivers/PY32E407_HAL_Driver/Src/py32e407_hal_rcc_ex.c ****   PeriphClkInit->Comp4ClockSelection = __HAL_RCC_GET_COMP4_SOURCE();
 657              		.loc 1 414 3 is_stmt 1 view .LVU227
 658              		.loc 1 414 40 is_stmt 0 view .LVU228
 659 00c6 9B6E     		ldr	r3, [r3, #104]
 660 00c8 03F44003 		and	r3, r3, #12582912
 661              		.loc 1 414 38 view .LVU229
 662 00cc C363     		str	r3, [r0, #60]
 415:../../../../../Drivers/PY32E407_HAL_Driver/Src/py32e407_hal_rcc_ex.c **** }
 663              		.loc 1 415 1 view .LVU230
 664 00ce 7047     		bx	lr
 665              	.L36:
 365:../../../../../Drivers/PY32E407_HAL_Driver/Src/py32e407_hal_rcc_ex.c ****   }
 666              		.loc 1 365 5 is_stmt 1 view .LVU231
 365:../../../../../Drivers/PY32E407_HAL_Driver/Src/py32e407_hal_rcc_ex.c ****   }
 667              		.loc 1 365 38 is_stmt 0 view .LVU232
 668 00d0 4FF00043 		mov	r3, #-2147483648
 669 00d4 C360     		str	r3, [r0, #12]
 670 00d6 AAE7     		b	.L37
 671              	.L39:
 672              		.align	2
 673              	.L38:
 674 00d8 00100240 		.word	1073876992
 675              		.cfi_endproc
 676              	.LFE137:
 678              		.section	.text.HAL_RCCEx_GetPeriphCLKFreq,"ax",%progbits
 679              		.align	1
 680              		.global	HAL_RCCEx_GetPeriphCLKFreq
 681              		.syntax unified
 682              		.thumb
 683              		.thumb_func
 685              	HAL_RCCEx_GetPeriphCLKFreq:
 686              	.LVL24:
 687              	.LFB138:
 416:../../../../../Drivers/PY32E407_HAL_Driver/Src/py32e407_hal_rcc_ex.c **** 
 417:../../../../../Drivers/PY32E407_HAL_Driver/Src/py32e407_hal_rcc_ex.c **** /**
 418:../../../../../Drivers/PY32E407_HAL_Driver/Src/py32e407_hal_rcc_ex.c ****   * @brief  Returns the peripheral clock frequency
 419:../../../../../Drivers/PY32E407_HAL_Driver/Src/py32e407_hal_rcc_ex.c ****   * @note   Returns 0 if peripheral clock is unknown
 420:../../../../../Drivers/PY32E407_HAL_Driver/Src/py32e407_hal_rcc_ex.c ****   * @param  PeriphClk Peripheral clock identifier
 421:../../../../../Drivers/PY32E407_HAL_Driver/Src/py32e407_hal_rcc_ex.c ****   *         This parameter can be one of the following values:
 422:../../../../../Drivers/PY32E407_HAL_Driver/Src/py32e407_hal_rcc_ex.c ****   *            @arg @ref RCC_PERIPHCLK_RTC      RTC peripheral clock
 423:../../../../../Drivers/PY32E407_HAL_Driver/Src/py32e407_hal_rcc_ex.c ****   *            @arg @ref RCC_PERIPHCLK_ADC      ADC peripheral clock
 424:../../../../../Drivers/PY32E407_HAL_Driver/Src/py32e407_hal_rcc_ex.c ****   *            @arg @ref RCC_PERIPHCLK_USB      USB peripheral clock
 425:../../../../../Drivers/PY32E407_HAL_Driver/Src/py32e407_hal_rcc_ex.c ****   *            @arg @ref RCC_PERIPHCLK_SRAM2    SRAM2 peripheral clock
 426:../../../../../Drivers/PY32E407_HAL_Driver/Src/py32e407_hal_rcc_ex.c ****   *            @arg @ref RCC_PERIPHCLK_CAN      CAN peripheral clock
ARM GAS  C:\Users\n11ak\AppData\Local\Temp\cc3ria0q.s 			page 21


 427:../../../../../Drivers/PY32E407_HAL_Driver/Src/py32e407_hal_rcc_ex.c ****   *            @arg @ref RCC_PERIPHCLK_PVD      PVD peripheral clock
 428:../../../../../Drivers/PY32E407_HAL_Driver/Src/py32e407_hal_rcc_ex.c ****   *            @arg @ref RCC_PERIPHCLK_USART1   USART1 peripheral clock
 429:../../../../../Drivers/PY32E407_HAL_Driver/Src/py32e407_hal_rcc_ex.c ****   *            @arg @ref RCC_PERIPHCLK_USART2   USART2 peripheral clock
 430:../../../../../Drivers/PY32E407_HAL_Driver/Src/py32e407_hal_rcc_ex.c ****   *            @arg @ref RCC_PERIPHCLK_USART3   USART3 peripheral clock
 431:../../../../../Drivers/PY32E407_HAL_Driver/Src/py32e407_hal_rcc_ex.c ****   *            @arg @ref RCC_PERIPHCLK_LPUART1  LPUART1 peripheral clock
 432:../../../../../Drivers/PY32E407_HAL_Driver/Src/py32e407_hal_rcc_ex.c ****   *            @arg @ref RCC_PERIPHCLK_LPTIM1   LPTIM1 peripheral clock
 433:../../../../../Drivers/PY32E407_HAL_Driver/Src/py32e407_hal_rcc_ex.c ****   *            @arg @ref RCC_PERIPHCLK_COMP1    COMP1 peripheral clock
 434:../../../../../Drivers/PY32E407_HAL_Driver/Src/py32e407_hal_rcc_ex.c ****   *            @arg @ref RCC_PERIPHCLK_COMP2    COMP2 peripheral clock
 435:../../../../../Drivers/PY32E407_HAL_Driver/Src/py32e407_hal_rcc_ex.c ****   *            @arg @ref RCC_PERIPHCLK_COMP3    COMP3 peripheral clock
 436:../../../../../Drivers/PY32E407_HAL_Driver/Src/py32e407_hal_rcc_ex.c ****   *            @arg @ref RCC_PERIPHCLK_COMP4    COMP4 peripheral clock
 437:../../../../../Drivers/PY32E407_HAL_Driver/Src/py32e407_hal_rcc_ex.c ****   * @retval Frequency in Hz (0: means that no available frequency for the peripheral)
 438:../../../../../Drivers/PY32E407_HAL_Driver/Src/py32e407_hal_rcc_ex.c ****   */
 439:../../../../../Drivers/PY32E407_HAL_Driver/Src/py32e407_hal_rcc_ex.c **** uint32_t HAL_RCCEx_GetPeriphCLKFreq(uint32_t PeriphClk)
 440:../../../../../Drivers/PY32E407_HAL_Driver/Src/py32e407_hal_rcc_ex.c **** {
 688              		.loc 1 440 1 is_stmt 1 view -0
 689              		.cfi_startproc
 690              		@ args = 0, pretend = 0, frame = 8
 691              		@ frame_needed = 0, uses_anonymous_args = 0
 692              		.loc 1 440 1 is_stmt 0 view .LVU234
 693 0000 00B5     		push	{lr}
 694              	.LCFI4:
 695              		.cfi_def_cfa_offset 4
 696              		.cfi_offset 14, -4
 697 0002 83B0     		sub	sp, sp, #12
 698              	.LCFI5:
 699              		.cfi_def_cfa_offset 16
 441:../../../../../Drivers/PY32E407_HAL_Driver/Src/py32e407_hal_rcc_ex.c ****   const uint8_t aDivFactorTable[4] = {1, 2, 4, 8};
 700              		.loc 1 441 3 is_stmt 1 view .LVU235
 701              		.loc 1 441 17 is_stmt 0 view .LVU236
 702 0004 A04B     		ldr	r3, .L176
 703 0006 0193     		str	r3, [sp, #4]
 442:../../../../../Drivers/PY32E407_HAL_Driver/Src/py32e407_hal_rcc_ex.c ****   const uint8_t aXTPredivFactorTable[2] = {1, 2};
 704              		.loc 1 442 3 is_stmt 1 view .LVU237
 705              		.loc 1 442 17 is_stmt 0 view .LVU238
 706 0008 40F20123 		movw	r3, #513
 707 000c ADF80030 		strh	r3, [sp]	@ movhi
 443:../../../../../Drivers/PY32E407_HAL_Driver/Src/py32e407_hal_rcc_ex.c **** 
 444:../../../../../Drivers/PY32E407_HAL_Driver/Src/py32e407_hal_rcc_ex.c ****   uint32_t tmpreg = 0U, pllxtprediv = 0U, pllclk = 0U, pllmul = 0U, srcclk = 0U, pllprediv = 0U, pl
 708              		.loc 1 444 3 is_stmt 1 view .LVU239
 709              	.LVL25:
 445:../../../../../Drivers/PY32E407_HAL_Driver/Src/py32e407_hal_rcc_ex.c **** 
 446:../../../../../Drivers/PY32E407_HAL_Driver/Src/py32e407_hal_rcc_ex.c ****   uint32_t usbprediv = 0U;
 710              		.loc 1 446 3 view .LVU240
 447:../../../../../Drivers/PY32E407_HAL_Driver/Src/py32e407_hal_rcc_ex.c ****   uint32_t temp_reg = 0U, frequency = 0U;
 711              		.loc 1 447 3 view .LVU241
 448:../../../../../Drivers/PY32E407_HAL_Driver/Src/py32e407_hal_rcc_ex.c **** 
 449:../../../../../Drivers/PY32E407_HAL_Driver/Src/py32e407_hal_rcc_ex.c ****   /* Check the parameters */
 450:../../../../../Drivers/PY32E407_HAL_Driver/Src/py32e407_hal_rcc_ex.c ****   assert_param(IS_RCC_PERIPHCLOCK(PeriphClk));
 712              		.loc 1 450 3 view .LVU242
 451:../../../../../Drivers/PY32E407_HAL_Driver/Src/py32e407_hal_rcc_ex.c **** 
 452:../../../../../Drivers/PY32E407_HAL_Driver/Src/py32e407_hal_rcc_ex.c ****   switch (PeriphClk)
 713              		.loc 1 452 3 view .LVU243
 714 0010 8028     		cmp	r0, #128
 715 0012 00F05282 		beq	.L41
 716 0016 4AD8     		bhi	.L42
 717 0018 2028     		cmp	r0, #32
 718 001a 28D8     		bhi	.L43
ARM GAS  C:\Users\n11ak\AppData\Local\Temp\cc3ria0q.s 			page 22


 719 001c 0028     		cmp	r0, #0
 720 001e 00F0DD82 		beq	.L112
 721 0022 0138     		subs	r0, r0, #1
 722              	.LVL26:
 723              		.loc 1 452 3 is_stmt 0 view .LVU244
 724 0024 1F28     		cmp	r0, #31
 725 0026 00F2DB82 		bhi	.L113
 726 002a DFE810F0 		tbh	[pc, r0, lsl #1]
 727              	.L46:
 728 002e D300     		.2byte	(.L51-.L46)/2
 729 0030 F600     		.2byte	(.L50-.L46)/2
 730 0032 D902     		.2byte	(.L113-.L46)/2
 731 0034 3501     		.2byte	(.L49-.L46)/2
 732 0036 D902     		.2byte	(.L113-.L46)/2
 733 0038 D902     		.2byte	(.L113-.L46)/2
 734 003a D902     		.2byte	(.L113-.L46)/2
 735 003c BC01     		.2byte	(.L48-.L46)/2
 736 003e D902     		.2byte	(.L113-.L46)/2
 737 0040 D902     		.2byte	(.L113-.L46)/2
 738 0042 D902     		.2byte	(.L113-.L46)/2
 739 0044 D902     		.2byte	(.L113-.L46)/2
 740 0046 D902     		.2byte	(.L113-.L46)/2
 741 0048 D902     		.2byte	(.L113-.L46)/2
 742 004a D902     		.2byte	(.L113-.L46)/2
 743 004c CB01     		.2byte	(.L47-.L46)/2
 744 004e D902     		.2byte	(.L113-.L46)/2
 745 0050 D902     		.2byte	(.L113-.L46)/2
 746 0052 D902     		.2byte	(.L113-.L46)/2
 747 0054 D902     		.2byte	(.L113-.L46)/2
 748 0056 D902     		.2byte	(.L113-.L46)/2
 749 0058 D902     		.2byte	(.L113-.L46)/2
 750 005a D902     		.2byte	(.L113-.L46)/2
 751 005c D902     		.2byte	(.L113-.L46)/2
 752 005e D902     		.2byte	(.L113-.L46)/2
 753 0060 D902     		.2byte	(.L113-.L46)/2
 754 0062 D902     		.2byte	(.L113-.L46)/2
 755 0064 D902     		.2byte	(.L113-.L46)/2
 756 0066 D902     		.2byte	(.L113-.L46)/2
 757 0068 D902     		.2byte	(.L113-.L46)/2
 758 006a D902     		.2byte	(.L113-.L46)/2
 759 006c 2402     		.2byte	(.L45-.L46)/2
 760              	.LVL27:
 761              		.p2align 1
 762              	.L43:
 763              		.loc 1 452 3 view .LVU245
 764 006e 4028     		cmp	r0, #64
 765 0070 1BD1     		bne	.L145
 453:../../../../../Drivers/PY32E407_HAL_Driver/Src/py32e407_hal_rcc_ex.c ****   {
 454:../../../../../Drivers/PY32E407_HAL_Driver/Src/py32e407_hal_rcc_ex.c ****     case RCC_PERIPHCLK_RTC:
 455:../../../../../Drivers/PY32E407_HAL_Driver/Src/py32e407_hal_rcc_ex.c ****     {
 456:../../../../../Drivers/PY32E407_HAL_Driver/Src/py32e407_hal_rcc_ex.c ****       /* Get RCC BDCR configuration ------------------------------------------------------*/
 457:../../../../../Drivers/PY32E407_HAL_Driver/Src/py32e407_hal_rcc_ex.c ****       temp_reg = RCC->BDCR;
 458:../../../../../Drivers/PY32E407_HAL_Driver/Src/py32e407_hal_rcc_ex.c **** 
 459:../../../../../Drivers/PY32E407_HAL_Driver/Src/py32e407_hal_rcc_ex.c ****       /* Check if LSE is ready if RTC clock selection is LSE */
 460:../../../../../Drivers/PY32E407_HAL_Driver/Src/py32e407_hal_rcc_ex.c ****       if (((temp_reg & RCC_BDCR_RTCSEL) == RCC_RTCCLKSOURCE_LSE) && (HAL_IS_BIT_SET(temp_reg, RCC_B
 461:../../../../../Drivers/PY32E407_HAL_Driver/Src/py32e407_hal_rcc_ex.c ****       {
 462:../../../../../Drivers/PY32E407_HAL_Driver/Src/py32e407_hal_rcc_ex.c ****         frequency = LSE_VALUE;
ARM GAS  C:\Users\n11ak\AppData\Local\Temp\cc3ria0q.s 			page 23


 463:../../../../../Drivers/PY32E407_HAL_Driver/Src/py32e407_hal_rcc_ex.c ****       }
 464:../../../../../Drivers/PY32E407_HAL_Driver/Src/py32e407_hal_rcc_ex.c ****       /* Check if LSI is ready if RTC clock selection is LSI */
 465:../../../../../Drivers/PY32E407_HAL_Driver/Src/py32e407_hal_rcc_ex.c ****       else if (((temp_reg & RCC_BDCR_RTCSEL) == RCC_RTCCLKSOURCE_LSI) && (HAL_IS_BIT_SET(RCC->CSR, 
 466:../../../../../Drivers/PY32E407_HAL_Driver/Src/py32e407_hal_rcc_ex.c ****       {
 467:../../../../../Drivers/PY32E407_HAL_Driver/Src/py32e407_hal_rcc_ex.c ****         frequency = LSI_VALUE;
 468:../../../../../Drivers/PY32E407_HAL_Driver/Src/py32e407_hal_rcc_ex.c ****       }
 469:../../../../../Drivers/PY32E407_HAL_Driver/Src/py32e407_hal_rcc_ex.c ****       else if (((temp_reg & RCC_BDCR_RTCSEL) == RCC_RTCCLKSOURCE_HSE_DIV128) && (HAL_IS_BIT_SET(RCC
 470:../../../../../Drivers/PY32E407_HAL_Driver/Src/py32e407_hal_rcc_ex.c ****       {
 471:../../../../../Drivers/PY32E407_HAL_Driver/Src/py32e407_hal_rcc_ex.c ****         frequency = HSE_VALUE / 128U;
 472:../../../../../Drivers/PY32E407_HAL_Driver/Src/py32e407_hal_rcc_ex.c ****       }
 473:../../../../../Drivers/PY32E407_HAL_Driver/Src/py32e407_hal_rcc_ex.c ****       /* Clock not enabled for RTC*/
 474:../../../../../Drivers/PY32E407_HAL_Driver/Src/py32e407_hal_rcc_ex.c ****       else
 475:../../../../../Drivers/PY32E407_HAL_Driver/Src/py32e407_hal_rcc_ex.c ****       {
 476:../../../../../Drivers/PY32E407_HAL_Driver/Src/py32e407_hal_rcc_ex.c ****         /* nothing to do: frequency already initialized to 0U */
 477:../../../../../Drivers/PY32E407_HAL_Driver/Src/py32e407_hal_rcc_ex.c ****       }
 478:../../../../../Drivers/PY32E407_HAL_Driver/Src/py32e407_hal_rcc_ex.c ****       break;
 479:../../../../../Drivers/PY32E407_HAL_Driver/Src/py32e407_hal_rcc_ex.c ****     }
 480:../../../../../Drivers/PY32E407_HAL_Driver/Src/py32e407_hal_rcc_ex.c ****     case RCC_PERIPHCLK_ADC:
 481:../../../../../Drivers/PY32E407_HAL_Driver/Src/py32e407_hal_rcc_ex.c ****     {
 482:../../../../../Drivers/PY32E407_HAL_Driver/Src/py32e407_hal_rcc_ex.c ****       switch(__HAL_RCC_GET_ADC_SOURCE())
 483:../../../../../Drivers/PY32E407_HAL_Driver/Src/py32e407_hal_rcc_ex.c ****       {
 484:../../../../../Drivers/PY32E407_HAL_Driver/Src/py32e407_hal_rcc_ex.c ****         case RCC_ADCPCLK2_DIV2:
 485:../../../../../Drivers/PY32E407_HAL_Driver/Src/py32e407_hal_rcc_ex.c ****         {
 486:../../../../../Drivers/PY32E407_HAL_Driver/Src/py32e407_hal_rcc_ex.c ****           frequency = HAL_RCC_GetPCLK2Freq() / 2U;
 487:../../../../../Drivers/PY32E407_HAL_Driver/Src/py32e407_hal_rcc_ex.c ****           break;
 488:../../../../../Drivers/PY32E407_HAL_Driver/Src/py32e407_hal_rcc_ex.c ****         }
 489:../../../../../Drivers/PY32E407_HAL_Driver/Src/py32e407_hal_rcc_ex.c ****         case RCC_ADCPCLK2_DIV4:
 490:../../../../../Drivers/PY32E407_HAL_Driver/Src/py32e407_hal_rcc_ex.c ****         {
 491:../../../../../Drivers/PY32E407_HAL_Driver/Src/py32e407_hal_rcc_ex.c ****           frequency = HAL_RCC_GetPCLK2Freq() / 4U;
 492:../../../../../Drivers/PY32E407_HAL_Driver/Src/py32e407_hal_rcc_ex.c ****           break;
 493:../../../../../Drivers/PY32E407_HAL_Driver/Src/py32e407_hal_rcc_ex.c ****         }
 494:../../../../../Drivers/PY32E407_HAL_Driver/Src/py32e407_hal_rcc_ex.c ****         case RCC_ADCPCLK2_DIV6:
 495:../../../../../Drivers/PY32E407_HAL_Driver/Src/py32e407_hal_rcc_ex.c ****         {
 496:../../../../../Drivers/PY32E407_HAL_Driver/Src/py32e407_hal_rcc_ex.c ****           frequency = HAL_RCC_GetPCLK2Freq() / 6U;
 497:../../../../../Drivers/PY32E407_HAL_Driver/Src/py32e407_hal_rcc_ex.c ****           break;
 498:../../../../../Drivers/PY32E407_HAL_Driver/Src/py32e407_hal_rcc_ex.c ****         }
 499:../../../../../Drivers/PY32E407_HAL_Driver/Src/py32e407_hal_rcc_ex.c ****         case RCC_ADCPCLK2_DIV8:
 500:../../../../../Drivers/PY32E407_HAL_Driver/Src/py32e407_hal_rcc_ex.c ****         {
 501:../../../../../Drivers/PY32E407_HAL_Driver/Src/py32e407_hal_rcc_ex.c ****           frequency = HAL_RCC_GetPCLK2Freq() / 8U;
 502:../../../../../Drivers/PY32E407_HAL_Driver/Src/py32e407_hal_rcc_ex.c ****           break;
 503:../../../../../Drivers/PY32E407_HAL_Driver/Src/py32e407_hal_rcc_ex.c ****         }
 504:../../../../../Drivers/PY32E407_HAL_Driver/Src/py32e407_hal_rcc_ex.c ****         case RCC_ADCPCLK2_DIV12:
 505:../../../../../Drivers/PY32E407_HAL_Driver/Src/py32e407_hal_rcc_ex.c ****         {
 506:../../../../../Drivers/PY32E407_HAL_Driver/Src/py32e407_hal_rcc_ex.c ****           frequency = HAL_RCC_GetPCLK2Freq() / 12U;
 507:../../../../../Drivers/PY32E407_HAL_Driver/Src/py32e407_hal_rcc_ex.c ****           break;
 508:../../../../../Drivers/PY32E407_HAL_Driver/Src/py32e407_hal_rcc_ex.c ****         }
 509:../../../../../Drivers/PY32E407_HAL_Driver/Src/py32e407_hal_rcc_ex.c ****         case RCC_ADCPCLK2_DIV16:
 510:../../../../../Drivers/PY32E407_HAL_Driver/Src/py32e407_hal_rcc_ex.c ****         {
 511:../../../../../Drivers/PY32E407_HAL_Driver/Src/py32e407_hal_rcc_ex.c ****           frequency = HAL_RCC_GetPCLK2Freq() / 16U;
 512:../../../../../Drivers/PY32E407_HAL_Driver/Src/py32e407_hal_rcc_ex.c ****           break;
 513:../../../../../Drivers/PY32E407_HAL_Driver/Src/py32e407_hal_rcc_ex.c ****         }
 514:../../../../../Drivers/PY32E407_HAL_Driver/Src/py32e407_hal_rcc_ex.c ****         default:
 515:../../../../../Drivers/PY32E407_HAL_Driver/Src/py32e407_hal_rcc_ex.c ****         {
 516:../../../../../Drivers/PY32E407_HAL_Driver/Src/py32e407_hal_rcc_ex.c ****           break;
 517:../../../../../Drivers/PY32E407_HAL_Driver/Src/py32e407_hal_rcc_ex.c ****         }
 518:../../../../../Drivers/PY32E407_HAL_Driver/Src/py32e407_hal_rcc_ex.c ****       }
 519:../../../../../Drivers/PY32E407_HAL_Driver/Src/py32e407_hal_rcc_ex.c ****       break;
ARM GAS  C:\Users\n11ak\AppData\Local\Temp\cc3ria0q.s 			page 24


 520:../../../../../Drivers/PY32E407_HAL_Driver/Src/py32e407_hal_rcc_ex.c ****     }
 521:../../../../../Drivers/PY32E407_HAL_Driver/Src/py32e407_hal_rcc_ex.c ****     
 522:../../../../../Drivers/PY32E407_HAL_Driver/Src/py32e407_hal_rcc_ex.c ****     case RCC_PERIPHCLK_USB:
 523:../../../../../Drivers/PY32E407_HAL_Driver/Src/py32e407_hal_rcc_ex.c ****     {
 524:../../../../../Drivers/PY32E407_HAL_Driver/Src/py32e407_hal_rcc_ex.c ****       /* Get RCC CFGR1 configuration ------------------------------------------------------*/
 525:../../../../../Drivers/PY32E407_HAL_Driver/Src/py32e407_hal_rcc_ex.c ****       temp_reg = RCC->CFGR1;
 526:../../../../../Drivers/PY32E407_HAL_Driver/Src/py32e407_hal_rcc_ex.c ****       
 527:../../../../../Drivers/PY32E407_HAL_Driver/Src/py32e407_hal_rcc_ex.c ****       if(((temp_reg & RCC_USBCLKSOURCE_HSI48M) == RCC_USBCLKSOURCE_HSI48M) && (HAL_IS_BIT_SET(RCC->
 528:../../../../../Drivers/PY32E407_HAL_Driver/Src/py32e407_hal_rcc_ex.c ****       {
 529:../../../../../Drivers/PY32E407_HAL_Driver/Src/py32e407_hal_rcc_ex.c ****         frequency = HSI48_VALUE;
 530:../../../../../Drivers/PY32E407_HAL_Driver/Src/py32e407_hal_rcc_ex.c ****       }
 531:../../../../../Drivers/PY32E407_HAL_Driver/Src/py32e407_hal_rcc_ex.c ****       else if(((temp_reg & RCC_USBCLKSOURCE_HSI48M) != RCC_USBCLKSOURCE_HSI48M) && (HAL_IS_BIT_SET(
 532:../../../../../Drivers/PY32E407_HAL_Driver/Src/py32e407_hal_rcc_ex.c ****       {
 533:../../../../../Drivers/PY32E407_HAL_Driver/Src/py32e407_hal_rcc_ex.c ****         tmpreg = RCC->CFGR3;
 534:../../../../../Drivers/PY32E407_HAL_Driver/Src/py32e407_hal_rcc_ex.c ****         pllprediv = aDivFactorTable[(uint32_t)(RCC->CFGR3 & RCC_CFGR3_PLLPREDIV) >> RCC_CFGR3_PLLPR
 535:../../../../../Drivers/PY32E407_HAL_Driver/Src/py32e407_hal_rcc_ex.c ****         pllpostdiv = aDivFactorTable[(uint32_t)(RCC->CFGR3 & RCC_CFGR3_PLLPOSTDIV) >> RCC_CFGR3_PLL
 536:../../../../../Drivers/PY32E407_HAL_Driver/Src/py32e407_hal_rcc_ex.c ****         pllmul = (READ_BIT(RCC->CFGR3, RCC_CFGR3_PLLFBDIV) >> RCC_CFGR3_PLLFBDIV_Pos) + 2U;
 537:../../../../../Drivers/PY32E407_HAL_Driver/Src/py32e407_hal_rcc_ex.c ****         if(((tmpreg & (RCC_CFGR3_PLLSRC | RCC_CFGR3_PLLXTPRE)) == RCC_PLLSOURCE_HSE) || \
 538:../../../../../Drivers/PY32E407_HAL_Driver/Src/py32e407_hal_rcc_ex.c ****            ((tmpreg & (RCC_CFGR3_PLLSRC | RCC_CFGR3_PLLXTPRE)) == RCC_PLLSOURCE_HSE_DIV2))
 539:../../../../../Drivers/PY32E407_HAL_Driver/Src/py32e407_hal_rcc_ex.c ****         {
 540:../../../../../Drivers/PY32E407_HAL_Driver/Src/py32e407_hal_rcc_ex.c ****           pllxtprediv = aXTPredivFactorTable[(uint32_t)(RCC->CFGR3 & RCC_CFGR3_PLLXTPRE) >> RCC_CFG
 541:../../../../../Drivers/PY32E407_HAL_Driver/Src/py32e407_hal_rcc_ex.c ****           /* HSE used as PLL clock source : PLLCLK = (HSE / PLLXTPREDIV) / PLLPREDIV * PLLMUL / PLL
 542:../../../../../Drivers/PY32E407_HAL_Driver/Src/py32e407_hal_rcc_ex.c ****           pllclk = (uint32_t)((HSE_VALUE / pllxtprediv) / pllprediv * pllmul / pllpostdiv);
 543:../../../../../Drivers/PY32E407_HAL_Driver/Src/py32e407_hal_rcc_ex.c ****         }
 544:../../../../../Drivers/PY32E407_HAL_Driver/Src/py32e407_hal_rcc_ex.c ****         else
 545:../../../../../Drivers/PY32E407_HAL_Driver/Src/py32e407_hal_rcc_ex.c ****         {
 546:../../../../../Drivers/PY32E407_HAL_Driver/Src/py32e407_hal_rcc_ex.c ****           /* HSI used as PLL clock source : PLLCLK = HSI/2 / PLLPREDIV * PLLMUL / PLLLPOSTDIV */
 547:../../../../../Drivers/PY32E407_HAL_Driver/Src/py32e407_hal_rcc_ex.c ****           pllclk = (uint32_t)((HSI_VALUE >> 1U) / pllprediv * pllmul / pllpostdiv);
 548:../../../../../Drivers/PY32E407_HAL_Driver/Src/py32e407_hal_rcc_ex.c ****         }
 549:../../../../../Drivers/PY32E407_HAL_Driver/Src/py32e407_hal_rcc_ex.c **** 
 550:../../../../../Drivers/PY32E407_HAL_Driver/Src/py32e407_hal_rcc_ex.c ****         usbprediv = __HAL_RCC_GET_USB_SOURCE();
 551:../../../../../Drivers/PY32E407_HAL_Driver/Src/py32e407_hal_rcc_ex.c ****         switch(usbprediv)
 552:../../../../../Drivers/PY32E407_HAL_Driver/Src/py32e407_hal_rcc_ex.c ****         {
 553:../../../../../Drivers/PY32E407_HAL_Driver/Src/py32e407_hal_rcc_ex.c ****           case RCC_USBCLKSOURCE_PLL:
 554:../../../../../Drivers/PY32E407_HAL_Driver/Src/py32e407_hal_rcc_ex.c ****           {
 555:../../../../../Drivers/PY32E407_HAL_Driver/Src/py32e407_hal_rcc_ex.c ****             frequency = pllclk;
 556:../../../../../Drivers/PY32E407_HAL_Driver/Src/py32e407_hal_rcc_ex.c ****             break;
 557:../../../../../Drivers/PY32E407_HAL_Driver/Src/py32e407_hal_rcc_ex.c ****           }
 558:../../../../../Drivers/PY32E407_HAL_Driver/Src/py32e407_hal_rcc_ex.c ****           case RCC_USBCLKSOURCE_PLL_DIV1_5:
 559:../../../../../Drivers/PY32E407_HAL_Driver/Src/py32e407_hal_rcc_ex.c ****           {
 560:../../../../../Drivers/PY32E407_HAL_Driver/Src/py32e407_hal_rcc_ex.c ****             frequency = (pllclk * 2U) / 3U;
 561:../../../../../Drivers/PY32E407_HAL_Driver/Src/py32e407_hal_rcc_ex.c ****             break;
 562:../../../../../Drivers/PY32E407_HAL_Driver/Src/py32e407_hal_rcc_ex.c ****           }
 563:../../../../../Drivers/PY32E407_HAL_Driver/Src/py32e407_hal_rcc_ex.c ****           case RCC_USBCLKSOURCE_PLL_DIV2:
 564:../../../../../Drivers/PY32E407_HAL_Driver/Src/py32e407_hal_rcc_ex.c ****           {
 565:../../../../../Drivers/PY32E407_HAL_Driver/Src/py32e407_hal_rcc_ex.c ****             frequency = pllclk / 2U;
 566:../../../../../Drivers/PY32E407_HAL_Driver/Src/py32e407_hal_rcc_ex.c ****             break;
 567:../../../../../Drivers/PY32E407_HAL_Driver/Src/py32e407_hal_rcc_ex.c ****           }
 568:../../../../../Drivers/PY32E407_HAL_Driver/Src/py32e407_hal_rcc_ex.c ****           case RCC_USBCLKSOURCE_PLL_DIV2_5:
 569:../../../../../Drivers/PY32E407_HAL_Driver/Src/py32e407_hal_rcc_ex.c ****           {
 570:../../../../../Drivers/PY32E407_HAL_Driver/Src/py32e407_hal_rcc_ex.c ****             frequency = (pllclk * 2U) / 5U;
 571:../../../../../Drivers/PY32E407_HAL_Driver/Src/py32e407_hal_rcc_ex.c ****             break;
 572:../../../../../Drivers/PY32E407_HAL_Driver/Src/py32e407_hal_rcc_ex.c ****           }
 573:../../../../../Drivers/PY32E407_HAL_Driver/Src/py32e407_hal_rcc_ex.c ****           case RCC_USBCLKSOURCE_PLL_DIV3:
 574:../../../../../Drivers/PY32E407_HAL_Driver/Src/py32e407_hal_rcc_ex.c ****           {
 575:../../../../../Drivers/PY32E407_HAL_Driver/Src/py32e407_hal_rcc_ex.c ****             frequency = pllclk / 3U;
 576:../../../../../Drivers/PY32E407_HAL_Driver/Src/py32e407_hal_rcc_ex.c ****             break;
ARM GAS  C:\Users\n11ak\AppData\Local\Temp\cc3ria0q.s 			page 25


 577:../../../../../Drivers/PY32E407_HAL_Driver/Src/py32e407_hal_rcc_ex.c ****           }
 578:../../../../../Drivers/PY32E407_HAL_Driver/Src/py32e407_hal_rcc_ex.c ****           case RCC_USBCLKSOURCE_PLL_DIV3_5:
 579:../../../../../Drivers/PY32E407_HAL_Driver/Src/py32e407_hal_rcc_ex.c ****           {
 580:../../../../../Drivers/PY32E407_HAL_Driver/Src/py32e407_hal_rcc_ex.c ****             frequency = (pllclk * 2U) / 7U;
 581:../../../../../Drivers/PY32E407_HAL_Driver/Src/py32e407_hal_rcc_ex.c ****             break;
 582:../../../../../Drivers/PY32E407_HAL_Driver/Src/py32e407_hal_rcc_ex.c ****           }
 583:../../../../../Drivers/PY32E407_HAL_Driver/Src/py32e407_hal_rcc_ex.c ****           case RCC_USBCLKSOURCE_PLL_DIV4:
 584:../../../../../Drivers/PY32E407_HAL_Driver/Src/py32e407_hal_rcc_ex.c ****           {
 585:../../../../../Drivers/PY32E407_HAL_Driver/Src/py32e407_hal_rcc_ex.c ****             frequency = pllclk / 4U;
 586:../../../../../Drivers/PY32E407_HAL_Driver/Src/py32e407_hal_rcc_ex.c ****             break;
 587:../../../../../Drivers/PY32E407_HAL_Driver/Src/py32e407_hal_rcc_ex.c ****           }
 588:../../../../../Drivers/PY32E407_HAL_Driver/Src/py32e407_hal_rcc_ex.c ****           default:
 589:../../../../../Drivers/PY32E407_HAL_Driver/Src/py32e407_hal_rcc_ex.c ****           {
 590:../../../../../Drivers/PY32E407_HAL_Driver/Src/py32e407_hal_rcc_ex.c ****             break;
 591:../../../../../Drivers/PY32E407_HAL_Driver/Src/py32e407_hal_rcc_ex.c ****           }
 592:../../../../../Drivers/PY32E407_HAL_Driver/Src/py32e407_hal_rcc_ex.c ****         }
 593:../../../../../Drivers/PY32E407_HAL_Driver/Src/py32e407_hal_rcc_ex.c ****       }
 594:../../../../../Drivers/PY32E407_HAL_Driver/Src/py32e407_hal_rcc_ex.c ****       else
 595:../../../../../Drivers/PY32E407_HAL_Driver/Src/py32e407_hal_rcc_ex.c ****       {
 596:../../../../../Drivers/PY32E407_HAL_Driver/Src/py32e407_hal_rcc_ex.c ****         /* nothing to do: frequency already initialized to 0U */
 597:../../../../../Drivers/PY32E407_HAL_Driver/Src/py32e407_hal_rcc_ex.c ****       }
 598:../../../../../Drivers/PY32E407_HAL_Driver/Src/py32e407_hal_rcc_ex.c ****       break;
 599:../../../../../Drivers/PY32E407_HAL_Driver/Src/py32e407_hal_rcc_ex.c ****     }
 600:../../../../../Drivers/PY32E407_HAL_Driver/Src/py32e407_hal_rcc_ex.c ****     
 601:../../../../../Drivers/PY32E407_HAL_Driver/Src/py32e407_hal_rcc_ex.c ****     case RCC_PERIPHCLK_SRAM2:
 602:../../../../../Drivers/PY32E407_HAL_Driver/Src/py32e407_hal_rcc_ex.c ****     {
 603:../../../../../Drivers/PY32E407_HAL_Driver/Src/py32e407_hal_rcc_ex.c ****       switch(__HAL_RCC_GET_SRAM2_SOURCE())
 604:../../../../../Drivers/PY32E407_HAL_Driver/Src/py32e407_hal_rcc_ex.c ****       {
 605:../../../../../Drivers/PY32E407_HAL_Driver/Src/py32e407_hal_rcc_ex.c ****         case RCC_SRAM2HCLK_DIV1:
 606:../../../../../Drivers/PY32E407_HAL_Driver/Src/py32e407_hal_rcc_ex.c ****         {
 607:../../../../../Drivers/PY32E407_HAL_Driver/Src/py32e407_hal_rcc_ex.c ****           frequency = HAL_RCC_GetHCLKFreq();
 608:../../../../../Drivers/PY32E407_HAL_Driver/Src/py32e407_hal_rcc_ex.c ****           break;
 609:../../../../../Drivers/PY32E407_HAL_Driver/Src/py32e407_hal_rcc_ex.c ****         }
 610:../../../../../Drivers/PY32E407_HAL_Driver/Src/py32e407_hal_rcc_ex.c ****         case RCC_SRAM2HCLK_DIV2:
 611:../../../../../Drivers/PY32E407_HAL_Driver/Src/py32e407_hal_rcc_ex.c ****         {
 612:../../../../../Drivers/PY32E407_HAL_Driver/Src/py32e407_hal_rcc_ex.c ****           frequency = HAL_RCC_GetHCLKFreq() / 2;
 613:../../../../../Drivers/PY32E407_HAL_Driver/Src/py32e407_hal_rcc_ex.c ****           break;
 614:../../../../../Drivers/PY32E407_HAL_Driver/Src/py32e407_hal_rcc_ex.c ****         }
 615:../../../../../Drivers/PY32E407_HAL_Driver/Src/py32e407_hal_rcc_ex.c ****         default:
 616:../../../../../Drivers/PY32E407_HAL_Driver/Src/py32e407_hal_rcc_ex.c ****         {
 617:../../../../../Drivers/PY32E407_HAL_Driver/Src/py32e407_hal_rcc_ex.c ****           break;
 618:../../../../../Drivers/PY32E407_HAL_Driver/Src/py32e407_hal_rcc_ex.c ****         }
 619:../../../../../Drivers/PY32E407_HAL_Driver/Src/py32e407_hal_rcc_ex.c ****       }
 620:../../../../../Drivers/PY32E407_HAL_Driver/Src/py32e407_hal_rcc_ex.c ****       break;
 621:../../../../../Drivers/PY32E407_HAL_Driver/Src/py32e407_hal_rcc_ex.c ****     }
 622:../../../../../Drivers/PY32E407_HAL_Driver/Src/py32e407_hal_rcc_ex.c ****     
 623:../../../../../Drivers/PY32E407_HAL_Driver/Src/py32e407_hal_rcc_ex.c ****     case RCC_PERIPHCLK_CAN:
 624:../../../../../Drivers/PY32E407_HAL_Driver/Src/py32e407_hal_rcc_ex.c ****     {
 625:../../../../../Drivers/PY32E407_HAL_Driver/Src/py32e407_hal_rcc_ex.c ****       /* Get RCC CFGR2 configuration ------------------------------------------------------*/
 626:../../../../../Drivers/PY32E407_HAL_Driver/Src/py32e407_hal_rcc_ex.c ****       temp_reg = RCC->CFGR2;
 627:../../../../../Drivers/PY32E407_HAL_Driver/Src/py32e407_hal_rcc_ex.c ****       
 628:../../../../../Drivers/PY32E407_HAL_Driver/Src/py32e407_hal_rcc_ex.c ****       if(((temp_reg & RCC_CFGR2_CANCKSEL) != RCC_CANCLKSOURCE_HSE) && ((temp_reg & RCC_CANCLKSOURCE
 629:../../../../../Drivers/PY32E407_HAL_Driver/Src/py32e407_hal_rcc_ex.c ****       {
 630:../../../../../Drivers/PY32E407_HAL_Driver/Src/py32e407_hal_rcc_ex.c ****         /* No clock */
 631:../../../../../Drivers/PY32E407_HAL_Driver/Src/py32e407_hal_rcc_ex.c ****       }
 632:../../../../../Drivers/PY32E407_HAL_Driver/Src/py32e407_hal_rcc_ex.c ****       else if(((temp_reg & RCC_CFGR2_CANCKSEL) == RCC_CANCLKSOURCE_HSE) && (HAL_IS_BIT_SET(RCC->CR,
 633:../../../../../Drivers/PY32E407_HAL_Driver/Src/py32e407_hal_rcc_ex.c ****       {
ARM GAS  C:\Users\n11ak\AppData\Local\Temp\cc3ria0q.s 			page 26


 634:../../../../../Drivers/PY32E407_HAL_Driver/Src/py32e407_hal_rcc_ex.c ****         frequency = HSE_VALUE;
 635:../../../../../Drivers/PY32E407_HAL_Driver/Src/py32e407_hal_rcc_ex.c ****       }
 636:../../../../../Drivers/PY32E407_HAL_Driver/Src/py32e407_hal_rcc_ex.c ****       else
 637:../../../../../Drivers/PY32E407_HAL_Driver/Src/py32e407_hal_rcc_ex.c ****       {
 638:../../../../../Drivers/PY32E407_HAL_Driver/Src/py32e407_hal_rcc_ex.c ****         if(HAL_IS_BIT_SET(RCC->CR, RCC_CR_PLLRDY))
 639:../../../../../Drivers/PY32E407_HAL_Driver/Src/py32e407_hal_rcc_ex.c ****         {
 640:../../../../../Drivers/PY32E407_HAL_Driver/Src/py32e407_hal_rcc_ex.c ****           /* PLL / CANPLLDIV */
 641:../../../../../Drivers/PY32E407_HAL_Driver/Src/py32e407_hal_rcc_ex.c ****           tmpreg = RCC->CFGR3;
 642:../../../../../Drivers/PY32E407_HAL_Driver/Src/py32e407_hal_rcc_ex.c ****           pllprediv = aDivFactorTable[(uint32_t)(RCC->CFGR3 & RCC_CFGR3_PLLPREDIV) >> RCC_CFGR3_PLL
 643:../../../../../Drivers/PY32E407_HAL_Driver/Src/py32e407_hal_rcc_ex.c ****           pllpostdiv = aDivFactorTable[(uint32_t)(RCC->CFGR3 & RCC_CFGR3_PLLPOSTDIV) >> RCC_CFGR3_P
 644:../../../../../Drivers/PY32E407_HAL_Driver/Src/py32e407_hal_rcc_ex.c ****           pllmul = (READ_BIT(RCC->CFGR3, RCC_CFGR3_PLLFBDIV) >> RCC_CFGR3_PLLFBDIV_Pos) + 2U;
 645:../../../../../Drivers/PY32E407_HAL_Driver/Src/py32e407_hal_rcc_ex.c ****           if(((tmpreg & (RCC_CFGR3_PLLSRC | RCC_CFGR3_PLLXTPRE)) == RCC_PLLSOURCE_HSE) || \
 646:../../../../../Drivers/PY32E407_HAL_Driver/Src/py32e407_hal_rcc_ex.c ****              ((tmpreg & (RCC_CFGR3_PLLSRC | RCC_CFGR3_PLLXTPRE)) == RCC_PLLSOURCE_HSE_DIV2))
 647:../../../../../Drivers/PY32E407_HAL_Driver/Src/py32e407_hal_rcc_ex.c ****           {
 648:../../../../../Drivers/PY32E407_HAL_Driver/Src/py32e407_hal_rcc_ex.c ****             pllxtprediv = aXTPredivFactorTable[(uint32_t)(RCC->CFGR3 & RCC_CFGR3_PLLXTPRE) >> RCC_C
 649:../../../../../Drivers/PY32E407_HAL_Driver/Src/py32e407_hal_rcc_ex.c ****             /* HSE used as PLL clock source : PLLCLK = (HSE / PLLXTPREDIV) / PLLPREDIV * PLLMUL / P
 650:../../../../../Drivers/PY32E407_HAL_Driver/Src/py32e407_hal_rcc_ex.c ****             pllclk = (uint32_t)((HSE_VALUE / pllxtprediv) / pllprediv * pllmul / pllpostdiv);
 651:../../../../../Drivers/PY32E407_HAL_Driver/Src/py32e407_hal_rcc_ex.c ****           }
 652:../../../../../Drivers/PY32E407_HAL_Driver/Src/py32e407_hal_rcc_ex.c ****           else
 653:../../../../../Drivers/PY32E407_HAL_Driver/Src/py32e407_hal_rcc_ex.c ****           {
 654:../../../../../Drivers/PY32E407_HAL_Driver/Src/py32e407_hal_rcc_ex.c ****             /* HSI used as PLL clock source : PLLCLK = HSI/2 / PLLPREDIV * PLLMUL / PLLLPOSTDIV */
 655:../../../../../Drivers/PY32E407_HAL_Driver/Src/py32e407_hal_rcc_ex.c ****             pllclk = (uint32_t)((HSI_VALUE >> 1U) / pllprediv * pllmul / pllpostdiv);
 656:../../../../../Drivers/PY32E407_HAL_Driver/Src/py32e407_hal_rcc_ex.c ****           }
 657:../../../../../Drivers/PY32E407_HAL_Driver/Src/py32e407_hal_rcc_ex.c ****           
 658:../../../../../Drivers/PY32E407_HAL_Driver/Src/py32e407_hal_rcc_ex.c ****           frequency = (pllclk / ((__HAL_RCC_GET_CAN_SOURCE() >> RCC_CFGR2_CANCKSEL_Pos) + 1U));
 659:../../../../../Drivers/PY32E407_HAL_Driver/Src/py32e407_hal_rcc_ex.c ****         }
 660:../../../../../Drivers/PY32E407_HAL_Driver/Src/py32e407_hal_rcc_ex.c ****       }
 661:../../../../../Drivers/PY32E407_HAL_Driver/Src/py32e407_hal_rcc_ex.c ****       break;
 662:../../../../../Drivers/PY32E407_HAL_Driver/Src/py32e407_hal_rcc_ex.c ****     }
 663:../../../../../Drivers/PY32E407_HAL_Driver/Src/py32e407_hal_rcc_ex.c ****     
 664:../../../../../Drivers/PY32E407_HAL_Driver/Src/py32e407_hal_rcc_ex.c ****     case RCC_PERIPHCLK_PVD:
 665:../../../../../Drivers/PY32E407_HAL_Driver/Src/py32e407_hal_rcc_ex.c ****     {
 666:../../../../../Drivers/PY32E407_HAL_Driver/Src/py32e407_hal_rcc_ex.c ****       /* Get the current PVD filter source */
 667:../../../../../Drivers/PY32E407_HAL_Driver/Src/py32e407_hal_rcc_ex.c ****       srcclk = __HAL_RCC_GET_PVD_FILTER_SOURCE();
 668:../../../../../Drivers/PY32E407_HAL_Driver/Src/py32e407_hal_rcc_ex.c **** 
 669:../../../../../Drivers/PY32E407_HAL_Driver/Src/py32e407_hal_rcc_ex.c ****       if((HAL_IS_BIT_SET(RCC->CSR, RCC_CSR_LSIRDY)) && (srcclk == RCC_PVDFILTERCLK_LSI))
 670:../../../../../Drivers/PY32E407_HAL_Driver/Src/py32e407_hal_rcc_ex.c ****       {
 671:../../../../../Drivers/PY32E407_HAL_Driver/Src/py32e407_hal_rcc_ex.c ****         frequency = LSI_VALUE;
 672:../../../../../Drivers/PY32E407_HAL_Driver/Src/py32e407_hal_rcc_ex.c ****       }
 673:../../../../../Drivers/PY32E407_HAL_Driver/Src/py32e407_hal_rcc_ex.c ****       else if((HAL_IS_BIT_SET(RCC->BDCR, RCC_BDCR_LSERDY)) && (srcclk == RCC_PVDFILTERCLK_LSE))
 674:../../../../../Drivers/PY32E407_HAL_Driver/Src/py32e407_hal_rcc_ex.c ****       {
 675:../../../../../Drivers/PY32E407_HAL_Driver/Src/py32e407_hal_rcc_ex.c ****         frequency = LSE_VALUE;
 676:../../../../../Drivers/PY32E407_HAL_Driver/Src/py32e407_hal_rcc_ex.c ****       }
 677:../../../../../Drivers/PY32E407_HAL_Driver/Src/py32e407_hal_rcc_ex.c ****       else if(srcclk == RCC_PVDFILTERCLK_PCLK1)
 678:../../../../../Drivers/PY32E407_HAL_Driver/Src/py32e407_hal_rcc_ex.c ****       {
 679:../../../../../Drivers/PY32E407_HAL_Driver/Src/py32e407_hal_rcc_ex.c ****         frequency = HAL_RCC_GetPCLK1Freq();
 680:../../../../../Drivers/PY32E407_HAL_Driver/Src/py32e407_hal_rcc_ex.c ****       }
 681:../../../../../Drivers/PY32E407_HAL_Driver/Src/py32e407_hal_rcc_ex.c ****       /* Clock not enabled for PVD */
 682:../../../../../Drivers/PY32E407_HAL_Driver/Src/py32e407_hal_rcc_ex.c ****       else
 683:../../../../../Drivers/PY32E407_HAL_Driver/Src/py32e407_hal_rcc_ex.c ****       {
 684:../../../../../Drivers/PY32E407_HAL_Driver/Src/py32e407_hal_rcc_ex.c ****         /* nothing to do: frequency already initialized to 0 */
 685:../../../../../Drivers/PY32E407_HAL_Driver/Src/py32e407_hal_rcc_ex.c ****       }
 686:../../../../../Drivers/PY32E407_HAL_Driver/Src/py32e407_hal_rcc_ex.c ****       break;
 687:../../../../../Drivers/PY32E407_HAL_Driver/Src/py32e407_hal_rcc_ex.c ****     }
 688:../../../../../Drivers/PY32E407_HAL_Driver/Src/py32e407_hal_rcc_ex.c ****     
 689:../../../../../Drivers/PY32E407_HAL_Driver/Src/py32e407_hal_rcc_ex.c ****     case RCC_PERIPHCLK_USART1:
 690:../../../../../Drivers/PY32E407_HAL_Driver/Src/py32e407_hal_rcc_ex.c ****     {
ARM GAS  C:\Users\n11ak\AppData\Local\Temp\cc3ria0q.s 			page 27


 691:../../../../../Drivers/PY32E407_HAL_Driver/Src/py32e407_hal_rcc_ex.c ****       /* Get the current USART1 source */
 692:../../../../../Drivers/PY32E407_HAL_Driver/Src/py32e407_hal_rcc_ex.c ****       srcclk = __HAL_RCC_GET_USART1_SOURCE();
 766              		.loc 1 692 7 is_stmt 1 view .LVU246
 767              		.loc 1 692 16 is_stmt 0 view .LVU247
 768 0072 864B     		ldr	r3, .L176+4
 769 0074 9B6E     		ldr	r3, [r3, #104]
 770              	.LVL28:
 693:../../../../../Drivers/PY32E407_HAL_Driver/Src/py32e407_hal_rcc_ex.c **** 
 694:../../../../../Drivers/PY32E407_HAL_Driver/Src/py32e407_hal_rcc_ex.c ****       if(srcclk == RCC_USART1CLKSOURCE_PCLK2)
 771              		.loc 1 694 7 is_stmt 1 view .LVU248
 772              		.loc 1 694 9 is_stmt 0 view .LVU249
 773 0076 13F00303 		ands	r3, r3, #3
 774              	.LVL29:
 775              		.loc 1 694 9 view .LVU250
 776 007a 00F01882 		beq	.L146
 695:../../../../../Drivers/PY32E407_HAL_Driver/Src/py32e407_hal_rcc_ex.c ****       {
 696:../../../../../Drivers/PY32E407_HAL_Driver/Src/py32e407_hal_rcc_ex.c ****         frequency = HAL_RCC_GetPCLK2Freq();
 697:../../../../../Drivers/PY32E407_HAL_Driver/Src/py32e407_hal_rcc_ex.c ****       }
 698:../../../../../Drivers/PY32E407_HAL_Driver/Src/py32e407_hal_rcc_ex.c ****       else if(srcclk == RCC_USART1CLKSOURCE_SYSCLK)
 777              		.loc 1 698 12 is_stmt 1 view .LVU251
 778              		.loc 1 698 14 is_stmt 0 view .LVU252
 779 007e 012B     		cmp	r3, #1
 780 0080 00F01882 		beq	.L147
 699:../../../../../Drivers/PY32E407_HAL_Driver/Src/py32e407_hal_rcc_ex.c ****       {
 700:../../../../../Drivers/PY32E407_HAL_Driver/Src/py32e407_hal_rcc_ex.c ****         frequency = HAL_RCC_GetSysClockFreq();
 701:../../../../../Drivers/PY32E407_HAL_Driver/Src/py32e407_hal_rcc_ex.c ****       }
 702:../../../../../Drivers/PY32E407_HAL_Driver/Src/py32e407_hal_rcc_ex.c ****       else if((HAL_IS_BIT_SET(RCC->CR, RCC_CR_HSIRDY)) && (srcclk == RCC_USART1CLKSOURCE_HSI) )
 781              		.loc 1 702 12 is_stmt 1 view .LVU253
 782              		.loc 1 702 16 is_stmt 0 view .LVU254
 783 0084 814A     		ldr	r2, .L176+4
 784 0086 1268     		ldr	r2, [r2]
 785              		.loc 1 702 14 view .LVU255
 786 0088 12F0020F 		tst	r2, #2
 787 008c 02D0     		beq	.L91
 788              		.loc 1 702 56 discriminator 1 view .LVU256
 789 008e 022B     		cmp	r3, #2
 790 0090 00F0B782 		beq	.L125
 791              	.L91:
 703:../../../../../Drivers/PY32E407_HAL_Driver/Src/py32e407_hal_rcc_ex.c ****       {
 704:../../../../../Drivers/PY32E407_HAL_Driver/Src/py32e407_hal_rcc_ex.c ****         frequency = HSI_VALUE;
 705:../../../../../Drivers/PY32E407_HAL_Driver/Src/py32e407_hal_rcc_ex.c ****       }
 706:../../../../../Drivers/PY32E407_HAL_Driver/Src/py32e407_hal_rcc_ex.c ****       else if((HAL_IS_BIT_SET(RCC->BDCR, RCC_BDCR_LSERDY)) && (srcclk == RCC_USART1CLKSOURCE_LSE))
 792              		.loc 1 706 12 is_stmt 1 view .LVU257
 793              		.loc 1 706 16 is_stmt 0 view .LVU258
 794 0094 7D4A     		ldr	r2, .L176+4
 795 0096 106F     		ldr	r0, [r2, #112]
 796              	.LVL30:
 797              		.loc 1 706 14 view .LVU259
 798 0098 10F00200 		ands	r0, r0, #2
 799 009c 00F0A182 		beq	.L40
 800              		.loc 1 706 60 discriminator 1 view .LVU260
 801 00a0 032B     		cmp	r3, #3
 802 00a2 00F0B082 		beq	.L126
 447:../../../../../Drivers/PY32E407_HAL_Driver/Src/py32e407_hal_rcc_ex.c **** 
 803              		.loc 1 447 27 view .LVU261
 804 00a6 0020     		movs	r0, #0
 805 00a8 9BE2     		b	.L40
ARM GAS  C:\Users\n11ak\AppData\Local\Temp\cc3ria0q.s 			page 28


 806              	.LVL31:
 807              	.L145:
 452:../../../../../Drivers/PY32E407_HAL_Driver/Src/py32e407_hal_rcc_ex.c ****   {
 808              		.loc 1 452 3 view .LVU262
 809 00aa 0020     		movs	r0, #0
 810              	.LVL32:
 452:../../../../../Drivers/PY32E407_HAL_Driver/Src/py32e407_hal_rcc_ex.c ****   {
 811              		.loc 1 452 3 view .LVU263
 812 00ac 99E2     		b	.L40
 813              	.LVL33:
 814              	.L42:
 452:../../../../../Drivers/PY32E407_HAL_Driver/Src/py32e407_hal_rcc_ex.c ****   {
 815              		.loc 1 452 3 view .LVU264
 816 00ae B0F5006F 		cmp	r0, #2048
 817 00b2 00F05982 		beq	.L53
 818 00b6 21D9     		bls	.L148
 819 00b8 B0F5005F 		cmp	r0, #8192
 820 00bc 00F07182 		beq	.L58
 821 00c0 B0F5804F 		cmp	r0, #16384
 822 00c4 66D1     		bne	.L149
 707:../../../../../Drivers/PY32E407_HAL_Driver/Src/py32e407_hal_rcc_ex.c ****       {
 708:../../../../../Drivers/PY32E407_HAL_Driver/Src/py32e407_hal_rcc_ex.c ****         frequency = LSE_VALUE;
 709:../../../../../Drivers/PY32E407_HAL_Driver/Src/py32e407_hal_rcc_ex.c ****       }
 710:../../../../../Drivers/PY32E407_HAL_Driver/Src/py32e407_hal_rcc_ex.c ****       /* Clock not enabled for USART1 */
 711:../../../../../Drivers/PY32E407_HAL_Driver/Src/py32e407_hal_rcc_ex.c ****       else
 712:../../../../../Drivers/PY32E407_HAL_Driver/Src/py32e407_hal_rcc_ex.c ****       {
 713:../../../../../Drivers/PY32E407_HAL_Driver/Src/py32e407_hal_rcc_ex.c ****         /* nothing to do: frequency already initialized to 0 */
 714:../../../../../Drivers/PY32E407_HAL_Driver/Src/py32e407_hal_rcc_ex.c ****       }
 715:../../../../../Drivers/PY32E407_HAL_Driver/Src/py32e407_hal_rcc_ex.c ****       break;
 716:../../../../../Drivers/PY32E407_HAL_Driver/Src/py32e407_hal_rcc_ex.c ****     }
 717:../../../../../Drivers/PY32E407_HAL_Driver/Src/py32e407_hal_rcc_ex.c **** 
 718:../../../../../Drivers/PY32E407_HAL_Driver/Src/py32e407_hal_rcc_ex.c ****     case RCC_PERIPHCLK_USART2:
 719:../../../../../Drivers/PY32E407_HAL_Driver/Src/py32e407_hal_rcc_ex.c ****     {
 720:../../../../../Drivers/PY32E407_HAL_Driver/Src/py32e407_hal_rcc_ex.c ****       /* Get the current USART2 source */
 721:../../../../../Drivers/PY32E407_HAL_Driver/Src/py32e407_hal_rcc_ex.c ****       srcclk = __HAL_RCC_GET_USART2_SOURCE();
 722:../../../../../Drivers/PY32E407_HAL_Driver/Src/py32e407_hal_rcc_ex.c **** 
 723:../../../../../Drivers/PY32E407_HAL_Driver/Src/py32e407_hal_rcc_ex.c ****       if(srcclk == RCC_USART2CLKSOURCE_PCLK1)
 724:../../../../../Drivers/PY32E407_HAL_Driver/Src/py32e407_hal_rcc_ex.c ****       {
 725:../../../../../Drivers/PY32E407_HAL_Driver/Src/py32e407_hal_rcc_ex.c ****         frequency = HAL_RCC_GetPCLK1Freq();
 726:../../../../../Drivers/PY32E407_HAL_Driver/Src/py32e407_hal_rcc_ex.c ****       }
 727:../../../../../Drivers/PY32E407_HAL_Driver/Src/py32e407_hal_rcc_ex.c ****       else if(srcclk == RCC_USART2CLKSOURCE_SYSCLK)
 728:../../../../../Drivers/PY32E407_HAL_Driver/Src/py32e407_hal_rcc_ex.c ****       {
 729:../../../../../Drivers/PY32E407_HAL_Driver/Src/py32e407_hal_rcc_ex.c ****         frequency = HAL_RCC_GetSysClockFreq();
 730:../../../../../Drivers/PY32E407_HAL_Driver/Src/py32e407_hal_rcc_ex.c ****       }
 731:../../../../../Drivers/PY32E407_HAL_Driver/Src/py32e407_hal_rcc_ex.c ****       else if((HAL_IS_BIT_SET(RCC->CR, RCC_CR_HSIRDY)) && (srcclk == RCC_USART2CLKSOURCE_HSI))
 732:../../../../../Drivers/PY32E407_HAL_Driver/Src/py32e407_hal_rcc_ex.c ****       {
 733:../../../../../Drivers/PY32E407_HAL_Driver/Src/py32e407_hal_rcc_ex.c ****         frequency = HSI_VALUE;
 734:../../../../../Drivers/PY32E407_HAL_Driver/Src/py32e407_hal_rcc_ex.c ****       }
 735:../../../../../Drivers/PY32E407_HAL_Driver/Src/py32e407_hal_rcc_ex.c ****       else if((HAL_IS_BIT_SET(RCC->BDCR, RCC_BDCR_LSERDY))  && (srcclk == RCC_USART2CLKSOURCE_LSE))
 736:../../../../../Drivers/PY32E407_HAL_Driver/Src/py32e407_hal_rcc_ex.c ****       {
 737:../../../../../Drivers/PY32E407_HAL_Driver/Src/py32e407_hal_rcc_ex.c ****         frequency = LSE_VALUE;
 738:../../../../../Drivers/PY32E407_HAL_Driver/Src/py32e407_hal_rcc_ex.c ****       }
 739:../../../../../Drivers/PY32E407_HAL_Driver/Src/py32e407_hal_rcc_ex.c ****       /* Clock not enabled for USART2 */
 740:../../../../../Drivers/PY32E407_HAL_Driver/Src/py32e407_hal_rcc_ex.c ****       else
 741:../../../../../Drivers/PY32E407_HAL_Driver/Src/py32e407_hal_rcc_ex.c ****       {
 742:../../../../../Drivers/PY32E407_HAL_Driver/Src/py32e407_hal_rcc_ex.c ****         /* nothing to do: frequency already initialized to 0 */
 743:../../../../../Drivers/PY32E407_HAL_Driver/Src/py32e407_hal_rcc_ex.c ****       }
ARM GAS  C:\Users\n11ak\AppData\Local\Temp\cc3ria0q.s 			page 29


 744:../../../../../Drivers/PY32E407_HAL_Driver/Src/py32e407_hal_rcc_ex.c ****       break;
 745:../../../../../Drivers/PY32E407_HAL_Driver/Src/py32e407_hal_rcc_ex.c ****     }
 746:../../../../../Drivers/PY32E407_HAL_Driver/Src/py32e407_hal_rcc_ex.c **** 
 747:../../../../../Drivers/PY32E407_HAL_Driver/Src/py32e407_hal_rcc_ex.c ****     case RCC_PERIPHCLK_USART3:
 748:../../../../../Drivers/PY32E407_HAL_Driver/Src/py32e407_hal_rcc_ex.c ****     {
 749:../../../../../Drivers/PY32E407_HAL_Driver/Src/py32e407_hal_rcc_ex.c ****       /* Get the current USART3 source */
 750:../../../../../Drivers/PY32E407_HAL_Driver/Src/py32e407_hal_rcc_ex.c ****       srcclk = __HAL_RCC_GET_USART3_SOURCE();
 751:../../../../../Drivers/PY32E407_HAL_Driver/Src/py32e407_hal_rcc_ex.c **** 
 752:../../../../../Drivers/PY32E407_HAL_Driver/Src/py32e407_hal_rcc_ex.c ****       if(srcclk == RCC_USART3CLKSOURCE_PCLK1)
 753:../../../../../Drivers/PY32E407_HAL_Driver/Src/py32e407_hal_rcc_ex.c ****       {
 754:../../../../../Drivers/PY32E407_HAL_Driver/Src/py32e407_hal_rcc_ex.c ****         frequency = HAL_RCC_GetPCLK1Freq();
 755:../../../../../Drivers/PY32E407_HAL_Driver/Src/py32e407_hal_rcc_ex.c ****       }
 756:../../../../../Drivers/PY32E407_HAL_Driver/Src/py32e407_hal_rcc_ex.c ****       else if(srcclk == RCC_USART3CLKSOURCE_SYSCLK)
 757:../../../../../Drivers/PY32E407_HAL_Driver/Src/py32e407_hal_rcc_ex.c ****       {
 758:../../../../../Drivers/PY32E407_HAL_Driver/Src/py32e407_hal_rcc_ex.c ****         frequency = HAL_RCC_GetSysClockFreq();
 759:../../../../../Drivers/PY32E407_HAL_Driver/Src/py32e407_hal_rcc_ex.c ****       }
 760:../../../../../Drivers/PY32E407_HAL_Driver/Src/py32e407_hal_rcc_ex.c ****       else if((HAL_IS_BIT_SET(RCC->CR, RCC_CR_HSIRDY)) && (srcclk == RCC_USART3CLKSOURCE_HSI))
 761:../../../../../Drivers/PY32E407_HAL_Driver/Src/py32e407_hal_rcc_ex.c ****       {
 762:../../../../../Drivers/PY32E407_HAL_Driver/Src/py32e407_hal_rcc_ex.c ****         frequency = HSI_VALUE;
 763:../../../../../Drivers/PY32E407_HAL_Driver/Src/py32e407_hal_rcc_ex.c ****       }
 764:../../../../../Drivers/PY32E407_HAL_Driver/Src/py32e407_hal_rcc_ex.c ****       else if((HAL_IS_BIT_SET(RCC->BDCR, RCC_BDCR_LSERDY)) && (srcclk == RCC_USART3CLKSOURCE_LSE))
 765:../../../../../Drivers/PY32E407_HAL_Driver/Src/py32e407_hal_rcc_ex.c ****       {
 766:../../../../../Drivers/PY32E407_HAL_Driver/Src/py32e407_hal_rcc_ex.c ****         frequency = LSE_VALUE;
 767:../../../../../Drivers/PY32E407_HAL_Driver/Src/py32e407_hal_rcc_ex.c ****       }
 768:../../../../../Drivers/PY32E407_HAL_Driver/Src/py32e407_hal_rcc_ex.c ****       /* Clock not enabled for USART3 */
 769:../../../../../Drivers/PY32E407_HAL_Driver/Src/py32e407_hal_rcc_ex.c ****       else
 770:../../../../../Drivers/PY32E407_HAL_Driver/Src/py32e407_hal_rcc_ex.c ****       {
 771:../../../../../Drivers/PY32E407_HAL_Driver/Src/py32e407_hal_rcc_ex.c ****         /* nothing to do: frequency already initialized to 0 */
 772:../../../../../Drivers/PY32E407_HAL_Driver/Src/py32e407_hal_rcc_ex.c ****       }
 773:../../../../../Drivers/PY32E407_HAL_Driver/Src/py32e407_hal_rcc_ex.c ****       break;
 774:../../../../../Drivers/PY32E407_HAL_Driver/Src/py32e407_hal_rcc_ex.c ****     }
 775:../../../../../Drivers/PY32E407_HAL_Driver/Src/py32e407_hal_rcc_ex.c ****     
 776:../../../../../Drivers/PY32E407_HAL_Driver/Src/py32e407_hal_rcc_ex.c ****     case RCC_PERIPHCLK_LPUART1:
 777:../../../../../Drivers/PY32E407_HAL_Driver/Src/py32e407_hal_rcc_ex.c ****     {
 778:../../../../../Drivers/PY32E407_HAL_Driver/Src/py32e407_hal_rcc_ex.c ****       /* Get the current LPUART1 source */
 779:../../../../../Drivers/PY32E407_HAL_Driver/Src/py32e407_hal_rcc_ex.c ****       srcclk = __HAL_RCC_GET_LPUART1_SOURCE();
 780:../../../../../Drivers/PY32E407_HAL_Driver/Src/py32e407_hal_rcc_ex.c **** 
 781:../../../../../Drivers/PY32E407_HAL_Driver/Src/py32e407_hal_rcc_ex.c ****       if(srcclk == RCC_LPUART1CLKSOURCE_PCLK1)
 782:../../../../../Drivers/PY32E407_HAL_Driver/Src/py32e407_hal_rcc_ex.c ****       {
 783:../../../../../Drivers/PY32E407_HAL_Driver/Src/py32e407_hal_rcc_ex.c ****         frequency = HAL_RCC_GetPCLK1Freq();
 784:../../../../../Drivers/PY32E407_HAL_Driver/Src/py32e407_hal_rcc_ex.c ****       }
 785:../../../../../Drivers/PY32E407_HAL_Driver/Src/py32e407_hal_rcc_ex.c ****       else if(srcclk == RCC_LPUART1CLKSOURCE_SYSCLK)
 786:../../../../../Drivers/PY32E407_HAL_Driver/Src/py32e407_hal_rcc_ex.c ****       {
 787:../../../../../Drivers/PY32E407_HAL_Driver/Src/py32e407_hal_rcc_ex.c ****         frequency = HAL_RCC_GetSysClockFreq();
 788:../../../../../Drivers/PY32E407_HAL_Driver/Src/py32e407_hal_rcc_ex.c ****       }
 789:../../../../../Drivers/PY32E407_HAL_Driver/Src/py32e407_hal_rcc_ex.c ****       else if((HAL_IS_BIT_SET(RCC->CR, RCC_CR_HSIRDY)) && (srcclk == RCC_LPUART1CLKSOURCE_HSI))
 790:../../../../../Drivers/PY32E407_HAL_Driver/Src/py32e407_hal_rcc_ex.c ****       {
 791:../../../../../Drivers/PY32E407_HAL_Driver/Src/py32e407_hal_rcc_ex.c ****         frequency = HSI_VALUE;
 792:../../../../../Drivers/PY32E407_HAL_Driver/Src/py32e407_hal_rcc_ex.c ****       }
 793:../../../../../Drivers/PY32E407_HAL_Driver/Src/py32e407_hal_rcc_ex.c ****       else if((HAL_IS_BIT_SET(RCC->BDCR, RCC_BDCR_LSERDY)) && (srcclk == RCC_LPUART1CLKSOURCE_LSE))
 794:../../../../../Drivers/PY32E407_HAL_Driver/Src/py32e407_hal_rcc_ex.c ****       {
 795:../../../../../Drivers/PY32E407_HAL_Driver/Src/py32e407_hal_rcc_ex.c ****         frequency = LSE_VALUE;
 796:../../../../../Drivers/PY32E407_HAL_Driver/Src/py32e407_hal_rcc_ex.c ****       }
 797:../../../../../Drivers/PY32E407_HAL_Driver/Src/py32e407_hal_rcc_ex.c ****       /* Clock not enabled for LPUART1 */
 798:../../../../../Drivers/PY32E407_HAL_Driver/Src/py32e407_hal_rcc_ex.c ****       else
 799:../../../../../Drivers/PY32E407_HAL_Driver/Src/py32e407_hal_rcc_ex.c ****       {
 800:../../../../../Drivers/PY32E407_HAL_Driver/Src/py32e407_hal_rcc_ex.c ****         /* nothing to do: frequency already initialized to 0 */
ARM GAS  C:\Users\n11ak\AppData\Local\Temp\cc3ria0q.s 			page 30


 801:../../../../../Drivers/PY32E407_HAL_Driver/Src/py32e407_hal_rcc_ex.c ****       }
 802:../../../../../Drivers/PY32E407_HAL_Driver/Src/py32e407_hal_rcc_ex.c ****       break;
 803:../../../../../Drivers/PY32E407_HAL_Driver/Src/py32e407_hal_rcc_ex.c ****     }
 804:../../../../../Drivers/PY32E407_HAL_Driver/Src/py32e407_hal_rcc_ex.c ****     
 805:../../../../../Drivers/PY32E407_HAL_Driver/Src/py32e407_hal_rcc_ex.c ****     case RCC_PERIPHCLK_LPTIM1:
 806:../../../../../Drivers/PY32E407_HAL_Driver/Src/py32e407_hal_rcc_ex.c ****     {
 807:../../../../../Drivers/PY32E407_HAL_Driver/Src/py32e407_hal_rcc_ex.c ****       /* Get the current LPTIM1 source */
 808:../../../../../Drivers/PY32E407_HAL_Driver/Src/py32e407_hal_rcc_ex.c ****       srcclk = __HAL_RCC_GET_LPTIM1_SOURCE();
 809:../../../../../Drivers/PY32E407_HAL_Driver/Src/py32e407_hal_rcc_ex.c **** 
 810:../../../../../Drivers/PY32E407_HAL_Driver/Src/py32e407_hal_rcc_ex.c ****       if(srcclk == RCC_LPTIM1CLKSOURCE_PCLK1)
 811:../../../../../Drivers/PY32E407_HAL_Driver/Src/py32e407_hal_rcc_ex.c ****       {
 812:../../../../../Drivers/PY32E407_HAL_Driver/Src/py32e407_hal_rcc_ex.c ****         frequency = HAL_RCC_GetPCLK1Freq();
 813:../../../../../Drivers/PY32E407_HAL_Driver/Src/py32e407_hal_rcc_ex.c ****       }
 814:../../../../../Drivers/PY32E407_HAL_Driver/Src/py32e407_hal_rcc_ex.c ****       else if((HAL_IS_BIT_SET(RCC->CSR, RCC_CSR_LSIRDY)) && (srcclk == RCC_LPTIM1CLKSOURCE_LSI))
 815:../../../../../Drivers/PY32E407_HAL_Driver/Src/py32e407_hal_rcc_ex.c ****       {
 816:../../../../../Drivers/PY32E407_HAL_Driver/Src/py32e407_hal_rcc_ex.c ****         frequency = LSI_VALUE;
 817:../../../../../Drivers/PY32E407_HAL_Driver/Src/py32e407_hal_rcc_ex.c ****       }
 818:../../../../../Drivers/PY32E407_HAL_Driver/Src/py32e407_hal_rcc_ex.c ****       else if((HAL_IS_BIT_SET(RCC->CR, RCC_CR_HSIRDY)) && (srcclk == RCC_LPTIM1CLKSOURCE_HSI))
 819:../../../../../Drivers/PY32E407_HAL_Driver/Src/py32e407_hal_rcc_ex.c ****       {
 820:../../../../../Drivers/PY32E407_HAL_Driver/Src/py32e407_hal_rcc_ex.c ****         frequency = HSI_VALUE;
 821:../../../../../Drivers/PY32E407_HAL_Driver/Src/py32e407_hal_rcc_ex.c ****       }
 822:../../../../../Drivers/PY32E407_HAL_Driver/Src/py32e407_hal_rcc_ex.c ****       else if((HAL_IS_BIT_SET(RCC->BDCR, RCC_BDCR_LSERDY)) && (srcclk == RCC_LPTIM1CLKSOURCE_LSE))
 823:../../../../../Drivers/PY32E407_HAL_Driver/Src/py32e407_hal_rcc_ex.c ****       {
 824:../../../../../Drivers/PY32E407_HAL_Driver/Src/py32e407_hal_rcc_ex.c ****         frequency = LSE_VALUE;
 825:../../../../../Drivers/PY32E407_HAL_Driver/Src/py32e407_hal_rcc_ex.c ****       }
 826:../../../../../Drivers/PY32E407_HAL_Driver/Src/py32e407_hal_rcc_ex.c ****       /* Clock not enabled for LPTIM1 */
 827:../../../../../Drivers/PY32E407_HAL_Driver/Src/py32e407_hal_rcc_ex.c ****       else
 828:../../../../../Drivers/PY32E407_HAL_Driver/Src/py32e407_hal_rcc_ex.c ****       {
 829:../../../../../Drivers/PY32E407_HAL_Driver/Src/py32e407_hal_rcc_ex.c ****         /* nothing to do: frequency already initialized to 0 */
 830:../../../../../Drivers/PY32E407_HAL_Driver/Src/py32e407_hal_rcc_ex.c ****       }
 831:../../../../../Drivers/PY32E407_HAL_Driver/Src/py32e407_hal_rcc_ex.c ****       break;
 832:../../../../../Drivers/PY32E407_HAL_Driver/Src/py32e407_hal_rcc_ex.c ****     }
 833:../../../../../Drivers/PY32E407_HAL_Driver/Src/py32e407_hal_rcc_ex.c ****     
 834:../../../../../Drivers/PY32E407_HAL_Driver/Src/py32e407_hal_rcc_ex.c ****     case RCC_PERIPHCLK_COMP1:
 835:../../../../../Drivers/PY32E407_HAL_Driver/Src/py32e407_hal_rcc_ex.c ****     {
 836:../../../../../Drivers/PY32E407_HAL_Driver/Src/py32e407_hal_rcc_ex.c ****       /* Get the current COMP1 source */
 837:../../../../../Drivers/PY32E407_HAL_Driver/Src/py32e407_hal_rcc_ex.c ****       srcclk = __HAL_RCC_GET_COMP1_SOURCE();
 838:../../../../../Drivers/PY32E407_HAL_Driver/Src/py32e407_hal_rcc_ex.c **** 
 839:../../../../../Drivers/PY32E407_HAL_Driver/Src/py32e407_hal_rcc_ex.c ****       if(srcclk == RCC_COMP1CLKSOURCE_PCLK2)
 840:../../../../../Drivers/PY32E407_HAL_Driver/Src/py32e407_hal_rcc_ex.c ****       {
 841:../../../../../Drivers/PY32E407_HAL_Driver/Src/py32e407_hal_rcc_ex.c ****         frequency = HAL_RCC_GetPCLK2Freq();
 842:../../../../../Drivers/PY32E407_HAL_Driver/Src/py32e407_hal_rcc_ex.c ****       }
 843:../../../../../Drivers/PY32E407_HAL_Driver/Src/py32e407_hal_rcc_ex.c ****       else if((HAL_IS_BIT_SET(RCC->CSR, RCC_CSR_LSIRDY)) && (srcclk == RCC_COMP1CLKSOURCE_LSI))
 844:../../../../../Drivers/PY32E407_HAL_Driver/Src/py32e407_hal_rcc_ex.c ****       {
 845:../../../../../Drivers/PY32E407_HAL_Driver/Src/py32e407_hal_rcc_ex.c ****         frequency = LSI_VALUE;
 846:../../../../../Drivers/PY32E407_HAL_Driver/Src/py32e407_hal_rcc_ex.c ****       }
 847:../../../../../Drivers/PY32E407_HAL_Driver/Src/py32e407_hal_rcc_ex.c ****       else if((HAL_IS_BIT_SET(RCC->BDCR, RCC_BDCR_LSERDY)) && (srcclk == RCC_COMP1CLKSOURCE_LSE))
 848:../../../../../Drivers/PY32E407_HAL_Driver/Src/py32e407_hal_rcc_ex.c ****       {
 849:../../../../../Drivers/PY32E407_HAL_Driver/Src/py32e407_hal_rcc_ex.c ****         frequency = LSE_VALUE;
 850:../../../../../Drivers/PY32E407_HAL_Driver/Src/py32e407_hal_rcc_ex.c ****       }
 851:../../../../../Drivers/PY32E407_HAL_Driver/Src/py32e407_hal_rcc_ex.c ****       /* Clock not enabled for COMP1 */
 852:../../../../../Drivers/PY32E407_HAL_Driver/Src/py32e407_hal_rcc_ex.c ****       else
 853:../../../../../Drivers/PY32E407_HAL_Driver/Src/py32e407_hal_rcc_ex.c ****       {
 854:../../../../../Drivers/PY32E407_HAL_Driver/Src/py32e407_hal_rcc_ex.c ****         /* nothing to do: frequency already initialized to 0 */
 855:../../../../../Drivers/PY32E407_HAL_Driver/Src/py32e407_hal_rcc_ex.c ****       }
 856:../../../../../Drivers/PY32E407_HAL_Driver/Src/py32e407_hal_rcc_ex.c ****       break;
 857:../../../../../Drivers/PY32E407_HAL_Driver/Src/py32e407_hal_rcc_ex.c ****     }
ARM GAS  C:\Users\n11ak\AppData\Local\Temp\cc3ria0q.s 			page 31


 858:../../../../../Drivers/PY32E407_HAL_Driver/Src/py32e407_hal_rcc_ex.c ****     
 859:../../../../../Drivers/PY32E407_HAL_Driver/Src/py32e407_hal_rcc_ex.c ****     case RCC_PERIPHCLK_COMP2:
 860:../../../../../Drivers/PY32E407_HAL_Driver/Src/py32e407_hal_rcc_ex.c ****     {
 861:../../../../../Drivers/PY32E407_HAL_Driver/Src/py32e407_hal_rcc_ex.c ****       /* Get the current COMP2 source */
 862:../../../../../Drivers/PY32E407_HAL_Driver/Src/py32e407_hal_rcc_ex.c ****       srcclk = __HAL_RCC_GET_COMP2_SOURCE();
 863:../../../../../Drivers/PY32E407_HAL_Driver/Src/py32e407_hal_rcc_ex.c **** 
 864:../../../../../Drivers/PY32E407_HAL_Driver/Src/py32e407_hal_rcc_ex.c ****       if(srcclk == RCC_COMP2CLKSOURCE_PCLK2)
 865:../../../../../Drivers/PY32E407_HAL_Driver/Src/py32e407_hal_rcc_ex.c ****       {
 866:../../../../../Drivers/PY32E407_HAL_Driver/Src/py32e407_hal_rcc_ex.c ****         frequency = HAL_RCC_GetPCLK2Freq();
 867:../../../../../Drivers/PY32E407_HAL_Driver/Src/py32e407_hal_rcc_ex.c ****       }
 868:../../../../../Drivers/PY32E407_HAL_Driver/Src/py32e407_hal_rcc_ex.c ****       else if((HAL_IS_BIT_SET(RCC->CSR, RCC_CSR_LSIRDY)) && (srcclk == RCC_COMP2CLKSOURCE_LSI))
 869:../../../../../Drivers/PY32E407_HAL_Driver/Src/py32e407_hal_rcc_ex.c ****       {
 870:../../../../../Drivers/PY32E407_HAL_Driver/Src/py32e407_hal_rcc_ex.c ****         frequency = LSI_VALUE;
 871:../../../../../Drivers/PY32E407_HAL_Driver/Src/py32e407_hal_rcc_ex.c ****       }
 872:../../../../../Drivers/PY32E407_HAL_Driver/Src/py32e407_hal_rcc_ex.c ****       else if((HAL_IS_BIT_SET(RCC->BDCR, RCC_BDCR_LSERDY)) && (srcclk == RCC_COMP2CLKSOURCE_LSE))
 873:../../../../../Drivers/PY32E407_HAL_Driver/Src/py32e407_hal_rcc_ex.c ****       {
 874:../../../../../Drivers/PY32E407_HAL_Driver/Src/py32e407_hal_rcc_ex.c ****         frequency = LSE_VALUE;
 875:../../../../../Drivers/PY32E407_HAL_Driver/Src/py32e407_hal_rcc_ex.c ****       }
 876:../../../../../Drivers/PY32E407_HAL_Driver/Src/py32e407_hal_rcc_ex.c ****       /* Clock not enabled for COMP2 */
 877:../../../../../Drivers/PY32E407_HAL_Driver/Src/py32e407_hal_rcc_ex.c ****       else
 878:../../../../../Drivers/PY32E407_HAL_Driver/Src/py32e407_hal_rcc_ex.c ****       {
 879:../../../../../Drivers/PY32E407_HAL_Driver/Src/py32e407_hal_rcc_ex.c ****         /* nothing to do: frequency already initialized to 0 */
 880:../../../../../Drivers/PY32E407_HAL_Driver/Src/py32e407_hal_rcc_ex.c ****       }
 881:../../../../../Drivers/PY32E407_HAL_Driver/Src/py32e407_hal_rcc_ex.c ****       break;
 882:../../../../../Drivers/PY32E407_HAL_Driver/Src/py32e407_hal_rcc_ex.c ****     }
 883:../../../../../Drivers/PY32E407_HAL_Driver/Src/py32e407_hal_rcc_ex.c ****     
 884:../../../../../Drivers/PY32E407_HAL_Driver/Src/py32e407_hal_rcc_ex.c ****     case RCC_PERIPHCLK_COMP3:
 885:../../../../../Drivers/PY32E407_HAL_Driver/Src/py32e407_hal_rcc_ex.c ****     {
 886:../../../../../Drivers/PY32E407_HAL_Driver/Src/py32e407_hal_rcc_ex.c ****       /* Get the current COMP3 source */
 887:../../../../../Drivers/PY32E407_HAL_Driver/Src/py32e407_hal_rcc_ex.c ****       srcclk = __HAL_RCC_GET_COMP3_SOURCE();
 888:../../../../../Drivers/PY32E407_HAL_Driver/Src/py32e407_hal_rcc_ex.c **** 
 889:../../../../../Drivers/PY32E407_HAL_Driver/Src/py32e407_hal_rcc_ex.c ****       if(srcclk == RCC_COMP3CLKSOURCE_PCLK2)
 890:../../../../../Drivers/PY32E407_HAL_Driver/Src/py32e407_hal_rcc_ex.c ****       {
 891:../../../../../Drivers/PY32E407_HAL_Driver/Src/py32e407_hal_rcc_ex.c ****         frequency = HAL_RCC_GetPCLK2Freq();
 892:../../../../../Drivers/PY32E407_HAL_Driver/Src/py32e407_hal_rcc_ex.c ****       }
 893:../../../../../Drivers/PY32E407_HAL_Driver/Src/py32e407_hal_rcc_ex.c ****       else if((HAL_IS_BIT_SET(RCC->CSR, RCC_CSR_LSIRDY)) && (srcclk == RCC_COMP3CLKSOURCE_LSI))
 894:../../../../../Drivers/PY32E407_HAL_Driver/Src/py32e407_hal_rcc_ex.c ****       {
 895:../../../../../Drivers/PY32E407_HAL_Driver/Src/py32e407_hal_rcc_ex.c ****         frequency = LSI_VALUE;
 896:../../../../../Drivers/PY32E407_HAL_Driver/Src/py32e407_hal_rcc_ex.c ****       }
 897:../../../../../Drivers/PY32E407_HAL_Driver/Src/py32e407_hal_rcc_ex.c ****       else if((HAL_IS_BIT_SET(RCC->BDCR, RCC_BDCR_LSERDY)) && (srcclk == RCC_COMP3CLKSOURCE_LSE))
 898:../../../../../Drivers/PY32E407_HAL_Driver/Src/py32e407_hal_rcc_ex.c ****       {
 899:../../../../../Drivers/PY32E407_HAL_Driver/Src/py32e407_hal_rcc_ex.c ****         frequency = LSE_VALUE;
 900:../../../../../Drivers/PY32E407_HAL_Driver/Src/py32e407_hal_rcc_ex.c ****       }
 901:../../../../../Drivers/PY32E407_HAL_Driver/Src/py32e407_hal_rcc_ex.c ****       /* Clock not enabled for COMP3 */
 902:../../../../../Drivers/PY32E407_HAL_Driver/Src/py32e407_hal_rcc_ex.c ****       else
 903:../../../../../Drivers/PY32E407_HAL_Driver/Src/py32e407_hal_rcc_ex.c ****       {
 904:../../../../../Drivers/PY32E407_HAL_Driver/Src/py32e407_hal_rcc_ex.c ****         /* nothing to do: frequency already initialized to 0 */
 905:../../../../../Drivers/PY32E407_HAL_Driver/Src/py32e407_hal_rcc_ex.c ****       }
 906:../../../../../Drivers/PY32E407_HAL_Driver/Src/py32e407_hal_rcc_ex.c ****       break;
 907:../../../../../Drivers/PY32E407_HAL_Driver/Src/py32e407_hal_rcc_ex.c ****     }
 908:../../../../../Drivers/PY32E407_HAL_Driver/Src/py32e407_hal_rcc_ex.c ****     
 909:../../../../../Drivers/PY32E407_HAL_Driver/Src/py32e407_hal_rcc_ex.c ****     case RCC_PERIPHCLK_COMP4:
 910:../../../../../Drivers/PY32E407_HAL_Driver/Src/py32e407_hal_rcc_ex.c ****     {
 911:../../../../../Drivers/PY32E407_HAL_Driver/Src/py32e407_hal_rcc_ex.c ****       /* Get the current COMP4 source */
 912:../../../../../Drivers/PY32E407_HAL_Driver/Src/py32e407_hal_rcc_ex.c ****       srcclk = __HAL_RCC_GET_COMP4_SOURCE();
 823              		.loc 1 912 7 is_stmt 1 view .LVU265
 824              		.loc 1 912 16 is_stmt 0 view .LVU266
ARM GAS  C:\Users\n11ak\AppData\Local\Temp\cc3ria0q.s 			page 32


 825 00c6 714B     		ldr	r3, .L176+4
 826 00c8 9B6E     		ldr	r3, [r3, #104]
 827              	.LVL34:
 913:../../../../../Drivers/PY32E407_HAL_Driver/Src/py32e407_hal_rcc_ex.c **** 
 914:../../../../../Drivers/PY32E407_HAL_Driver/Src/py32e407_hal_rcc_ex.c ****       if(srcclk == RCC_COMP4CLKSOURCE_PCLK2)
 828              		.loc 1 914 7 is_stmt 1 view .LVU267
 829              		.loc 1 914 9 is_stmt 0 view .LVU268
 830 00ca 13F44003 		ands	r3, r3, #12582912
 831              	.LVL35:
 832              		.loc 1 914 9 view .LVU269
 833 00ce 00F08282 		beq	.L150
 915:../../../../../Drivers/PY32E407_HAL_Driver/Src/py32e407_hal_rcc_ex.c ****       {
 916:../../../../../Drivers/PY32E407_HAL_Driver/Src/py32e407_hal_rcc_ex.c ****         frequency = HAL_RCC_GetPCLK2Freq();
 917:../../../../../Drivers/PY32E407_HAL_Driver/Src/py32e407_hal_rcc_ex.c ****       }
 918:../../../../../Drivers/PY32E407_HAL_Driver/Src/py32e407_hal_rcc_ex.c ****       else if((HAL_IS_BIT_SET(RCC->CSR, RCC_CSR_LSIRDY)) && (srcclk == RCC_COMP4CLKSOURCE_LSI))
 834              		.loc 1 918 12 is_stmt 1 view .LVU270
 835              		.loc 1 918 16 is_stmt 0 view .LVU271
 836 00d2 6E4A     		ldr	r2, .L176+4
 837 00d4 526F     		ldr	r2, [r2, #116]
 838              		.loc 1 918 14 view .LVU272
 839 00d6 12F0020F 		tst	r2, #2
 840 00da 03D0     		beq	.L111
 841              		.loc 1 918 58 discriminator 1 view .LVU273
 842 00dc B3F5800F 		cmp	r3, #4194304
 843 00e0 00F0BD82 		beq	.L142
 844              	.L111:
 919:../../../../../Drivers/PY32E407_HAL_Driver/Src/py32e407_hal_rcc_ex.c ****       {
 920:../../../../../Drivers/PY32E407_HAL_Driver/Src/py32e407_hal_rcc_ex.c ****         frequency = LSI_VALUE;
 921:../../../../../Drivers/PY32E407_HAL_Driver/Src/py32e407_hal_rcc_ex.c ****       }
 922:../../../../../Drivers/PY32E407_HAL_Driver/Src/py32e407_hal_rcc_ex.c ****       else if((HAL_IS_BIT_SET(RCC->BDCR, RCC_BDCR_LSERDY)) && (srcclk == RCC_COMP4CLKSOURCE_LSE))
 845              		.loc 1 922 12 is_stmt 1 view .LVU274
 846              		.loc 1 922 16 is_stmt 0 view .LVU275
 847 00e4 694A     		ldr	r2, .L176+4
 848 00e6 106F     		ldr	r0, [r2, #112]
 849              	.LVL36:
 850              		.loc 1 922 14 view .LVU276
 851 00e8 10F00200 		ands	r0, r0, #2
 852 00ec 00F07982 		beq	.L40
 853              		.loc 1 922 60 discriminator 1 view .LVU277
 854 00f0 B3F5000F 		cmp	r3, #8388608
 855 00f4 00F0B682 		beq	.L143
 447:../../../../../Drivers/PY32E407_HAL_Driver/Src/py32e407_hal_rcc_ex.c **** 
 856              		.loc 1 447 27 view .LVU278
 857 00f8 0020     		movs	r0, #0
 858 00fa 72E2     		b	.L40
 859              	.LVL37:
 860              	.L148:
 452:../../../../../Drivers/PY32E407_HAL_Driver/Src/py32e407_hal_rcc_ex.c ****   {
 861              		.loc 1 452 3 view .LVU279
 862 00fc B0F5007F 		cmp	r0, #512
 863 0100 00F00082 		beq	.L55
 864 0104 B0F5806F 		cmp	r0, #1024
 865 0108 23D1     		bne	.L151
 808:../../../../../Drivers/PY32E407_HAL_Driver/Src/py32e407_hal_rcc_ex.c **** 
 866              		.loc 1 808 7 is_stmt 1 view .LVU280
 808:../../../../../Drivers/PY32E407_HAL_Driver/Src/py32e407_hal_rcc_ex.c **** 
 867              		.loc 1 808 16 is_stmt 0 view .LVU281
ARM GAS  C:\Users\n11ak\AppData\Local\Temp\cc3ria0q.s 			page 33


 868 010a 604B     		ldr	r3, .L176+4
 869 010c 9B6E     		ldr	r3, [r3, #104]
 870              	.LVL38:
 810:../../../../../Drivers/PY32E407_HAL_Driver/Src/py32e407_hal_rcc_ex.c ****       {
 871              		.loc 1 810 7 is_stmt 1 view .LVU282
 810:../../../../../Drivers/PY32E407_HAL_Driver/Src/py32e407_hal_rcc_ex.c ****       {
 872              		.loc 1 810 9 is_stmt 0 view .LVU283
 873 010e 13F44043 		ands	r3, r3, #49152
 874              	.LVL39:
 810:../../../../../Drivers/PY32E407_HAL_Driver/Src/py32e407_hal_rcc_ex.c ****       {
 875              		.loc 1 810 9 view .LVU284
 876 0112 00F01782 		beq	.L152
 814:../../../../../Drivers/PY32E407_HAL_Driver/Src/py32e407_hal_rcc_ex.c ****       {
 877              		.loc 1 814 12 is_stmt 1 view .LVU285
 814:../../../../../Drivers/PY32E407_HAL_Driver/Src/py32e407_hal_rcc_ex.c ****       {
 878              		.loc 1 814 16 is_stmt 0 view .LVU286
 879 0116 5D4A     		ldr	r2, .L176+4
 880 0118 526F     		ldr	r2, [r2, #116]
 814:../../../../../Drivers/PY32E407_HAL_Driver/Src/py32e407_hal_rcc_ex.c ****       {
 881              		.loc 1 814 14 view .LVU287
 882 011a 12F0020F 		tst	r2, #2
 883 011e 03D0     		beq	.L102
 814:../../../../../Drivers/PY32E407_HAL_Driver/Src/py32e407_hal_rcc_ex.c ****       {
 884              		.loc 1 814 58 discriminator 1 view .LVU288
 885 0120 B3F5804F 		cmp	r3, #16384
 886 0124 00F08182 		beq	.L133
 887              	.L102:
 818:../../../../../Drivers/PY32E407_HAL_Driver/Src/py32e407_hal_rcc_ex.c ****       {
 888              		.loc 1 818 12 is_stmt 1 view .LVU289
 818:../../../../../Drivers/PY32E407_HAL_Driver/Src/py32e407_hal_rcc_ex.c ****       {
 889              		.loc 1 818 16 is_stmt 0 view .LVU290
 890 0128 584A     		ldr	r2, .L176+4
 891 012a 1268     		ldr	r2, [r2]
 818:../../../../../Drivers/PY32E407_HAL_Driver/Src/py32e407_hal_rcc_ex.c ****       {
 892              		.loc 1 818 14 view .LVU291
 893 012c 12F0020F 		tst	r2, #2
 894 0130 03D0     		beq	.L103
 818:../../../../../Drivers/PY32E407_HAL_Driver/Src/py32e407_hal_rcc_ex.c ****       {
 895              		.loc 1 818 56 discriminator 1 view .LVU292
 896 0132 B3F5004F 		cmp	r3, #32768
 897 0136 00F07B82 		beq	.L134
 898              	.L103:
 822:../../../../../Drivers/PY32E407_HAL_Driver/Src/py32e407_hal_rcc_ex.c ****       {
 899              		.loc 1 822 12 is_stmt 1 view .LVU293
 822:../../../../../Drivers/PY32E407_HAL_Driver/Src/py32e407_hal_rcc_ex.c ****       {
 900              		.loc 1 822 16 is_stmt 0 view .LVU294
 901 013a 544A     		ldr	r2, .L176+4
 902 013c 106F     		ldr	r0, [r2, #112]
 903              	.LVL40:
 822:../../../../../Drivers/PY32E407_HAL_Driver/Src/py32e407_hal_rcc_ex.c ****       {
 904              		.loc 1 822 14 view .LVU295
 905 013e 10F00200 		ands	r0, r0, #2
 906 0142 00F04E82 		beq	.L40
 822:../../../../../Drivers/PY32E407_HAL_Driver/Src/py32e407_hal_rcc_ex.c ****       {
 907              		.loc 1 822 60 discriminator 1 view .LVU296
 908 0146 B3F5404F 		cmp	r3, #49152
 909 014a 00F07382 		beq	.L135
ARM GAS  C:\Users\n11ak\AppData\Local\Temp\cc3ria0q.s 			page 34


 447:../../../../../Drivers/PY32E407_HAL_Driver/Src/py32e407_hal_rcc_ex.c **** 
 910              		.loc 1 447 27 view .LVU297
 911 014e 0020     		movs	r0, #0
 912 0150 47E2     		b	.L40
 913              	.LVL41:
 914              	.L151:
 452:../../../../../Drivers/PY32E407_HAL_Driver/Src/py32e407_hal_rcc_ex.c ****   {
 915              		.loc 1 452 3 view .LVU298
 916 0152 B0F5807F 		cmp	r0, #256
 917 0156 1BD1     		bne	.L153
 750:../../../../../Drivers/PY32E407_HAL_Driver/Src/py32e407_hal_rcc_ex.c **** 
 918              		.loc 1 750 7 is_stmt 1 view .LVU299
 750:../../../../../Drivers/PY32E407_HAL_Driver/Src/py32e407_hal_rcc_ex.c **** 
 919              		.loc 1 750 16 is_stmt 0 view .LVU300
 920 0158 4C4B     		ldr	r3, .L176+4
 921 015a 9B6E     		ldr	r3, [r3, #104]
 922              	.LVL42:
 752:../../../../../Drivers/PY32E407_HAL_Driver/Src/py32e407_hal_rcc_ex.c ****       {
 923              		.loc 1 752 7 is_stmt 1 view .LVU301
 752:../../../../../Drivers/PY32E407_HAL_Driver/Src/py32e407_hal_rcc_ex.c ****       {
 924              		.loc 1 752 9 is_stmt 0 view .LVU302
 925 015c 13F03003 		ands	r3, r3, #48
 926              	.LVL43:
 752:../../../../../Drivers/PY32E407_HAL_Driver/Src/py32e407_hal_rcc_ex.c ****       {
 927              		.loc 1 752 9 view .LVU303
 928 0160 00F0CA81 		beq	.L154
 756:../../../../../Drivers/PY32E407_HAL_Driver/Src/py32e407_hal_rcc_ex.c ****       {
 929              		.loc 1 756 12 is_stmt 1 view .LVU304
 756:../../../../../Drivers/PY32E407_HAL_Driver/Src/py32e407_hal_rcc_ex.c ****       {
 930              		.loc 1 756 14 is_stmt 0 view .LVU305
 931 0164 102B     		cmp	r3, #16
 932 0166 00F0CA81 		beq	.L155
 760:../../../../../Drivers/PY32E407_HAL_Driver/Src/py32e407_hal_rcc_ex.c ****       {
 933              		.loc 1 760 12 is_stmt 1 view .LVU306
 760:../../../../../Drivers/PY32E407_HAL_Driver/Src/py32e407_hal_rcc_ex.c ****       {
 934              		.loc 1 760 16 is_stmt 0 view .LVU307
 935 016a 484A     		ldr	r2, .L176+4
 936 016c 1268     		ldr	r2, [r2]
 760:../../../../../Drivers/PY32E407_HAL_Driver/Src/py32e407_hal_rcc_ex.c ****       {
 937              		.loc 1 760 14 view .LVU308
 938 016e 12F0020F 		tst	r2, #2
 939 0172 02D0     		beq	.L97
 760:../../../../../Drivers/PY32E407_HAL_Driver/Src/py32e407_hal_rcc_ex.c ****       {
 940              		.loc 1 760 56 discriminator 1 view .LVU309
 941 0174 202B     		cmp	r3, #32
 942 0176 00F04E82 		beq	.L129
 943              	.L97:
 764:../../../../../Drivers/PY32E407_HAL_Driver/Src/py32e407_hal_rcc_ex.c ****       {
 944              		.loc 1 764 12 is_stmt 1 view .LVU310
 764:../../../../../Drivers/PY32E407_HAL_Driver/Src/py32e407_hal_rcc_ex.c ****       {
 945              		.loc 1 764 16 is_stmt 0 view .LVU311
 946 017a 444A     		ldr	r2, .L176+4
 947 017c 106F     		ldr	r0, [r2, #112]
 948              	.LVL44:
 764:../../../../../Drivers/PY32E407_HAL_Driver/Src/py32e407_hal_rcc_ex.c ****       {
 949              		.loc 1 764 14 view .LVU312
 950 017e 10F00200 		ands	r0, r0, #2
ARM GAS  C:\Users\n11ak\AppData\Local\Temp\cc3ria0q.s 			page 35


 951 0182 00F02E82 		beq	.L40
 764:../../../../../Drivers/PY32E407_HAL_Driver/Src/py32e407_hal_rcc_ex.c ****       {
 952              		.loc 1 764 60 discriminator 1 view .LVU313
 953 0186 302B     		cmp	r3, #48
 954 0188 00F04782 		beq	.L130
 447:../../../../../Drivers/PY32E407_HAL_Driver/Src/py32e407_hal_rcc_ex.c **** 
 955              		.loc 1 447 27 view .LVU314
 956 018c 0020     		movs	r0, #0
 957 018e 28E2     		b	.L40
 958              	.LVL45:
 959              	.L153:
 452:../../../../../Drivers/PY32E407_HAL_Driver/Src/py32e407_hal_rcc_ex.c ****   {
 960              		.loc 1 452 3 view .LVU315
 961 0190 0020     		movs	r0, #0
 962              	.LVL46:
 452:../../../../../Drivers/PY32E407_HAL_Driver/Src/py32e407_hal_rcc_ex.c ****   {
 963              		.loc 1 452 3 view .LVU316
 964 0192 26E2     		b	.L40
 965              	.LVL47:
 966              	.L149:
 452:../../../../../Drivers/PY32E407_HAL_Driver/Src/py32e407_hal_rcc_ex.c ****   {
 967              		.loc 1 452 3 view .LVU317
 968 0194 B0F5805F 		cmp	r0, #4096
 969 0198 1AD1     		bne	.L156
 862:../../../../../Drivers/PY32E407_HAL_Driver/Src/py32e407_hal_rcc_ex.c **** 
 970              		.loc 1 862 7 is_stmt 1 view .LVU318
 862:../../../../../Drivers/PY32E407_HAL_Driver/Src/py32e407_hal_rcc_ex.c **** 
 971              		.loc 1 862 16 is_stmt 0 view .LVU319
 972 019a 3C4B     		ldr	r3, .L176+4
 973 019c 9B6E     		ldr	r3, [r3, #104]
 974              	.LVL48:
 864:../../../../../Drivers/PY32E407_HAL_Driver/Src/py32e407_hal_rcc_ex.c ****       {
 975              		.loc 1 864 7 is_stmt 1 view .LVU320
 864:../../../../../Drivers/PY32E407_HAL_Driver/Src/py32e407_hal_rcc_ex.c ****       {
 976              		.loc 1 864 9 is_stmt 0 view .LVU321
 977 019e 13F44023 		ands	r3, r3, #786432
 978              	.LVL49:
 864:../../../../../Drivers/PY32E407_HAL_Driver/Src/py32e407_hal_rcc_ex.c ****       {
 979              		.loc 1 864 9 view .LVU322
 980 01a2 00F0FB81 		beq	.L157
 868:../../../../../Drivers/PY32E407_HAL_Driver/Src/py32e407_hal_rcc_ex.c ****       {
 981              		.loc 1 868 12 is_stmt 1 view .LVU323
 868:../../../../../Drivers/PY32E407_HAL_Driver/Src/py32e407_hal_rcc_ex.c ****       {
 982              		.loc 1 868 16 is_stmt 0 view .LVU324
 983 01a6 394A     		ldr	r2, .L176+4
 984 01a8 526F     		ldr	r2, [r2, #116]
 868:../../../../../Drivers/PY32E407_HAL_Driver/Src/py32e407_hal_rcc_ex.c ****       {
 985              		.loc 1 868 14 view .LVU325
 986 01aa 12F0020F 		tst	r2, #2
 987 01ae 03D0     		beq	.L107
 868:../../../../../Drivers/PY32E407_HAL_Driver/Src/py32e407_hal_rcc_ex.c ****       {
 988              		.loc 1 868 58 discriminator 1 view .LVU326
 989 01b0 B3F5802F 		cmp	r3, #262144
 990 01b4 00F04782 		beq	.L138
 991              	.L107:
 872:../../../../../Drivers/PY32E407_HAL_Driver/Src/py32e407_hal_rcc_ex.c ****       {
 992              		.loc 1 872 12 is_stmt 1 view .LVU327
ARM GAS  C:\Users\n11ak\AppData\Local\Temp\cc3ria0q.s 			page 36


 872:../../../../../Drivers/PY32E407_HAL_Driver/Src/py32e407_hal_rcc_ex.c ****       {
 993              		.loc 1 872 16 is_stmt 0 view .LVU328
 994 01b8 344A     		ldr	r2, .L176+4
 995 01ba 106F     		ldr	r0, [r2, #112]
 996              	.LVL50:
 872:../../../../../Drivers/PY32E407_HAL_Driver/Src/py32e407_hal_rcc_ex.c ****       {
 997              		.loc 1 872 14 view .LVU329
 998 01bc 10F00200 		ands	r0, r0, #2
 999 01c0 00F00F82 		beq	.L40
 872:../../../../../Drivers/PY32E407_HAL_Driver/Src/py32e407_hal_rcc_ex.c ****       {
 1000              		.loc 1 872 60 discriminator 1 view .LVU330
 1001 01c4 B3F5002F 		cmp	r3, #524288
 1002 01c8 00F04082 		beq	.L139
 447:../../../../../Drivers/PY32E407_HAL_Driver/Src/py32e407_hal_rcc_ex.c **** 
 1003              		.loc 1 447 27 view .LVU331
 1004 01cc 0020     		movs	r0, #0
 1005 01ce 08E2     		b	.L40
 1006              	.LVL51:
 1007              	.L156:
 452:../../../../../Drivers/PY32E407_HAL_Driver/Src/py32e407_hal_rcc_ex.c ****   {
 1008              		.loc 1 452 3 view .LVU332
 1009 01d0 0020     		movs	r0, #0
 1010              	.LVL52:
 452:../../../../../Drivers/PY32E407_HAL_Driver/Src/py32e407_hal_rcc_ex.c ****   {
 1011              		.loc 1 452 3 view .LVU333
 1012 01d2 06E2     		b	.L40
 1013              	.LVL53:
 1014              	.L51:
 457:../../../../../Drivers/PY32E407_HAL_Driver/Src/py32e407_hal_rcc_ex.c **** 
 1015              		.loc 1 457 7 is_stmt 1 view .LVU334
 457:../../../../../Drivers/PY32E407_HAL_Driver/Src/py32e407_hal_rcc_ex.c **** 
 1016              		.loc 1 457 16 is_stmt 0 view .LVU335
 1017 01d4 2D4B     		ldr	r3, .L176+4
 1018 01d6 1B6F     		ldr	r3, [r3, #112]
 1019              	.LVL54:
 460:../../../../../Drivers/PY32E407_HAL_Driver/Src/py32e407_hal_rcc_ex.c ****       {
 1020              		.loc 1 460 7 is_stmt 1 view .LVU336
 460:../../../../../Drivers/PY32E407_HAL_Driver/Src/py32e407_hal_rcc_ex.c ****       {
 1021              		.loc 1 460 66 is_stmt 0 view .LVU337
 1022 01d8 40F20232 		movw	r2, #770
 1023 01dc 1A40     		ands	r2, r2, r3
 460:../../../../../Drivers/PY32E407_HAL_Driver/Src/py32e407_hal_rcc_ex.c ****       {
 1024              		.loc 1 460 10 view .LVU338
 1025 01de B2F5817F 		cmp	r2, #258
 1026 01e2 00F00182 		beq	.L114
 465:../../../../../Drivers/PY32E407_HAL_Driver/Src/py32e407_hal_rcc_ex.c ****       {
 1027              		.loc 1 465 12 is_stmt 1 view .LVU339
 465:../../../../../Drivers/PY32E407_HAL_Driver/Src/py32e407_hal_rcc_ex.c ****       {
 1028              		.loc 1 465 27 is_stmt 0 view .LVU340
 1029 01e6 03F44073 		and	r3, r3, #768
 1030              	.LVL55:
 465:../../../../../Drivers/PY32E407_HAL_Driver/Src/py32e407_hal_rcc_ex.c ****       {
 1031              		.loc 1 465 15 view .LVU341
 1032 01ea B3F5007F 		cmp	r3, #512
 1033 01ee 04D0     		beq	.L158
 1034              	.L61:
 469:../../../../../Drivers/PY32E407_HAL_Driver/Src/py32e407_hal_rcc_ex.c ****       {
ARM GAS  C:\Users\n11ak\AppData\Local\Temp\cc3ria0q.s 			page 37


 1035              		.loc 1 469 12 is_stmt 1 view .LVU342
 469:../../../../../Drivers/PY32E407_HAL_Driver/Src/py32e407_hal_rcc_ex.c ****       {
 1036              		.loc 1 469 15 is_stmt 0 view .LVU343
 1037 01f0 B3F5407F 		cmp	r3, #768
 1038 01f4 09D0     		beq	.L159
 447:../../../../../Drivers/PY32E407_HAL_Driver/Src/py32e407_hal_rcc_ex.c **** 
 1039              		.loc 1 447 27 view .LVU344
 1040 01f6 0020     		movs	r0, #0
 1041              	.LVL56:
 447:../../../../../Drivers/PY32E407_HAL_Driver/Src/py32e407_hal_rcc_ex.c **** 
 1042              		.loc 1 447 27 view .LVU345
 1043 01f8 F3E1     		b	.L40
 1044              	.L158:
 465:../../../../../Drivers/PY32E407_HAL_Driver/Src/py32e407_hal_rcc_ex.c ****       {
 1045              		.loc 1 465 75 discriminator 1 view .LVU346
 1046 01fa 244A     		ldr	r2, .L176+4
 1047 01fc 526F     		ldr	r2, [r2, #116]
 465:../../../../../Drivers/PY32E407_HAL_Driver/Src/py32e407_hal_rcc_ex.c ****       {
 1048              		.loc 1 465 71 discriminator 1 view .LVU347
 1049 01fe 12F0020F 		tst	r2, #2
 1050 0202 F5D0     		beq	.L61
 467:../../../../../Drivers/PY32E407_HAL_Driver/Src/py32e407_hal_rcc_ex.c ****       }
 1051              		.loc 1 467 19 view .LVU348
 1052 0204 49F64040 		movw	r0, #40000
 1053 0208 EBE1     		b	.L40
 1054              	.L159:
 469:../../../../../Drivers/PY32E407_HAL_Driver/Src/py32e407_hal_rcc_ex.c ****       {
 1055              		.loc 1 469 82 discriminator 1 view .LVU349
 1056 020a 204B     		ldr	r3, .L176+4
 1057 020c 1868     		ldr	r0, [r3]
 469:../../../../../Drivers/PY32E407_HAL_Driver/Src/py32e407_hal_rcc_ex.c ****       {
 1058              		.loc 1 469 78 discriminator 1 view .LVU350
 1059 020e 10F40030 		ands	r0, r0, #131072
 1060 0212 00F0E681 		beq	.L40
 471:../../../../../Drivers/PY32E407_HAL_Driver/Src/py32e407_hal_rcc_ex.c ****       }
 1061              		.loc 1 471 19 view .LVU351
 1062 0216 1E48     		ldr	r0, .L176+8
 1063 0218 E3E1     		b	.L40
 1064              	.LVL57:
 1065              	.L50:
 482:../../../../../Drivers/PY32E407_HAL_Driver/Src/py32e407_hal_rcc_ex.c ****       {
 1066              		.loc 1 482 7 is_stmt 1 view .LVU352
 482:../../../../../Drivers/PY32E407_HAL_Driver/Src/py32e407_hal_rcc_ex.c ****       {
 1067              		.loc 1 482 14 is_stmt 0 view .LVU353
 1068 021a 1C4B     		ldr	r3, .L176+4
 1069 021c 5B68     		ldr	r3, [r3, #4]
 1070 021e 03F4E023 		and	r3, r3, #458752
 1071 0222 B3F5403F 		cmp	r3, #196608
 1072 0226 24D0     		beq	.L62
 1073 0228 13D8     		bhi	.L63
 1074 022a B3F5803F 		cmp	r3, #65536
 1075 022e 1CD0     		beq	.L64
 1076 0230 B3F5003F 		cmp	r3, #131072
 1077 0234 06D1     		bne	.L160
 496:../../../../../Drivers/PY32E407_HAL_Driver/Src/py32e407_hal_rcc_ex.c ****           break;
 1078              		.loc 1 496 11 is_stmt 1 view .LVU354
 496:../../../../../Drivers/PY32E407_HAL_Driver/Src/py32e407_hal_rcc_ex.c ****           break;
ARM GAS  C:\Users\n11ak\AppData\Local\Temp\cc3ria0q.s 			page 38


 1079              		.loc 1 496 23 is_stmt 0 view .LVU355
 1080 0236 FFF7FEFF 		bl	HAL_RCC_GetPCLK2Freq
 1081              	.LVL58:
 496:../../../../../Drivers/PY32E407_HAL_Driver/Src/py32e407_hal_rcc_ex.c ****           break;
 1082              		.loc 1 496 21 view .LVU356
 1083 023a 164B     		ldr	r3, .L176+12
 1084 023c A3FB0030 		umull	r3, r0, r3, r0
 1085 0240 8008     		lsrs	r0, r0, #2
 1086              	.LVL59:
 497:../../../../../Drivers/PY32E407_HAL_Driver/Src/py32e407_hal_rcc_ex.c ****         }
 1087              		.loc 1 497 11 is_stmt 1 view .LVU357
 1088 0242 CEE1     		b	.L40
 1089              	.LVL60:
 1090              	.L160:
 497:../../../../../Drivers/PY32E407_HAL_Driver/Src/py32e407_hal_rcc_ex.c ****         }
 1091              		.loc 1 497 11 is_stmt 0 view .LVU358
 1092 0244 1BB9     		cbnz	r3, .L161
 486:../../../../../Drivers/PY32E407_HAL_Driver/Src/py32e407_hal_rcc_ex.c ****           break;
 1093              		.loc 1 486 11 is_stmt 1 view .LVU359
 486:../../../../../Drivers/PY32E407_HAL_Driver/Src/py32e407_hal_rcc_ex.c ****           break;
 1094              		.loc 1 486 23 is_stmt 0 view .LVU360
 1095 0246 FFF7FEFF 		bl	HAL_RCC_GetPCLK2Freq
 1096              	.LVL61:
 486:../../../../../Drivers/PY32E407_HAL_Driver/Src/py32e407_hal_rcc_ex.c ****           break;
 1097              		.loc 1 486 21 view .LVU361
 1098 024a 4008     		lsrs	r0, r0, #1
 1099              	.LVL62:
 487:../../../../../Drivers/PY32E407_HAL_Driver/Src/py32e407_hal_rcc_ex.c ****         }
 1100              		.loc 1 487 11 is_stmt 1 view .LVU362
 1101 024c C9E1     		b	.L40
 1102              	.LVL63:
 1103              	.L161:
 487:../../../../../Drivers/PY32E407_HAL_Driver/Src/py32e407_hal_rcc_ex.c ****         }
 1104              		.loc 1 487 11 is_stmt 0 view .LVU363
 1105 024e 0020     		movs	r0, #0
 1106 0250 C7E1     		b	.L40
 1107              	.L63:
 1108 0252 B3F5A02F 		cmp	r3, #327680
 1109 0256 10D0     		beq	.L67
 1110 0258 B3F5E02F 		cmp	r3, #458752
 1111 025c 03D1     		bne	.L162
 511:../../../../../Drivers/PY32E407_HAL_Driver/Src/py32e407_hal_rcc_ex.c ****           break;
 1112              		.loc 1 511 11 is_stmt 1 view .LVU364
 511:../../../../../Drivers/PY32E407_HAL_Driver/Src/py32e407_hal_rcc_ex.c ****           break;
 1113              		.loc 1 511 23 is_stmt 0 view .LVU365
 1114 025e FFF7FEFF 		bl	HAL_RCC_GetPCLK2Freq
 1115              	.LVL64:
 511:../../../../../Drivers/PY32E407_HAL_Driver/Src/py32e407_hal_rcc_ex.c ****           break;
 1116              		.loc 1 511 21 view .LVU366
 1117 0262 0009     		lsrs	r0, r0, #4
 1118              	.LVL65:
 512:../../../../../Drivers/PY32E407_HAL_Driver/Src/py32e407_hal_rcc_ex.c ****         }
 1119              		.loc 1 512 11 is_stmt 1 view .LVU367
 1120 0264 BDE1     		b	.L40
 1121              	.LVL66:
 1122              	.L162:
 512:../../../../../Drivers/PY32E407_HAL_Driver/Src/py32e407_hal_rcc_ex.c ****         }
ARM GAS  C:\Users\n11ak\AppData\Local\Temp\cc3ria0q.s 			page 39


 1123              		.loc 1 512 11 is_stmt 0 view .LVU368
 1124 0266 0020     		movs	r0, #0
 1125 0268 BBE1     		b	.L40
 1126              	.L64:
 491:../../../../../Drivers/PY32E407_HAL_Driver/Src/py32e407_hal_rcc_ex.c ****           break;
 1127              		.loc 1 491 11 is_stmt 1 view .LVU369
 491:../../../../../Drivers/PY32E407_HAL_Driver/Src/py32e407_hal_rcc_ex.c ****           break;
 1128              		.loc 1 491 23 is_stmt 0 view .LVU370
 1129 026a FFF7FEFF 		bl	HAL_RCC_GetPCLK2Freq
 1130              	.LVL67:
 491:../../../../../Drivers/PY32E407_HAL_Driver/Src/py32e407_hal_rcc_ex.c ****           break;
 1131              		.loc 1 491 21 view .LVU371
 1132 026e 8008     		lsrs	r0, r0, #2
 1133              	.LVL68:
 492:../../../../../Drivers/PY32E407_HAL_Driver/Src/py32e407_hal_rcc_ex.c ****         }
 1134              		.loc 1 492 11 is_stmt 1 view .LVU372
 1135 0270 B7E1     		b	.L40
 1136              	.LVL69:
 1137              	.L62:
 501:../../../../../Drivers/PY32E407_HAL_Driver/Src/py32e407_hal_rcc_ex.c ****           break;
 1138              		.loc 1 501 11 view .LVU373
 501:../../../../../Drivers/PY32E407_HAL_Driver/Src/py32e407_hal_rcc_ex.c ****           break;
 1139              		.loc 1 501 23 is_stmt 0 view .LVU374
 1140 0272 FFF7FEFF 		bl	HAL_RCC_GetPCLK2Freq
 1141              	.LVL70:
 501:../../../../../Drivers/PY32E407_HAL_Driver/Src/py32e407_hal_rcc_ex.c ****           break;
 1142              		.loc 1 501 21 view .LVU375
 1143 0276 C008     		lsrs	r0, r0, #3
 1144              	.LVL71:
 502:../../../../../Drivers/PY32E407_HAL_Driver/Src/py32e407_hal_rcc_ex.c ****         }
 1145              		.loc 1 502 11 is_stmt 1 view .LVU376
 1146 0278 B3E1     		b	.L40
 1147              	.LVL72:
 1148              	.L67:
 506:../../../../../Drivers/PY32E407_HAL_Driver/Src/py32e407_hal_rcc_ex.c ****           break;
 1149              		.loc 1 506 11 view .LVU377
 506:../../../../../Drivers/PY32E407_HAL_Driver/Src/py32e407_hal_rcc_ex.c ****           break;
 1150              		.loc 1 506 23 is_stmt 0 view .LVU378
 1151 027a FFF7FEFF 		bl	HAL_RCC_GetPCLK2Freq
 1152              	.LVL73:
 506:../../../../../Drivers/PY32E407_HAL_Driver/Src/py32e407_hal_rcc_ex.c ****           break;
 1153              		.loc 1 506 21 view .LVU379
 1154 027e 054B     		ldr	r3, .L176+12
 1155 0280 A3FB0030 		umull	r3, r0, r3, r0
 1156 0284 C008     		lsrs	r0, r0, #3
 1157              	.LVL74:
 507:../../../../../Drivers/PY32E407_HAL_Driver/Src/py32e407_hal_rcc_ex.c ****         }
 1158              		.loc 1 507 11 is_stmt 1 view .LVU380
 1159 0286 ACE1     		b	.L40
 1160              	.L177:
 1161              		.align	2
 1162              	.L176:
 1163 0288 01020408 		.word	134480385
 1164 028c 00100240 		.word	1073876992
 1165 0290 6CDC0200 		.word	187500
 1166 0294 ABAAAAAA 		.word	-1431655765
 1167              	.LVL75:
ARM GAS  C:\Users\n11ak\AppData\Local\Temp\cc3ria0q.s 			page 40


 1168              	.L49:
 525:../../../../../Drivers/PY32E407_HAL_Driver/Src/py32e407_hal_rcc_ex.c ****       
 1169              		.loc 1 525 7 view .LVU381
 525:../../../../../Drivers/PY32E407_HAL_Driver/Src/py32e407_hal_rcc_ex.c ****       
 1170              		.loc 1 525 16 is_stmt 0 view .LVU382
 1171 0298 AC4B     		ldr	r3, .L178
 1172 029a 9B6F     		ldr	r3, [r3, #120]
 1173              	.LVL76:
 527:../../../../../Drivers/PY32E407_HAL_Driver/Src/py32e407_hal_rcc_ex.c ****       {
 1174              		.loc 1 527 7 is_stmt 1 view .LVU383
 527:../../../../../Drivers/PY32E407_HAL_Driver/Src/py32e407_hal_rcc_ex.c ****       {
 1175              		.loc 1 527 9 is_stmt 0 view .LVU384
 1176 029c 002B     		cmp	r3, #0
 1177 029e 2EDB     		blt	.L163
 1178              	.L69:
 531:../../../../../Drivers/PY32E407_HAL_Driver/Src/py32e407_hal_rcc_ex.c ****       {
 1179              		.loc 1 531 12 is_stmt 1 view .LVU385
 531:../../../../../Drivers/PY32E407_HAL_Driver/Src/py32e407_hal_rcc_ex.c ****       {
 1180              		.loc 1 531 14 is_stmt 0 view .LVU386
 1181 02a0 002B     		cmp	r3, #0
 1182 02a2 C0F2A481 		blt	.L119
 531:../../../../../Drivers/PY32E407_HAL_Driver/Src/py32e407_hal_rcc_ex.c ****       {
 1183              		.loc 1 531 85 discriminator 1 view .LVU387
 1184 02a6 A94B     		ldr	r3, .L178
 1185 02a8 1868     		ldr	r0, [r3]
 531:../../../../../Drivers/PY32E407_HAL_Driver/Src/py32e407_hal_rcc_ex.c ****       {
 1186              		.loc 1 531 81 discriminator 1 view .LVU388
 1187 02aa 10F00070 		ands	r0, r0, #33554432
 1188 02ae 00F09881 		beq	.L40
 533:../../../../../Drivers/PY32E407_HAL_Driver/Src/py32e407_hal_rcc_ex.c ****         pllprediv = aDivFactorTable[(uint32_t)(RCC->CFGR3 & RCC_CFGR3_PLLPREDIV) >> RCC_CFGR3_PLLPR
 1189              		.loc 1 533 9 is_stmt 1 view .LVU389
 533:../../../../../Drivers/PY32E407_HAL_Driver/Src/py32e407_hal_rcc_ex.c ****         pllprediv = aDivFactorTable[(uint32_t)(RCC->CFGR3 & RCC_CFGR3_PLLPREDIV) >> RCC_CFGR3_PLLPR
 1190              		.loc 1 533 16 is_stmt 0 view .LVU390
 1191 02b2 1A46     		mov	r2, r3
 1192 02b4 D3F88010 		ldr	r1, [r3, #128]
 1193              	.LVL77:
 534:../../../../../Drivers/PY32E407_HAL_Driver/Src/py32e407_hal_rcc_ex.c ****         pllpostdiv = aDivFactorTable[(uint32_t)(RCC->CFGR3 & RCC_CFGR3_PLLPOSTDIV) >> RCC_CFGR3_PLL
 1194              		.loc 1 534 9 is_stmt 1 view .LVU391
 534:../../../../../Drivers/PY32E407_HAL_Driver/Src/py32e407_hal_rcc_ex.c ****         pllpostdiv = aDivFactorTable[(uint32_t)(RCC->CFGR3 & RCC_CFGR3_PLLPOSTDIV) >> RCC_CFGR3_PLL
 1195              		.loc 1 534 51 is_stmt 0 view .LVU392
 1196 02b8 D3F88030 		ldr	r3, [r3, #128]
 534:../../../../../Drivers/PY32E407_HAL_Driver/Src/py32e407_hal_rcc_ex.c ****         pllpostdiv = aDivFactorTable[(uint32_t)(RCC->CFGR3 & RCC_CFGR3_PLLPOSTDIV) >> RCC_CFGR3_PLL
 1197              		.loc 1 534 82 view .LVU393
 1198 02bc C3F38103 		ubfx	r3, r3, #2, #2
 534:../../../../../Drivers/PY32E407_HAL_Driver/Src/py32e407_hal_rcc_ex.c ****         pllpostdiv = aDivFactorTable[(uint32_t)(RCC->CFGR3 & RCC_CFGR3_PLLPOSTDIV) >> RCC_CFGR3_PLL
 1199              		.loc 1 534 36 view .LVU394
 1200 02c0 0833     		adds	r3, r3, #8
 1201 02c2 6B44     		add	r3, sp, r3
 1202 02c4 13F804CC 		ldrb	ip, [r3, #-4]	@ zero_extendqisi2
 1203              	.LVL78:
 535:../../../../../Drivers/PY32E407_HAL_Driver/Src/py32e407_hal_rcc_ex.c ****         pllmul = (READ_BIT(RCC->CFGR3, RCC_CFGR3_PLLFBDIV) >> RCC_CFGR3_PLLFBDIV_Pos) + 2U;
 1204              		.loc 1 535 9 is_stmt 1 view .LVU395
 535:../../../../../Drivers/PY32E407_HAL_Driver/Src/py32e407_hal_rcc_ex.c ****         pllmul = (READ_BIT(RCC->CFGR3, RCC_CFGR3_PLLFBDIV) >> RCC_CFGR3_PLLFBDIV_Pos) + 2U;
 1205              		.loc 1 535 52 is_stmt 0 view .LVU396
 1206 02c8 D2F88030 		ldr	r3, [r2, #128]
 535:../../../../../Drivers/PY32E407_HAL_Driver/Src/py32e407_hal_rcc_ex.c ****         pllmul = (READ_BIT(RCC->CFGR3, RCC_CFGR3_PLLFBDIV) >> RCC_CFGR3_PLLFBDIV_Pos) + 2U;
 1207              		.loc 1 535 84 view .LVU397
ARM GAS  C:\Users\n11ak\AppData\Local\Temp\cc3ria0q.s 			page 41


 1208 02cc C3F30113 		ubfx	r3, r3, #4, #2
 535:../../../../../Drivers/PY32E407_HAL_Driver/Src/py32e407_hal_rcc_ex.c ****         pllmul = (READ_BIT(RCC->CFGR3, RCC_CFGR3_PLLFBDIV) >> RCC_CFGR3_PLLFBDIV_Pos) + 2U;
 1209              		.loc 1 535 37 view .LVU398
 1210 02d0 0833     		adds	r3, r3, #8
 1211 02d2 6B44     		add	r3, sp, r3
 1212 02d4 13F8040C 		ldrb	r0, [r3, #-4]	@ zero_extendqisi2
 1213              	.LVL79:
 536:../../../../../Drivers/PY32E407_HAL_Driver/Src/py32e407_hal_rcc_ex.c ****         if(((tmpreg & (RCC_CFGR3_PLLSRC | RCC_CFGR3_PLLXTPRE)) == RCC_PLLSOURCE_HSE) || \
 1214              		.loc 1 536 9 is_stmt 1 view .LVU399
 536:../../../../../Drivers/PY32E407_HAL_Driver/Src/py32e407_hal_rcc_ex.c ****         if(((tmpreg & (RCC_CFGR3_PLLSRC | RCC_CFGR3_PLLXTPRE)) == RCC_PLLSOURCE_HSE) || \
 1215              		.loc 1 536 19 is_stmt 0 view .LVU400
 1216 02d8 D2F88030 		ldr	r3, [r2, #128]
 536:../../../../../Drivers/PY32E407_HAL_Driver/Src/py32e407_hal_rcc_ex.c ****         if(((tmpreg & (RCC_CFGR3_PLLSRC | RCC_CFGR3_PLLXTPRE)) == RCC_PLLSOURCE_HSE) || \
 1217              		.loc 1 536 60 view .LVU401
 1218 02dc C3F30723 		ubfx	r3, r3, #8, #8
 536:../../../../../Drivers/PY32E407_HAL_Driver/Src/py32e407_hal_rcc_ex.c ****         if(((tmpreg & (RCC_CFGR3_PLLSRC | RCC_CFGR3_PLLXTPRE)) == RCC_PLLSOURCE_HSE) || \
 1219              		.loc 1 536 16 view .LVU402
 1220 02e0 9A1C     		adds	r2, r3, #2
 1221              	.LVL80:
 537:../../../../../Drivers/PY32E407_HAL_Driver/Src/py32e407_hal_rcc_ex.c ****            ((tmpreg & (RCC_CFGR3_PLLSRC | RCC_CFGR3_PLLXTPRE)) == RCC_PLLSOURCE_HSE_DIV2))
 1222              		.loc 1 537 9 is_stmt 1 view .LVU403
 537:../../../../../Drivers/PY32E407_HAL_Driver/Src/py32e407_hal_rcc_ex.c ****            ((tmpreg & (RCC_CFGR3_PLLSRC | RCC_CFGR3_PLLXTPRE)) == RCC_PLLSOURCE_HSE_DIV2))
 1223              		.loc 1 537 21 is_stmt 0 view .LVU404
 1224 02e2 01F00303 		and	r3, r1, #3
 537:../../../../../Drivers/PY32E407_HAL_Driver/Src/py32e407_hal_rcc_ex.c ****            ((tmpreg & (RCC_CFGR3_PLLSRC | RCC_CFGR3_PLLXTPRE)) == RCC_PLLSOURCE_HSE_DIV2))
 1225              		.loc 1 537 11 view .LVU405
 1226 02e6 012B     		cmp	r3, #1
 1227 02e8 10D0     		beq	.L70
 537:../../../../../Drivers/PY32E407_HAL_Driver/Src/py32e407_hal_rcc_ex.c ****            ((tmpreg & (RCC_CFGR3_PLLSRC | RCC_CFGR3_PLLXTPRE)) == RCC_PLLSOURCE_HSE_DIV2))
 1228              		.loc 1 537 86 discriminator 1 view .LVU406
 1229 02ea 032B     		cmp	r3, #3
 1230 02ec 0ED0     		beq	.L70
 547:../../../../../Drivers/PY32E407_HAL_Driver/Src/py32e407_hal_rcc_ex.c ****         }
 1231              		.loc 1 547 11 is_stmt 1 view .LVU407
 547:../../../../../Drivers/PY32E407_HAL_Driver/Src/py32e407_hal_rcc_ex.c ****         }
 1232              		.loc 1 547 49 is_stmt 0 view .LVU408
 1233 02ee 984B     		ldr	r3, .L178+4
 1234 02f0 B3FBFCF3 		udiv	r3, r3, ip
 547:../../../../../Drivers/PY32E407_HAL_Driver/Src/py32e407_hal_rcc_ex.c ****         }
 1235              		.loc 1 547 61 view .LVU409
 1236 02f4 02FB03F3 		mul	r3, r2, r3
 547:../../../../../Drivers/PY32E407_HAL_Driver/Src/py32e407_hal_rcc_ex.c ****         }
 1237              		.loc 1 547 18 view .LVU410
 1238 02f8 B3FBF0F0 		udiv	r0, r3, r0
 1239              	.LVL81:
 547:../../../../../Drivers/PY32E407_HAL_Driver/Src/py32e407_hal_rcc_ex.c ****         }
 1240              		.loc 1 547 18 view .LVU411
 1241 02fc 18E0     		b	.L72
 1242              	.LVL82:
 1243              	.L163:
 527:../../../../../Drivers/PY32E407_HAL_Driver/Src/py32e407_hal_rcc_ex.c ****       {
 1244              		.loc 1 527 80 discriminator 1 view .LVU412
 1245 02fe 934A     		ldr	r2, .L178
 1246 0300 926F     		ldr	r2, [r2, #120]
 527:../../../../../Drivers/PY32E407_HAL_Driver/Src/py32e407_hal_rcc_ex.c ****       {
 1247              		.loc 1 527 76 discriminator 1 view .LVU413
 1248 0302 12F0200F 		tst	r2, #32
ARM GAS  C:\Users\n11ak\AppData\Local\Temp\cc3ria0q.s 			page 42


 1249 0306 CBD0     		beq	.L69
 529:../../../../../Drivers/PY32E407_HAL_Driver/Src/py32e407_hal_rcc_ex.c ****       }
 1250              		.loc 1 529 19 view .LVU414
 1251 0308 9248     		ldr	r0, .L178+8
 1252 030a 6AE1     		b	.L40
 1253              	.LVL83:
 1254              	.L70:
 540:../../../../../Drivers/PY32E407_HAL_Driver/Src/py32e407_hal_rcc_ex.c ****           /* HSE used as PLL clock source : PLLCLK = (HSE / PLLXTPREDIV) / PLLPREDIV * PLLMUL / PLL
 1255              		.loc 1 540 11 is_stmt 1 view .LVU415
 540:../../../../../Drivers/PY32E407_HAL_Driver/Src/py32e407_hal_rcc_ex.c ****           /* HSE used as PLL clock source : PLLCLK = (HSE / PLLXTPREDIV) / PLLPREDIV * PLLMUL / PLL
 1256              		.loc 1 540 60 is_stmt 0 view .LVU416
 1257 030c 8F4B     		ldr	r3, .L178
 1258 030e D3F88030 		ldr	r3, [r3, #128]
 540:../../../../../Drivers/PY32E407_HAL_Driver/Src/py32e407_hal_rcc_ex.c ****           /* HSE used as PLL clock source : PLLCLK = (HSE / PLLXTPREDIV) / PLLPREDIV * PLLMUL / PLL
 1259              		.loc 1 540 90 view .LVU417
 1260 0312 C3F34003 		ubfx	r3, r3, #1, #1
 540:../../../../../Drivers/PY32E407_HAL_Driver/Src/py32e407_hal_rcc_ex.c ****           /* HSE used as PLL clock source : PLLCLK = (HSE / PLLXTPREDIV) / PLLPREDIV * PLLMUL / PLL
 1261              		.loc 1 540 45 view .LVU418
 1262 0316 0833     		adds	r3, r3, #8
 1263 0318 6B44     		add	r3, sp, r3
 1264 031a 13F8081C 		ldrb	r1, [r3, #-8]	@ zero_extendqisi2
 1265              	.LVL84:
 542:../../../../../Drivers/PY32E407_HAL_Driver/Src/py32e407_hal_rcc_ex.c ****         }
 1266              		.loc 1 542 11 is_stmt 1 view .LVU419
 542:../../../../../Drivers/PY32E407_HAL_Driver/Src/py32e407_hal_rcc_ex.c ****         }
 1267              		.loc 1 542 42 is_stmt 0 view .LVU420
 1268 031e 8E4B     		ldr	r3, .L178+12
 1269 0320 B3FBF1F3 		udiv	r3, r3, r1
 542:../../../../../Drivers/PY32E407_HAL_Driver/Src/py32e407_hal_rcc_ex.c ****         }
 1270              		.loc 1 542 57 view .LVU421
 1271 0324 B3FBFCF3 		udiv	r3, r3, ip
 542:../../../../../Drivers/PY32E407_HAL_Driver/Src/py32e407_hal_rcc_ex.c ****         }
 1272              		.loc 1 542 69 view .LVU422
 1273 0328 02FB03F3 		mul	r3, r2, r3
 542:../../../../../Drivers/PY32E407_HAL_Driver/Src/py32e407_hal_rcc_ex.c ****         }
 1274              		.loc 1 542 18 view .LVU423
 1275 032c B3FBF0F0 		udiv	r0, r3, r0
 1276              	.LVL85:
 1277              	.L72:
 550:../../../../../Drivers/PY32E407_HAL_Driver/Src/py32e407_hal_rcc_ex.c ****         switch(usbprediv)
 1278              		.loc 1 550 9 is_stmt 1 view .LVU424
 550:../../../../../Drivers/PY32E407_HAL_Driver/Src/py32e407_hal_rcc_ex.c ****         switch(usbprediv)
 1279              		.loc 1 550 21 is_stmt 0 view .LVU425
 1280 0330 864B     		ldr	r3, .L178
 1281 0332 5B68     		ldr	r3, [r3, #4]
 550:../../../../../Drivers/PY32E407_HAL_Driver/Src/py32e407_hal_rcc_ex.c ****         switch(usbprediv)
 1282              		.loc 1 550 19 view .LVU426
 1283 0334 03F4E003 		and	r3, r3, #7340032
 1284              	.LVL86:
 551:../../../../../Drivers/PY32E407_HAL_Driver/Src/py32e407_hal_rcc_ex.c ****         {
 1285              		.loc 1 551 9 is_stmt 1 view .LVU427
 1286 0338 B3F5401F 		cmp	r3, #3145728
 1287 033c 28D0     		beq	.L73
 551:../../../../../Drivers/PY32E407_HAL_Driver/Src/py32e407_hal_rcc_ex.c ****         {
 1288              		.loc 1 551 9 is_stmt 0 view .LVU428
 1289 033e 15D8     		bhi	.L74
 1290 0340 B3F5801F 		cmp	r3, #1048576
ARM GAS  C:\Users\n11ak\AppData\Local\Temp\cc3ria0q.s 			page 43


 1291 0344 00F04D81 		beq	.L40
 1292 0348 B3F5001F 		cmp	r3, #2097152
 1293 034c 05D1     		bne	.L164
 570:../../../../../Drivers/PY32E407_HAL_Driver/Src/py32e407_hal_rcc_ex.c ****             break;
 1294              		.loc 1 570 13 is_stmt 1 view .LVU429
 570:../../../../../Drivers/PY32E407_HAL_Driver/Src/py32e407_hal_rcc_ex.c ****             break;
 1295              		.loc 1 570 33 is_stmt 0 view .LVU430
 1296 034e 4000     		lsls	r0, r0, #1
 1297              	.LVL87:
 570:../../../../../Drivers/PY32E407_HAL_Driver/Src/py32e407_hal_rcc_ex.c ****             break;
 1298              		.loc 1 570 23 view .LVU431
 1299 0350 824B     		ldr	r3, .L178+16
 1300              	.LVL88:
 570:../../../../../Drivers/PY32E407_HAL_Driver/Src/py32e407_hal_rcc_ex.c ****             break;
 1301              		.loc 1 570 23 view .LVU432
 1302 0352 A3FB0030 		umull	r3, r0, r3, r0
 1303 0356 8008     		lsrs	r0, r0, #2
 1304              	.LVL89:
 571:../../../../../Drivers/PY32E407_HAL_Driver/Src/py32e407_hal_rcc_ex.c ****           }
 1305              		.loc 1 571 13 is_stmt 1 view .LVU433
 1306 0358 43E1     		b	.L40
 1307              	.LVL90:
 1308              	.L164:
 571:../../../../../Drivers/PY32E407_HAL_Driver/Src/py32e407_hal_rcc_ex.c ****           }
 1309              		.loc 1 571 13 is_stmt 0 view .LVU434
 1310 035a 2BB9     		cbnz	r3, .L165
 560:../../../../../Drivers/PY32E407_HAL_Driver/Src/py32e407_hal_rcc_ex.c ****             break;
 1311              		.loc 1 560 13 is_stmt 1 view .LVU435
 560:../../../../../Drivers/PY32E407_HAL_Driver/Src/py32e407_hal_rcc_ex.c ****             break;
 1312              		.loc 1 560 33 is_stmt 0 view .LVU436
 1313 035c 4000     		lsls	r0, r0, #1
 1314              	.LVL91:
 560:../../../../../Drivers/PY32E407_HAL_Driver/Src/py32e407_hal_rcc_ex.c ****             break;
 1315              		.loc 1 560 23 view .LVU437
 1316 035e 804B     		ldr	r3, .L178+20
 1317              	.LVL92:
 560:../../../../../Drivers/PY32E407_HAL_Driver/Src/py32e407_hal_rcc_ex.c ****             break;
 1318              		.loc 1 560 23 view .LVU438
 1319 0360 A3FB0030 		umull	r3, r0, r3, r0
 1320 0364 4008     		lsrs	r0, r0, #1
 1321              	.LVL93:
 561:../../../../../Drivers/PY32E407_HAL_Driver/Src/py32e407_hal_rcc_ex.c ****           }
 1322              		.loc 1 561 13 is_stmt 1 view .LVU439
 1323 0366 3CE1     		b	.L40
 1324              	.LVL94:
 1325              	.L165:
 561:../../../../../Drivers/PY32E407_HAL_Driver/Src/py32e407_hal_rcc_ex.c ****           }
 1326              		.loc 1 561 13 is_stmt 0 view .LVU440
 1327 0368 0020     		movs	r0, #0
 1328              	.LVL95:
 561:../../../../../Drivers/PY32E407_HAL_Driver/Src/py32e407_hal_rcc_ex.c ****           }
 1329              		.loc 1 561 13 view .LVU441
 1330 036a 3AE1     		b	.L40
 1331              	.LVL96:
 1332              	.L74:
 561:../../../../../Drivers/PY32E407_HAL_Driver/Src/py32e407_hal_rcc_ex.c ****           }
 1333              		.loc 1 561 13 view .LVU442
ARM GAS  C:\Users\n11ak\AppData\Local\Temp\cc3ria0q.s 			page 44


 1334 036c B3F5A00F 		cmp	r3, #5242880
 1335 0370 10D0     		beq	.L77
 1336 0372 B3F5C00F 		cmp	r3, #6291456
 1337 0376 01D1     		bne	.L166
 585:../../../../../Drivers/PY32E407_HAL_Driver/Src/py32e407_hal_rcc_ex.c ****             break;
 1338              		.loc 1 585 13 is_stmt 1 view .LVU443
 585:../../../../../Drivers/PY32E407_HAL_Driver/Src/py32e407_hal_rcc_ex.c ****             break;
 1339              		.loc 1 585 23 is_stmt 0 view .LVU444
 1340 0378 8008     		lsrs	r0, r0, #2
 1341              	.LVL97:
 586:../../../../../Drivers/PY32E407_HAL_Driver/Src/py32e407_hal_rcc_ex.c ****           }
 1342              		.loc 1 586 13 is_stmt 1 view .LVU445
 1343 037a 32E1     		b	.L40
 1344              	.LVL98:
 1345              	.L166:
 586:../../../../../Drivers/PY32E407_HAL_Driver/Src/py32e407_hal_rcc_ex.c ****           }
 1346              		.loc 1 586 13 is_stmt 0 view .LVU446
 1347 037c B3F5800F 		cmp	r3, #4194304
 1348 0380 04D1     		bne	.L167
 575:../../../../../Drivers/PY32E407_HAL_Driver/Src/py32e407_hal_rcc_ex.c ****             break;
 1349              		.loc 1 575 13 is_stmt 1 view .LVU447
 575:../../../../../Drivers/PY32E407_HAL_Driver/Src/py32e407_hal_rcc_ex.c ****             break;
 1350              		.loc 1 575 23 is_stmt 0 view .LVU448
 1351 0382 774B     		ldr	r3, .L178+20
 1352              	.LVL99:
 575:../../../../../Drivers/PY32E407_HAL_Driver/Src/py32e407_hal_rcc_ex.c ****             break;
 1353              		.loc 1 575 23 view .LVU449
 1354 0384 A3FB0030 		umull	r3, r0, r3, r0
 1355              	.LVL100:
 575:../../../../../Drivers/PY32E407_HAL_Driver/Src/py32e407_hal_rcc_ex.c ****             break;
 1356              		.loc 1 575 23 view .LVU450
 1357 0388 4008     		lsrs	r0, r0, #1
 1358              	.LVL101:
 576:../../../../../Drivers/PY32E407_HAL_Driver/Src/py32e407_hal_rcc_ex.c ****           }
 1359              		.loc 1 576 13 is_stmt 1 view .LVU451
 1360 038a 2AE1     		b	.L40
 1361              	.LVL102:
 1362              	.L167:
 576:../../../../../Drivers/PY32E407_HAL_Driver/Src/py32e407_hal_rcc_ex.c ****           }
 1363              		.loc 1 576 13 is_stmt 0 view .LVU452
 1364 038c 0020     		movs	r0, #0
 1365              	.LVL103:
 576:../../../../../Drivers/PY32E407_HAL_Driver/Src/py32e407_hal_rcc_ex.c ****           }
 1366              		.loc 1 576 13 view .LVU453
 1367 038e 28E1     		b	.L40
 1368              	.LVL104:
 1369              	.L73:
 565:../../../../../Drivers/PY32E407_HAL_Driver/Src/py32e407_hal_rcc_ex.c ****             break;
 1370              		.loc 1 565 13 is_stmt 1 view .LVU454
 565:../../../../../Drivers/PY32E407_HAL_Driver/Src/py32e407_hal_rcc_ex.c ****             break;
 1371              		.loc 1 565 23 is_stmt 0 view .LVU455
 1372 0390 4008     		lsrs	r0, r0, #1
 1373              	.LVL105:
 566:../../../../../Drivers/PY32E407_HAL_Driver/Src/py32e407_hal_rcc_ex.c ****           }
 1374              		.loc 1 566 13 is_stmt 1 view .LVU456
 1375 0392 26E1     		b	.L40
 1376              	.LVL106:
ARM GAS  C:\Users\n11ak\AppData\Local\Temp\cc3ria0q.s 			page 45


 1377              	.L77:
 580:../../../../../Drivers/PY32E407_HAL_Driver/Src/py32e407_hal_rcc_ex.c ****             break;
 1378              		.loc 1 580 13 view .LVU457
 580:../../../../../Drivers/PY32E407_HAL_Driver/Src/py32e407_hal_rcc_ex.c ****             break;
 1379              		.loc 1 580 33 is_stmt 0 view .LVU458
 1380 0394 4000     		lsls	r0, r0, #1
 1381              	.LVL107:
 580:../../../../../Drivers/PY32E407_HAL_Driver/Src/py32e407_hal_rcc_ex.c ****             break;
 1382              		.loc 1 580 23 view .LVU459
 1383 0396 734B     		ldr	r3, .L178+24
 1384              	.LVL108:
 580:../../../../../Drivers/PY32E407_HAL_Driver/Src/py32e407_hal_rcc_ex.c ****             break;
 1385              		.loc 1 580 23 view .LVU460
 1386 0398 A3FB0023 		umull	r2, r3, r3, r0
 1387              	.LVL109:
 580:../../../../../Drivers/PY32E407_HAL_Driver/Src/py32e407_hal_rcc_ex.c ****             break;
 1388              		.loc 1 580 23 view .LVU461
 1389 039c C01A     		subs	r0, r0, r3
 1390 039e 03EB5000 		add	r0, r3, r0, lsr #1
 1391 03a2 8008     		lsrs	r0, r0, #2
 1392              	.LVL110:
 581:../../../../../Drivers/PY32E407_HAL_Driver/Src/py32e407_hal_rcc_ex.c ****           }
 1393              		.loc 1 581 13 is_stmt 1 view .LVU462
 1394 03a4 1DE1     		b	.L40
 1395              	.LVL111:
 1396              	.L48:
 603:../../../../../Drivers/PY32E407_HAL_Driver/Src/py32e407_hal_rcc_ex.c ****       {
 1397              		.loc 1 603 7 view .LVU463
 603:../../../../../Drivers/PY32E407_HAL_Driver/Src/py32e407_hal_rcc_ex.c ****       {
 1398              		.loc 1 603 14 is_stmt 0 view .LVU464
 1399 03a6 694B     		ldr	r3, .L178
 1400 03a8 5B68     		ldr	r3, [r3, #4]
 1401 03aa 13F40003 		ands	r3, r3, #8388608
 1402 03ae 02D0     		beq	.L80
 1403 03b0 23B9     		cbnz	r3, .L81
 1404 03b2 0020     		movs	r0, #0
 1405 03b4 15E1     		b	.L40
 1406              	.L80:
 607:../../../../../Drivers/PY32E407_HAL_Driver/Src/py32e407_hal_rcc_ex.c ****           break;
 1407              		.loc 1 607 11 is_stmt 1 view .LVU465
 607:../../../../../Drivers/PY32E407_HAL_Driver/Src/py32e407_hal_rcc_ex.c ****           break;
 1408              		.loc 1 607 23 is_stmt 0 view .LVU466
 1409 03b6 FFF7FEFF 		bl	HAL_RCC_GetHCLKFreq
 1410              	.LVL112:
 608:../../../../../Drivers/PY32E407_HAL_Driver/Src/py32e407_hal_rcc_ex.c ****         }
 1411              		.loc 1 608 11 is_stmt 1 view .LVU467
 1412 03ba 12E1     		b	.L40
 1413              	.LVL113:
 1414              	.L81:
 612:../../../../../Drivers/PY32E407_HAL_Driver/Src/py32e407_hal_rcc_ex.c ****           break;
 1415              		.loc 1 612 11 view .LVU468
 612:../../../../../Drivers/PY32E407_HAL_Driver/Src/py32e407_hal_rcc_ex.c ****           break;
 1416              		.loc 1 612 23 is_stmt 0 view .LVU469
 1417 03bc FFF7FEFF 		bl	HAL_RCC_GetHCLKFreq
 1418              	.LVL114:
 612:../../../../../Drivers/PY32E407_HAL_Driver/Src/py32e407_hal_rcc_ex.c ****           break;
 1419              		.loc 1 612 21 view .LVU470
ARM GAS  C:\Users\n11ak\AppData\Local\Temp\cc3ria0q.s 			page 46


 1420 03c0 4008     		lsrs	r0, r0, #1
 1421              	.LVL115:
 613:../../../../../Drivers/PY32E407_HAL_Driver/Src/py32e407_hal_rcc_ex.c ****         }
 1422              		.loc 1 613 11 is_stmt 1 view .LVU471
 1423 03c2 0EE1     		b	.L40
 1424              	.LVL116:
 1425              	.L47:
 626:../../../../../Drivers/PY32E407_HAL_Driver/Src/py32e407_hal_rcc_ex.c ****       
 1426              		.loc 1 626 7 view .LVU472
 626:../../../../../Drivers/PY32E407_HAL_Driver/Src/py32e407_hal_rcc_ex.c ****       
 1427              		.loc 1 626 16 is_stmt 0 view .LVU473
 1428 03c4 614B     		ldr	r3, .L178
 1429 03c6 DA6F     		ldr	r2, [r3, #124]
 1430              	.LVL117:
 628:../../../../../Drivers/PY32E407_HAL_Driver/Src/py32e407_hal_rcc_ex.c ****       {
 1431              		.loc 1 628 7 is_stmt 1 view .LVU474
 628:../../../../../Drivers/PY32E407_HAL_Driver/Src/py32e407_hal_rcc_ex.c ****       {
 1432              		.loc 1 628 21 is_stmt 0 view .LVU475
 1433 03c8 02F00F03 		and	r3, r2, #15
 628:../../../../../Drivers/PY32E407_HAL_Driver/Src/py32e407_hal_rcc_ex.c ****       {
 1434              		.loc 1 628 9 view .LVU476
 1435 03cc 082B     		cmp	r3, #8
 1436 03ce 03D0     		beq	.L82
 628:../../../../../Drivers/PY32E407_HAL_Driver/Src/py32e407_hal_rcc_ex.c ****       {
 1437              		.loc 1 628 68 discriminator 1 view .LVU477
 1438 03d0 12F0080F 		tst	r2, #8
 1439 03d4 40F00D81 		bne	.L120
 1440              	.L82:
 632:../../../../../Drivers/PY32E407_HAL_Driver/Src/py32e407_hal_rcc_ex.c ****       {
 1441              		.loc 1 632 12 is_stmt 1 view .LVU478
 632:../../../../../Drivers/PY32E407_HAL_Driver/Src/py32e407_hal_rcc_ex.c ****       {
 1442              		.loc 1 632 14 is_stmt 0 view .LVU479
 1443 03d8 082B     		cmp	r3, #8
 1444 03da 2BD0     		beq	.L168
 1445              	.L83:
 638:../../../../../Drivers/PY32E407_HAL_Driver/Src/py32e407_hal_rcc_ex.c ****         {
 1446              		.loc 1 638 9 is_stmt 1 view .LVU480
 638:../../../../../Drivers/PY32E407_HAL_Driver/Src/py32e407_hal_rcc_ex.c ****         {
 1447              		.loc 1 638 12 is_stmt 0 view .LVU481
 1448 03dc 5B4B     		ldr	r3, .L178
 1449 03de 1868     		ldr	r0, [r3]
 638:../../../../../Drivers/PY32E407_HAL_Driver/Src/py32e407_hal_rcc_ex.c ****         {
 1450              		.loc 1 638 11 view .LVU482
 1451 03e0 10F00070 		ands	r0, r0, #33554432
 1452 03e4 00F0FD80 		beq	.L40
 641:../../../../../Drivers/PY32E407_HAL_Driver/Src/py32e407_hal_rcc_ex.c ****           pllprediv = aDivFactorTable[(uint32_t)(RCC->CFGR3 & RCC_CFGR3_PLLPREDIV) >> RCC_CFGR3_PLL
 1453              		.loc 1 641 11 is_stmt 1 view .LVU483
 641:../../../../../Drivers/PY32E407_HAL_Driver/Src/py32e407_hal_rcc_ex.c ****           pllprediv = aDivFactorTable[(uint32_t)(RCC->CFGR3 & RCC_CFGR3_PLLPREDIV) >> RCC_CFGR3_PLL
 1454              		.loc 1 641 18 is_stmt 0 view .LVU484
 1455 03e8 1A46     		mov	r2, r3
 1456              	.LVL118:
 641:../../../../../Drivers/PY32E407_HAL_Driver/Src/py32e407_hal_rcc_ex.c ****           pllprediv = aDivFactorTable[(uint32_t)(RCC->CFGR3 & RCC_CFGR3_PLLPREDIV) >> RCC_CFGR3_PLL
 1457              		.loc 1 641 18 view .LVU485
 1458 03ea D3F88010 		ldr	r1, [r3, #128]
 1459              	.LVL119:
 642:../../../../../Drivers/PY32E407_HAL_Driver/Src/py32e407_hal_rcc_ex.c ****           pllpostdiv = aDivFactorTable[(uint32_t)(RCC->CFGR3 & RCC_CFGR3_PLLPOSTDIV) >> RCC_CFGR3_P
 1460              		.loc 1 642 11 is_stmt 1 view .LVU486
ARM GAS  C:\Users\n11ak\AppData\Local\Temp\cc3ria0q.s 			page 47


 642:../../../../../Drivers/PY32E407_HAL_Driver/Src/py32e407_hal_rcc_ex.c ****           pllpostdiv = aDivFactorTable[(uint32_t)(RCC->CFGR3 & RCC_CFGR3_PLLPOSTDIV) >> RCC_CFGR3_P
 1461              		.loc 1 642 53 is_stmt 0 view .LVU487
 1462 03ee D3F88030 		ldr	r3, [r3, #128]
 642:../../../../../Drivers/PY32E407_HAL_Driver/Src/py32e407_hal_rcc_ex.c ****           pllpostdiv = aDivFactorTable[(uint32_t)(RCC->CFGR3 & RCC_CFGR3_PLLPOSTDIV) >> RCC_CFGR3_P
 1463              		.loc 1 642 84 view .LVU488
 1464 03f2 C3F38103 		ubfx	r3, r3, #2, #2
 642:../../../../../Drivers/PY32E407_HAL_Driver/Src/py32e407_hal_rcc_ex.c ****           pllpostdiv = aDivFactorTable[(uint32_t)(RCC->CFGR3 & RCC_CFGR3_PLLPOSTDIV) >> RCC_CFGR3_P
 1465              		.loc 1 642 38 view .LVU489
 1466 03f6 0833     		adds	r3, r3, #8
 1467 03f8 6B44     		add	r3, sp, r3
 1468 03fa 13F804CC 		ldrb	ip, [r3, #-4]	@ zero_extendqisi2
 1469              	.LVL120:
 643:../../../../../Drivers/PY32E407_HAL_Driver/Src/py32e407_hal_rcc_ex.c ****           pllmul = (READ_BIT(RCC->CFGR3, RCC_CFGR3_PLLFBDIV) >> RCC_CFGR3_PLLFBDIV_Pos) + 2U;
 1470              		.loc 1 643 11 is_stmt 1 view .LVU490
 643:../../../../../Drivers/PY32E407_HAL_Driver/Src/py32e407_hal_rcc_ex.c ****           pllmul = (READ_BIT(RCC->CFGR3, RCC_CFGR3_PLLFBDIV) >> RCC_CFGR3_PLLFBDIV_Pos) + 2U;
 1471              		.loc 1 643 54 is_stmt 0 view .LVU491
 1472 03fe D2F88030 		ldr	r3, [r2, #128]
 643:../../../../../Drivers/PY32E407_HAL_Driver/Src/py32e407_hal_rcc_ex.c ****           pllmul = (READ_BIT(RCC->CFGR3, RCC_CFGR3_PLLFBDIV) >> RCC_CFGR3_PLLFBDIV_Pos) + 2U;
 1473              		.loc 1 643 86 view .LVU492
 1474 0402 C3F30113 		ubfx	r3, r3, #4, #2
 643:../../../../../Drivers/PY32E407_HAL_Driver/Src/py32e407_hal_rcc_ex.c ****           pllmul = (READ_BIT(RCC->CFGR3, RCC_CFGR3_PLLFBDIV) >> RCC_CFGR3_PLLFBDIV_Pos) + 2U;
 1475              		.loc 1 643 39 view .LVU493
 1476 0406 0833     		adds	r3, r3, #8
 1477 0408 6B44     		add	r3, sp, r3
 1478 040a 13F8040C 		ldrb	r0, [r3, #-4]	@ zero_extendqisi2
 1479              	.LVL121:
 644:../../../../../Drivers/PY32E407_HAL_Driver/Src/py32e407_hal_rcc_ex.c ****           if(((tmpreg & (RCC_CFGR3_PLLSRC | RCC_CFGR3_PLLXTPRE)) == RCC_PLLSOURCE_HSE) || \
 1480              		.loc 1 644 11 is_stmt 1 view .LVU494
 644:../../../../../Drivers/PY32E407_HAL_Driver/Src/py32e407_hal_rcc_ex.c ****           if(((tmpreg & (RCC_CFGR3_PLLSRC | RCC_CFGR3_PLLXTPRE)) == RCC_PLLSOURCE_HSE) || \
 1481              		.loc 1 644 21 is_stmt 0 view .LVU495
 1482 040e D2F88030 		ldr	r3, [r2, #128]
 644:../../../../../Drivers/PY32E407_HAL_Driver/Src/py32e407_hal_rcc_ex.c ****           if(((tmpreg & (RCC_CFGR3_PLLSRC | RCC_CFGR3_PLLXTPRE)) == RCC_PLLSOURCE_HSE) || \
 1483              		.loc 1 644 62 view .LVU496
 1484 0412 C3F30723 		ubfx	r3, r3, #8, #8
 644:../../../../../Drivers/PY32E407_HAL_Driver/Src/py32e407_hal_rcc_ex.c ****           if(((tmpreg & (RCC_CFGR3_PLLSRC | RCC_CFGR3_PLLXTPRE)) == RCC_PLLSOURCE_HSE) || \
 1485              		.loc 1 644 18 view .LVU497
 1486 0416 0233     		adds	r3, r3, #2
 1487              	.LVL122:
 645:../../../../../Drivers/PY32E407_HAL_Driver/Src/py32e407_hal_rcc_ex.c ****              ((tmpreg & (RCC_CFGR3_PLLSRC | RCC_CFGR3_PLLXTPRE)) == RCC_PLLSOURCE_HSE_DIV2))
 1488              		.loc 1 645 11 is_stmt 1 view .LVU498
 645:../../../../../Drivers/PY32E407_HAL_Driver/Src/py32e407_hal_rcc_ex.c ****              ((tmpreg & (RCC_CFGR3_PLLSRC | RCC_CFGR3_PLLXTPRE)) == RCC_PLLSOURCE_HSE_DIV2))
 1489              		.loc 1 645 23 is_stmt 0 view .LVU499
 1490 0418 01F00302 		and	r2, r1, #3
 645:../../../../../Drivers/PY32E407_HAL_Driver/Src/py32e407_hal_rcc_ex.c ****              ((tmpreg & (RCC_CFGR3_PLLSRC | RCC_CFGR3_PLLXTPRE)) == RCC_PLLSOURCE_HSE_DIV2))
 1491              		.loc 1 645 13 view .LVU500
 1492 041c 012A     		cmp	r2, #1
 1493 041e 10D0     		beq	.L84
 645:../../../../../Drivers/PY32E407_HAL_Driver/Src/py32e407_hal_rcc_ex.c ****              ((tmpreg & (RCC_CFGR3_PLLSRC | RCC_CFGR3_PLLXTPRE)) == RCC_PLLSOURCE_HSE_DIV2))
 1494              		.loc 1 645 88 discriminator 1 view .LVU501
 1495 0420 032A     		cmp	r2, #3
 1496 0422 0ED0     		beq	.L84
 655:../../../../../Drivers/PY32E407_HAL_Driver/Src/py32e407_hal_rcc_ex.c ****           }
 1497              		.loc 1 655 13 is_stmt 1 view .LVU502
 655:../../../../../Drivers/PY32E407_HAL_Driver/Src/py32e407_hal_rcc_ex.c ****           }
 1498              		.loc 1 655 51 is_stmt 0 view .LVU503
 1499 0424 4A4A     		ldr	r2, .L178+4
 1500 0426 B2FBFCF2 		udiv	r2, r2, ip
ARM GAS  C:\Users\n11ak\AppData\Local\Temp\cc3ria0q.s 			page 48


 655:../../../../../Drivers/PY32E407_HAL_Driver/Src/py32e407_hal_rcc_ex.c ****           }
 1501              		.loc 1 655 63 view .LVU504
 1502 042a 02FB03F3 		mul	r3, r2, r3
 1503              	.LVL123:
 655:../../../../../Drivers/PY32E407_HAL_Driver/Src/py32e407_hal_rcc_ex.c ****           }
 1504              		.loc 1 655 20 view .LVU505
 1505 042e B3FBF0F0 		udiv	r0, r3, r0
 1506              	.LVL124:
 655:../../../../../Drivers/PY32E407_HAL_Driver/Src/py32e407_hal_rcc_ex.c ****           }
 1507              		.loc 1 655 20 view .LVU506
 1508 0432 18E0     		b	.L86
 1509              	.LVL125:
 1510              	.L168:
 632:../../../../../Drivers/PY32E407_HAL_Driver/Src/py32e407_hal_rcc_ex.c ****       {
 1511              		.loc 1 632 77 discriminator 1 view .LVU507
 1512 0434 454B     		ldr	r3, .L178
 1513 0436 1B68     		ldr	r3, [r3]
 632:../../../../../Drivers/PY32E407_HAL_Driver/Src/py32e407_hal_rcc_ex.c ****       {
 1514              		.loc 1 632 73 discriminator 1 view .LVU508
 1515 0438 13F4003F 		tst	r3, #131072
 1516 043c CED0     		beq	.L83
 634:../../../../../Drivers/PY32E407_HAL_Driver/Src/py32e407_hal_rcc_ex.c ****       }
 1517              		.loc 1 634 19 view .LVU509
 1518 043e 4648     		ldr	r0, .L178+12
 1519 0440 CFE0     		b	.L40
 1520              	.LVL126:
 1521              	.L84:
 648:../../../../../Drivers/PY32E407_HAL_Driver/Src/py32e407_hal_rcc_ex.c ****             /* HSE used as PLL clock source : PLLCLK = (HSE / PLLXTPREDIV) / PLLPREDIV * PLLMUL / P
 1522              		.loc 1 648 13 is_stmt 1 view .LVU510
 648:../../../../../Drivers/PY32E407_HAL_Driver/Src/py32e407_hal_rcc_ex.c ****             /* HSE used as PLL clock source : PLLCLK = (HSE / PLLXTPREDIV) / PLLPREDIV * PLLMUL / P
 1523              		.loc 1 648 62 is_stmt 0 view .LVU511
 1524 0442 424A     		ldr	r2, .L178
 1525 0444 D2F88020 		ldr	r2, [r2, #128]
 648:../../../../../Drivers/PY32E407_HAL_Driver/Src/py32e407_hal_rcc_ex.c ****             /* HSE used as PLL clock source : PLLCLK = (HSE / PLLXTPREDIV) / PLLPREDIV * PLLMUL / P
 1526              		.loc 1 648 92 view .LVU512
 1527 0448 C2F34002 		ubfx	r2, r2, #1, #1
 648:../../../../../Drivers/PY32E407_HAL_Driver/Src/py32e407_hal_rcc_ex.c ****             /* HSE used as PLL clock source : PLLCLK = (HSE / PLLXTPREDIV) / PLLPREDIV * PLLMUL / P
 1528              		.loc 1 648 47 view .LVU513
 1529 044c 0832     		adds	r2, r2, #8
 1530 044e 6A44     		add	r2, sp, r2
 1531 0450 12F8081C 		ldrb	r1, [r2, #-8]	@ zero_extendqisi2
 1532              	.LVL127:
 650:../../../../../Drivers/PY32E407_HAL_Driver/Src/py32e407_hal_rcc_ex.c ****           }
 1533              		.loc 1 650 13 is_stmt 1 view .LVU514
 650:../../../../../Drivers/PY32E407_HAL_Driver/Src/py32e407_hal_rcc_ex.c ****           }
 1534              		.loc 1 650 44 is_stmt 0 view .LVU515
 1535 0454 404A     		ldr	r2, .L178+12
 1536 0456 B2FBF1F2 		udiv	r2, r2, r1
 650:../../../../../Drivers/PY32E407_HAL_Driver/Src/py32e407_hal_rcc_ex.c ****           }
 1537              		.loc 1 650 59 view .LVU516
 1538 045a B2FBFCF2 		udiv	r2, r2, ip
 650:../../../../../Drivers/PY32E407_HAL_Driver/Src/py32e407_hal_rcc_ex.c ****           }
 1539              		.loc 1 650 71 view .LVU517
 1540 045e 02FB03F3 		mul	r3, r2, r3
 1541              	.LVL128:
 650:../../../../../Drivers/PY32E407_HAL_Driver/Src/py32e407_hal_rcc_ex.c ****           }
 1542              		.loc 1 650 20 view .LVU518
ARM GAS  C:\Users\n11ak\AppData\Local\Temp\cc3ria0q.s 			page 49


 1543 0462 B3FBF0F0 		udiv	r0, r3, r0
 1544              	.LVL129:
 1545              	.L86:
 658:../../../../../Drivers/PY32E407_HAL_Driver/Src/py32e407_hal_rcc_ex.c ****         }
 1546              		.loc 1 658 11 is_stmt 1 view .LVU519
 658:../../../../../Drivers/PY32E407_HAL_Driver/Src/py32e407_hal_rcc_ex.c ****         }
 1547              		.loc 1 658 35 is_stmt 0 view .LVU520
 1548 0466 394B     		ldr	r3, .L178
 1549 0468 DB6F     		ldr	r3, [r3, #124]
 658:../../../../../Drivers/PY32E407_HAL_Driver/Src/py32e407_hal_rcc_ex.c ****         }
 1550              		.loc 1 658 62 view .LVU521
 1551 046a 03F00F03 		and	r3, r3, #15
 658:../../../../../Drivers/PY32E407_HAL_Driver/Src/py32e407_hal_rcc_ex.c ****         }
 1552              		.loc 1 658 89 view .LVU522
 1553 046e 0133     		adds	r3, r3, #1
 658:../../../../../Drivers/PY32E407_HAL_Driver/Src/py32e407_hal_rcc_ex.c ****         }
 1554              		.loc 1 658 21 view .LVU523
 1555 0470 B0FBF3F0 		udiv	r0, r0, r3
 1556              	.LVL130:
 658:../../../../../Drivers/PY32E407_HAL_Driver/Src/py32e407_hal_rcc_ex.c ****         }
 1557              		.loc 1 658 21 view .LVU524
 1558 0474 B5E0     		b	.L40
 1559              	.LVL131:
 1560              	.L45:
 667:../../../../../Drivers/PY32E407_HAL_Driver/Src/py32e407_hal_rcc_ex.c **** 
 1561              		.loc 1 667 7 is_stmt 1 view .LVU525
 667:../../../../../Drivers/PY32E407_HAL_Driver/Src/py32e407_hal_rcc_ex.c **** 
 1562              		.loc 1 667 16 is_stmt 0 view .LVU526
 1563 0476 354A     		ldr	r2, .L178
 1564 0478 936F     		ldr	r3, [r2, #120]
 667:../../../../../Drivers/PY32E407_HAL_Driver/Src/py32e407_hal_rcc_ex.c **** 
 1565              		.loc 1 667 14 view .LVU527
 1566 047a 03F0C043 		and	r3, r3, #1610612736
 1567              	.LVL132:
 669:../../../../../Drivers/PY32E407_HAL_Driver/Src/py32e407_hal_rcc_ex.c ****       {
 1568              		.loc 1 669 7 is_stmt 1 view .LVU528
 669:../../../../../Drivers/PY32E407_HAL_Driver/Src/py32e407_hal_rcc_ex.c ****       {
 1569              		.loc 1 669 11 is_stmt 0 view .LVU529
 1570 047e 526F     		ldr	r2, [r2, #116]
 669:../../../../../Drivers/PY32E407_HAL_Driver/Src/py32e407_hal_rcc_ex.c ****       {
 1571              		.loc 1 669 9 view .LVU530
 1572 0480 12F0020F 		tst	r2, #2
 1573 0484 02D0     		beq	.L87
 669:../../../../../Drivers/PY32E407_HAL_Driver/Src/py32e407_hal_rcc_ex.c ****       {
 1574              		.loc 1 669 53 discriminator 1 view .LVU531
 1575 0486 002B     		cmp	r3, #0
 1576 0488 00F0B580 		beq	.L122
 1577              	.L87:
 673:../../../../../Drivers/PY32E407_HAL_Driver/Src/py32e407_hal_rcc_ex.c ****       {
 1578              		.loc 1 673 12 is_stmt 1 view .LVU532
 673:../../../../../Drivers/PY32E407_HAL_Driver/Src/py32e407_hal_rcc_ex.c ****       {
 1579              		.loc 1 673 16 is_stmt 0 view .LVU533
 1580 048c 2F4A     		ldr	r2, .L178
 1581 048e 126F     		ldr	r2, [r2, #112]
 673:../../../../../Drivers/PY32E407_HAL_Driver/Src/py32e407_hal_rcc_ex.c ****       {
 1582              		.loc 1 673 14 view .LVU534
 1583 0490 12F0020F 		tst	r2, #2
ARM GAS  C:\Users\n11ak\AppData\Local\Temp\cc3ria0q.s 			page 50


 1584 0494 03D0     		beq	.L88
 673:../../../../../Drivers/PY32E407_HAL_Driver/Src/py32e407_hal_rcc_ex.c ****       {
 1585              		.loc 1 673 60 discriminator 1 view .LVU535
 1586 0496 B3F1005F 		cmp	r3, #536870912
 1587 049a 00F0AF80 		beq	.L123
 1588              	.L88:
 677:../../../../../Drivers/PY32E407_HAL_Driver/Src/py32e407_hal_rcc_ex.c ****       {
 1589              		.loc 1 677 12 is_stmt 1 view .LVU536
 677:../../../../../Drivers/PY32E407_HAL_Driver/Src/py32e407_hal_rcc_ex.c ****       {
 1590              		.loc 1 677 14 is_stmt 0 view .LVU537
 1591 049e B3F1804F 		cmp	r3, #1073741824
 1592 04a2 01D0     		beq	.L169
 447:../../../../../Drivers/PY32E407_HAL_Driver/Src/py32e407_hal_rcc_ex.c **** 
 1593              		.loc 1 447 27 view .LVU538
 1594 04a4 0020     		movs	r0, #0
 1595 04a6 9CE0     		b	.L40
 1596              	.L169:
 679:../../../../../Drivers/PY32E407_HAL_Driver/Src/py32e407_hal_rcc_ex.c ****       }
 1597              		.loc 1 679 9 is_stmt 1 view .LVU539
 679:../../../../../Drivers/PY32E407_HAL_Driver/Src/py32e407_hal_rcc_ex.c ****       }
 1598              		.loc 1 679 21 is_stmt 0 view .LVU540
 1599 04a8 FFF7FEFF 		bl	HAL_RCC_GetPCLK1Freq
 1600              	.LVL133:
 679:../../../../../Drivers/PY32E407_HAL_Driver/Src/py32e407_hal_rcc_ex.c ****       }
 1601              		.loc 1 679 21 view .LVU541
 1602 04ac 99E0     		b	.L40
 1603              	.LVL134:
 1604              	.L146:
 696:../../../../../Drivers/PY32E407_HAL_Driver/Src/py32e407_hal_rcc_ex.c ****       }
 1605              		.loc 1 696 9 is_stmt 1 view .LVU542
 696:../../../../../Drivers/PY32E407_HAL_Driver/Src/py32e407_hal_rcc_ex.c ****       }
 1606              		.loc 1 696 21 is_stmt 0 view .LVU543
 1607 04ae FFF7FEFF 		bl	HAL_RCC_GetPCLK2Freq
 1608              	.LVL135:
 696:../../../../../Drivers/PY32E407_HAL_Driver/Src/py32e407_hal_rcc_ex.c ****       }
 1609              		.loc 1 696 21 view .LVU544
 1610 04b2 96E0     		b	.L40
 1611              	.LVL136:
 1612              	.L147:
 700:../../../../../Drivers/PY32E407_HAL_Driver/Src/py32e407_hal_rcc_ex.c ****       }
 1613              		.loc 1 700 9 is_stmt 1 view .LVU545
 700:../../../../../Drivers/PY32E407_HAL_Driver/Src/py32e407_hal_rcc_ex.c ****       }
 1614              		.loc 1 700 21 is_stmt 0 view .LVU546
 1615 04b4 FFF7FEFF 		bl	HAL_RCC_GetSysClockFreq
 1616              	.LVL137:
 700:../../../../../Drivers/PY32E407_HAL_Driver/Src/py32e407_hal_rcc_ex.c ****       }
 1617              		.loc 1 700 21 view .LVU547
 1618 04b8 93E0     		b	.L40
 1619              	.LVL138:
 1620              	.L41:
 721:../../../../../Drivers/PY32E407_HAL_Driver/Src/py32e407_hal_rcc_ex.c **** 
 1621              		.loc 1 721 7 is_stmt 1 view .LVU548
 721:../../../../../Drivers/PY32E407_HAL_Driver/Src/py32e407_hal_rcc_ex.c **** 
 1622              		.loc 1 721 16 is_stmt 0 view .LVU549
 1623 04ba 244B     		ldr	r3, .L178
 1624 04bc 9B6E     		ldr	r3, [r3, #104]
 1625              	.LVL139:
ARM GAS  C:\Users\n11ak\AppData\Local\Temp\cc3ria0q.s 			page 51


 723:../../../../../Drivers/PY32E407_HAL_Driver/Src/py32e407_hal_rcc_ex.c ****       {
 1626              		.loc 1 723 7 is_stmt 1 view .LVU550
 723:../../../../../Drivers/PY32E407_HAL_Driver/Src/py32e407_hal_rcc_ex.c ****       {
 1627              		.loc 1 723 9 is_stmt 0 view .LVU551
 1628 04be 13F00C03 		ands	r3, r3, #12
 1629              	.LVL140:
 723:../../../../../Drivers/PY32E407_HAL_Driver/Src/py32e407_hal_rcc_ex.c ****       {
 1630              		.loc 1 723 9 view .LVU552
 1631 04c2 13D0     		beq	.L170
 727:../../../../../Drivers/PY32E407_HAL_Driver/Src/py32e407_hal_rcc_ex.c ****       {
 1632              		.loc 1 727 12 is_stmt 1 view .LVU553
 727:../../../../../Drivers/PY32E407_HAL_Driver/Src/py32e407_hal_rcc_ex.c ****       {
 1633              		.loc 1 727 14 is_stmt 0 view .LVU554
 1634 04c4 042B     		cmp	r3, #4
 1635 04c6 14D0     		beq	.L171
 731:../../../../../Drivers/PY32E407_HAL_Driver/Src/py32e407_hal_rcc_ex.c ****       {
 1636              		.loc 1 731 12 is_stmt 1 view .LVU555
 731:../../../../../Drivers/PY32E407_HAL_Driver/Src/py32e407_hal_rcc_ex.c ****       {
 1637              		.loc 1 731 16 is_stmt 0 view .LVU556
 1638 04c8 204A     		ldr	r2, .L178
 1639 04ca 1268     		ldr	r2, [r2]
 731:../../../../../Drivers/PY32E407_HAL_Driver/Src/py32e407_hal_rcc_ex.c ****       {
 1640              		.loc 1 731 14 view .LVU557
 1641 04cc 12F0020F 		tst	r2, #2
 1642 04d0 02D0     		beq	.L94
 731:../../../../../Drivers/PY32E407_HAL_Driver/Src/py32e407_hal_rcc_ex.c ****       {
 1643              		.loc 1 731 56 discriminator 1 view .LVU558
 1644 04d2 082B     		cmp	r3, #8
 1645 04d4 00F09A80 		beq	.L127
 1646              	.L94:
 735:../../../../../Drivers/PY32E407_HAL_Driver/Src/py32e407_hal_rcc_ex.c ****       {
 1647              		.loc 1 735 12 is_stmt 1 view .LVU559
 735:../../../../../Drivers/PY32E407_HAL_Driver/Src/py32e407_hal_rcc_ex.c ****       {
 1648              		.loc 1 735 16 is_stmt 0 view .LVU560
 1649 04d8 1C4A     		ldr	r2, .L178
 1650 04da 106F     		ldr	r0, [r2, #112]
 1651              	.LVL141:
 735:../../../../../Drivers/PY32E407_HAL_Driver/Src/py32e407_hal_rcc_ex.c ****       {
 1652              		.loc 1 735 14 view .LVU561
 1653 04dc 10F00200 		ands	r0, r0, #2
 1654 04e0 7FD0     		beq	.L40
 735:../../../../../Drivers/PY32E407_HAL_Driver/Src/py32e407_hal_rcc_ex.c ****       {
 1655              		.loc 1 735 61 discriminator 1 view .LVU562
 1656 04e2 0C2B     		cmp	r3, #12
 1657 04e4 00F09480 		beq	.L128
 447:../../../../../Drivers/PY32E407_HAL_Driver/Src/py32e407_hal_rcc_ex.c **** 
 1658              		.loc 1 447 27 view .LVU563
 1659 04e8 0020     		movs	r0, #0
 1660 04ea 7AE0     		b	.L40
 1661              	.LVL142:
 1662              	.L170:
 725:../../../../../Drivers/PY32E407_HAL_Driver/Src/py32e407_hal_rcc_ex.c ****       }
 1663              		.loc 1 725 9 is_stmt 1 view .LVU564
 725:../../../../../Drivers/PY32E407_HAL_Driver/Src/py32e407_hal_rcc_ex.c ****       }
 1664              		.loc 1 725 21 is_stmt 0 view .LVU565
 1665 04ec FFF7FEFF 		bl	HAL_RCC_GetPCLK1Freq
 1666              	.LVL143:
ARM GAS  C:\Users\n11ak\AppData\Local\Temp\cc3ria0q.s 			page 52


 725:../../../../../Drivers/PY32E407_HAL_Driver/Src/py32e407_hal_rcc_ex.c ****       }
 1667              		.loc 1 725 21 view .LVU566
 1668 04f0 77E0     		b	.L40
 1669              	.LVL144:
 1670              	.L171:
 729:../../../../../Drivers/PY32E407_HAL_Driver/Src/py32e407_hal_rcc_ex.c ****       }
 1671              		.loc 1 729 9 is_stmt 1 view .LVU567
 729:../../../../../Drivers/PY32E407_HAL_Driver/Src/py32e407_hal_rcc_ex.c ****       }
 1672              		.loc 1 729 21 is_stmt 0 view .LVU568
 1673 04f2 FFF7FEFF 		bl	HAL_RCC_GetSysClockFreq
 1674              	.LVL145:
 729:../../../../../Drivers/PY32E407_HAL_Driver/Src/py32e407_hal_rcc_ex.c ****       }
 1675              		.loc 1 729 21 view .LVU569
 1676 04f6 74E0     		b	.L40
 1677              	.LVL146:
 1678              	.L154:
 754:../../../../../Drivers/PY32E407_HAL_Driver/Src/py32e407_hal_rcc_ex.c ****       }
 1679              		.loc 1 754 9 is_stmt 1 view .LVU570
 754:../../../../../Drivers/PY32E407_HAL_Driver/Src/py32e407_hal_rcc_ex.c ****       }
 1680              		.loc 1 754 21 is_stmt 0 view .LVU571
 1681 04f8 FFF7FEFF 		bl	HAL_RCC_GetPCLK1Freq
 1682              	.LVL147:
 754:../../../../../Drivers/PY32E407_HAL_Driver/Src/py32e407_hal_rcc_ex.c ****       }
 1683              		.loc 1 754 21 view .LVU572
 1684 04fc 71E0     		b	.L40
 1685              	.LVL148:
 1686              	.L155:
 758:../../../../../Drivers/PY32E407_HAL_Driver/Src/py32e407_hal_rcc_ex.c ****       }
 1687              		.loc 1 758 9 is_stmt 1 view .LVU573
 758:../../../../../Drivers/PY32E407_HAL_Driver/Src/py32e407_hal_rcc_ex.c ****       }
 1688              		.loc 1 758 21 is_stmt 0 view .LVU574
 1689 04fe FFF7FEFF 		bl	HAL_RCC_GetSysClockFreq
 1690              	.LVL149:
 758:../../../../../Drivers/PY32E407_HAL_Driver/Src/py32e407_hal_rcc_ex.c ****       }
 1691              		.loc 1 758 21 view .LVU575
 1692 0502 6EE0     		b	.L40
 1693              	.LVL150:
 1694              	.L55:
 779:../../../../../Drivers/PY32E407_HAL_Driver/Src/py32e407_hal_rcc_ex.c **** 
 1695              		.loc 1 779 7 is_stmt 1 view .LVU576
 779:../../../../../Drivers/PY32E407_HAL_Driver/Src/py32e407_hal_rcc_ex.c **** 
 1696              		.loc 1 779 16 is_stmt 0 view .LVU577
 1697 0504 114B     		ldr	r3, .L178
 1698 0506 9B6E     		ldr	r3, [r3, #104]
 1699              	.LVL151:
 781:../../../../../Drivers/PY32E407_HAL_Driver/Src/py32e407_hal_rcc_ex.c ****       {
 1700              		.loc 1 781 7 is_stmt 1 view .LVU578
 781:../../../../../Drivers/PY32E407_HAL_Driver/Src/py32e407_hal_rcc_ex.c ****       {
 1701              		.loc 1 781 9 is_stmt 0 view .LVU579
 1702 0508 13F44053 		ands	r3, r3, #12288
 1703              	.LVL152:
 781:../../../../../Drivers/PY32E407_HAL_Driver/Src/py32e407_hal_rcc_ex.c ****       {
 1704              		.loc 1 781 9 view .LVU580
 1705 050c 14D0     		beq	.L172
 785:../../../../../Drivers/PY32E407_HAL_Driver/Src/py32e407_hal_rcc_ex.c ****       {
 1706              		.loc 1 785 12 is_stmt 1 view .LVU581
 785:../../../../../Drivers/PY32E407_HAL_Driver/Src/py32e407_hal_rcc_ex.c ****       {
ARM GAS  C:\Users\n11ak\AppData\Local\Temp\cc3ria0q.s 			page 53


 1707              		.loc 1 785 14 is_stmt 0 view .LVU582
 1708 050e B3F5805F 		cmp	r3, #4096
 1709 0512 14D0     		beq	.L173
 789:../../../../../Drivers/PY32E407_HAL_Driver/Src/py32e407_hal_rcc_ex.c ****       {
 1710              		.loc 1 789 12 is_stmt 1 view .LVU583
 789:../../../../../Drivers/PY32E407_HAL_Driver/Src/py32e407_hal_rcc_ex.c ****       {
 1711              		.loc 1 789 16 is_stmt 0 view .LVU584
 1712 0514 0D4A     		ldr	r2, .L178
 1713 0516 1268     		ldr	r2, [r2]
 789:../../../../../Drivers/PY32E407_HAL_Driver/Src/py32e407_hal_rcc_ex.c ****       {
 1714              		.loc 1 789 14 view .LVU585
 1715 0518 12F0020F 		tst	r2, #2
 1716 051c 02D0     		beq	.L100
 789:../../../../../Drivers/PY32E407_HAL_Driver/Src/py32e407_hal_rcc_ex.c ****       {
 1717              		.loc 1 789 56 discriminator 1 view .LVU586
 1718 051e B3F5005F 		cmp	r3, #8192
 1719 0522 7DD0     		beq	.L131
 1720              	.L100:
 793:../../../../../Drivers/PY32E407_HAL_Driver/Src/py32e407_hal_rcc_ex.c ****       {
 1721              		.loc 1 793 12 is_stmt 1 view .LVU587
 793:../../../../../Drivers/PY32E407_HAL_Driver/Src/py32e407_hal_rcc_ex.c ****       {
 1722              		.loc 1 793 16 is_stmt 0 view .LVU588
 1723 0524 094A     		ldr	r2, .L178
 1724 0526 106F     		ldr	r0, [r2, #112]
 1725              	.LVL153:
 793:../../../../../Drivers/PY32E407_HAL_Driver/Src/py32e407_hal_rcc_ex.c ****       {
 1726              		.loc 1 793 14 view .LVU589
 1727 0528 10F00200 		ands	r0, r0, #2
 1728 052c 59D0     		beq	.L40
 793:../../../../../Drivers/PY32E407_HAL_Driver/Src/py32e407_hal_rcc_ex.c ****       {
 1729              		.loc 1 793 60 discriminator 1 view .LVU590
 1730 052e B3F5405F 		cmp	r3, #12288
 1731 0532 77D0     		beq	.L132
 447:../../../../../Drivers/PY32E407_HAL_Driver/Src/py32e407_hal_rcc_ex.c **** 
 1732              		.loc 1 447 27 view .LVU591
 1733 0534 0020     		movs	r0, #0
 1734 0536 54E0     		b	.L40
 1735              	.LVL154:
 1736              	.L172:
 783:../../../../../Drivers/PY32E407_HAL_Driver/Src/py32e407_hal_rcc_ex.c ****       }
 1737              		.loc 1 783 9 is_stmt 1 view .LVU592
 783:../../../../../Drivers/PY32E407_HAL_Driver/Src/py32e407_hal_rcc_ex.c ****       }
 1738              		.loc 1 783 21 is_stmt 0 view .LVU593
 1739 0538 FFF7FEFF 		bl	HAL_RCC_GetPCLK1Freq
 1740              	.LVL155:
 783:../../../../../Drivers/PY32E407_HAL_Driver/Src/py32e407_hal_rcc_ex.c ****       }
 1741              		.loc 1 783 21 view .LVU594
 1742 053c 51E0     		b	.L40
 1743              	.LVL156:
 1744              	.L173:
 787:../../../../../Drivers/PY32E407_HAL_Driver/Src/py32e407_hal_rcc_ex.c ****       }
 1745              		.loc 1 787 9 is_stmt 1 view .LVU595
 787:../../../../../Drivers/PY32E407_HAL_Driver/Src/py32e407_hal_rcc_ex.c ****       }
 1746              		.loc 1 787 21 is_stmt 0 view .LVU596
 1747 053e FFF7FEFF 		bl	HAL_RCC_GetSysClockFreq
 1748              	.LVL157:
 787:../../../../../Drivers/PY32E407_HAL_Driver/Src/py32e407_hal_rcc_ex.c ****       }
ARM GAS  C:\Users\n11ak\AppData\Local\Temp\cc3ria0q.s 			page 54


 1749              		.loc 1 787 21 view .LVU597
 1750 0542 4EE0     		b	.L40
 1751              	.LVL158:
 1752              	.L152:
 812:../../../../../Drivers/PY32E407_HAL_Driver/Src/py32e407_hal_rcc_ex.c ****       }
 1753              		.loc 1 812 9 is_stmt 1 view .LVU598
 812:../../../../../Drivers/PY32E407_HAL_Driver/Src/py32e407_hal_rcc_ex.c ****       }
 1754              		.loc 1 812 21 is_stmt 0 view .LVU599
 1755 0544 FFF7FEFF 		bl	HAL_RCC_GetPCLK1Freq
 1756              	.LVL159:
 812:../../../../../Drivers/PY32E407_HAL_Driver/Src/py32e407_hal_rcc_ex.c ****       }
 1757              		.loc 1 812 21 view .LVU600
 1758 0548 4BE0     		b	.L40
 1759              	.L179:
 1760 054a 00BF     		.align	2
 1761              	.L178:
 1762 054c 00100240 		.word	1073876992
 1763 0550 00127A00 		.word	8000000
 1764 0554 006CDC02 		.word	48000000
 1765 0558 00366E01 		.word	24000000
 1766 055c CDCCCCCC 		.word	-858993459
 1767 0560 ABAAAAAA 		.word	-1431655765
 1768 0564 25499224 		.word	613566757
 1769              	.LVL160:
 1770              	.L53:
 837:../../../../../Drivers/PY32E407_HAL_Driver/Src/py32e407_hal_rcc_ex.c **** 
 1771              		.loc 1 837 7 is_stmt 1 view .LVU601
 837:../../../../../Drivers/PY32E407_HAL_Driver/Src/py32e407_hal_rcc_ex.c **** 
 1772              		.loc 1 837 16 is_stmt 0 view .LVU602
 1773 0568 404B     		ldr	r3, .L180
 1774 056a 9B6E     		ldr	r3, [r3, #104]
 1775              	.LVL161:
 839:../../../../../Drivers/PY32E407_HAL_Driver/Src/py32e407_hal_rcc_ex.c ****       {
 1776              		.loc 1 839 7 is_stmt 1 view .LVU603
 839:../../../../../Drivers/PY32E407_HAL_Driver/Src/py32e407_hal_rcc_ex.c ****       {
 1777              		.loc 1 839 9 is_stmt 0 view .LVU604
 1778 056c 13F44033 		ands	r3, r3, #196608
 1779              	.LVL162:
 839:../../../../../Drivers/PY32E407_HAL_Driver/Src/py32e407_hal_rcc_ex.c ****       {
 1780              		.loc 1 839 9 view .LVU605
 1781 0570 11D0     		beq	.L174
 843:../../../../../Drivers/PY32E407_HAL_Driver/Src/py32e407_hal_rcc_ex.c ****       {
 1782              		.loc 1 843 12 is_stmt 1 view .LVU606
 843:../../../../../Drivers/PY32E407_HAL_Driver/Src/py32e407_hal_rcc_ex.c ****       {
 1783              		.loc 1 843 16 is_stmt 0 view .LVU607
 1784 0572 3E4A     		ldr	r2, .L180
 1785 0574 526F     		ldr	r2, [r2, #116]
 843:../../../../../Drivers/PY32E407_HAL_Driver/Src/py32e407_hal_rcc_ex.c ****       {
 1786              		.loc 1 843 14 view .LVU608
 1787 0576 12F0020F 		tst	r2, #2
 1788 057a 02D0     		beq	.L105
 843:../../../../../Drivers/PY32E407_HAL_Driver/Src/py32e407_hal_rcc_ex.c ****       {
 1789              		.loc 1 843 58 discriminator 1 view .LVU609
 1790 057c B3F5803F 		cmp	r3, #65536
 1791 0580 5BD0     		beq	.L136
 1792              	.L105:
 847:../../../../../Drivers/PY32E407_HAL_Driver/Src/py32e407_hal_rcc_ex.c ****       {
ARM GAS  C:\Users\n11ak\AppData\Local\Temp\cc3ria0q.s 			page 55


 1793              		.loc 1 847 12 is_stmt 1 view .LVU610
 847:../../../../../Drivers/PY32E407_HAL_Driver/Src/py32e407_hal_rcc_ex.c ****       {
 1794              		.loc 1 847 16 is_stmt 0 view .LVU611
 1795 0582 3A4A     		ldr	r2, .L180
 1796 0584 106F     		ldr	r0, [r2, #112]
 1797              	.LVL163:
 847:../../../../../Drivers/PY32E407_HAL_Driver/Src/py32e407_hal_rcc_ex.c ****       {
 1798              		.loc 1 847 14 view .LVU612
 1799 0586 10F00200 		ands	r0, r0, #2
 1800 058a 2AD0     		beq	.L40
 847:../../../../../Drivers/PY32E407_HAL_Driver/Src/py32e407_hal_rcc_ex.c ****       {
 1801              		.loc 1 847 60 discriminator 1 view .LVU613
 1802 058c B3F5003F 		cmp	r3, #131072
 1803 0590 56D0     		beq	.L137
 447:../../../../../Drivers/PY32E407_HAL_Driver/Src/py32e407_hal_rcc_ex.c **** 
 1804              		.loc 1 447 27 view .LVU614
 1805 0592 0020     		movs	r0, #0
 1806 0594 25E0     		b	.L40
 1807              	.LVL164:
 1808              	.L174:
 841:../../../../../Drivers/PY32E407_HAL_Driver/Src/py32e407_hal_rcc_ex.c ****       }
 1809              		.loc 1 841 9 is_stmt 1 view .LVU615
 841:../../../../../Drivers/PY32E407_HAL_Driver/Src/py32e407_hal_rcc_ex.c ****       }
 1810              		.loc 1 841 21 is_stmt 0 view .LVU616
 1811 0596 FFF7FEFF 		bl	HAL_RCC_GetPCLK2Freq
 1812              	.LVL165:
 841:../../../../../Drivers/PY32E407_HAL_Driver/Src/py32e407_hal_rcc_ex.c ****       }
 1813              		.loc 1 841 21 view .LVU617
 1814 059a 22E0     		b	.L40
 1815              	.LVL166:
 1816              	.L157:
 866:../../../../../Drivers/PY32E407_HAL_Driver/Src/py32e407_hal_rcc_ex.c ****       }
 1817              		.loc 1 866 9 is_stmt 1 view .LVU618
 866:../../../../../Drivers/PY32E407_HAL_Driver/Src/py32e407_hal_rcc_ex.c ****       }
 1818              		.loc 1 866 21 is_stmt 0 view .LVU619
 1819 059c FFF7FEFF 		bl	HAL_RCC_GetPCLK2Freq
 1820              	.LVL167:
 866:../../../../../Drivers/PY32E407_HAL_Driver/Src/py32e407_hal_rcc_ex.c ****       }
 1821              		.loc 1 866 21 view .LVU620
 1822 05a0 1FE0     		b	.L40
 1823              	.LVL168:
 1824              	.L58:
 887:../../../../../Drivers/PY32E407_HAL_Driver/Src/py32e407_hal_rcc_ex.c **** 
 1825              		.loc 1 887 7 is_stmt 1 view .LVU621
 887:../../../../../Drivers/PY32E407_HAL_Driver/Src/py32e407_hal_rcc_ex.c **** 
 1826              		.loc 1 887 16 is_stmt 0 view .LVU622
 1827 05a2 324B     		ldr	r3, .L180
 1828 05a4 9B6E     		ldr	r3, [r3, #104]
 1829              	.LVL169:
 889:../../../../../Drivers/PY32E407_HAL_Driver/Src/py32e407_hal_rcc_ex.c ****       {
 1830              		.loc 1 889 7 is_stmt 1 view .LVU623
 889:../../../../../Drivers/PY32E407_HAL_Driver/Src/py32e407_hal_rcc_ex.c ****       {
 1831              		.loc 1 889 9 is_stmt 0 view .LVU624
 1832 05a6 13F44013 		ands	r3, r3, #3145728
 1833              	.LVL170:
 889:../../../../../Drivers/PY32E407_HAL_Driver/Src/py32e407_hal_rcc_ex.c ****       {
 1834              		.loc 1 889 9 view .LVU625
ARM GAS  C:\Users\n11ak\AppData\Local\Temp\cc3ria0q.s 			page 56


 1835 05aa 11D0     		beq	.L175
 893:../../../../../Drivers/PY32E407_HAL_Driver/Src/py32e407_hal_rcc_ex.c ****       {
 1836              		.loc 1 893 12 is_stmt 1 view .LVU626
 893:../../../../../Drivers/PY32E407_HAL_Driver/Src/py32e407_hal_rcc_ex.c ****       {
 1837              		.loc 1 893 16 is_stmt 0 view .LVU627
 1838 05ac 2F4A     		ldr	r2, .L180
 1839 05ae 526F     		ldr	r2, [r2, #116]
 893:../../../../../Drivers/PY32E407_HAL_Driver/Src/py32e407_hal_rcc_ex.c ****       {
 1840              		.loc 1 893 14 view .LVU628
 1841 05b0 12F0020F 		tst	r2, #2
 1842 05b4 02D0     		beq	.L109
 893:../../../../../Drivers/PY32E407_HAL_Driver/Src/py32e407_hal_rcc_ex.c ****       {
 1843              		.loc 1 893 58 discriminator 1 view .LVU629
 1844 05b6 B3F5801F 		cmp	r3, #1048576
 1845 05ba 4AD0     		beq	.L140
 1846              	.L109:
 897:../../../../../Drivers/PY32E407_HAL_Driver/Src/py32e407_hal_rcc_ex.c ****       {
 1847              		.loc 1 897 12 is_stmt 1 view .LVU630
 897:../../../../../Drivers/PY32E407_HAL_Driver/Src/py32e407_hal_rcc_ex.c ****       {
 1848              		.loc 1 897 16 is_stmt 0 view .LVU631
 1849 05bc 2B4A     		ldr	r2, .L180
 1850 05be 106F     		ldr	r0, [r2, #112]
 1851              	.LVL171:
 897:../../../../../Drivers/PY32E407_HAL_Driver/Src/py32e407_hal_rcc_ex.c ****       {
 1852              		.loc 1 897 14 view .LVU632
 1853 05c0 10F00200 		ands	r0, r0, #2
 1854 05c4 0DD0     		beq	.L40
 897:../../../../../Drivers/PY32E407_HAL_Driver/Src/py32e407_hal_rcc_ex.c ****       {
 1855              		.loc 1 897 60 discriminator 1 view .LVU633
 1856 05c6 B3F5001F 		cmp	r3, #2097152
 1857 05ca 45D0     		beq	.L141
 447:../../../../../Drivers/PY32E407_HAL_Driver/Src/py32e407_hal_rcc_ex.c **** 
 1858              		.loc 1 447 27 view .LVU634
 1859 05cc 0020     		movs	r0, #0
 1860 05ce 08E0     		b	.L40
 1861              	.LVL172:
 1862              	.L175:
 891:../../../../../Drivers/PY32E407_HAL_Driver/Src/py32e407_hal_rcc_ex.c ****       }
 1863              		.loc 1 891 9 is_stmt 1 view .LVU635
 891:../../../../../Drivers/PY32E407_HAL_Driver/Src/py32e407_hal_rcc_ex.c ****       }
 1864              		.loc 1 891 21 is_stmt 0 view .LVU636
 1865 05d0 FFF7FEFF 		bl	HAL_RCC_GetPCLK2Freq
 1866              	.LVL173:
 891:../../../../../Drivers/PY32E407_HAL_Driver/Src/py32e407_hal_rcc_ex.c ****       }
 1867              		.loc 1 891 21 view .LVU637
 1868 05d4 05E0     		b	.L40
 1869              	.LVL174:
 1870              	.L150:
 916:../../../../../Drivers/PY32E407_HAL_Driver/Src/py32e407_hal_rcc_ex.c ****       }
 1871              		.loc 1 916 9 is_stmt 1 view .LVU638
 916:../../../../../Drivers/PY32E407_HAL_Driver/Src/py32e407_hal_rcc_ex.c ****       }
 1872              		.loc 1 916 21 is_stmt 0 view .LVU639
 1873 05d6 FFF7FEFF 		bl	HAL_RCC_GetPCLK2Freq
 1874              	.LVL175:
 916:../../../../../Drivers/PY32E407_HAL_Driver/Src/py32e407_hal_rcc_ex.c ****       }
 1875              		.loc 1 916 21 view .LVU640
 1876 05da 02E0     		b	.L40
ARM GAS  C:\Users\n11ak\AppData\Local\Temp\cc3ria0q.s 			page 57


 1877              	.LVL176:
 1878              	.L112:
 452:../../../../../Drivers/PY32E407_HAL_Driver/Src/py32e407_hal_rcc_ex.c ****   {
 1879              		.loc 1 452 3 view .LVU641
 1880 05dc 0020     		movs	r0, #0
 1881              	.LVL177:
 452:../../../../../Drivers/PY32E407_HAL_Driver/Src/py32e407_hal_rcc_ex.c ****   {
 1882              		.loc 1 452 3 view .LVU642
 1883 05de 00E0     		b	.L40
 1884              	.L113:
 1885 05e0 0020     		movs	r0, #0
 1886              	.LVL178:
 1887              	.L40:
 923:../../../../../Drivers/PY32E407_HAL_Driver/Src/py32e407_hal_rcc_ex.c ****       {
 924:../../../../../Drivers/PY32E407_HAL_Driver/Src/py32e407_hal_rcc_ex.c ****         frequency = LSE_VALUE;
 925:../../../../../Drivers/PY32E407_HAL_Driver/Src/py32e407_hal_rcc_ex.c ****       }
 926:../../../../../Drivers/PY32E407_HAL_Driver/Src/py32e407_hal_rcc_ex.c ****       /* Clock not enabled for COMP4 */
 927:../../../../../Drivers/PY32E407_HAL_Driver/Src/py32e407_hal_rcc_ex.c ****       else
 928:../../../../../Drivers/PY32E407_HAL_Driver/Src/py32e407_hal_rcc_ex.c ****       {
 929:../../../../../Drivers/PY32E407_HAL_Driver/Src/py32e407_hal_rcc_ex.c ****         /* nothing to do: frequency already initialized to 0 */
 930:../../../../../Drivers/PY32E407_HAL_Driver/Src/py32e407_hal_rcc_ex.c ****       }
 931:../../../../../Drivers/PY32E407_HAL_Driver/Src/py32e407_hal_rcc_ex.c ****       break;
 932:../../../../../Drivers/PY32E407_HAL_Driver/Src/py32e407_hal_rcc_ex.c ****     }
 933:../../../../../Drivers/PY32E407_HAL_Driver/Src/py32e407_hal_rcc_ex.c ****     
 934:../../../../../Drivers/PY32E407_HAL_Driver/Src/py32e407_hal_rcc_ex.c ****     default:
 935:../../../../../Drivers/PY32E407_HAL_Driver/Src/py32e407_hal_rcc_ex.c ****     {
 936:../../../../../Drivers/PY32E407_HAL_Driver/Src/py32e407_hal_rcc_ex.c ****       break;
 937:../../../../../Drivers/PY32E407_HAL_Driver/Src/py32e407_hal_rcc_ex.c ****     }
 938:../../../../../Drivers/PY32E407_HAL_Driver/Src/py32e407_hal_rcc_ex.c ****   }
 939:../../../../../Drivers/PY32E407_HAL_Driver/Src/py32e407_hal_rcc_ex.c ****   
 940:../../../../../Drivers/PY32E407_HAL_Driver/Src/py32e407_hal_rcc_ex.c ****   return (frequency);
 941:../../../../../Drivers/PY32E407_HAL_Driver/Src/py32e407_hal_rcc_ex.c **** }
 1888              		.loc 1 941 1 view .LVU643
 1889 05e2 03B0     		add	sp, sp, #12
 1890              	.LCFI6:
 1891              		.cfi_remember_state
 1892              		.cfi_def_cfa_offset 4
 1893              		@ sp needed
 1894 05e4 5DF804FB 		ldr	pc, [sp], #4
 1895              	.LVL179:
 1896              	.L114:
 1897              	.LCFI7:
 1898              		.cfi_restore_state
 462:../../../../../Drivers/PY32E407_HAL_Driver/Src/py32e407_hal_rcc_ex.c ****       }
 1899              		.loc 1 462 19 view .LVU644
 1900 05e8 4FF40040 		mov	r0, #32768
 1901 05ec F9E7     		b	.L40
 1902              	.LVL180:
 1903              	.L119:
 447:../../../../../Drivers/PY32E407_HAL_Driver/Src/py32e407_hal_rcc_ex.c **** 
 1904              		.loc 1 447 27 view .LVU645
 1905 05ee 0020     		movs	r0, #0
 1906 05f0 F7E7     		b	.L40
 1907              	.LVL181:
 1908              	.L120:
 447:../../../../../Drivers/PY32E407_HAL_Driver/Src/py32e407_hal_rcc_ex.c **** 
 1909              		.loc 1 447 27 view .LVU646
ARM GAS  C:\Users\n11ak\AppData\Local\Temp\cc3ria0q.s 			page 58


 1910 05f2 0020     		movs	r0, #0
 1911 05f4 F5E7     		b	.L40
 1912              	.LVL182:
 1913              	.L122:
 671:../../../../../Drivers/PY32E407_HAL_Driver/Src/py32e407_hal_rcc_ex.c ****       }
 1914              		.loc 1 671 19 view .LVU647
 1915 05f6 49F64040 		movw	r0, #40000
 1916 05fa F2E7     		b	.L40
 1917              	.L123:
 675:../../../../../Drivers/PY32E407_HAL_Driver/Src/py32e407_hal_rcc_ex.c ****       }
 1918              		.loc 1 675 19 view .LVU648
 1919 05fc 4FF40040 		mov	r0, #32768
 1920 0600 EFE7     		b	.L40
 1921              	.LVL183:
 1922              	.L125:
 704:../../../../../Drivers/PY32E407_HAL_Driver/Src/py32e407_hal_rcc_ex.c ****       }
 1923              		.loc 1 704 19 view .LVU649
 1924 0602 1B48     		ldr	r0, .L180+4
 1925              	.LVL184:
 704:../../../../../Drivers/PY32E407_HAL_Driver/Src/py32e407_hal_rcc_ex.c ****       }
 1926              		.loc 1 704 19 view .LVU650
 1927 0604 EDE7     		b	.L40
 1928              	.L126:
 708:../../../../../Drivers/PY32E407_HAL_Driver/Src/py32e407_hal_rcc_ex.c ****       }
 1929              		.loc 1 708 19 view .LVU651
 1930 0606 4FF40040 		mov	r0, #32768
 1931 060a EAE7     		b	.L40
 1932              	.LVL185:
 1933              	.L127:
 733:../../../../../Drivers/PY32E407_HAL_Driver/Src/py32e407_hal_rcc_ex.c ****       }
 1934              		.loc 1 733 19 view .LVU652
 1935 060c 1848     		ldr	r0, .L180+4
 1936              	.LVL186:
 733:../../../../../Drivers/PY32E407_HAL_Driver/Src/py32e407_hal_rcc_ex.c ****       }
 1937              		.loc 1 733 19 view .LVU653
 1938 060e E8E7     		b	.L40
 1939              	.L128:
 737:../../../../../Drivers/PY32E407_HAL_Driver/Src/py32e407_hal_rcc_ex.c ****       }
 1940              		.loc 1 737 19 view .LVU654
 1941 0610 4FF40040 		mov	r0, #32768
 1942 0614 E5E7     		b	.L40
 1943              	.LVL187:
 1944              	.L129:
 762:../../../../../Drivers/PY32E407_HAL_Driver/Src/py32e407_hal_rcc_ex.c ****       }
 1945              		.loc 1 762 19 view .LVU655
 1946 0616 1648     		ldr	r0, .L180+4
 1947              	.LVL188:
 762:../../../../../Drivers/PY32E407_HAL_Driver/Src/py32e407_hal_rcc_ex.c ****       }
 1948              		.loc 1 762 19 view .LVU656
 1949 0618 E3E7     		b	.L40
 1950              	.L130:
 766:../../../../../Drivers/PY32E407_HAL_Driver/Src/py32e407_hal_rcc_ex.c ****       }
 1951              		.loc 1 766 19 view .LVU657
 1952 061a 4FF40040 		mov	r0, #32768
 1953 061e E0E7     		b	.L40
 1954              	.LVL189:
 1955              	.L131:
ARM GAS  C:\Users\n11ak\AppData\Local\Temp\cc3ria0q.s 			page 59


 791:../../../../../Drivers/PY32E407_HAL_Driver/Src/py32e407_hal_rcc_ex.c ****       }
 1956              		.loc 1 791 19 view .LVU658
 1957 0620 1348     		ldr	r0, .L180+4
 1958              	.LVL190:
 791:../../../../../Drivers/PY32E407_HAL_Driver/Src/py32e407_hal_rcc_ex.c ****       }
 1959              		.loc 1 791 19 view .LVU659
 1960 0622 DEE7     		b	.L40
 1961              	.L132:
 795:../../../../../Drivers/PY32E407_HAL_Driver/Src/py32e407_hal_rcc_ex.c ****       }
 1962              		.loc 1 795 19 view .LVU660
 1963 0624 4FF40040 		mov	r0, #32768
 1964 0628 DBE7     		b	.L40
 1965              	.LVL191:
 1966              	.L133:
 816:../../../../../Drivers/PY32E407_HAL_Driver/Src/py32e407_hal_rcc_ex.c ****       }
 1967              		.loc 1 816 19 view .LVU661
 1968 062a 49F64040 		movw	r0, #40000
 1969              	.LVL192:
 816:../../../../../Drivers/PY32E407_HAL_Driver/Src/py32e407_hal_rcc_ex.c ****       }
 1970              		.loc 1 816 19 view .LVU662
 1971 062e D8E7     		b	.L40
 1972              	.LVL193:
 1973              	.L134:
 820:../../../../../Drivers/PY32E407_HAL_Driver/Src/py32e407_hal_rcc_ex.c ****       }
 1974              		.loc 1 820 19 view .LVU663
 1975 0630 0F48     		ldr	r0, .L180+4
 1976              	.LVL194:
 820:../../../../../Drivers/PY32E407_HAL_Driver/Src/py32e407_hal_rcc_ex.c ****       }
 1977              		.loc 1 820 19 view .LVU664
 1978 0632 D6E7     		b	.L40
 1979              	.L135:
 824:../../../../../Drivers/PY32E407_HAL_Driver/Src/py32e407_hal_rcc_ex.c ****       }
 1980              		.loc 1 824 19 view .LVU665
 1981 0634 4FF40040 		mov	r0, #32768
 1982 0638 D3E7     		b	.L40
 1983              	.LVL195:
 1984              	.L136:
 845:../../../../../Drivers/PY32E407_HAL_Driver/Src/py32e407_hal_rcc_ex.c ****       }
 1985              		.loc 1 845 19 view .LVU666
 1986 063a 49F64040 		movw	r0, #40000
 1987              	.LVL196:
 845:../../../../../Drivers/PY32E407_HAL_Driver/Src/py32e407_hal_rcc_ex.c ****       }
 1988              		.loc 1 845 19 view .LVU667
 1989 063e D0E7     		b	.L40
 1990              	.L137:
 849:../../../../../Drivers/PY32E407_HAL_Driver/Src/py32e407_hal_rcc_ex.c ****       }
 1991              		.loc 1 849 19 view .LVU668
 1992 0640 4FF40040 		mov	r0, #32768
 1993 0644 CDE7     		b	.L40
 1994              	.LVL197:
 1995              	.L138:
 870:../../../../../Drivers/PY32E407_HAL_Driver/Src/py32e407_hal_rcc_ex.c ****       }
 1996              		.loc 1 870 19 view .LVU669
 1997 0646 49F64040 		movw	r0, #40000
 1998              	.LVL198:
 870:../../../../../Drivers/PY32E407_HAL_Driver/Src/py32e407_hal_rcc_ex.c ****       }
 1999              		.loc 1 870 19 view .LVU670
ARM GAS  C:\Users\n11ak\AppData\Local\Temp\cc3ria0q.s 			page 60


 2000 064a CAE7     		b	.L40
 2001              	.L139:
 874:../../../../../Drivers/PY32E407_HAL_Driver/Src/py32e407_hal_rcc_ex.c ****       }
 2002              		.loc 1 874 19 view .LVU671
 2003 064c 4FF40040 		mov	r0, #32768
 2004 0650 C7E7     		b	.L40
 2005              	.LVL199:
 2006              	.L140:
 895:../../../../../Drivers/PY32E407_HAL_Driver/Src/py32e407_hal_rcc_ex.c ****       }
 2007              		.loc 1 895 19 view .LVU672
 2008 0652 49F64040 		movw	r0, #40000
 2009              	.LVL200:
 895:../../../../../Drivers/PY32E407_HAL_Driver/Src/py32e407_hal_rcc_ex.c ****       }
 2010              		.loc 1 895 19 view .LVU673
 2011 0656 C4E7     		b	.L40
 2012              	.L141:
 899:../../../../../Drivers/PY32E407_HAL_Driver/Src/py32e407_hal_rcc_ex.c ****       }
 2013              		.loc 1 899 19 view .LVU674
 2014 0658 4FF40040 		mov	r0, #32768
 2015 065c C1E7     		b	.L40
 2016              	.LVL201:
 2017              	.L142:
 920:../../../../../Drivers/PY32E407_HAL_Driver/Src/py32e407_hal_rcc_ex.c ****       }
 2018              		.loc 1 920 19 view .LVU675
 2019 065e 49F64040 		movw	r0, #40000
 2020              	.LVL202:
 920:../../../../../Drivers/PY32E407_HAL_Driver/Src/py32e407_hal_rcc_ex.c ****       }
 2021              		.loc 1 920 19 view .LVU676
 2022 0662 BEE7     		b	.L40
 2023              	.L143:
 924:../../../../../Drivers/PY32E407_HAL_Driver/Src/py32e407_hal_rcc_ex.c ****       }
 2024              		.loc 1 924 19 view .LVU677
 2025 0664 4FF40040 		mov	r0, #32768
 2026              	.LVL203:
 940:../../../../../Drivers/PY32E407_HAL_Driver/Src/py32e407_hal_rcc_ex.c **** }
 2027              		.loc 1 940 3 is_stmt 1 view .LVU678
 940:../../../../../Drivers/PY32E407_HAL_Driver/Src/py32e407_hal_rcc_ex.c **** }
 2028              		.loc 1 940 10 is_stmt 0 view .LVU679
 2029 0668 BBE7     		b	.L40
 2030              	.L181:
 2031 066a 00BF     		.align	2
 2032              	.L180:
 2033 066c 00100240 		.word	1073876992
 2034 0670 0024F400 		.word	16000000
 2035              		.cfi_endproc
 2036              	.LFE138:
 2038              		.text
 2039              	.Letext0:
 2040              		.file 2 "h:\\program files (x86)\\puyasde\\tool\\arm-none-eabi\\include\\machine\\_default_types.h
 2041              		.file 3 "h:\\program files (x86)\\puyasde\\tool\\arm-none-eabi\\include\\sys\\_stdint.h"
 2042              		.file 4 "h:\\drivers\\cmsis\\device\\puya\\py32e407\\include\\py32e407xE.h"
 2043              		.file 5 "h:\\drivers\\cmsis\\device\\puya\\py32e407\\include\\py32e4xx.h"
 2044              		.file 6 "h:\\drivers\\py32e407_hal_driver\\inc\\py32e407_hal_def.h"
 2045              		.file 7 "h:\\drivers\\py32e407_hal_driver\\inc\\py32e407_hal_rcc_ex.h"
 2046              		.file 8 "h:\\drivers\\py32e407_hal_driver\\inc\\py32e407_hal_rcc.h"
 2047              		.file 9 "h:\\drivers\\py32e407_hal_driver\\inc\\py32e4xx_hal.h"
ARM GAS  C:\Users\n11ak\AppData\Local\Temp\cc3ria0q.s 			page 61


DEFINED SYMBOLS
                            *ABS*:00000000 py32e407_hal_rcc_ex.c
C:\Users\n11ak\AppData\Local\Temp\cc3ria0q.s:20     .text.HAL_RCCEx_PeriphCLKConfig:00000000 $t
C:\Users\n11ak\AppData\Local\Temp\cc3ria0q.s:26     .text.HAL_RCCEx_PeriphCLKConfig:00000000 HAL_RCCEx_PeriphCLKConfig
C:\Users\n11ak\AppData\Local\Temp\cc3ria0q.s:483    .text.HAL_RCCEx_PeriphCLKConfig:00000240 $d
C:\Users\n11ak\AppData\Local\Temp\cc3ria0q.s:489    .text.HAL_RCCEx_GetPeriphCLKConfig:00000000 $t
C:\Users\n11ak\AppData\Local\Temp\cc3ria0q.s:495    .text.HAL_RCCEx_GetPeriphCLKConfig:00000000 HAL_RCCEx_GetPeriphCLKConfig
C:\Users\n11ak\AppData\Local\Temp\cc3ria0q.s:674    .text.HAL_RCCEx_GetPeriphCLKConfig:000000d8 $d
C:\Users\n11ak\AppData\Local\Temp\cc3ria0q.s:679    .text.HAL_RCCEx_GetPeriphCLKFreq:00000000 $t
C:\Users\n11ak\AppData\Local\Temp\cc3ria0q.s:685    .text.HAL_RCCEx_GetPeriphCLKFreq:00000000 HAL_RCCEx_GetPeriphCLKFreq
C:\Users\n11ak\AppData\Local\Temp\cc3ria0q.s:728    .text.HAL_RCCEx_GetPeriphCLKFreq:0000002e $d
C:\Users\n11ak\AppData\Local\Temp\cc3ria0q.s:761    .text.HAL_RCCEx_GetPeriphCLKFreq:0000006e $t
C:\Users\n11ak\AppData\Local\Temp\cc3ria0q.s:1163   .text.HAL_RCCEx_GetPeriphCLKFreq:00000288 $d
C:\Users\n11ak\AppData\Local\Temp\cc3ria0q.s:1171   .text.HAL_RCCEx_GetPeriphCLKFreq:00000298 $t
C:\Users\n11ak\AppData\Local\Temp\cc3ria0q.s:1762   .text.HAL_RCCEx_GetPeriphCLKFreq:0000054c $d
C:\Users\n11ak\AppData\Local\Temp\cc3ria0q.s:1773   .text.HAL_RCCEx_GetPeriphCLKFreq:00000568 $t
C:\Users\n11ak\AppData\Local\Temp\cc3ria0q.s:2033   .text.HAL_RCCEx_GetPeriphCLKFreq:0000066c $d

UNDEFINED SYMBOLS
HAL_GetTick
HAL_RCC_GetPCLK2Freq
HAL_RCC_GetHCLKFreq
HAL_RCC_GetPCLK1Freq
HAL_RCC_GetSysClockFreq
