ARM GAS  C:\Users\user\AppData\Local\Temp\ccqcwdMl.s 			page 1


   1              		.cpu cortex-m4
   2              		.arch armv7e-m
   3              		.fpu fpv4-sp-d16
   4              		.eabi_attribute 27, 1
   5              		.eabi_attribute 28, 1
   6              		.eabi_attribute 20, 1
   7              		.eabi_attribute 21, 1
   8              		.eabi_attribute 23, 3
   9              		.eabi_attribute 24, 1
  10              		.eabi_attribute 25, 1
  11              		.eabi_attribute 26, 1
  12              		.eabi_attribute 30, 1
  13              		.eabi_attribute 34, 1
  14              		.eabi_attribute 18, 4
  15              		.file	"main.c"
  16              		.text
  17              	.Ltext0:
  18              		.cfi_sections	.debug_frame
  19              		.section	.text.LCD_WriteByte,"ax",%progbits
  20              		.align	1
  21              		.syntax unified
  22              		.thumb
  23              		.thumb_func
  25              	LCD_WriteByte:
  26              	.LVL0:
  27              	.LFB141:
  28              		.file 1 "../Src/main.c"
   1:../Src/main.c **** /**
   2:../Src/main.c ****   ******************************************************************************
   3:../Src/main.c ****   * @file    main.c
   4:../Src/main.c ****   * @author  MCU Application Team
   5:../Src/main.c ****   * @brief   Main program body
   6:../Src/main.c ****   ******************************************************************************
   7:../Src/main.c ****   */
   8:../Src/main.c **** 
   9:../Src/main.c **** /* Includes ------------------------------------------------------------------*/
  10:../Src/main.c **** #include "main.h"
  11:../Src/main.c **** #include "puya_logo.h"
  12:../Src/main.c **** 
  13:../Src/main.c **** /* Private define ------------------------------------------------------------*/
  14:../Src/main.c **** #define LCD_WIDTH                   320U
  15:../Src/main.c **** #define LCD_HEIGHT                  240U
  16:../Src/main.c **** 
  17:../Src/main.c **** #define LCD_CS_PORT                 GPIOD
  18:../Src/main.c **** #define LCD_CS_PIN                  GPIO_PIN_3
  19:../Src/main.c **** #define LCD_MOSI_PORT               GPIOD
  20:../Src/main.c **** #define LCD_MOSI_PIN                GPIO_PIN_5
  21:../Src/main.c **** #define LCD_CLK_PORT                GPIOD
  22:../Src/main.c **** #define LCD_CLK_PIN                 GPIO_PIN_4
  23:../Src/main.c **** #define LCD_RS_PORT                 GPIOC
  24:../Src/main.c **** #define LCD_RS_PIN                  GPIO_PIN_8
  25:../Src/main.c **** 
  26:../Src/main.c **** #define LCD_ORANGE                  0xFBE0U
  27:../Src/main.c **** #define LCD_WHITE                   0xFFFFU
  28:../Src/main.c **** 
  29:../Src/main.c **** /* Logo bounce speed: pixels moved per frame in each axis. Raise these to make
  30:../Src/main.c ****    the logo travel faster (and/or lower the frame delay in main()). */
ARM GAS  C:\Users\user\AppData\Local\Temp\ccqcwdMl.s 			page 2


  31:../Src/main.c **** #define LOGO_SPEED_X                (6)
  32:../Src/main.c **** #define LOGO_SPEED_Y                (4)
  33:../Src/main.c **** #define LOGO_FRAME_DELAY_MS         (16)  /* ~60 fps upper bound */
  34:../Src/main.c **** 
  35:../Src/main.c **** /* SPI mode select. ILI9341 is normally mode 0 (CPOL=0/CPHA=0, clock idles LOW,
  36:../Src/main.c ****    latch on rising edge). Set to 1 to test mode 3 (CPOL=1/CPHA=1, clock idles
  37:../Src/main.c ****    HIGH, latch on rising edge). */
  38:../Src/main.c **** #define LCD_SPI_MODE3               (1U)
  39:../Src/main.c **** 
  40:../Src/main.c **** /* Private variables ---------------------------------------------------------*/
  41:../Src/main.c **** static volatile uint8_t g_lcd_slow_spi = 0U;   /* 1: insert bit delays (debug only) */
  42:../Src/main.c **** 
  43:../Src/main.c **** /* Debug instrumentation -----------------------------------------------------*/
  44:../Src/main.c **** /* Bit-bang timing.
  45:../Src/main.c ****    LCD_BIT_DELAY_LOOPS is applied on EVERY SPI bit, so raising it slows the whole
  46:../Src/main.c ****    transfer down (both during init and during the pixel fill). LCD_DEBUG_SLOW_SPI
  47:../Src/main.c ****    adds an extra, much larger delay while the short init command stream is being
  48:../Src/main.c ****    sent, so a scope can capture it. */
  49:../Src/main.c **** #define LCD_BIT_DELAY_LOOPS         (0U)   /* base idle loops per SCK half period  */
  50:../Src/main.c **** #define LCD_PIXEL_BIT_DELAY_LOOPS   (8U)   /* throttle so SCK stays within ILI9341 spec */
  51:../Src/main.c **** #define LCD_DEBUG_SLOW_SPI          (1U)   /* 1: allow extra slow mode for init    */
  52:../Src/main.c **** #define LCD_DEBUG_BIT_DELAY_LOOPS   (40U)  /* extra loops per SCK half in slow mode */
  53:../Src/main.c **** 
  54:../Src/main.c **** /* On-board debug LEDs: 4x ACTIVE LOW (pin driven LOW => LED lit). */
  55:../Src/main.c **** #define DBG_LED_GPIO_PORT           GPIOA
  56:../Src/main.c **** #define DBG_LED1_PIN                GPIO_PIN_3
  57:../Src/main.c **** #define DBG_LED2_PIN                GPIO_PIN_4
  58:../Src/main.c **** #define DBG_LED3_PIN                GPIO_PIN_5
  59:../Src/main.c **** #define DBG_LED4_PIN                GPIO_PIN_6
  60:../Src/main.c **** #define DBG_LED_ALL_PINS            (DBG_LED1_PIN | DBG_LED2_PIN | \
  61:../Src/main.c ****                                      DBG_LED3_PIN | DBG_LED4_PIN)
  62:../Src/main.c **** 
  63:../Src/main.c **** #define DBG_LED_ON(pin)             HAL_GPIO_WritePin(DBG_LED_GPIO_PORT, (pin), GPIO_PIN_RESET)
  64:../Src/main.c **** #define DBG_LED_OFF(pin)            HAL_GPIO_WritePin(DBG_LED_GPIO_PORT, (pin), GPIO_PIN_SET)
  65:../Src/main.c **** 
  66:../Src/main.c **** /* Private function prototypes -----------------------------------------------*/
  67:../Src/main.c **** static void APP_SystemClockConfig(void);
  68:../Src/main.c **** static void APP_GpioConfig(void);
  69:../Src/main.c **** static void LCD_GpioInit(void);
  70:../Src/main.c **** static void LCD_DebugLedInit(void);
  71:../Src/main.c **** static void LCD_DebugLedShow(uint8_t stage);
  72:../Src/main.c **** static void LCD_WriteByte(uint8_t value);
  73:../Src/main.c **** static void LCD_WritePixel(uint16_t pixel);
  74:../Src/main.c **** static void LCD_WriteCommand(uint8_t cmd);
  75:../Src/main.c **** static void LCD_WriteCmdData(uint8_t cmd, const uint8_t *data, uint32_t len);
  76:../Src/main.c **** static void LCD_SetRegion(uint16_t x_start, uint16_t y_start, uint16_t x_end, uint16_t y_end);
  77:../Src/main.c **** static void LCD_FillScreen(uint16_t color);
  78:../Src/main.c **** static void LCD_FillRect(uint16_t x, uint16_t y, uint16_t w, uint16_t h, uint16_t color);
  79:../Src/main.c **** static void LCD_DrawImage(uint16_t x, uint16_t y, uint16_t w, uint16_t h, const uint16_t *pixels);
  80:../Src/main.c **** static void LCD_Init(void);
  81:../Src/main.c **** 
  82:../Src/main.c **** /**
  83:../Src/main.c ****   * @brief  Main program.
  84:../Src/main.c ****   * @retval int
  85:../Src/main.c ****   */
  86:../Src/main.c **** int main(void)
  87:../Src/main.c **** {
ARM GAS  C:\Users\user\AppData\Local\Temp\ccqcwdMl.s 			page 3


  88:../Src/main.c ****   int16_t  x = 20;
  89:../Src/main.c ****   int16_t  y = 20;
  90:../Src/main.c ****   int8_t   dx = LOGO_SPEED_X;
  91:../Src/main.c ****   int8_t   dy = LOGO_SPEED_Y;
  92:../Src/main.c **** 
  93:../Src/main.c ****   HAL_Init();
  94:../Src/main.c ****   APP_SystemClockConfig();
  95:../Src/main.c ****   APP_GpioConfig();
  96:../Src/main.c ****   LCD_DebugLedInit();
  97:../Src/main.c **** 
  98:../Src/main.c ****   /* Stage 1: MCU is alive and running past clock / GPIO init, before LCD. */
  99:../Src/main.c ****   LCD_DebugLedShow(1U);
 100:../Src/main.c ****   HAL_Delay(400);
 101:../Src/main.c **** 
 102:../Src/main.c ****   LCD_Init();   /* clears the screen to white */
 103:../Src/main.c **** 
 104:../Src/main.c ****   /* DVD-style bouncing logo over a white background.
 105:../Src/main.c ****      Erase only the strip the logo leaves behind, one rectangle per axis. */
 106:../Src/main.c ****   while (1)
 107:../Src/main.c ****   {
 108:../Src/main.c ****     int16_t old_x = x;
 109:../Src/main.c ****     int16_t old_y = y;
 110:../Src/main.c **** 
 111:../Src/main.c ****     x += dx;
 112:../Src/main.c ****     y += dy;
 113:../Src/main.c **** 
 114:../Src/main.c ****     if (x <= 0)
 115:../Src/main.c ****     {
 116:../Src/main.c ****       x    = 0;
 117:../Src/main.c ****       dx   = (int8_t)(-dx);
 118:../Src/main.c ****     }
 119:../Src/main.c ****     else if (x >= (int16_t)(LCD_WIDTH - PUYA_LOGO_WIDTH))
 120:../Src/main.c ****     {
 121:../Src/main.c ****       x    = (int16_t)(LCD_WIDTH - PUYA_LOGO_WIDTH);
 122:../Src/main.c ****       dx   = (int8_t)(-dx);
 123:../Src/main.c ****     }
 124:../Src/main.c **** 
 125:../Src/main.c ****     if (y <= 0)
 126:../Src/main.c ****     {
 127:../Src/main.c ****       y    = 0;
 128:../Src/main.c ****       dy   = (int8_t)(-dy);
 129:../Src/main.c ****     }
 130:../Src/main.c ****     else if (y >= (int16_t)(LCD_HEIGHT - PUYA_LOGO_HEIGHT))
 131:../Src/main.c ****     {
 132:../Src/main.c ****       y    = (int16_t)(LCD_HEIGHT - PUYA_LOGO_HEIGHT);
 133:../Src/main.c ****       dy   = (int8_t)(-dy);
 134:../Src/main.c ****     }
 135:../Src/main.c **** 
 136:../Src/main.c ****     /* Erase the area the logo previously occupied but does not cover now. */
 137:../Src/main.c ****     if (x > old_x)
 138:../Src/main.c ****     {
 139:../Src/main.c ****       LCD_FillRect((uint16_t)old_x, (uint16_t)old_y, (uint16_t)(x - old_x),
 140:../Src/main.c ****                    PUYA_LOGO_HEIGHT, LCD_WHITE);
 141:../Src/main.c ****     }
 142:../Src/main.c ****     else if (x < old_x)
 143:../Src/main.c ****     {
 144:../Src/main.c ****       LCD_FillRect((uint16_t)(x + PUYA_LOGO_WIDTH), (uint16_t)old_y,
ARM GAS  C:\Users\user\AppData\Local\Temp\ccqcwdMl.s 			page 4


 145:../Src/main.c ****                    (uint16_t)(old_x - x), PUYA_LOGO_HEIGHT, LCD_WHITE);
 146:../Src/main.c ****     }
 147:../Src/main.c **** 
 148:../Src/main.c ****     if (y > old_y)
 149:../Src/main.c ****     {
 150:../Src/main.c ****       LCD_FillRect((uint16_t)old_x, (uint16_t)old_y, PUYA_LOGO_WIDTH,
 151:../Src/main.c ****                    (uint16_t)(y - old_y), LCD_WHITE);
 152:../Src/main.c ****     }
 153:../Src/main.c ****     else if (y < old_y)
 154:../Src/main.c ****     {
 155:../Src/main.c ****       LCD_FillRect((uint16_t)old_x, (uint16_t)(y + PUYA_LOGO_HEIGHT),
 156:../Src/main.c ****                    PUYA_LOGO_WIDTH, (uint16_t)(old_y - y), LCD_WHITE);
 157:../Src/main.c ****     }
 158:../Src/main.c **** 
 159:../Src/main.c ****     /* Erase regions that are outside the old footprint (only reachable when the
 160:../Src/main.c ****        logo was clamped at an edge). Cheap no-ops in the common case. */
 161:../Src/main.c **** 
 162:../Src/main.c ****     LCD_DrawImage((uint16_t)x, (uint16_t)y, PUYA_LOGO_WIDTH, PUYA_LOGO_HEIGHT,
 163:../Src/main.c ****                   puya_logo);
 164:../Src/main.c **** 
 165:../Src/main.c ****     LCD_DebugLedShow(3U);
 166:../Src/main.c ****     HAL_Delay(LOGO_FRAME_DELAY_MS);
 167:../Src/main.c ****   }
 168:../Src/main.c **** }
 169:../Src/main.c **** 
 170:../Src/main.c **** /**
 171:../Src/main.c ****   * @brief  GPIO configuration.
 172:../Src/main.c ****   * @param  None
 173:../Src/main.c ****   * @retval None
 174:../Src/main.c ****   */
 175:../Src/main.c **** static void APP_GpioConfig(void)
 176:../Src/main.c **** {
 177:../Src/main.c ****   __HAL_RCC_GPIOD_CLK_ENABLE();
 178:../Src/main.c ****   __HAL_RCC_GPIOA_CLK_ENABLE();
 179:../Src/main.c ****   __HAL_RCC_GPIOC_CLK_ENABLE();
 180:../Src/main.c ****   __HAL_RCC_GPIOF_CLK_ENABLE();
 181:../Src/main.c **** 
 182:../Src/main.c ****   LCD_GpioInit();
 183:../Src/main.c **** }
 184:../Src/main.c **** 
 185:../Src/main.c **** static void LCD_GpioInit(void)
 186:../Src/main.c **** {
 187:../Src/main.c ****   GPIO_InitTypeDef GPIO_InitStruct = {0};
 188:../Src/main.c **** 
 189:../Src/main.c ****   GPIO_InitStruct.Mode = GPIO_MODE_OUTPUT_PP;
 190:../Src/main.c ****   GPIO_InitStruct.Pull = GPIO_NOPULL;
 191:../Src/main.c ****   GPIO_InitStruct.Speed = GPIO_SPEED_FREQ_HIGH;
 192:../Src/main.c **** 
 193:../Src/main.c ****   GPIO_InitStruct.Pin = LCD_CS_PIN;
 194:../Src/main.c ****   HAL_GPIO_Init(LCD_CS_PORT, &GPIO_InitStruct);
 195:../Src/main.c **** 
 196:../Src/main.c ****   GPIO_InitStruct.Pin = LCD_MOSI_PIN;
 197:../Src/main.c ****   HAL_GPIO_Init(LCD_MOSI_PORT, &GPIO_InitStruct);
 198:../Src/main.c **** 
 199:../Src/main.c ****   GPIO_InitStruct.Pin = LCD_CLK_PIN;
 200:../Src/main.c ****   HAL_GPIO_Init(LCD_CLK_PORT, &GPIO_InitStruct);
 201:../Src/main.c **** 
ARM GAS  C:\Users\user\AppData\Local\Temp\ccqcwdMl.s 			page 5


 202:../Src/main.c ****   GPIO_InitStruct.Pin = LCD_RS_PIN;
 203:../Src/main.c ****   HAL_GPIO_Init(LCD_RS_PORT, &GPIO_InitStruct);
 204:../Src/main.c **** 
 205:../Src/main.c ****   HAL_GPIO_WritePin(LCD_CS_PORT, LCD_CS_PIN, GPIO_PIN_SET);
 206:../Src/main.c ****   HAL_GPIO_WritePin(LCD_MOSI_PORT, LCD_MOSI_PIN, GPIO_PIN_RESET);
 207:../Src/main.c **** #if (LCD_SPI_MODE3)
 208:../Src/main.c ****   HAL_GPIO_WritePin(LCD_CLK_PORT, LCD_CLK_PIN, GPIO_PIN_SET);   /* idle HIGH in mode 3 */
 209:../Src/main.c **** #else
 210:../Src/main.c ****   HAL_GPIO_WritePin(LCD_CLK_PORT, LCD_CLK_PIN, GPIO_PIN_RESET); /* idle LOW  in mode 0 */
 211:../Src/main.c **** #endif
 212:../Src/main.c ****   HAL_GPIO_WritePin(LCD_RS_PORT, LCD_RS_PIN, GPIO_PIN_RESET);
 213:../Src/main.c **** }
 214:../Src/main.c **** 
 215:../Src/main.c **** static void LCD_DebugLedInit(void)
 216:../Src/main.c **** {
 217:../Src/main.c ****   GPIO_InitTypeDef GPIO_InitStruct = {0};
 218:../Src/main.c **** 
 219:../Src/main.c ****   __HAL_RCC_GPIOA_CLK_ENABLE();
 220:../Src/main.c **** 
 221:../Src/main.c ****   GPIO_InitStruct.Pin = DBG_LED_ALL_PINS;
 222:../Src/main.c ****   GPIO_InitStruct.Mode = GPIO_MODE_OUTPUT_PP;
 223:../Src/main.c ****   GPIO_InitStruct.Pull = GPIO_NOPULL;
 224:../Src/main.c ****   GPIO_InitStruct.Speed = GPIO_SPEED_FREQ_HIGH;
 225:../Src/main.c ****   HAL_GPIO_Init(DBG_LED_GPIO_PORT, &GPIO_InitStruct);
 226:../Src/main.c **** 
 227:../Src/main.c ****   /* Active Low: drive HIGH to keep all debug LEDs OFF at startup. */
 228:../Src/main.c ****   HAL_GPIO_WritePin(DBG_LED_GPIO_PORT, DBG_LED_ALL_PINS, GPIO_PIN_SET);
 229:../Src/main.c **** }
 230:../Src/main.c **** 
 231:../Src/main.c **** /* Active-Low indicator: lights LED1..LED4 according to the init stage.
 232:../Src/main.c ****    stage 1 = LED1 only, stage 2 = LED1+LED2, stage 3 = all four. */
 233:../Src/main.c **** static void LCD_DebugLedShow(uint8_t stage)
 234:../Src/main.c **** {
 235:../Src/main.c ****   DBG_LED_OFF(DBG_LED1_PIN);
 236:../Src/main.c ****   DBG_LED_OFF(DBG_LED2_PIN);
 237:../Src/main.c ****   DBG_LED_OFF(DBG_LED3_PIN);
 238:../Src/main.c ****   DBG_LED_OFF(DBG_LED4_PIN);
 239:../Src/main.c **** 
 240:../Src/main.c ****   if (stage >= 1U)
 241:../Src/main.c ****   {
 242:../Src/main.c ****     DBG_LED_ON(DBG_LED1_PIN);
 243:../Src/main.c ****   }
 244:../Src/main.c ****   if (stage >= 2U)
 245:../Src/main.c ****   {
 246:../Src/main.c ****     DBG_LED_ON(DBG_LED2_PIN);
 247:../Src/main.c ****   }
 248:../Src/main.c ****   if (stage >= 3U)
 249:../Src/main.c ****   {
 250:../Src/main.c ****     DBG_LED_ON(DBG_LED3_PIN);
 251:../Src/main.c ****   }
 252:../Src/main.c ****   if (stage >= 4U)
 253:../Src/main.c ****   {
 254:../Src/main.c ****     DBG_LED_ON(DBG_LED4_PIN);
 255:../Src/main.c ****   }
 256:../Src/main.c **** }
 257:../Src/main.c **** 
 258:../Src/main.c **** /* Bit-bang 4-wire SPI: MSB first. CS, MOSI and CLK are all on GPIOD, so a
ARM GAS  C:\Users\user\AppData\Local\Temp\ccqcwdMl.s 			page 6


 259:../Src/main.c ****    single BSRR write can drive the clock and the data line together. This drops
 260:../Src/main.c ****    the hot loop to 2 register writes per bit.
 261:../Src/main.c ****    mode 0 (LCD_SPI_MODE3=0): clock idles LOW,  data set while LOW,  latch rising
 262:../Src/main.c ****    mode 3 (LCD_SPI_MODE3=1): clock idles HIGH, data set on falling, latch rising
 263:../Src/main.c ****    LCD_PIXEL_BIT_DELAY_LOOPS keeps SCK below the ILI9341 limit now that the core
 264:../Src/main.c ****    runs at 144 MHz. Set it to 0 for absolute maximum speed. */
 265:../Src/main.c **** static void LCD_WriteByte(uint8_t value)
 266:../Src/main.c **** {
  29              		.loc 1 266 1 view -0
  30              		.cfi_startproc
  31              		@ args = 0, pretend = 0, frame = 16
  32              		@ frame_needed = 0, uses_anonymous_args = 0
  33              		@ link register save eliminated.
 267:../Src/main.c ****   volatile uint32_t *bsrr = &LCD_CLK_PORT->BSRR;
  34              		.loc 1 267 3 view .LVU1
 268:../Src/main.c **** 
 269:../Src/main.c ****   const uint32_t clk_lo  = (uint32_t)LCD_CLK_PIN << 16U;   /* reset CLK */
  35              		.loc 1 269 3 view .LVU2
 270:../Src/main.c ****   const uint32_t clk_hi  = (uint32_t)LCD_CLK_PIN;          /* set   CLK */
  36              		.loc 1 270 3 view .LVU3
 271:../Src/main.c ****   const uint32_t mosi_lo = (uint32_t)LCD_MOSI_PIN << 16U;  /* reset MOSI */
  37              		.loc 1 271 3 view .LVU4
 272:../Src/main.c ****   const uint32_t mosi_hi = (uint32_t)LCD_MOSI_PIN;         /* set   MOSI */
  38              		.loc 1 272 3 view .LVU5
 273:../Src/main.c **** 
 274:../Src/main.c ****   for (uint8_t bit = 0U; bit < 8U; ++bit)
  39              		.loc 1 274 3 view .LVU6
  40              	.LBB2:
  41              		.loc 1 274 8 view .LVU7
  42              		.loc 1 274 16 is_stmt 0 view .LVU8
  43 0000 0022     		movs	r2, #0
  44              	.LVL1:
  45              		.loc 1 274 26 is_stmt 1 view .LVU9
  46              		.loc 1 274 3 is_stmt 0 view .LVU10
  47 0002 072A     		cmp	r2, #7
  48 0004 50D8     		bhi	.L20
  49              	.LBE2:
 266:../Src/main.c ****   volatile uint32_t *bsrr = &LCD_CLK_PORT->BSRR;
  50              		.loc 1 266 1 view .LVU11
  51 0006 84B0     		sub	sp, sp, #16
  52              	.LCFI0:
  53              		.cfi_def_cfa_offset 16
  54 0008 2EE0     		b	.L14
  55              	.L24:
  56              	.LBB11:
  57              	.LBB3:
 275:../Src/main.c ****   {
 276:../Src/main.c ****     const uint32_t mosi = ((value & 0x80U) != 0U) ? mosi_hi : mosi_lo;
  58              		.loc 1 276 61 view .LVU12
  59 000a 2023     		movs	r3, #32
  60 000c 31E0     		b	.L3
  61              	.LVL2:
  62              	.L5:
  63              	.LBB4:
 277:../Src/main.c **** 
 278:../Src/main.c **** #if (LCD_SPI_MODE3)
 279:../Src/main.c ****     /* One write: clock falls AND the data bit is driven at the same time. */
ARM GAS  C:\Users\user\AppData\Local\Temp\ccqcwdMl.s 			page 7


 280:../Src/main.c ****     *bsrr = clk_lo | mosi;
 281:../Src/main.c **** #else
 282:../Src/main.c ****     /* Clock is already low; just drive the data bit. */
 283:../Src/main.c ****     *bsrr = mosi;
 284:../Src/main.c **** #endif
 285:../Src/main.c **** 
 286:../Src/main.c ****     for (volatile uint32_t i = 0U; i < LCD_PIXEL_BIT_DELAY_LOOPS; ++i)
 287:../Src/main.c ****     {
 288:../Src/main.c ****       __NOP();
  64              		.loc 1 288 7 is_stmt 1 discriminator 3 view .LVU13
  65              		.syntax unified
  66              	@ 288 "../Src/main.c" 1
  67 000e 00BF     		nop
  68              	@ 0 "" 2
 286:../Src/main.c ****     {
  69              		.loc 1 286 67 discriminator 3 view .LVU14
  70              		.thumb
  71              		.syntax unified
  72 0010 009B     		ldr	r3, [sp]
  73 0012 0133     		adds	r3, r3, #1
  74 0014 0093     		str	r3, [sp]
  75              	.L4:
 286:../Src/main.c ****     {
  76              		.loc 1 286 36 discriminator 1 view .LVU15
 286:../Src/main.c ****     {
  77              		.loc 1 286 38 is_stmt 0 discriminator 1 view .LVU16
  78 0016 009B     		ldr	r3, [sp]
 286:../Src/main.c ****     {
  79              		.loc 1 286 5 discriminator 1 view .LVU17
  80 0018 072B     		cmp	r3, #7
  81 001a F8D9     		bls	.L5
  82              	.LBE4:
 289:../Src/main.c ****     }
 290:../Src/main.c **** #if (LCD_DEBUG_SLOW_SPI)
 291:../Src/main.c ****     if (g_lcd_slow_spi != 0U)
  83              		.loc 1 291 5 is_stmt 1 view .LVU18
  84              		.loc 1 291 24 is_stmt 0 view .LVU19
  85 001c 254B     		ldr	r3, .L25
  86 001e 1B78     		ldrb	r3, [r3]	@ zero_extendqisi2
  87              		.loc 1 291 8 view .LVU20
  88 0020 3BB9     		cbnz	r3, .L21
  89              	.L6:
 292:../Src/main.c ****     {
 293:../Src/main.c ****       for (volatile uint32_t i = 0U; i < LCD_DEBUG_BIT_DELAY_LOOPS; ++i)
 294:../Src/main.c ****       {
 295:../Src/main.c ****         __NOP();
 296:../Src/main.c ****       }
 297:../Src/main.c ****     }
 298:../Src/main.c **** #endif
 299:../Src/main.c **** 
 300:../Src/main.c ****     *bsrr = clk_hi;   /* rising edge latches the bit into the LCD */
  90              		.loc 1 300 5 is_stmt 1 view .LVU21
  91              		.loc 1 300 11 is_stmt 0 view .LVU22
  92 0022 4FF09043 		mov	r3, #1207959552
  93 0026 1021     		movs	r1, #16
  94 0028 C3F8181C 		str	r1, [r3, #3096]
 301:../Src/main.c **** 
ARM GAS  C:\Users\user\AppData\Local\Temp\ccqcwdMl.s 			page 8


 302:../Src/main.c ****     for (volatile uint32_t i = 0U; i < LCD_PIXEL_BIT_DELAY_LOOPS; ++i)
  95              		.loc 1 302 5 is_stmt 1 view .LVU23
  96              	.LBB5:
  97              		.loc 1 302 10 view .LVU24
  98              		.loc 1 302 28 is_stmt 0 view .LVU25
  99 002c 0023     		movs	r3, #0
 100 002e 0293     		str	r3, [sp, #8]
 101              		.loc 1 302 5 view .LVU26
 102 0030 0EE0     		b	.L9
 103              	.L21:
 104              		.loc 1 302 5 view .LVU27
 105              	.LBE5:
 293:../Src/main.c ****       {
 106              		.loc 1 293 7 is_stmt 1 view .LVU28
 107              	.LBB6:
 293:../Src/main.c ****       {
 108              		.loc 1 293 12 view .LVU29
 293:../Src/main.c ****       {
 109              		.loc 1 293 30 is_stmt 0 view .LVU30
 110 0032 0023     		movs	r3, #0
 111 0034 0193     		str	r3, [sp, #4]
 293:../Src/main.c ****       {
 112              		.loc 1 293 7 view .LVU31
 113 0036 03E0     		b	.L7
 114              	.L8:
 295:../Src/main.c ****       }
 115              		.loc 1 295 9 is_stmt 1 discriminator 3 view .LVU32
 116              		.syntax unified
 117              	@ 295 "../Src/main.c" 1
 118 0038 00BF     		nop
 119              	@ 0 "" 2
 293:../Src/main.c ****       {
 120              		.loc 1 293 69 discriminator 3 view .LVU33
 121              		.thumb
 122              		.syntax unified
 123 003a 019B     		ldr	r3, [sp, #4]
 124 003c 0133     		adds	r3, r3, #1
 125 003e 0193     		str	r3, [sp, #4]
 126              	.L7:
 293:../Src/main.c ****       {
 127              		.loc 1 293 38 discriminator 1 view .LVU34
 293:../Src/main.c ****       {
 128              		.loc 1 293 40 is_stmt 0 discriminator 1 view .LVU35
 129 0040 019B     		ldr	r3, [sp, #4]
 293:../Src/main.c ****       {
 130              		.loc 1 293 7 discriminator 1 view .LVU36
 131 0042 272B     		cmp	r3, #39
 132 0044 F8D9     		bls	.L8
 133 0046 ECE7     		b	.L6
 134              	.L10:
 293:../Src/main.c ****       {
 135              		.loc 1 293 7 discriminator 1 view .LVU37
 136              	.LBE6:
 137              	.LBB7:
 303:../Src/main.c ****     {
 304:../Src/main.c ****       __NOP();
 138              		.loc 1 304 7 is_stmt 1 discriminator 3 view .LVU38
ARM GAS  C:\Users\user\AppData\Local\Temp\ccqcwdMl.s 			page 9


 139              		.syntax unified
 140              	@ 304 "../Src/main.c" 1
 141 0048 00BF     		nop
 142              	@ 0 "" 2
 302:../Src/main.c ****     {
 143              		.loc 1 302 67 discriminator 3 view .LVU39
 144              		.thumb
 145              		.syntax unified
 146 004a 029B     		ldr	r3, [sp, #8]
 147 004c 0133     		adds	r3, r3, #1
 148 004e 0293     		str	r3, [sp, #8]
 149              	.L9:
 302:../Src/main.c ****     {
 150              		.loc 1 302 36 discriminator 1 view .LVU40
 302:../Src/main.c ****     {
 151              		.loc 1 302 38 is_stmt 0 discriminator 1 view .LVU41
 152 0050 029B     		ldr	r3, [sp, #8]
 302:../Src/main.c ****     {
 153              		.loc 1 302 5 discriminator 1 view .LVU42
 154 0052 072B     		cmp	r3, #7
 155 0054 F8D9     		bls	.L10
 156              	.LBE7:
 305:../Src/main.c ****     }
 306:../Src/main.c **** #if (LCD_DEBUG_SLOW_SPI)
 307:../Src/main.c ****     if (g_lcd_slow_spi != 0U)
 157              		.loc 1 307 5 is_stmt 1 view .LVU43
 158              		.loc 1 307 24 is_stmt 0 view .LVU44
 159 0056 174B     		ldr	r3, .L25
 160 0058 1B78     		ldrb	r3, [r3]	@ zero_extendqisi2
 161              		.loc 1 307 8 view .LVU45
 162 005a 9BB9     		cbnz	r3, .L22
 163              	.L11:
 308:../Src/main.c ****     {
 309:../Src/main.c ****       for (volatile uint32_t i = 0U; i < LCD_DEBUG_BIT_DELAY_LOOPS; ++i)
 310:../Src/main.c ****       {
 311:../Src/main.c ****         __NOP();
 312:../Src/main.c ****       }
 313:../Src/main.c ****     }
 314:../Src/main.c **** #endif
 315:../Src/main.c ****     value <<= 1U;
 164              		.loc 1 315 5 is_stmt 1 discriminator 2 view .LVU46
 165              		.loc 1 315 11 is_stmt 0 discriminator 2 view .LVU47
 166 005c 4000     		lsls	r0, r0, #1
 167              	.LVL3:
 168              		.loc 1 315 11 discriminator 2 view .LVU48
 169 005e C0B2     		uxtb	r0, r0
 170              	.LVL4:
 171              		.loc 1 315 11 discriminator 2 view .LVU49
 172              	.LBE3:
 274:../Src/main.c ****   {
 173              		.loc 1 274 36 is_stmt 1 discriminator 2 view .LVU50
 174 0060 0132     		adds	r2, r2, #1
 175              	.LVL5:
 274:../Src/main.c ****   {
 176              		.loc 1 274 36 is_stmt 0 discriminator 2 view .LVU51
 177 0062 D2B2     		uxtb	r2, r2
 178              	.LVL6:
ARM GAS  C:\Users\user\AppData\Local\Temp\ccqcwdMl.s 			page 10


 274:../Src/main.c ****   {
 179              		.loc 1 274 26 is_stmt 1 discriminator 2 view .LVU52
 274:../Src/main.c ****   {
 180              		.loc 1 274 3 is_stmt 0 discriminator 2 view .LVU53
 181 0064 072A     		cmp	r2, #7
 182 0066 18D8     		bhi	.L23
 183              	.L14:
 184              	.LBB10:
 276:../Src/main.c **** 
 185              		.loc 1 276 5 is_stmt 1 view .LVU54
 276:../Src/main.c **** 
 186              		.loc 1 276 61 is_stmt 0 view .LVU55
 187 0068 10F0800F 		tst	r0, #128
 188 006c CDD1     		bne	.L24
 189 006e 4FF40013 		mov	r3, #2097152
 190              	.L3:
 191              	.LVL7:
 280:../Src/main.c **** #else
 192              		.loc 1 280 5 is_stmt 1 discriminator 4 view .LVU56
 280:../Src/main.c **** #else
 193              		.loc 1 280 20 is_stmt 0 discriminator 4 view .LVU57
 194 0072 43F48013 		orr	r3, r3, #1048576
 195              	.LVL8:
 280:../Src/main.c **** #else
 196              		.loc 1 280 11 discriminator 4 view .LVU58
 197 0076 4FF09041 		mov	r1, #1207959552
 198 007a C1F8183C 		str	r3, [r1, #3096]
 286:../Src/main.c ****     {
 199              		.loc 1 286 5 is_stmt 1 discriminator 4 view .LVU59
 200              	.LBB8:
 286:../Src/main.c ****     {
 201              		.loc 1 286 10 discriminator 4 view .LVU60
 286:../Src/main.c ****     {
 202              		.loc 1 286 28 is_stmt 0 discriminator 4 view .LVU61
 203 007e 0023     		movs	r3, #0
 204 0080 0093     		str	r3, [sp]
 286:../Src/main.c ****     {
 205              		.loc 1 286 5 discriminator 4 view .LVU62
 206 0082 C8E7     		b	.L4
 207              	.L22:
 286:../Src/main.c ****     {
 208              		.loc 1 286 5 discriminator 4 view .LVU63
 209              	.LBE8:
 309:../Src/main.c ****       {
 210              		.loc 1 309 7 is_stmt 1 view .LVU64
 211              	.LBB9:
 309:../Src/main.c ****       {
 212              		.loc 1 309 12 view .LVU65
 309:../Src/main.c ****       {
 213              		.loc 1 309 30 is_stmt 0 view .LVU66
 214 0084 0023     		movs	r3, #0
 215 0086 0393     		str	r3, [sp, #12]
 309:../Src/main.c ****       {
 216              		.loc 1 309 7 view .LVU67
 217 0088 03E0     		b	.L12
 218              	.L13:
 311:../Src/main.c ****       }
ARM GAS  C:\Users\user\AppData\Local\Temp\ccqcwdMl.s 			page 11


 219              		.loc 1 311 9 is_stmt 1 discriminator 3 view .LVU68
 220              		.syntax unified
 221              	@ 311 "../Src/main.c" 1
 222 008a 00BF     		nop
 223              	@ 0 "" 2
 309:../Src/main.c ****       {
 224              		.loc 1 309 69 discriminator 3 view .LVU69
 225              		.thumb
 226              		.syntax unified
 227 008c 039B     		ldr	r3, [sp, #12]
 228 008e 0133     		adds	r3, r3, #1
 229 0090 0393     		str	r3, [sp, #12]
 230              	.L12:
 309:../Src/main.c ****       {
 231              		.loc 1 309 38 discriminator 1 view .LVU70
 309:../Src/main.c ****       {
 232              		.loc 1 309 40 is_stmt 0 discriminator 1 view .LVU71
 233 0092 039B     		ldr	r3, [sp, #12]
 309:../Src/main.c ****       {
 234              		.loc 1 309 7 discriminator 1 view .LVU72
 235 0094 272B     		cmp	r3, #39
 236 0096 F8D9     		bls	.L13
 237 0098 E0E7     		b	.L11
 238              	.L23:
 309:../Src/main.c ****       {
 239              		.loc 1 309 7 discriminator 1 view .LVU73
 240              	.LBE9:
 241              	.LBE10:
 242              	.LBE11:
 316:../Src/main.c ****   }
 317:../Src/main.c **** 
 318:../Src/main.c ****   /* Leave the clock at its idle level between bytes / frames. */
 319:../Src/main.c **** #if (LCD_SPI_MODE3)
 320:../Src/main.c ****   *bsrr = clk_hi;
 243              		.loc 1 320 3 is_stmt 1 view .LVU74
 244              		.loc 1 320 9 is_stmt 0 view .LVU75
 245 009a 4FF09043 		mov	r3, #1207959552
 246 009e 1022     		movs	r2, #16
 247              	.LVL9:
 248              		.loc 1 320 9 view .LVU76
 249 00a0 C3F8182C 		str	r2, [r3, #3096]
 321:../Src/main.c **** #else
 322:../Src/main.c ****   *bsrr = clk_lo;
 323:../Src/main.c **** #endif
 324:../Src/main.c **** }
 250              		.loc 1 324 1 view .LVU77
 251 00a4 04B0     		add	sp, sp, #16
 252              	.LCFI1:
 253              		.cfi_def_cfa_offset 0
 254              		@ sp needed
 255 00a6 7047     		bx	lr
 256              	.LVL10:
 257              	.L20:
 320:../Src/main.c **** #else
 258              		.loc 1 320 3 is_stmt 1 view .LVU78
 320:../Src/main.c **** #else
 259              		.loc 1 320 9 is_stmt 0 view .LVU79
ARM GAS  C:\Users\user\AppData\Local\Temp\ccqcwdMl.s 			page 12


 260 00a8 4FF09043 		mov	r3, #1207959552
 261 00ac 1022     		movs	r2, #16
 262              	.LVL11:
 320:../Src/main.c **** #else
 263              		.loc 1 320 9 view .LVU80
 264 00ae C3F8182C 		str	r2, [r3, #3096]
 265 00b2 7047     		bx	lr
 266              	.L26:
 267              		.align	2
 268              	.L25:
 269 00b4 00000000 		.word	.LANCHOR0
 270              		.cfi_endproc
 271              	.LFE141:
 273              		.section	.text.LCD_WritePixel,"ax",%progbits
 274              		.align	1
 275              		.syntax unified
 276              		.thumb
 277              		.thumb_func
 279              	LCD_WritePixel:
 280              	.LVL12:
 281              	.LFB145:
 325:../Src/main.c **** 
 326:../Src/main.c **** /* Toggle each control line slowly and independently so you can verify it on a
 327:../Src/main.c ****    scope / LED / continuity check before trusting the whole protocol. */
 328:../Src/main.c **** static void LCD_WriteCommand(uint8_t cmd)
 329:../Src/main.c **** {
 330:../Src/main.c ****   HAL_GPIO_WritePin(LCD_RS_PORT, LCD_RS_PIN, GPIO_PIN_RESET);
 331:../Src/main.c ****   HAL_GPIO_WritePin(LCD_CS_PORT, LCD_CS_PIN, GPIO_PIN_RESET);
 332:../Src/main.c ****   LCD_WriteByte(cmd);
 333:../Src/main.c ****   HAL_GPIO_WritePin(LCD_CS_PORT, LCD_CS_PIN, GPIO_PIN_SET);
 334:../Src/main.c **** }
 335:../Src/main.c **** 
 336:../Src/main.c **** /* Send a command together with all of its parameters inside ONE CS-low frame.
 337:../Src/main.c ****    The ILI9341 expects CS to stay low from the command byte through the last
 338:../Src/main.c ****    parameter; raising CS in between can terminate the command early and make
 339:../Src/main.c ****    the parameter bytes be ignored. */
 340:../Src/main.c **** static void LCD_WriteCmdData(uint8_t cmd, const uint8_t *data, uint32_t len)
 341:../Src/main.c **** {
 342:../Src/main.c ****   HAL_GPIO_WritePin(LCD_CS_PORT, LCD_CS_PIN, GPIO_PIN_RESET);
 343:../Src/main.c **** 
 344:../Src/main.c ****   HAL_GPIO_WritePin(LCD_RS_PORT, LCD_RS_PIN, GPIO_PIN_RESET);
 345:../Src/main.c ****   LCD_WriteByte(cmd);
 346:../Src/main.c **** 
 347:../Src/main.c ****   HAL_GPIO_WritePin(LCD_RS_PORT, LCD_RS_PIN, GPIO_PIN_SET);
 348:../Src/main.c ****   for (uint32_t i = 0U; i < len; ++i)
 349:../Src/main.c ****   {
 350:../Src/main.c ****     LCD_WriteByte(data[i]);
 351:../Src/main.c ****   }
 352:../Src/main.c **** 
 353:../Src/main.c ****   HAL_GPIO_WritePin(LCD_CS_PORT, LCD_CS_PIN, GPIO_PIN_SET);
 354:../Src/main.c **** }
 355:../Src/main.c **** 
 356:../Src/main.c **** static void LCD_SetRegion(uint16_t x_start, uint16_t y_start, uint16_t x_end, uint16_t y_end)
 357:../Src/main.c **** {
 358:../Src/main.c ****   const uint8_t col[4] = {(uint8_t)(x_start >> 8U), (uint8_t)x_start,
 359:../Src/main.c ****                           (uint8_t)(x_end >> 8U),   (uint8_t)x_end};
 360:../Src/main.c ****   const uint8_t row[4] = {(uint8_t)(y_start >> 8U), (uint8_t)y_start,
ARM GAS  C:\Users\user\AppData\Local\Temp\ccqcwdMl.s 			page 13


 361:../Src/main.c ****                           (uint8_t)(y_end >> 8U),   (uint8_t)y_end};
 362:../Src/main.c **** 
 363:../Src/main.c ****   LCD_WriteCmdData(0x2AU, col, 4U);
 364:../Src/main.c ****   LCD_WriteCmdData(0x2BU, row, 4U);
 365:../Src/main.c **** }
 366:../Src/main.c **** 
 367:../Src/main.c **** /* Send one RGB565 pixel (two bytes, MSB first). Keeping the loop here instead
 368:../Src/main.c ****    of calling LCD_WriteByte twice saves a function call per pixel. */
 369:../Src/main.c **** static void LCD_WritePixel(uint16_t pixel)
 370:../Src/main.c **** {
 282              		.loc 1 370 1 is_stmt 1 view -0
 283              		.cfi_startproc
 284              		@ args = 0, pretend = 0, frame = 0
 285              		@ frame_needed = 0, uses_anonymous_args = 0
 286              		.loc 1 370 1 is_stmt 0 view .LVU82
 287 0000 10B5     		push	{r4, lr}
 288              	.LCFI2:
 289              		.cfi_def_cfa_offset 8
 290              		.cfi_offset 4, -8
 291              		.cfi_offset 14, -4
 292 0002 0446     		mov	r4, r0
 371:../Src/main.c ****   LCD_WriteByte((uint8_t)(pixel >> 8U));
 293              		.loc 1 371 3 is_stmt 1 view .LVU83
 294 0004 000A     		lsrs	r0, r0, #8
 295              	.LVL13:
 296              		.loc 1 371 3 is_stmt 0 view .LVU84
 297 0006 FFF7FEFF 		bl	LCD_WriteByte
 298              	.LVL14:
 372:../Src/main.c ****   LCD_WriteByte((uint8_t)(pixel & 0xFFU));
 299              		.loc 1 372 3 is_stmt 1 view .LVU85
 300 000a E0B2     		uxtb	r0, r4
 301 000c FFF7FEFF 		bl	LCD_WriteByte
 302              	.LVL15:
 373:../Src/main.c **** }
 303              		.loc 1 373 1 is_stmt 0 view .LVU86
 304 0010 10BD     		pop	{r4, pc}
 305              		.cfi_endproc
 306              	.LFE145:
 308              		.section	.text.LCD_GpioInit,"ax",%progbits
 309              		.align	1
 310              		.syntax unified
 311              		.thumb
 312              		.thumb_func
 314              	LCD_GpioInit:
 315              	.LFB138:
 186:../Src/main.c ****   GPIO_InitTypeDef GPIO_InitStruct = {0};
 316              		.loc 1 186 1 is_stmt 1 view -0
 317              		.cfi_startproc
 318              		@ args = 0, pretend = 0, frame = 24
 319              		@ frame_needed = 0, uses_anonymous_args = 0
 320 0000 2DE9F04F 		push	{r4, r5, r6, r7, r8, r9, r10, fp, lr}
 321              	.LCFI3:
 322              		.cfi_def_cfa_offset 36
 323              		.cfi_offset 4, -36
 324              		.cfi_offset 5, -32
 325              		.cfi_offset 6, -28
 326              		.cfi_offset 7, -24
ARM GAS  C:\Users\user\AppData\Local\Temp\ccqcwdMl.s 			page 14


 327              		.cfi_offset 8, -20
 328              		.cfi_offset 9, -16
 329              		.cfi_offset 10, -12
 330              		.cfi_offset 11, -8
 331              		.cfi_offset 14, -4
 332 0004 87B0     		sub	sp, sp, #28
 333              	.LCFI4:
 334              		.cfi_def_cfa_offset 64
 187:../Src/main.c **** 
 335              		.loc 1 187 3 view .LVU88
 187:../Src/main.c **** 
 336              		.loc 1 187 20 is_stmt 0 view .LVU89
 337 0006 0024     		movs	r4, #0
 338 0008 0194     		str	r4, [sp, #4]
 339 000a 0294     		str	r4, [sp, #8]
 340 000c 0394     		str	r4, [sp, #12]
 341 000e 0494     		str	r4, [sp, #16]
 342 0010 0594     		str	r4, [sp, #20]
 189:../Src/main.c ****   GPIO_InitStruct.Pull = GPIO_NOPULL;
 343              		.loc 1 189 3 is_stmt 1 view .LVU90
 189:../Src/main.c ****   GPIO_InitStruct.Pull = GPIO_NOPULL;
 344              		.loc 1 189 24 is_stmt 0 view .LVU91
 345 0012 0126     		movs	r6, #1
 346 0014 0296     		str	r6, [sp, #8]
 190:../Src/main.c ****   GPIO_InitStruct.Speed = GPIO_SPEED_FREQ_HIGH;
 347              		.loc 1 190 3 is_stmt 1 view .LVU92
 191:../Src/main.c **** 
 348              		.loc 1 191 3 view .LVU93
 191:../Src/main.c **** 
 349              		.loc 1 191 25 is_stmt 0 view .LVU94
 350 0016 0223     		movs	r3, #2
 351 0018 0493     		str	r3, [sp, #16]
 193:../Src/main.c ****   HAL_GPIO_Init(LCD_CS_PORT, &GPIO_InitStruct);
 352              		.loc 1 193 3 is_stmt 1 view .LVU95
 193:../Src/main.c ****   HAL_GPIO_Init(LCD_CS_PORT, &GPIO_InitStruct);
 353              		.loc 1 193 23 is_stmt 0 view .LVU96
 354 001a 4FF0080B 		mov	fp, #8
 355 001e CDF804B0 		str	fp, [sp, #4]
 194:../Src/main.c **** 
 356              		.loc 1 194 3 is_stmt 1 view .LVU97
 357 0022 1A4D     		ldr	r5, .L31
 358 0024 01A9     		add	r1, sp, #4
 359 0026 2846     		mov	r0, r5
 360 0028 FFF7FEFF 		bl	HAL_GPIO_Init
 361              	.LVL16:
 196:../Src/main.c ****   HAL_GPIO_Init(LCD_MOSI_PORT, &GPIO_InitStruct);
 362              		.loc 1 196 3 view .LVU98
 196:../Src/main.c ****   HAL_GPIO_Init(LCD_MOSI_PORT, &GPIO_InitStruct);
 363              		.loc 1 196 23 is_stmt 0 view .LVU99
 364 002c 4FF0200A 		mov	r10, #32
 365 0030 CDF804A0 		str	r10, [sp, #4]
 197:../Src/main.c **** 
 366              		.loc 1 197 3 is_stmt 1 view .LVU100
 367 0034 01A9     		add	r1, sp, #4
 368 0036 2846     		mov	r0, r5
 369 0038 FFF7FEFF 		bl	HAL_GPIO_Init
 370              	.LVL17:
ARM GAS  C:\Users\user\AppData\Local\Temp\ccqcwdMl.s 			page 15


 199:../Src/main.c ****   HAL_GPIO_Init(LCD_CLK_PORT, &GPIO_InitStruct);
 371              		.loc 1 199 3 view .LVU101
 199:../Src/main.c ****   HAL_GPIO_Init(LCD_CLK_PORT, &GPIO_InitStruct);
 372              		.loc 1 199 23 is_stmt 0 view .LVU102
 373 003c 4FF01009 		mov	r9, #16
 374 0040 CDF80490 		str	r9, [sp, #4]
 200:../Src/main.c **** 
 375              		.loc 1 200 3 is_stmt 1 view .LVU103
 376 0044 01A9     		add	r1, sp, #4
 377 0046 2846     		mov	r0, r5
 378 0048 FFF7FEFF 		bl	HAL_GPIO_Init
 379              	.LVL18:
 202:../Src/main.c ****   HAL_GPIO_Init(LCD_RS_PORT, &GPIO_InitStruct);
 380              		.loc 1 202 3 view .LVU104
 202:../Src/main.c ****   HAL_GPIO_Init(LCD_RS_PORT, &GPIO_InitStruct);
 381              		.loc 1 202 23 is_stmt 0 view .LVU105
 382 004c 4FF48078 		mov	r8, #256
 383 0050 CDF80480 		str	r8, [sp, #4]
 203:../Src/main.c **** 
 384              		.loc 1 203 3 is_stmt 1 view .LVU106
 385 0054 0E4F     		ldr	r7, .L31+4
 386 0056 01A9     		add	r1, sp, #4
 387 0058 3846     		mov	r0, r7
 388 005a FFF7FEFF 		bl	HAL_GPIO_Init
 389              	.LVL19:
 205:../Src/main.c ****   HAL_GPIO_WritePin(LCD_MOSI_PORT, LCD_MOSI_PIN, GPIO_PIN_RESET);
 390              		.loc 1 205 3 view .LVU107
 391 005e 3246     		mov	r2, r6
 392 0060 5946     		mov	r1, fp
 393 0062 2846     		mov	r0, r5
 394 0064 FFF7FEFF 		bl	HAL_GPIO_WritePin
 395              	.LVL20:
 206:../Src/main.c **** #if (LCD_SPI_MODE3)
 396              		.loc 1 206 3 view .LVU108
 397 0068 2246     		mov	r2, r4
 398 006a 5146     		mov	r1, r10
 399 006c 2846     		mov	r0, r5
 400 006e FFF7FEFF 		bl	HAL_GPIO_WritePin
 401              	.LVL21:
 208:../Src/main.c **** #else
 402              		.loc 1 208 3 view .LVU109
 403 0072 3246     		mov	r2, r6
 404 0074 4946     		mov	r1, r9
 405 0076 2846     		mov	r0, r5
 406 0078 FFF7FEFF 		bl	HAL_GPIO_WritePin
 407              	.LVL22:
 212:../Src/main.c **** }
 408              		.loc 1 212 3 view .LVU110
 409 007c 2246     		mov	r2, r4
 410 007e 4146     		mov	r1, r8
 411 0080 3846     		mov	r0, r7
 412 0082 FFF7FEFF 		bl	HAL_GPIO_WritePin
 413              	.LVL23:
 213:../Src/main.c **** 
 414              		.loc 1 213 1 is_stmt 0 view .LVU111
 415 0086 07B0     		add	sp, sp, #28
 416              	.LCFI5:
ARM GAS  C:\Users\user\AppData\Local\Temp\ccqcwdMl.s 			page 16


 417              		.cfi_def_cfa_offset 36
 418              		@ sp needed
 419 0088 BDE8F08F 		pop	{r4, r5, r6, r7, r8, r9, r10, fp, pc}
 420              	.L32:
 421              		.align	2
 422              	.L31:
 423 008c 000C0048 		.word	1207962624
 424 0090 00080048 		.word	1207961600
 425              		.cfi_endproc
 426              	.LFE138:
 428              		.section	.text.APP_GpioConfig,"ax",%progbits
 429              		.align	1
 430              		.syntax unified
 431              		.thumb
 432              		.thumb_func
 434              	APP_GpioConfig:
 435              	.LFB137:
 176:../Src/main.c ****   __HAL_RCC_GPIOD_CLK_ENABLE();
 436              		.loc 1 176 1 is_stmt 1 view -0
 437              		.cfi_startproc
 438              		@ args = 0, pretend = 0, frame = 16
 439              		@ frame_needed = 0, uses_anonymous_args = 0
 440 0000 00B5     		push	{lr}
 441              	.LCFI6:
 442              		.cfi_def_cfa_offset 4
 443              		.cfi_offset 14, -4
 444 0002 85B0     		sub	sp, sp, #20
 445              	.LCFI7:
 446              		.cfi_def_cfa_offset 24
 177:../Src/main.c ****   __HAL_RCC_GPIOA_CLK_ENABLE();
 447              		.loc 1 177 3 view .LVU113
 448              	.LBB12:
 177:../Src/main.c ****   __HAL_RCC_GPIOA_CLK_ENABLE();
 449              		.loc 1 177 3 view .LVU114
 177:../Src/main.c ****   __HAL_RCC_GPIOA_CLK_ENABLE();
 450              		.loc 1 177 3 view .LVU115
 451 0004 144B     		ldr	r3, .L35
 452 0006 DA6C     		ldr	r2, [r3, #76]
 453 0008 42F02002 		orr	r2, r2, #32
 454 000c DA64     		str	r2, [r3, #76]
 177:../Src/main.c ****   __HAL_RCC_GPIOA_CLK_ENABLE();
 455              		.loc 1 177 3 view .LVU116
 456 000e DA6C     		ldr	r2, [r3, #76]
 457 0010 02F02002 		and	r2, r2, #32
 458 0014 0092     		str	r2, [sp]
 177:../Src/main.c ****   __HAL_RCC_GPIOA_CLK_ENABLE();
 459              		.loc 1 177 3 view .LVU117
 460 0016 009A     		ldr	r2, [sp]
 461              	.LBE12:
 177:../Src/main.c ****   __HAL_RCC_GPIOA_CLK_ENABLE();
 462              		.loc 1 177 3 view .LVU118
 178:../Src/main.c ****   __HAL_RCC_GPIOC_CLK_ENABLE();
 463              		.loc 1 178 3 view .LVU119
 464              	.LBB13:
 178:../Src/main.c ****   __HAL_RCC_GPIOC_CLK_ENABLE();
 465              		.loc 1 178 3 view .LVU120
 178:../Src/main.c ****   __HAL_RCC_GPIOC_CLK_ENABLE();
ARM GAS  C:\Users\user\AppData\Local\Temp\ccqcwdMl.s 			page 17


 466              		.loc 1 178 3 view .LVU121
 467 0018 DA6C     		ldr	r2, [r3, #76]
 468 001a 42F00402 		orr	r2, r2, #4
 469 001e DA64     		str	r2, [r3, #76]
 178:../Src/main.c ****   __HAL_RCC_GPIOC_CLK_ENABLE();
 470              		.loc 1 178 3 view .LVU122
 471 0020 DA6C     		ldr	r2, [r3, #76]
 472 0022 02F00402 		and	r2, r2, #4
 473 0026 0192     		str	r2, [sp, #4]
 178:../Src/main.c ****   __HAL_RCC_GPIOC_CLK_ENABLE();
 474              		.loc 1 178 3 view .LVU123
 475 0028 019A     		ldr	r2, [sp, #4]
 476              	.LBE13:
 178:../Src/main.c ****   __HAL_RCC_GPIOC_CLK_ENABLE();
 477              		.loc 1 178 3 view .LVU124
 179:../Src/main.c ****   __HAL_RCC_GPIOF_CLK_ENABLE();
 478              		.loc 1 179 3 view .LVU125
 479              	.LBB14:
 179:../Src/main.c ****   __HAL_RCC_GPIOF_CLK_ENABLE();
 480              		.loc 1 179 3 view .LVU126
 179:../Src/main.c ****   __HAL_RCC_GPIOF_CLK_ENABLE();
 481              		.loc 1 179 3 view .LVU127
 482 002a DA6C     		ldr	r2, [r3, #76]
 483 002c 42F01002 		orr	r2, r2, #16
 484 0030 DA64     		str	r2, [r3, #76]
 179:../Src/main.c ****   __HAL_RCC_GPIOF_CLK_ENABLE();
 485              		.loc 1 179 3 view .LVU128
 486 0032 DA6C     		ldr	r2, [r3, #76]
 487 0034 02F01002 		and	r2, r2, #16
 488 0038 0292     		str	r2, [sp, #8]
 179:../Src/main.c ****   __HAL_RCC_GPIOF_CLK_ENABLE();
 489              		.loc 1 179 3 view .LVU129
 490 003a 029A     		ldr	r2, [sp, #8]
 491              	.LBE14:
 179:../Src/main.c ****   __HAL_RCC_GPIOF_CLK_ENABLE();
 492              		.loc 1 179 3 view .LVU130
 180:../Src/main.c **** 
 493              		.loc 1 180 3 view .LVU131
 494              	.LBB15:
 180:../Src/main.c **** 
 495              		.loc 1 180 3 view .LVU132
 180:../Src/main.c **** 
 496              		.loc 1 180 3 view .LVU133
 497 003c DA6C     		ldr	r2, [r3, #76]
 498 003e 42F08002 		orr	r2, r2, #128
 499 0042 DA64     		str	r2, [r3, #76]
 180:../Src/main.c **** 
 500              		.loc 1 180 3 view .LVU134
 501 0044 DB6C     		ldr	r3, [r3, #76]
 502 0046 03F08003 		and	r3, r3, #128
 503 004a 0393     		str	r3, [sp, #12]
 180:../Src/main.c **** 
 504              		.loc 1 180 3 view .LVU135
 505 004c 039B     		ldr	r3, [sp, #12]
 506              	.LBE15:
 180:../Src/main.c **** 
 507              		.loc 1 180 3 view .LVU136
ARM GAS  C:\Users\user\AppData\Local\Temp\ccqcwdMl.s 			page 18


 182:../Src/main.c **** }
 508              		.loc 1 182 3 view .LVU137
 509 004e FFF7FEFF 		bl	LCD_GpioInit
 510              	.LVL24:
 183:../Src/main.c **** 
 511              		.loc 1 183 1 is_stmt 0 view .LVU138
 512 0052 05B0     		add	sp, sp, #20
 513              	.LCFI8:
 514              		.cfi_def_cfa_offset 4
 515              		@ sp needed
 516 0054 5DF804FB 		ldr	pc, [sp], #4
 517              	.L36:
 518              		.align	2
 519              	.L35:
 520 0058 00100240 		.word	1073876992
 521              		.cfi_endproc
 522              	.LFE137:
 524              		.section	.text.LCD_DebugLedInit,"ax",%progbits
 525              		.align	1
 526              		.syntax unified
 527              		.thumb
 528              		.thumb_func
 530              	LCD_DebugLedInit:
 531              	.LFB139:
 216:../Src/main.c ****   GPIO_InitTypeDef GPIO_InitStruct = {0};
 532              		.loc 1 216 1 is_stmt 1 view -0
 533              		.cfi_startproc
 534              		@ args = 0, pretend = 0, frame = 24
 535              		@ frame_needed = 0, uses_anonymous_args = 0
 536 0000 30B5     		push	{r4, r5, lr}
 537              	.LCFI9:
 538              		.cfi_def_cfa_offset 12
 539              		.cfi_offset 4, -12
 540              		.cfi_offset 5, -8
 541              		.cfi_offset 14, -4
 542 0002 87B0     		sub	sp, sp, #28
 543              	.LCFI10:
 544              		.cfi_def_cfa_offset 40
 217:../Src/main.c **** 
 545              		.loc 1 217 3 view .LVU140
 217:../Src/main.c **** 
 546              		.loc 1 217 20 is_stmt 0 view .LVU141
 547 0004 0023     		movs	r3, #0
 548 0006 0193     		str	r3, [sp, #4]
 549 0008 0293     		str	r3, [sp, #8]
 550 000a 0393     		str	r3, [sp, #12]
 551 000c 0493     		str	r3, [sp, #16]
 552 000e 0593     		str	r3, [sp, #20]
 219:../Src/main.c **** 
 553              		.loc 1 219 3 is_stmt 1 view .LVU142
 554              	.LBB16:
 219:../Src/main.c **** 
 555              		.loc 1 219 3 view .LVU143
 219:../Src/main.c **** 
 556              		.loc 1 219 3 view .LVU144
 557 0010 03F18043 		add	r3, r3, #1073741824
 558 0014 03F50433 		add	r3, r3, #135168
ARM GAS  C:\Users\user\AppData\Local\Temp\ccqcwdMl.s 			page 19


 559 0018 DA6C     		ldr	r2, [r3, #76]
 560 001a 42F00402 		orr	r2, r2, #4
 561 001e DA64     		str	r2, [r3, #76]
 219:../Src/main.c **** 
 562              		.loc 1 219 3 view .LVU145
 563 0020 DB6C     		ldr	r3, [r3, #76]
 564 0022 03F00403 		and	r3, r3, #4
 565 0026 0093     		str	r3, [sp]
 219:../Src/main.c **** 
 566              		.loc 1 219 3 view .LVU146
 567 0028 009B     		ldr	r3, [sp]
 568              	.LBE16:
 219:../Src/main.c **** 
 569              		.loc 1 219 3 view .LVU147
 221:../Src/main.c ****   GPIO_InitStruct.Mode = GPIO_MODE_OUTPUT_PP;
 570              		.loc 1 221 3 view .LVU148
 221:../Src/main.c ****   GPIO_InitStruct.Mode = GPIO_MODE_OUTPUT_PP;
 571              		.loc 1 221 23 is_stmt 0 view .LVU149
 572 002a 7824     		movs	r4, #120
 573 002c 0194     		str	r4, [sp, #4]
 222:../Src/main.c ****   GPIO_InitStruct.Pull = GPIO_NOPULL;
 574              		.loc 1 222 3 is_stmt 1 view .LVU150
 222:../Src/main.c ****   GPIO_InitStruct.Pull = GPIO_NOPULL;
 575              		.loc 1 222 24 is_stmt 0 view .LVU151
 576 002e 0125     		movs	r5, #1
 577 0030 0295     		str	r5, [sp, #8]
 223:../Src/main.c ****   GPIO_InitStruct.Speed = GPIO_SPEED_FREQ_HIGH;
 578              		.loc 1 223 3 is_stmt 1 view .LVU152
 224:../Src/main.c ****   HAL_GPIO_Init(DBG_LED_GPIO_PORT, &GPIO_InitStruct);
 579              		.loc 1 224 3 view .LVU153
 224:../Src/main.c ****   HAL_GPIO_Init(DBG_LED_GPIO_PORT, &GPIO_InitStruct);
 580              		.loc 1 224 25 is_stmt 0 view .LVU154
 581 0032 0223     		movs	r3, #2
 582 0034 0493     		str	r3, [sp, #16]
 225:../Src/main.c **** 
 583              		.loc 1 225 3 is_stmt 1 view .LVU155
 584 0036 01A9     		add	r1, sp, #4
 585 0038 4FF09040 		mov	r0, #1207959552
 586 003c FFF7FEFF 		bl	HAL_GPIO_Init
 587              	.LVL25:
 228:../Src/main.c **** }
 588              		.loc 1 228 3 view .LVU156
 589 0040 2A46     		mov	r2, r5
 590 0042 2146     		mov	r1, r4
 591 0044 4FF09040 		mov	r0, #1207959552
 592 0048 FFF7FEFF 		bl	HAL_GPIO_WritePin
 593              	.LVL26:
 229:../Src/main.c **** 
 594              		.loc 1 229 1 is_stmt 0 view .LVU157
 595 004c 07B0     		add	sp, sp, #28
 596              	.LCFI11:
 597              		.cfi_def_cfa_offset 12
 598              		@ sp needed
 599 004e 30BD     		pop	{r4, r5, pc}
 600              		.cfi_endproc
 601              	.LFE139:
 603              		.section	.text.LCD_WriteCmdData,"ax",%progbits
ARM GAS  C:\Users\user\AppData\Local\Temp\ccqcwdMl.s 			page 20


 604              		.align	1
 605              		.syntax unified
 606              		.thumb
 607              		.thumb_func
 609              	LCD_WriteCmdData:
 610              	.LVL27:
 611              	.LFB143:
 341:../Src/main.c ****   HAL_GPIO_WritePin(LCD_CS_PORT, LCD_CS_PIN, GPIO_PIN_RESET);
 612              		.loc 1 341 1 is_stmt 1 view -0
 613              		.cfi_startproc
 614              		@ args = 0, pretend = 0, frame = 0
 615              		@ frame_needed = 0, uses_anonymous_args = 0
 341:../Src/main.c ****   HAL_GPIO_WritePin(LCD_CS_PORT, LCD_CS_PIN, GPIO_PIN_RESET);
 616              		.loc 1 341 1 is_stmt 0 view .LVU159
 617 0000 F8B5     		push	{r3, r4, r5, r6, r7, lr}
 618              	.LCFI12:
 619              		.cfi_def_cfa_offset 24
 620              		.cfi_offset 3, -24
 621              		.cfi_offset 4, -20
 622              		.cfi_offset 5, -16
 623              		.cfi_offset 6, -12
 624              		.cfi_offset 7, -8
 625              		.cfi_offset 14, -4
 626 0002 0446     		mov	r4, r0
 627 0004 0E46     		mov	r6, r1
 628 0006 1546     		mov	r5, r2
 342:../Src/main.c **** 
 629              		.loc 1 342 3 is_stmt 1 view .LVU160
 630 0008 0022     		movs	r2, #0
 631              	.LVL28:
 342:../Src/main.c **** 
 632              		.loc 1 342 3 is_stmt 0 view .LVU161
 633 000a 0821     		movs	r1, #8
 634              	.LVL29:
 342:../Src/main.c **** 
 635              		.loc 1 342 3 view .LVU162
 636 000c 1048     		ldr	r0, .L43
 637              	.LVL30:
 342:../Src/main.c **** 
 638              		.loc 1 342 3 view .LVU163
 639 000e FFF7FEFF 		bl	HAL_GPIO_WritePin
 640              	.LVL31:
 344:../Src/main.c ****   LCD_WriteByte(cmd);
 641              		.loc 1 344 3 is_stmt 1 view .LVU164
 642 0012 104F     		ldr	r7, .L43+4
 643 0014 0022     		movs	r2, #0
 644 0016 4FF48071 		mov	r1, #256
 645 001a 3846     		mov	r0, r7
 646 001c FFF7FEFF 		bl	HAL_GPIO_WritePin
 647              	.LVL32:
 345:../Src/main.c **** 
 648              		.loc 1 345 3 view .LVU165
 649 0020 2046     		mov	r0, r4
 650 0022 FFF7FEFF 		bl	LCD_WriteByte
 651              	.LVL33:
 347:../Src/main.c ****   for (uint32_t i = 0U; i < len; ++i)
 652              		.loc 1 347 3 view .LVU166
ARM GAS  C:\Users\user\AppData\Local\Temp\ccqcwdMl.s 			page 21


 653 0026 0122     		movs	r2, #1
 654 0028 4FF48071 		mov	r1, #256
 655 002c 3846     		mov	r0, r7
 656 002e FFF7FEFF 		bl	HAL_GPIO_WritePin
 657              	.LVL34:
 348:../Src/main.c ****   {
 658              		.loc 1 348 3 view .LVU167
 659              	.LBB17:
 348:../Src/main.c ****   {
 660              		.loc 1 348 8 view .LVU168
 348:../Src/main.c ****   {
 661              		.loc 1 348 17 is_stmt 0 view .LVU169
 662 0032 0024     		movs	r4, #0
 348:../Src/main.c ****   {
 663              		.loc 1 348 3 view .LVU170
 664 0034 03E0     		b	.L40
 665              	.LVL35:
 666              	.L41:
 350:../Src/main.c ****   }
 667              		.loc 1 350 5 is_stmt 1 discriminator 3 view .LVU171
 668 0036 305D     		ldrb	r0, [r6, r4]	@ zero_extendqisi2
 669 0038 FFF7FEFF 		bl	LCD_WriteByte
 670              	.LVL36:
 348:../Src/main.c ****   {
 671              		.loc 1 348 34 discriminator 3 view .LVU172
 672 003c 0134     		adds	r4, r4, #1
 673              	.LVL37:
 674              	.L40:
 348:../Src/main.c ****   {
 675              		.loc 1 348 25 discriminator 1 view .LVU173
 348:../Src/main.c ****   {
 676              		.loc 1 348 3 is_stmt 0 discriminator 1 view .LVU174
 677 003e AC42     		cmp	r4, r5
 678 0040 F9D3     		bcc	.L41
 679              	.LBE17:
 353:../Src/main.c **** }
 680              		.loc 1 353 3 is_stmt 1 view .LVU175
 681 0042 0122     		movs	r2, #1
 682 0044 0821     		movs	r1, #8
 683 0046 0248     		ldr	r0, .L43
 684 0048 FFF7FEFF 		bl	HAL_GPIO_WritePin
 685              	.LVL38:
 354:../Src/main.c **** 
 686              		.loc 1 354 1 is_stmt 0 view .LVU176
 687 004c F8BD     		pop	{r3, r4, r5, r6, r7, pc}
 688              	.LVL39:
 689              	.L44:
 354:../Src/main.c **** 
 690              		.loc 1 354 1 view .LVU177
 691 004e 00BF     		.align	2
 692              	.L43:
 693 0050 000C0048 		.word	1207962624
 694 0054 00080048 		.word	1207961600
 695              		.cfi_endproc
 696              	.LFE143:
 698              		.section	.text.LCD_SetRegion,"ax",%progbits
 699              		.align	1
ARM GAS  C:\Users\user\AppData\Local\Temp\ccqcwdMl.s 			page 22


 700              		.syntax unified
 701              		.thumb
 702              		.thumb_func
 704              	LCD_SetRegion:
 705              	.LVL40:
 706              	.LFB144:
 357:../Src/main.c ****   const uint8_t col[4] = {(uint8_t)(x_start >> 8U), (uint8_t)x_start,
 707              		.loc 1 357 1 is_stmt 1 view -0
 708              		.cfi_startproc
 709              		@ args = 0, pretend = 0, frame = 8
 710              		@ frame_needed = 0, uses_anonymous_args = 0
 357:../Src/main.c ****   const uint8_t col[4] = {(uint8_t)(x_start >> 8U), (uint8_t)x_start,
 711              		.loc 1 357 1 is_stmt 0 view .LVU179
 712 0000 00B5     		push	{lr}
 713              	.LCFI13:
 714              		.cfi_def_cfa_offset 4
 715              		.cfi_offset 14, -4
 716 0002 83B0     		sub	sp, sp, #12
 717              	.LCFI14:
 718              		.cfi_def_cfa_offset 16
 358:../Src/main.c ****                           (uint8_t)(x_end >> 8U),   (uint8_t)x_end};
 719              		.loc 1 358 3 is_stmt 1 view .LVU180
 358:../Src/main.c ****                           (uint8_t)(x_end >> 8U),   (uint8_t)x_end};
 720              		.loc 1 358 27 is_stmt 0 view .LVU181
 721 0004 4FEA102C 		lsr	ip, r0, #8
 358:../Src/main.c ****                           (uint8_t)(x_end >> 8U),   (uint8_t)x_end};
 722              		.loc 1 358 17 view .LVU182
 723 0008 8DF804C0 		strb	ip, [sp, #4]
 724 000c 8DF80500 		strb	r0, [sp, #5]
 359:../Src/main.c ****   const uint8_t row[4] = {(uint8_t)(y_start >> 8U), (uint8_t)y_start,
 725              		.loc 1 359 27 view .LVU183
 726 0010 100A     		lsrs	r0, r2, #8
 727              	.LVL41:
 358:../Src/main.c ****                           (uint8_t)(x_end >> 8U),   (uint8_t)x_end};
 728              		.loc 1 358 17 view .LVU184
 729 0012 8DF80600 		strb	r0, [sp, #6]
 730 0016 8DF80720 		strb	r2, [sp, #7]
 360:../Src/main.c ****                           (uint8_t)(y_end >> 8U),   (uint8_t)y_end};
 731              		.loc 1 360 3 is_stmt 1 view .LVU185
 360:../Src/main.c ****                           (uint8_t)(y_end >> 8U),   (uint8_t)y_end};
 732              		.loc 1 360 27 is_stmt 0 view .LVU186
 733 001a 0A0A     		lsrs	r2, r1, #8
 734              	.LVL42:
 360:../Src/main.c ****                           (uint8_t)(y_end >> 8U),   (uint8_t)y_end};
 735              		.loc 1 360 17 view .LVU187
 736 001c 8DF80020 		strb	r2, [sp]
 737 0020 8DF80110 		strb	r1, [sp, #1]
 361:../Src/main.c **** 
 738              		.loc 1 361 27 view .LVU188
 739 0024 1A0A     		lsrs	r2, r3, #8
 360:../Src/main.c ****                           (uint8_t)(y_end >> 8U),   (uint8_t)y_end};
 740              		.loc 1 360 17 view .LVU189
 741 0026 8DF80220 		strb	r2, [sp, #2]
 742 002a 8DF80330 		strb	r3, [sp, #3]
 363:../Src/main.c ****   LCD_WriteCmdData(0x2BU, row, 4U);
 743              		.loc 1 363 3 is_stmt 1 view .LVU190
 744 002e 0422     		movs	r2, #4
ARM GAS  C:\Users\user\AppData\Local\Temp\ccqcwdMl.s 			page 23


 745 0030 0DEB0201 		add	r1, sp, r2
 746              	.LVL43:
 363:../Src/main.c ****   LCD_WriteCmdData(0x2BU, row, 4U);
 747              		.loc 1 363 3 is_stmt 0 view .LVU191
 748 0034 2A20     		movs	r0, #42
 749 0036 FFF7FEFF 		bl	LCD_WriteCmdData
 750              	.LVL44:
 364:../Src/main.c **** }
 751              		.loc 1 364 3 is_stmt 1 view .LVU192
 752 003a 0422     		movs	r2, #4
 753 003c 6946     		mov	r1, sp
 754 003e 2B20     		movs	r0, #43
 755 0040 FFF7FEFF 		bl	LCD_WriteCmdData
 756              	.LVL45:
 365:../Src/main.c **** 
 757              		.loc 1 365 1 is_stmt 0 view .LVU193
 758 0044 03B0     		add	sp, sp, #12
 759              	.LCFI15:
 760              		.cfi_def_cfa_offset 4
 761              		@ sp needed
 762 0046 5DF804FB 		ldr	pc, [sp], #4
 763              		.cfi_endproc
 764              	.LFE144:
 766              		.section	.text.LCD_WriteCommand,"ax",%progbits
 767              		.align	1
 768              		.syntax unified
 769              		.thumb
 770              		.thumb_func
 772              	LCD_WriteCommand:
 773              	.LVL46:
 774              	.LFB142:
 329:../Src/main.c ****   HAL_GPIO_WritePin(LCD_RS_PORT, LCD_RS_PIN, GPIO_PIN_RESET);
 775              		.loc 1 329 1 is_stmt 1 view -0
 776              		.cfi_startproc
 777              		@ args = 0, pretend = 0, frame = 0
 778              		@ frame_needed = 0, uses_anonymous_args = 0
 329:../Src/main.c ****   HAL_GPIO_WritePin(LCD_RS_PORT, LCD_RS_PIN, GPIO_PIN_RESET);
 779              		.loc 1 329 1 is_stmt 0 view .LVU195
 780 0000 38B5     		push	{r3, r4, r5, lr}
 781              	.LCFI16:
 782              		.cfi_def_cfa_offset 16
 783              		.cfi_offset 3, -16
 784              		.cfi_offset 4, -12
 785              		.cfi_offset 5, -8
 786              		.cfi_offset 14, -4
 787 0002 0446     		mov	r4, r0
 330:../Src/main.c ****   HAL_GPIO_WritePin(LCD_CS_PORT, LCD_CS_PIN, GPIO_PIN_RESET);
 788              		.loc 1 330 3 is_stmt 1 view .LVU196
 789 0004 0022     		movs	r2, #0
 790 0006 4FF48071 		mov	r1, #256
 791 000a 0948     		ldr	r0, .L49
 792              	.LVL47:
 330:../Src/main.c ****   HAL_GPIO_WritePin(LCD_CS_PORT, LCD_CS_PIN, GPIO_PIN_RESET);
 793              		.loc 1 330 3 is_stmt 0 view .LVU197
 794 000c FFF7FEFF 		bl	HAL_GPIO_WritePin
 795              	.LVL48:
 331:../Src/main.c ****   LCD_WriteByte(cmd);
ARM GAS  C:\Users\user\AppData\Local\Temp\ccqcwdMl.s 			page 24


 796              		.loc 1 331 3 is_stmt 1 view .LVU198
 797 0010 084D     		ldr	r5, .L49+4
 798 0012 0022     		movs	r2, #0
 799 0014 0821     		movs	r1, #8
 800 0016 2846     		mov	r0, r5
 801 0018 FFF7FEFF 		bl	HAL_GPIO_WritePin
 802              	.LVL49:
 332:../Src/main.c ****   HAL_GPIO_WritePin(LCD_CS_PORT, LCD_CS_PIN, GPIO_PIN_SET);
 803              		.loc 1 332 3 view .LVU199
 804 001c 2046     		mov	r0, r4
 805 001e FFF7FEFF 		bl	LCD_WriteByte
 806              	.LVL50:
 333:../Src/main.c **** }
 807              		.loc 1 333 3 view .LVU200
 808 0022 0122     		movs	r2, #1
 809 0024 0821     		movs	r1, #8
 810 0026 2846     		mov	r0, r5
 811 0028 FFF7FEFF 		bl	HAL_GPIO_WritePin
 812              	.LVL51:
 334:../Src/main.c **** 
 813              		.loc 1 334 1 is_stmt 0 view .LVU201
 814 002c 38BD     		pop	{r3, r4, r5, pc}
 815              	.L50:
 816 002e 00BF     		.align	2
 817              	.L49:
 818 0030 00080048 		.word	1207961600
 819 0034 000C0048 		.word	1207962624
 820              		.cfi_endproc
 821              	.LFE142:
 823              		.section	.text.LCD_FillScreen,"ax",%progbits
 824              		.align	1
 825              		.syntax unified
 826              		.thumb
 827              		.thumb_func
 829              	LCD_FillScreen:
 830              	.LVL52:
 831              	.LFB147:
 374:../Src/main.c **** 
 375:../Src/main.c **** /* Blit an RGB565 image into a (x,y)-(x+w-1,y+h-1) window. CS is asserted once
 376:../Src/main.c ****    for the whole memory-write burst. */
 377:../Src/main.c **** static void LCD_DrawImage(uint16_t x, uint16_t y, uint16_t w, uint16_t h,
 378:../Src/main.c ****                           const uint16_t *pixels)
 379:../Src/main.c **** {
 380:../Src/main.c ****   uint32_t count = (uint32_t)w * (uint32_t)h;
 381:../Src/main.c **** 
 382:../Src/main.c ****   LCD_SetRegion(x, y, (uint16_t)(x + w - 1U), (uint16_t)(y + h - 1U));
 383:../Src/main.c **** 
 384:../Src/main.c ****   LCD_WriteCommand(0x2CU);
 385:../Src/main.c **** 
 386:../Src/main.c ****   HAL_GPIO_WritePin(LCD_RS_PORT, LCD_RS_PIN, GPIO_PIN_SET);
 387:../Src/main.c ****   HAL_GPIO_WritePin(LCD_CS_PORT, LCD_CS_PIN, GPIO_PIN_RESET);
 388:../Src/main.c **** 
 389:../Src/main.c ****   for (uint32_t i = 0U; i < count; ++i)
 390:../Src/main.c ****   {
 391:../Src/main.c ****     LCD_WritePixel(pixels[i]);
 392:../Src/main.c ****   }
 393:../Src/main.c **** 
ARM GAS  C:\Users\user\AppData\Local\Temp\ccqcwdMl.s 			page 25


 394:../Src/main.c ****   HAL_GPIO_WritePin(LCD_CS_PORT, LCD_CS_PIN, GPIO_PIN_SET);
 395:../Src/main.c **** }
 396:../Src/main.c **** 
 397:../Src/main.c **** static void LCD_FillScreen(uint16_t color)
 398:../Src/main.c **** {
 832              		.loc 1 398 1 is_stmt 1 view -0
 833              		.cfi_startproc
 834              		@ args = 0, pretend = 0, frame = 0
 835              		@ frame_needed = 0, uses_anonymous_args = 0
 836              		.loc 1 398 1 is_stmt 0 view .LVU203
 837 0000 38B5     		push	{r3, r4, r5, lr}
 838              	.LCFI17:
 839              		.cfi_def_cfa_offset 16
 840              		.cfi_offset 3, -16
 841              		.cfi_offset 4, -12
 842              		.cfi_offset 5, -8
 843              		.cfi_offset 14, -4
 844 0002 0546     		mov	r5, r0
 399:../Src/main.c ****   uint32_t pixel_count = (uint32_t)LCD_WIDTH * (uint32_t)LCD_HEIGHT;
 845              		.loc 1 399 3 is_stmt 1 view .LVU204
 846              	.LVL53:
 400:../Src/main.c **** 
 401:../Src/main.c ****   LCD_SetRegion(0U, 0U, LCD_WIDTH - 1U, LCD_HEIGHT - 1U);
 847              		.loc 1 401 3 view .LVU205
 848 0004 EF23     		movs	r3, #239
 849 0006 40F23F12 		movw	r2, #319
 850 000a 0021     		movs	r1, #0
 851 000c 0846     		mov	r0, r1
 852              	.LVL54:
 853              		.loc 1 401 3 is_stmt 0 view .LVU206
 854 000e FFF7FEFF 		bl	LCD_SetRegion
 855              	.LVL55:
 402:../Src/main.c **** 
 403:../Src/main.c ****   LCD_WriteCommand(0x2CU);
 856              		.loc 1 403 3 is_stmt 1 view .LVU207
 857 0012 2C20     		movs	r0, #44
 858 0014 FFF7FEFF 		bl	LCD_WriteCommand
 859              	.LVL56:
 404:../Src/main.c **** 
 405:../Src/main.c ****   /* Assert CS once for the whole pixel stream. The ILI9341 memory-write
 406:../Src/main.c ****      burst (0x2C) expects CS to stay LOW while every pixel byte is clocked;
 407:../Src/main.c ****      toggling CS per byte can abort the burst and leave the panel blank. */
 408:../Src/main.c ****   HAL_GPIO_WritePin(LCD_RS_PORT, LCD_RS_PIN, GPIO_PIN_SET);
 860              		.loc 1 408 3 view .LVU208
 861 0018 0122     		movs	r2, #1
 862 001a 4FF48071 		mov	r1, #256
 863 001e 0D48     		ldr	r0, .L55
 864 0020 FFF7FEFF 		bl	HAL_GPIO_WritePin
 865              	.LVL57:
 409:../Src/main.c ****   HAL_GPIO_WritePin(LCD_CS_PORT, LCD_CS_PIN, GPIO_PIN_RESET);
 866              		.loc 1 409 3 view .LVU209
 867 0024 0022     		movs	r2, #0
 868 0026 0821     		movs	r1, #8
 869 0028 0B48     		ldr	r0, .L55+4
 870 002a FFF7FEFF 		bl	HAL_GPIO_WritePin
 871              	.LVL58:
 410:../Src/main.c **** 
ARM GAS  C:\Users\user\AppData\Local\Temp\ccqcwdMl.s 			page 26


 411:../Src/main.c ****   for (uint32_t i = 0U; i < pixel_count; ++i)
 872              		.loc 1 411 3 view .LVU210
 873              	.LBB18:
 874              		.loc 1 411 8 view .LVU211
 875              		.loc 1 411 17 is_stmt 0 view .LVU212
 876 002e 0024     		movs	r4, #0
 877              		.loc 1 411 3 view .LVU213
 878 0030 06E0     		b	.L52
 879              	.LVL59:
 880              	.L53:
 412:../Src/main.c ****   {
 413:../Src/main.c ****     LCD_WriteByte((uint8_t)(color >> 8U));
 881              		.loc 1 413 5 is_stmt 1 discriminator 3 view .LVU214
 882 0032 280A     		lsrs	r0, r5, #8
 883 0034 FFF7FEFF 		bl	LCD_WriteByte
 884              	.LVL60:
 414:../Src/main.c ****     LCD_WriteByte((uint8_t)(color & 0xFFU));
 885              		.loc 1 414 5 discriminator 3 view .LVU215
 886 0038 E8B2     		uxtb	r0, r5
 887 003a FFF7FEFF 		bl	LCD_WriteByte
 888              	.LVL61:
 411:../Src/main.c ****   {
 889              		.loc 1 411 42 discriminator 3 view .LVU216
 890 003e 0134     		adds	r4, r4, #1
 891              	.LVL62:
 892              	.L52:
 411:../Src/main.c ****   {
 893              		.loc 1 411 25 discriminator 1 view .LVU217
 411:../Src/main.c ****   {
 894              		.loc 1 411 3 is_stmt 0 discriminator 1 view .LVU218
 895 0040 B4F5963F 		cmp	r4, #76800
 896 0044 F5D3     		bcc	.L53
 897              	.LBE18:
 415:../Src/main.c ****   }
 416:../Src/main.c **** 
 417:../Src/main.c ****   HAL_GPIO_WritePin(LCD_CS_PORT, LCD_CS_PIN, GPIO_PIN_SET);
 898              		.loc 1 417 3 is_stmt 1 view .LVU219
 899 0046 0122     		movs	r2, #1
 900 0048 0821     		movs	r1, #8
 901 004a 0348     		ldr	r0, .L55+4
 902 004c FFF7FEFF 		bl	HAL_GPIO_WritePin
 903              	.LVL63:
 418:../Src/main.c **** }
 904              		.loc 1 418 1 is_stmt 0 view .LVU220
 905 0050 38BD     		pop	{r3, r4, r5, pc}
 906              	.LVL64:
 907              	.L56:
 908              		.loc 1 418 1 view .LVU221
 909 0052 00BF     		.align	2
 910              	.L55:
 911 0054 00080048 		.word	1207961600
 912 0058 000C0048 		.word	1207962624
 913              		.cfi_endproc
 914              	.LFE147:
 916              		.section	.text.LCD_FillRect,"ax",%progbits
 917              		.align	1
 918              		.syntax unified
ARM GAS  C:\Users\user\AppData\Local\Temp\ccqcwdMl.s 			page 27


 919              		.thumb
 920              		.thumb_func
 922              	LCD_FillRect:
 923              	.LVL65:
 924              	.LFB148:
 419:../Src/main.c **** 
 420:../Src/main.c **** /* Fill an arbitrary rectangle with a solid color (used to erase the logo's
 421:../Src/main.c ****    previous position). A degenerate size is ignored. */
 422:../Src/main.c **** static void LCD_FillRect(uint16_t x, uint16_t y, uint16_t w, uint16_t h,
 423:../Src/main.c ****                          uint16_t color)
 424:../Src/main.c **** {
 925              		.loc 1 424 1 is_stmt 1 view -0
 926              		.cfi_startproc
 927              		@ args = 4, pretend = 0, frame = 0
 928              		@ frame_needed = 0, uses_anonymous_args = 0
 929              		.loc 1 424 1 is_stmt 0 view .LVU223
 930 0000 70B5     		push	{r4, r5, r6, lr}
 931              	.LCFI18:
 932              		.cfi_def_cfa_offset 16
 933              		.cfi_offset 4, -16
 934              		.cfi_offset 5, -12
 935              		.cfi_offset 6, -8
 936              		.cfi_offset 14, -4
 937 0002 BDF81050 		ldrh	r5, [sp, #16]
 425:../Src/main.c ****   uint32_t count;
 938              		.loc 1 425 3 is_stmt 1 view .LVU224
 426:../Src/main.c **** 
 427:../Src/main.c ****   if ((w == 0U) || (h == 0U))
 939              		.loc 1 427 3 view .LVU225
 940              		.loc 1 427 6 is_stmt 0 view .LVU226
 941 0006 02B1     		cbz	r2, .L57
 942              		.loc 1 427 17 discriminator 1 view .LVU227
 943 0008 03B9     		cbnz	r3, .L62
 944              	.LVL66:
 945              	.L57:
 428:../Src/main.c ****   {
 429:../Src/main.c ****     return;
 430:../Src/main.c ****   }
 431:../Src/main.c **** 
 432:../Src/main.c ****   count = (uint32_t)w * (uint32_t)h;
 433:../Src/main.c **** 
 434:../Src/main.c ****   LCD_SetRegion(x, y, (uint16_t)(x + w - 1U), (uint16_t)(y + h - 1U));
 435:../Src/main.c **** 
 436:../Src/main.c ****   LCD_WriteCommand(0x2CU);
 437:../Src/main.c **** 
 438:../Src/main.c ****   HAL_GPIO_WritePin(LCD_RS_PORT, LCD_RS_PIN, GPIO_PIN_SET);
 439:../Src/main.c ****   HAL_GPIO_WritePin(LCD_CS_PORT, LCD_CS_PIN, GPIO_PIN_RESET);
 440:../Src/main.c **** 
 441:../Src/main.c ****   for (uint32_t i = 0U; i < count; ++i)
 442:../Src/main.c ****   {
 443:../Src/main.c ****     LCD_WriteByte((uint8_t)(color >> 8U));
 444:../Src/main.c ****     LCD_WriteByte((uint8_t)(color & 0xFFU));
 445:../Src/main.c ****   }
 446:../Src/main.c **** 
 447:../Src/main.c ****   HAL_GPIO_WritePin(LCD_CS_PORT, LCD_CS_PIN, GPIO_PIN_SET);
 448:../Src/main.c **** }
 946              		.loc 1 448 1 view .LVU228
ARM GAS  C:\Users\user\AppData\Local\Temp\ccqcwdMl.s 			page 28


 947 000a 70BD     		pop	{r4, r5, r6, pc}
 948              	.LVL67:
 949              	.L62:
 432:../Src/main.c **** 
 950              		.loc 1 432 3 is_stmt 1 view .LVU229
 432:../Src/main.c **** 
 951              		.loc 1 432 9 is_stmt 0 view .LVU230
 952 000c 03FB02F6 		mul	r6, r3, r2
 953              	.LVL68:
 434:../Src/main.c **** 
 954              		.loc 1 434 3 is_stmt 1 view .LVU231
 434:../Src/main.c **** 
 955              		.loc 1 434 36 is_stmt 0 view .LVU232
 956 0010 0244     		add	r2, r2, r0
 957              	.LVL69:
 434:../Src/main.c **** 
 958              		.loc 1 434 36 view .LVU233
 959 0012 92B2     		uxth	r2, r2
 434:../Src/main.c **** 
 960              		.loc 1 434 60 view .LVU234
 961 0014 0B44     		add	r3, r3, r1
 962              	.LVL70:
 434:../Src/main.c **** 
 963              		.loc 1 434 60 view .LVU235
 964 0016 9BB2     		uxth	r3, r3
 434:../Src/main.c **** 
 965              		.loc 1 434 3 view .LVU236
 966 0018 013B     		subs	r3, r3, #1
 967 001a 013A     		subs	r2, r2, #1
 968 001c 9BB2     		uxth	r3, r3
 969 001e 92B2     		uxth	r2, r2
 970 0020 FFF7FEFF 		bl	LCD_SetRegion
 971              	.LVL71:
 436:../Src/main.c **** 
 972              		.loc 1 436 3 is_stmt 1 view .LVU237
 973 0024 2C20     		movs	r0, #44
 974 0026 FFF7FEFF 		bl	LCD_WriteCommand
 975              	.LVL72:
 438:../Src/main.c ****   HAL_GPIO_WritePin(LCD_CS_PORT, LCD_CS_PIN, GPIO_PIN_RESET);
 976              		.loc 1 438 3 view .LVU238
 977 002a 0122     		movs	r2, #1
 978 002c 4FF48071 		mov	r1, #256
 979 0030 0C48     		ldr	r0, .L63
 980 0032 FFF7FEFF 		bl	HAL_GPIO_WritePin
 981              	.LVL73:
 439:../Src/main.c **** 
 982              		.loc 1 439 3 view .LVU239
 983 0036 0022     		movs	r2, #0
 984 0038 0821     		movs	r1, #8
 985 003a 0B48     		ldr	r0, .L63+4
 986 003c FFF7FEFF 		bl	HAL_GPIO_WritePin
 987              	.LVL74:
 441:../Src/main.c ****   {
 988              		.loc 1 441 3 view .LVU240
 989              	.LBB19:
 441:../Src/main.c ****   {
 990              		.loc 1 441 8 view .LVU241
ARM GAS  C:\Users\user\AppData\Local\Temp\ccqcwdMl.s 			page 29


 441:../Src/main.c ****   {
 991              		.loc 1 441 17 is_stmt 0 view .LVU242
 992 0040 0024     		movs	r4, #0
 441:../Src/main.c ****   {
 993              		.loc 1 441 3 view .LVU243
 994 0042 06E0     		b	.L59
 995              	.LVL75:
 996              	.L60:
 443:../Src/main.c ****     LCD_WriteByte((uint8_t)(color & 0xFFU));
 997              		.loc 1 443 5 is_stmt 1 discriminator 3 view .LVU244
 998 0044 280A     		lsrs	r0, r5, #8
 999 0046 FFF7FEFF 		bl	LCD_WriteByte
 1000              	.LVL76:
 444:../Src/main.c ****   }
 1001              		.loc 1 444 5 discriminator 3 view .LVU245
 1002 004a E8B2     		uxtb	r0, r5
 1003 004c FFF7FEFF 		bl	LCD_WriteByte
 1004              	.LVL77:
 441:../Src/main.c ****   {
 1005              		.loc 1 441 36 discriminator 3 view .LVU246
 1006 0050 0134     		adds	r4, r4, #1
 1007              	.LVL78:
 1008              	.L59:
 441:../Src/main.c ****   {
 1009              		.loc 1 441 25 discriminator 1 view .LVU247
 441:../Src/main.c ****   {
 1010              		.loc 1 441 3 is_stmt 0 discriminator 1 view .LVU248
 1011 0052 B442     		cmp	r4, r6
 1012 0054 F6D3     		bcc	.L60
 1013              	.LBE19:
 447:../Src/main.c **** }
 1014              		.loc 1 447 3 is_stmt 1 view .LVU249
 1015 0056 0122     		movs	r2, #1
 1016 0058 0821     		movs	r1, #8
 1017 005a 0348     		ldr	r0, .L63+4
 1018 005c FFF7FEFF 		bl	HAL_GPIO_WritePin
 1019              	.LVL79:
 1020 0060 D3E7     		b	.L57
 1021              	.L64:
 1022 0062 00BF     		.align	2
 1023              	.L63:
 1024 0064 00080048 		.word	1207961600
 1025 0068 000C0048 		.word	1207962624
 1026              		.cfi_endproc
 1027              	.LFE148:
 1029              		.section	.text.LCD_DrawImage,"ax",%progbits
 1030              		.align	1
 1031              		.syntax unified
 1032              		.thumb
 1033              		.thumb_func
 1035              	LCD_DrawImage:
 1036              	.LVL80:
 1037              	.LFB146:
 379:../Src/main.c ****   uint32_t count = (uint32_t)w * (uint32_t)h;
 1038              		.loc 1 379 1 view -0
 1039              		.cfi_startproc
 1040              		@ args = 4, pretend = 0, frame = 0
ARM GAS  C:\Users\user\AppData\Local\Temp\ccqcwdMl.s 			page 30


 1041              		@ frame_needed = 0, uses_anonymous_args = 0
 379:../Src/main.c ****   uint32_t count = (uint32_t)w * (uint32_t)h;
 1042              		.loc 1 379 1 is_stmt 0 view .LVU251
 1043 0000 70B5     		push	{r4, r5, r6, lr}
 1044              	.LCFI19:
 1045              		.cfi_def_cfa_offset 16
 1046              		.cfi_offset 4, -16
 1047              		.cfi_offset 5, -12
 1048              		.cfi_offset 6, -8
 1049              		.cfi_offset 14, -4
 1050 0002 049E     		ldr	r6, [sp, #16]
 380:../Src/main.c **** 
 1051              		.loc 1 380 3 is_stmt 1 view .LVU252
 380:../Src/main.c **** 
 1052              		.loc 1 380 12 is_stmt 0 view .LVU253
 1053 0004 03FB02F5 		mul	r5, r3, r2
 1054              	.LVL81:
 382:../Src/main.c **** 
 1055              		.loc 1 382 3 is_stmt 1 view .LVU254
 382:../Src/main.c **** 
 1056              		.loc 1 382 36 is_stmt 0 view .LVU255
 1057 0008 0244     		add	r2, r2, r0
 1058              	.LVL82:
 382:../Src/main.c **** 
 1059              		.loc 1 382 36 view .LVU256
 1060 000a 92B2     		uxth	r2, r2
 382:../Src/main.c **** 
 1061              		.loc 1 382 60 view .LVU257
 1062 000c 0B44     		add	r3, r3, r1
 1063              	.LVL83:
 382:../Src/main.c **** 
 1064              		.loc 1 382 60 view .LVU258
 1065 000e 9BB2     		uxth	r3, r3
 382:../Src/main.c **** 
 1066              		.loc 1 382 3 view .LVU259
 1067 0010 013B     		subs	r3, r3, #1
 1068 0012 013A     		subs	r2, r2, #1
 1069 0014 9BB2     		uxth	r3, r3
 1070 0016 92B2     		uxth	r2, r2
 1071 0018 FFF7FEFF 		bl	LCD_SetRegion
 1072              	.LVL84:
 384:../Src/main.c **** 
 1073              		.loc 1 384 3 is_stmt 1 view .LVU260
 1074 001c 2C20     		movs	r0, #44
 1075 001e FFF7FEFF 		bl	LCD_WriteCommand
 1076              	.LVL85:
 386:../Src/main.c ****   HAL_GPIO_WritePin(LCD_CS_PORT, LCD_CS_PIN, GPIO_PIN_RESET);
 1077              		.loc 1 386 3 view .LVU261
 1078 0022 0122     		movs	r2, #1
 1079 0024 4FF48071 		mov	r1, #256
 1080 0028 0B48     		ldr	r0, .L69
 1081 002a FFF7FEFF 		bl	HAL_GPIO_WritePin
 1082              	.LVL86:
 387:../Src/main.c **** 
 1083              		.loc 1 387 3 view .LVU262
 1084 002e 0022     		movs	r2, #0
 1085 0030 0821     		movs	r1, #8
ARM GAS  C:\Users\user\AppData\Local\Temp\ccqcwdMl.s 			page 31


 1086 0032 0A48     		ldr	r0, .L69+4
 1087 0034 FFF7FEFF 		bl	HAL_GPIO_WritePin
 1088              	.LVL87:
 389:../Src/main.c ****   {
 1089              		.loc 1 389 3 view .LVU263
 1090              	.LBB20:
 389:../Src/main.c ****   {
 1091              		.loc 1 389 8 view .LVU264
 389:../Src/main.c ****   {
 1092              		.loc 1 389 17 is_stmt 0 view .LVU265
 1093 0038 0024     		movs	r4, #0
 389:../Src/main.c ****   {
 1094              		.loc 1 389 3 view .LVU266
 1095 003a 04E0     		b	.L66
 1096              	.LVL88:
 1097              	.L67:
 391:../Src/main.c ****   }
 1098              		.loc 1 391 5 is_stmt 1 discriminator 3 view .LVU267
 1099 003c 36F81400 		ldrh	r0, [r6, r4, lsl #1]
 1100 0040 FFF7FEFF 		bl	LCD_WritePixel
 1101              	.LVL89:
 389:../Src/main.c ****   {
 1102              		.loc 1 389 36 discriminator 3 view .LVU268
 1103 0044 0134     		adds	r4, r4, #1
 1104              	.LVL90:
 1105              	.L66:
 389:../Src/main.c ****   {
 1106              		.loc 1 389 25 discriminator 1 view .LVU269
 389:../Src/main.c ****   {
 1107              		.loc 1 389 3 is_stmt 0 discriminator 1 view .LVU270
 1108 0046 AC42     		cmp	r4, r5
 1109 0048 F8D3     		bcc	.L67
 1110              	.LBE20:
 394:../Src/main.c **** }
 1111              		.loc 1 394 3 is_stmt 1 view .LVU271
 1112 004a 0122     		movs	r2, #1
 1113 004c 0821     		movs	r1, #8
 1114 004e 0348     		ldr	r0, .L69+4
 1115 0050 FFF7FEFF 		bl	HAL_GPIO_WritePin
 1116              	.LVL91:
 395:../Src/main.c **** 
 1117              		.loc 1 395 1 is_stmt 0 view .LVU272
 1118 0054 70BD     		pop	{r4, r5, r6, pc}
 1119              	.LVL92:
 1120              	.L70:
 395:../Src/main.c **** 
 1121              		.loc 1 395 1 view .LVU273
 1122 0056 00BF     		.align	2
 1123              	.L69:
 1124 0058 00080048 		.word	1207961600
 1125 005c 000C0048 		.word	1207962624
 1126              		.cfi_endproc
 1127              	.LFE146:
 1129              		.section	.text.LCD_DebugLedShow,"ax",%progbits
 1130              		.align	1
 1131              		.syntax unified
 1132              		.thumb
ARM GAS  C:\Users\user\AppData\Local\Temp\ccqcwdMl.s 			page 32


 1133              		.thumb_func
 1135              	LCD_DebugLedShow:
 1136              	.LVL93:
 1137              	.LFB140:
 234:../Src/main.c ****   DBG_LED_OFF(DBG_LED1_PIN);
 1138              		.loc 1 234 1 is_stmt 1 view -0
 1139              		.cfi_startproc
 1140              		@ args = 0, pretend = 0, frame = 0
 1141              		@ frame_needed = 0, uses_anonymous_args = 0
 234:../Src/main.c ****   DBG_LED_OFF(DBG_LED1_PIN);
 1142              		.loc 1 234 1 is_stmt 0 view .LVU275
 1143 0000 10B5     		push	{r4, lr}
 1144              	.LCFI20:
 1145              		.cfi_def_cfa_offset 8
 1146              		.cfi_offset 4, -8
 1147              		.cfi_offset 14, -4
 1148 0002 0446     		mov	r4, r0
 235:../Src/main.c ****   DBG_LED_OFF(DBG_LED2_PIN);
 1149              		.loc 1 235 3 is_stmt 1 view .LVU276
 1150 0004 0122     		movs	r2, #1
 1151 0006 0821     		movs	r1, #8
 1152 0008 4FF09040 		mov	r0, #1207959552
 1153              	.LVL94:
 235:../Src/main.c ****   DBG_LED_OFF(DBG_LED2_PIN);
 1154              		.loc 1 235 3 is_stmt 0 view .LVU277
 1155 000c FFF7FEFF 		bl	HAL_GPIO_WritePin
 1156              	.LVL95:
 236:../Src/main.c ****   DBG_LED_OFF(DBG_LED3_PIN);
 1157              		.loc 1 236 3 is_stmt 1 view .LVU278
 1158 0010 0122     		movs	r2, #1
 1159 0012 1021     		movs	r1, #16
 1160 0014 4FF09040 		mov	r0, #1207959552
 1161 0018 FFF7FEFF 		bl	HAL_GPIO_WritePin
 1162              	.LVL96:
 237:../Src/main.c ****   DBG_LED_OFF(DBG_LED4_PIN);
 1163              		.loc 1 237 3 view .LVU279
 1164 001c 0122     		movs	r2, #1
 1165 001e 2021     		movs	r1, #32
 1166 0020 4FF09040 		mov	r0, #1207959552
 1167 0024 FFF7FEFF 		bl	HAL_GPIO_WritePin
 1168              	.LVL97:
 238:../Src/main.c **** 
 1169              		.loc 1 238 3 view .LVU280
 1170 0028 0122     		movs	r2, #1
 1171 002a 4021     		movs	r1, #64
 1172 002c 4FF09040 		mov	r0, #1207959552
 1173 0030 FFF7FEFF 		bl	HAL_GPIO_WritePin
 1174              	.LVL98:
 240:../Src/main.c ****   {
 1175              		.loc 1 240 3 view .LVU281
 240:../Src/main.c ****   {
 1176              		.loc 1 240 6 is_stmt 0 view .LVU282
 1177 0034 34B9     		cbnz	r4, .L77
 1178              	.L72:
 244:../Src/main.c ****   {
 1179              		.loc 1 244 3 is_stmt 1 view .LVU283
 244:../Src/main.c ****   {
ARM GAS  C:\Users\user\AppData\Local\Temp\ccqcwdMl.s 			page 33


 1180              		.loc 1 244 6 is_stmt 0 view .LVU284
 1181 0036 012C     		cmp	r4, #1
 1182 0038 0BD8     		bhi	.L78
 1183              	.L73:
 248:../Src/main.c ****   {
 1184              		.loc 1 248 3 is_stmt 1 view .LVU285
 248:../Src/main.c ****   {
 1185              		.loc 1 248 6 is_stmt 0 view .LVU286
 1186 003a 022C     		cmp	r4, #2
 1187 003c 10D8     		bhi	.L79
 1188              	.L74:
 252:../Src/main.c ****   {
 1189              		.loc 1 252 3 is_stmt 1 view .LVU287
 252:../Src/main.c ****   {
 1190              		.loc 1 252 6 is_stmt 0 view .LVU288
 1191 003e 032C     		cmp	r4, #3
 1192 0040 15D8     		bhi	.L80
 1193              	.L71:
 256:../Src/main.c **** 
 1194              		.loc 1 256 1 view .LVU289
 1195 0042 10BD     		pop	{r4, pc}
 1196              	.L77:
 242:../Src/main.c ****   }
 1197              		.loc 1 242 5 is_stmt 1 view .LVU290
 1198 0044 0022     		movs	r2, #0
 1199 0046 0821     		movs	r1, #8
 1200 0048 4FF09040 		mov	r0, #1207959552
 1201 004c FFF7FEFF 		bl	HAL_GPIO_WritePin
 1202              	.LVL99:
 1203 0050 F1E7     		b	.L72
 1204              	.L78:
 246:../Src/main.c ****   }
 1205              		.loc 1 246 5 view .LVU291
 1206 0052 0022     		movs	r2, #0
 1207 0054 1021     		movs	r1, #16
 1208 0056 4FF09040 		mov	r0, #1207959552
 1209 005a FFF7FEFF 		bl	HAL_GPIO_WritePin
 1210              	.LVL100:
 1211 005e ECE7     		b	.L73
 1212              	.L79:
 250:../Src/main.c ****   }
 1213              		.loc 1 250 5 view .LVU292
 1214 0060 0022     		movs	r2, #0
 1215 0062 2021     		movs	r1, #32
 1216 0064 4FF09040 		mov	r0, #1207959552
 1217 0068 FFF7FEFF 		bl	HAL_GPIO_WritePin
 1218              	.LVL101:
 1219 006c E7E7     		b	.L74
 1220              	.L80:
 254:../Src/main.c ****   }
 1221              		.loc 1 254 5 view .LVU293
 1222 006e 0022     		movs	r2, #0
 1223 0070 4021     		movs	r1, #64
 1224 0072 4FF09040 		mov	r0, #1207959552
 1225 0076 FFF7FEFF 		bl	HAL_GPIO_WritePin
 1226              	.LVL102:
 256:../Src/main.c **** 
ARM GAS  C:\Users\user\AppData\Local\Temp\ccqcwdMl.s 			page 34


 1227              		.loc 1 256 1 is_stmt 0 view .LVU294
 1228 007a E2E7     		b	.L71
 1229              		.cfi_endproc
 1230              	.LFE140:
 1232              		.section	.text.LCD_Init,"ax",%progbits
 1233              		.align	1
 1234              		.syntax unified
 1235              		.thumb
 1236              		.thumb_func
 1238              	LCD_Init:
 1239              	.LFB149:
 449:../Src/main.c **** 
 450:../Src/main.c **** static void LCD_Init(void)
 451:../Src/main.c **** {
 1240              		.loc 1 451 1 is_stmt 1 view -0
 1241              		.cfi_startproc
 1242              		@ args = 0, pretend = 0, frame = 112
 1243              		@ frame_needed = 0, uses_anonymous_args = 0
 1244 0000 F0B5     		push	{r4, r5, r6, r7, lr}
 1245              	.LCFI21:
 1246              		.cfi_def_cfa_offset 20
 1247              		.cfi_offset 4, -20
 1248              		.cfi_offset 5, -16
 1249              		.cfi_offset 6, -12
 1250              		.cfi_offset 7, -8
 1251              		.cfi_offset 14, -4
 1252 0002 9DB0     		sub	sp, sp, #116
 1253              	.LCFI22:
 1254              		.cfi_def_cfa_offset 136
 452:../Src/main.c ****   HAL_Delay(120);
 1255              		.loc 1 452 3 view .LVU296
 1256 0004 7820     		movs	r0, #120
 1257 0006 FFF7FEFF 		bl	HAL_Delay
 1258              	.LVL103:
 453:../Src/main.c **** 
 454:../Src/main.c ****   /* Stage 2: init command stream starts (LED1+LED2). */
 455:../Src/main.c ****   LCD_DebugLedShow(2U);
 1259              		.loc 1 455 3 view .LVU297
 1260 000a 0220     		movs	r0, #2
 1261 000c FFF7FEFF 		bl	LCD_DebugLedShow
 1262              	.LVL104:
 456:../Src/main.c **** 
 457:../Src/main.c **** #if (LCD_DEBUG_SLOW_SPI)
 458:../Src/main.c ****   g_lcd_slow_spi = 1U;   /* slow only the short init command stream */
 1263              		.loc 1 458 3 view .LVU298
 1264              		.loc 1 458 18 is_stmt 0 view .LVU299
 1265 0010 6C4F     		ldr	r7, .L83
 1266 0012 0125     		movs	r5, #1
 1267 0014 3D70     		strb	r5, [r7]
 459:../Src/main.c **** #endif
 460:../Src/main.c **** 
 461:../Src/main.c ****   LCD_WriteCommand(0x01U);          /* SWRESET */
 1268              		.loc 1 461 3 is_stmt 1 view .LVU300
 1269 0016 2846     		mov	r0, r5
 1270 0018 FFF7FEFF 		bl	LCD_WriteCommand
 1271              	.LVL105:
 462:../Src/main.c ****   HAL_Delay(120);
ARM GAS  C:\Users\user\AppData\Local\Temp\ccqcwdMl.s 			page 35


 1272              		.loc 1 462 3 view .LVU301
 1273 001c 7820     		movs	r0, #120
 1274 001e FFF7FEFF 		bl	HAL_Delay
 1275              	.LVL106:
 463:../Src/main.c **** 
 464:../Src/main.c ****   /* Undocumented but required by ILI9341 modules (power control A). */
 465:../Src/main.c ****   LCD_WriteCmdData(0xEFU, (const uint8_t[]){0x03U, 0x80U, 0x02U}, 3U);
 1276              		.loc 1 465 3 view .LVU302
 1277              		.loc 1 465 44 is_stmt 0 view .LVU303
 1278 0022 694C     		ldr	r4, .L83+4
 1279 0024 2368     		ldr	r3, [r4]
 1280 0026 ADF80430 		strh	r3, [sp, #4]	@ movhi
 1281 002a 1B0C     		lsrs	r3, r3, #16
 1282 002c 8DF80630 		strb	r3, [sp, #6]
 1283              		.loc 1 465 3 view .LVU304
 1284 0030 0322     		movs	r2, #3
 1285 0032 01A9     		add	r1, sp, #4
 1286 0034 EF20     		movs	r0, #239
 1287 0036 FFF7FEFF 		bl	LCD_WriteCmdData
 1288              	.LVL107:
 466:../Src/main.c **** 
 467:../Src/main.c ****   LCD_WriteCmdData(0xCFU, (const uint8_t[]){0x00U, 0xC1U, 0x30U}, 3U);
 1289              		.loc 1 467 3 is_stmt 1 view .LVU305
 1290              		.loc 1 467 44 is_stmt 0 view .LVU306
 1291 003a 6368     		ldr	r3, [r4, #4]
 1292 003c ADF80830 		strh	r3, [sp, #8]	@ movhi
 1293 0040 1B0C     		lsrs	r3, r3, #16
 1294 0042 8DF80A30 		strb	r3, [sp, #10]
 1295              		.loc 1 467 3 view .LVU307
 1296 0046 0322     		movs	r2, #3
 1297 0048 02A9     		add	r1, sp, #8
 1298 004a CF20     		movs	r0, #207
 1299 004c FFF7FEFF 		bl	LCD_WriteCmdData
 1300              	.LVL108:
 468:../Src/main.c **** 
 469:../Src/main.c ****   LCD_WriteCmdData(0xEDU, (const uint8_t[]){0x64U, 0x03U, 0x12U, 0x81U}, 4U);
 1301              		.loc 1 469 3 is_stmt 1 view .LVU308
 1302              		.loc 1 469 44 is_stmt 0 view .LVU309
 1303 0050 A368     		ldr	r3, [r4, #8]
 1304 0052 0393     		str	r3, [sp, #12]
 1305              		.loc 1 469 3 view .LVU310
 1306 0054 0422     		movs	r2, #4
 1307 0056 03A9     		add	r1, sp, #12
 1308 0058 ED20     		movs	r0, #237
 1309 005a FFF7FEFF 		bl	LCD_WriteCmdData
 1310              	.LVL109:
 470:../Src/main.c **** 
 471:../Src/main.c ****   LCD_WriteCmdData(0xE8U, (const uint8_t[]){0x85U, 0x00U, 0x78U}, 3U);
 1311              		.loc 1 471 3 is_stmt 1 view .LVU311
 1312              		.loc 1 471 44 is_stmt 0 view .LVU312
 1313 005e E368     		ldr	r3, [r4, #12]
 1314 0060 ADF81030 		strh	r3, [sp, #16]	@ movhi
 1315 0064 1B0C     		lsrs	r3, r3, #16
 1316 0066 8DF81230 		strb	r3, [sp, #18]
 1317              		.loc 1 471 3 view .LVU313
 1318 006a 0322     		movs	r2, #3
 1319 006c 04A9     		add	r1, sp, #16
ARM GAS  C:\Users\user\AppData\Local\Temp\ccqcwdMl.s 			page 36


 1320 006e E820     		movs	r0, #232
 1321 0070 FFF7FEFF 		bl	LCD_WriteCmdData
 1322              	.LVL110:
 472:../Src/main.c **** 
 473:../Src/main.c ****   LCD_WriteCmdData(0xCBU, (const uint8_t[]){0x39U, 0x2CU, 0x00U, 0x34U, 0x02U}, 5U);
 1323              		.loc 1 473 3 is_stmt 1 view .LVU314
 1324              		.loc 1 473 44 is_stmt 0 view .LVU315
 1325 0074 04F11003 		add	r3, r4, #16
 1326 0078 93E80300 		ldm	r3, {r0, r1}
 1327 007c 0590     		str	r0, [sp, #20]
 1328 007e 8DF81810 		strb	r1, [sp, #24]
 1329              		.loc 1 473 3 view .LVU316
 1330 0082 0522     		movs	r2, #5
 1331 0084 05A9     		add	r1, sp, #20
 1332 0086 CB20     		movs	r0, #203
 1333 0088 FFF7FEFF 		bl	LCD_WriteCmdData
 1334              	.LVL111:
 474:../Src/main.c **** 
 475:../Src/main.c ****   LCD_WriteCmdData(0xF7U, (const uint8_t[]){0x20U}, 1U);
 1335              		.loc 1 475 3 is_stmt 1 view .LVU317
 1336              		.loc 1 475 44 is_stmt 0 view .LVU318
 1337 008c 2023     		movs	r3, #32
 1338 008e 8DF81C30 		strb	r3, [sp, #28]
 1339              		.loc 1 475 3 view .LVU319
 1340 0092 2A46     		mov	r2, r5
 1341 0094 07A9     		add	r1, sp, #28
 1342 0096 F720     		movs	r0, #247
 1343 0098 FFF7FEFF 		bl	LCD_WriteCmdData
 1344              	.LVL112:
 476:../Src/main.c **** 
 477:../Src/main.c ****   LCD_WriteCmdData(0xEAU, (const uint8_t[]){0x00U, 0x00U}, 2U);
 1345              		.loc 1 477 3 is_stmt 1 view .LVU320
 1346              		.loc 1 477 44 is_stmt 0 view .LVU321
 1347 009c 0026     		movs	r6, #0
 1348 009e 8DF82060 		strb	r6, [sp, #32]
 1349 00a2 8DF82160 		strb	r6, [sp, #33]
 1350              		.loc 1 477 3 view .LVU322
 1351 00a6 0222     		movs	r2, #2
 1352 00a8 08A9     		add	r1, sp, #32
 1353 00aa EA20     		movs	r0, #234
 1354 00ac FFF7FEFF 		bl	LCD_WriteCmdData
 1355              	.LVL113:
 478:../Src/main.c **** 
 479:../Src/main.c ****   /* Power control 1 / 2 */
 480:../Src/main.c ****   LCD_WriteCmdData(0xC0U, (const uint8_t[]){0x23U}, 1U);
 1356              		.loc 1 480 3 is_stmt 1 view .LVU323
 1357              		.loc 1 480 44 is_stmt 0 view .LVU324
 1358 00b0 2323     		movs	r3, #35
 1359 00b2 8DF82430 		strb	r3, [sp, #36]
 1360              		.loc 1 480 3 view .LVU325
 1361 00b6 2A46     		mov	r2, r5
 1362 00b8 09A9     		add	r1, sp, #36
 1363 00ba C020     		movs	r0, #192
 1364 00bc FFF7FEFF 		bl	LCD_WriteCmdData
 1365              	.LVL114:
 481:../Src/main.c ****   LCD_WriteCmdData(0xC1U, (const uint8_t[]){0x10U}, 1U);
 1366              		.loc 1 481 3 is_stmt 1 view .LVU326
ARM GAS  C:\Users\user\AppData\Local\Temp\ccqcwdMl.s 			page 37


 1367              		.loc 1 481 44 is_stmt 0 view .LVU327
 1368 00c0 1023     		movs	r3, #16
 1369 00c2 8DF82830 		strb	r3, [sp, #40]
 1370              		.loc 1 481 3 view .LVU328
 1371 00c6 2A46     		mov	r2, r5
 1372 00c8 0AA9     		add	r1, sp, #40
 1373 00ca C120     		movs	r0, #193
 1374 00cc FFF7FEFF 		bl	LCD_WriteCmdData
 1375              	.LVL115:
 482:../Src/main.c **** 
 483:../Src/main.c ****   /* VCOM control 1 / 2 */
 484:../Src/main.c ****   LCD_WriteCmdData(0xC5U, (const uint8_t[]){0x3EU, 0x28U}, 2U);
 1376              		.loc 1 484 3 is_stmt 1 view .LVU329
 1377              		.loc 1 484 44 is_stmt 0 view .LVU330
 1378 00d0 238B     		ldrh	r3, [r4, #24]
 1379 00d2 ADF82C30 		strh	r3, [sp, #44]	@ movhi
 1380              		.loc 1 484 3 view .LVU331
 1381 00d6 0222     		movs	r2, #2
 1382 00d8 0BA9     		add	r1, sp, #44
 1383 00da C520     		movs	r0, #197
 1384 00dc FFF7FEFF 		bl	LCD_WriteCmdData
 1385              	.LVL116:
 485:../Src/main.c ****   LCD_WriteCmdData(0xC7U, (const uint8_t[]){0x86U}, 1U);
 1386              		.loc 1 485 3 is_stmt 1 view .LVU332
 1387              		.loc 1 485 44 is_stmt 0 view .LVU333
 1388 00e0 8623     		movs	r3, #134
 1389 00e2 8DF83030 		strb	r3, [sp, #48]
 1390              		.loc 1 485 3 view .LVU334
 1391 00e6 2A46     		mov	r2, r5
 1392 00e8 0CA9     		add	r1, sp, #48
 1393 00ea C720     		movs	r0, #199
 1394 00ec FFF7FEFF 		bl	LCD_WriteCmdData
 1395              	.LVL117:
 486:../Src/main.c **** 
 487:../Src/main.c ****   /* MADCTL: MV|BGR -> landscape, 320 wide x 240 tall */
 488:../Src/main.c ****   LCD_WriteCmdData(0x36U, (const uint8_t[]){0x28U}, 1U);
 1396              		.loc 1 488 3 is_stmt 1 view .LVU335
 1397              		.loc 1 488 44 is_stmt 0 view .LVU336
 1398 00f0 2823     		movs	r3, #40
 1399 00f2 8DF83430 		strb	r3, [sp, #52]
 1400              		.loc 1 488 3 view .LVU337
 1401 00f6 2A46     		mov	r2, r5
 1402 00f8 0DA9     		add	r1, sp, #52
 1403 00fa 3620     		movs	r0, #54
 1404 00fc FFF7FEFF 		bl	LCD_WriteCmdData
 1405              	.LVL118:
 489:../Src/main.c **** 
 490:../Src/main.c ****   /* Vertical scroll start address = 0 (required, matches reference driver) */
 491:../Src/main.c ****   LCD_WriteCmdData(0x37U, (const uint8_t[]){0x00U}, 1U);
 1406              		.loc 1 491 3 is_stmt 1 view .LVU338
 1407              		.loc 1 491 44 is_stmt 0 view .LVU339
 1408 0100 8DF83860 		strb	r6, [sp, #56]
 1409              		.loc 1 491 3 view .LVU340
 1410 0104 2A46     		mov	r2, r5
 1411 0106 0EA9     		add	r1, sp, #56
 1412 0108 3720     		movs	r0, #55
 1413 010a FFF7FEFF 		bl	LCD_WriteCmdData
ARM GAS  C:\Users\user\AppData\Local\Temp\ccqcwdMl.s 			page 38


 1414              	.LVL119:
 492:../Src/main.c **** 
 493:../Src/main.c ****   /* Pixel format: 16-bit RGB565 */
 494:../Src/main.c ****   LCD_WriteCmdData(0x3AU, (const uint8_t[]){0x55U}, 1U);
 1415              		.loc 1 494 3 is_stmt 1 view .LVU341
 1416              		.loc 1 494 44 is_stmt 0 view .LVU342
 1417 010e 5523     		movs	r3, #85
 1418 0110 8DF83C30 		strb	r3, [sp, #60]
 1419              		.loc 1 494 3 view .LVU343
 1420 0114 2A46     		mov	r2, r5
 1421 0116 0FA9     		add	r1, sp, #60
 1422 0118 3A20     		movs	r0, #58
 1423 011a FFF7FEFF 		bl	LCD_WriteCmdData
 1424              	.LVL120:
 495:../Src/main.c **** 
 496:../Src/main.c ****   /* Frame rate control: 70 Hz */
 497:../Src/main.c ****   LCD_WriteCmdData(0xB1U, (const uint8_t[]){0x00U, 0x18U}, 2U);
 1425              		.loc 1 497 3 is_stmt 1 view .LVU344
 1426              		.loc 1 497 44 is_stmt 0 view .LVU345
 1427 011e 8DF84060 		strb	r6, [sp, #64]
 1428 0122 1823     		movs	r3, #24
 1429 0124 8DF84130 		strb	r3, [sp, #65]
 1430              		.loc 1 497 3 view .LVU346
 1431 0128 0222     		movs	r2, #2
 1432 012a 10A9     		add	r1, sp, #64
 1433 012c B120     		movs	r0, #177
 1434 012e FFF7FEFF 		bl	LCD_WriteCmdData
 1435              	.LVL121:
 498:../Src/main.c **** 
 499:../Src/main.c ****   /* Display function control (PT/REV/GS/SS/SM + FP/BP) */
 500:../Src/main.c ****   LCD_WriteCmdData(0xB6U, (const uint8_t[]){0x08U, 0x82U, 0x27U}, 3U);
 1436              		.loc 1 500 3 is_stmt 1 view .LVU347
 1437              		.loc 1 500 44 is_stmt 0 view .LVU348
 1438 0132 E369     		ldr	r3, [r4, #28]
 1439 0134 ADF84430 		strh	r3, [sp, #68]	@ movhi
 1440 0138 1B0C     		lsrs	r3, r3, #16
 1441 013a 8DF84630 		strb	r3, [sp, #70]
 1442              		.loc 1 500 3 view .LVU349
 1443 013e 0322     		movs	r2, #3
 1444 0140 11A9     		add	r1, sp, #68
 1445 0142 B620     		movs	r0, #182
 1446 0144 FFF7FEFF 		bl	LCD_WriteCmdData
 1447              	.LVL122:
 501:../Src/main.c **** 
 502:../Src/main.c ****   /* 3Gamma disable + Gamma set */
 503:../Src/main.c ****   LCD_WriteCmdData(0xF2U, (const uint8_t[]){0x00U}, 1U);
 1448              		.loc 1 503 3 is_stmt 1 view .LVU350
 1449              		.loc 1 503 44 is_stmt 0 view .LVU351
 1450 0148 8DF84860 		strb	r6, [sp, #72]
 1451              		.loc 1 503 3 view .LVU352
 1452 014c 2A46     		mov	r2, r5
 1453 014e 12A9     		add	r1, sp, #72
 1454 0150 F220     		movs	r0, #242
 1455 0152 FFF7FEFF 		bl	LCD_WriteCmdData
 1456              	.LVL123:
 504:../Src/main.c ****   LCD_WriteCmdData(0x26U, (const uint8_t[]){0x01U}, 1U);
 1457              		.loc 1 504 3 is_stmt 1 view .LVU353
ARM GAS  C:\Users\user\AppData\Local\Temp\ccqcwdMl.s 			page 39


 1458              		.loc 1 504 44 is_stmt 0 view .LVU354
 1459 0156 8DF84C50 		strb	r5, [sp, #76]
 1460              		.loc 1 504 3 view .LVU355
 1461 015a 2A46     		mov	r2, r5
 1462 015c 13A9     		add	r1, sp, #76
 1463 015e 2620     		movs	r0, #38
 1464 0160 FFF7FEFF 		bl	LCD_WriteCmdData
 1465              	.LVL124:
 505:../Src/main.c **** 
 506:../Src/main.c ****   /* Positive gamma correction */
 507:../Src/main.c ****   LCD_WriteCmdData(0xE0U, (const uint8_t[]){0x0FU, 0x31U, 0x2BU, 0x0CU, 0x0EU,
 1466              		.loc 1 507 3 is_stmt 1 view .LVU356
 1467              		.loc 1 507 44 is_stmt 0 view .LVU357
 1468 0164 14AD     		add	r5, sp, #80
 1469 0166 04F12003 		add	r3, r4, #32
 1470 016a 0FCB     		ldm	r3, {r0, r1, r2, r3}
 1471 016c 07C5     		stmia	r5!, {r0, r1, r2}
 1472 016e 25F8023B 		strh	r3, [r5], #2	@ movhi
 1473 0172 1B0C     		lsrs	r3, r3, #16
 1474 0174 2B70     		strb	r3, [r5]
 1475              		.loc 1 507 3 view .LVU358
 1476 0176 0F22     		movs	r2, #15
 1477 0178 14A9     		add	r1, sp, #80
 1478 017a E020     		movs	r0, #224
 1479 017c FFF7FEFF 		bl	LCD_WriteCmdData
 1480              	.LVL125:
 508:../Src/main.c ****                                             0x08U, 0x4EU, 0xF1U, 0x37U, 0x07U,
 509:../Src/main.c ****                                             0x10U, 0x03U, 0x0EU, 0x09U, 0x00U}, 15U);
 510:../Src/main.c **** 
 511:../Src/main.c ****   /* Negative gamma correction */
 512:../Src/main.c ****   LCD_WriteCmdData(0xE1U, (const uint8_t[]){0x00U, 0x0EU, 0x14U, 0x03U, 0x11U,
 1481              		.loc 1 512 3 is_stmt 1 view .LVU359
 1482              		.loc 1 512 44 is_stmt 0 view .LVU360
 1483 0180 18AD     		add	r5, sp, #96
 1484 0182 3034     		adds	r4, r4, #48
 1485 0184 94E80F00 		ldm	r4, {r0, r1, r2, r3}
 1486 0188 07C5     		stmia	r5!, {r0, r1, r2}
 1487 018a 25F8023B 		strh	r3, [r5], #2	@ movhi
 1488 018e 1B0C     		lsrs	r3, r3, #16
 1489 0190 2B70     		strb	r3, [r5]
 1490              		.loc 1 512 3 view .LVU361
 1491 0192 0F22     		movs	r2, #15
 1492 0194 18A9     		add	r1, sp, #96
 1493 0196 E120     		movs	r0, #225
 1494 0198 FFF7FEFF 		bl	LCD_WriteCmdData
 1495              	.LVL126:
 513:../Src/main.c ****                                             0x07U, 0x31U, 0xC1U, 0x48U, 0x08U,
 514:../Src/main.c ****                                             0x0FU, 0x0CU, 0x31U, 0x36U, 0x0FU}, 15U);
 515:../Src/main.c **** 
 516:../Src/main.c ****   LCD_WriteCommand(0x11U);          /* SLPOUT */
 1496              		.loc 1 516 3 is_stmt 1 view .LVU362
 1497 019c 1120     		movs	r0, #17
 1498 019e FFF7FEFF 		bl	LCD_WriteCommand
 1499              	.LVL127:
 517:../Src/main.c ****   HAL_Delay(120);
 1500              		.loc 1 517 3 view .LVU363
 1501 01a2 7820     		movs	r0, #120
ARM GAS  C:\Users\user\AppData\Local\Temp\ccqcwdMl.s 			page 40


 1502 01a4 FFF7FEFF 		bl	HAL_Delay
 1503              	.LVL128:
 518:../Src/main.c **** 
 519:../Src/main.c ****   LCD_WriteCommand(0x29U);          /* DISPON */
 1504              		.loc 1 519 3 view .LVU364
 1505 01a8 2920     		movs	r0, #41
 1506 01aa FFF7FEFF 		bl	LCD_WriteCommand
 1507              	.LVL129:
 520:../Src/main.c ****   HAL_Delay(20);
 1508              		.loc 1 520 3 view .LVU365
 1509 01ae 1420     		movs	r0, #20
 1510 01b0 FFF7FEFF 		bl	HAL_Delay
 1511              	.LVL130:
 521:../Src/main.c **** 
 522:../Src/main.c **** #if (LCD_DEBUG_SLOW_SPI)
 523:../Src/main.c ****   g_lcd_slow_spi = 0U;   /* restore full speed for the bulk pixel transfer */
 1512              		.loc 1 523 3 view .LVU366
 1513              		.loc 1 523 18 is_stmt 0 view .LVU367
 1514 01b4 3E70     		strb	r6, [r7]
 524:../Src/main.c **** #endif
 525:../Src/main.c **** 
 526:../Src/main.c ****   LCD_FillScreen(LCD_WHITE);
 1515              		.loc 1 526 3 is_stmt 1 view .LVU368
 1516 01b6 4FF6FF70 		movw	r0, #65535
 1517 01ba FFF7FEFF 		bl	LCD_FillScreen
 1518              	.LVL131:
 527:../Src/main.c **** }
 1519              		.loc 1 527 1 is_stmt 0 view .LVU369
 1520 01be 1DB0     		add	sp, sp, #116
 1521              	.LCFI23:
 1522              		.cfi_def_cfa_offset 20
 1523              		@ sp needed
 1524 01c0 F0BD     		pop	{r4, r5, r6, r7, pc}
 1525              	.L84:
 1526 01c2 00BF     		.align	2
 1527              	.L83:
 1528 01c4 00000000 		.word	.LANCHOR0
 1529 01c8 00000000 		.word	.LANCHOR1
 1530              		.cfi_endproc
 1531              	.LFE149:
 1533              		.section	.text.APP_ErrorHandler,"ax",%progbits
 1534              		.align	1
 1535              		.global	APP_ErrorHandler
 1536              		.syntax unified
 1537              		.thumb
 1538              		.thumb_func
 1540              	APP_ErrorHandler:
 1541              	.LFB151:
 528:../Src/main.c **** 
 529:../Src/main.c **** /**
 530:../Src/main.c ****   * @brief  System clock configuration function.
 531:../Src/main.c ****   * @param  None
 532:../Src/main.c ****   * @retval None
 533:../Src/main.c ****   */
 534:../Src/main.c **** static void APP_SystemClockConfig(void)
 535:../Src/main.c **** {
 536:../Src/main.c ****   RCC_OscInitTypeDef OscInitstruct = {0};
ARM GAS  C:\Users\user\AppData\Local\Temp\ccqcwdMl.s 			page 41


 537:../Src/main.c ****   RCC_ClkInitTypeDef ClkInitstruct = {0};
 538:../Src/main.c **** 
 539:../Src/main.c ****   OscInitstruct.OscillatorType = RCC_OSCILLATORTYPE_HSE | RCC_OSCILLATORTYPE_HSI |
 540:../Src/main.c ****                                  RCC_OSCILLATORTYPE_LSE | RCC_OSCILLATORTYPE_LSI |
 541:../Src/main.c ****                                  RCC_OSCILLATORTYPE_HSI48M;
 542:../Src/main.c ****   OscInitstruct.HSEState = RCC_HSE_OFF;
 543:../Src/main.c ****   OscInitstruct.HSI48MState = RCC_HSI48M_OFF;
 544:../Src/main.c ****   OscInitstruct.HSIState = RCC_HSI_ON;
 545:../Src/main.c ****   OscInitstruct.LSEState = RCC_LSE_OFF;
 546:../Src/main.c ****   OscInitstruct.LSIState = RCC_LSI_OFF;
 547:../Src/main.c **** 
 548:../Src/main.c ****   /* PLL: HSI/2 (8 MHz) * 18 = 144 MHz. This is the main speed-up for the
 549:../Src/main.c ****      bit-bang SPI; the old config ran the core at only 16 MHz. */
 550:../Src/main.c ****   OscInitstruct.PLL.PLLState   = RCC_PLL_ON;
 551:../Src/main.c ****   OscInitstruct.PLL.PLLSource  = RCC_PLLSOURCE_HSI_DIV2;
 552:../Src/main.c ****   OscInitstruct.PLL.PLLPrediv  = RCC_PLL_PREDIV_DIV1;
 553:../Src/main.c ****   OscInitstruct.PLL.PLLMUL     = 18;
 554:../Src/main.c ****   OscInitstruct.PLL.PLLPostdiv = RCC_PLL_POSTDIV_DIV1;
 555:../Src/main.c **** 
 556:../Src/main.c ****   if (HAL_RCC_OscConfig(&OscInitstruct) != HAL_OK)
 557:../Src/main.c ****   {
 558:../Src/main.c ****     APP_ErrorHandler();
 559:../Src/main.c ****   }
 560:../Src/main.c **** 
 561:../Src/main.c ****   ClkInitstruct.ClockType = RCC_CLOCKTYPE_SYSCLK | RCC_CLOCKTYPE_HCLK |
 562:../Src/main.c ****                             RCC_CLOCKTYPE_PCLK1 | RCC_CLOCKTYPE_PCLK2;
 563:../Src/main.c ****   ClkInitstruct.SYSCLKSource = RCC_SYSCLKSOURCE_PLLCLK;
 564:../Src/main.c ****   ClkInitstruct.AHBCLKDivider = RCC_SYSCLK_DIV1;
 565:../Src/main.c ****   ClkInitstruct.APB1CLKDivider = RCC_HCLK_DIV2;
 566:../Src/main.c ****   ClkInitstruct.APB2CLKDivider = RCC_HCLK_DIV2;
 567:../Src/main.c **** 
 568:../Src/main.c ****   if (HAL_RCC_ClockConfig(&ClkInitstruct, FLASH_LATENCY_6) != HAL_OK)
 569:../Src/main.c ****   {
 570:../Src/main.c ****     APP_ErrorHandler();
 571:../Src/main.c ****   }
 572:../Src/main.c **** }
 573:../Src/main.c **** 
 574:../Src/main.c **** void APP_ErrorHandler(void)
 575:../Src/main.c **** {
 1542              		.loc 1 575 1 is_stmt 1 view -0
 1543              		.cfi_startproc
 1544              		@ Volatile: function does not return.
 1545              		@ args = 0, pretend = 0, frame = 0
 1546              		@ frame_needed = 0, uses_anonymous_args = 0
 1547              		@ link register save eliminated.
 1548              	.L86:
 576:../Src/main.c ****   while (1)
 1549              		.loc 1 576 3 discriminator 1 view .LVU371
 577:../Src/main.c ****   {
 578:../Src/main.c ****   }
 1550              		.loc 1 578 3 discriminator 1 view .LVU372
 576:../Src/main.c ****   while (1)
 1551              		.loc 1 576 9 discriminator 1 view .LVU373
 1552 0000 FEE7     		b	.L86
 1553              		.cfi_endproc
 1554              	.LFE151:
 1556              		.section	.text.APP_SystemClockConfig,"ax",%progbits
ARM GAS  C:\Users\user\AppData\Local\Temp\ccqcwdMl.s 			page 42


 1557              		.align	1
 1558              		.syntax unified
 1559              		.thumb
 1560              		.thumb_func
 1562              	APP_SystemClockConfig:
 1563              	.LFB150:
 535:../Src/main.c ****   RCC_OscInitTypeDef OscInitstruct = {0};
 1564              		.loc 1 535 1 view -0
 1565              		.cfi_startproc
 1566              		@ args = 0, pretend = 0, frame = 72
 1567              		@ frame_needed = 0, uses_anonymous_args = 0
 1568 0000 00B5     		push	{lr}
 1569              	.LCFI24:
 1570              		.cfi_def_cfa_offset 4
 1571              		.cfi_offset 14, -4
 1572 0002 93B0     		sub	sp, sp, #76
 1573              	.LCFI25:
 1574              		.cfi_def_cfa_offset 80
 536:../Src/main.c ****   RCC_ClkInitTypeDef ClkInitstruct = {0};
 1575              		.loc 1 536 3 view .LVU375
 536:../Src/main.c ****   RCC_ClkInitTypeDef ClkInitstruct = {0};
 1576              		.loc 1 536 22 is_stmt 0 view .LVU376
 1577 0004 3422     		movs	r2, #52
 1578 0006 0021     		movs	r1, #0
 1579 0008 05A8     		add	r0, sp, #20
 1580 000a FFF7FEFF 		bl	memset
 1581              	.LVL132:
 537:../Src/main.c **** 
 1582              		.loc 1 537 3 is_stmt 1 view .LVU377
 537:../Src/main.c **** 
 1583              		.loc 1 537 22 is_stmt 0 view .LVU378
 1584 000e 0023     		movs	r3, #0
 1585 0010 0093     		str	r3, [sp]
 1586 0012 0193     		str	r3, [sp, #4]
 1587 0014 0293     		str	r3, [sp, #8]
 1588 0016 0393     		str	r3, [sp, #12]
 1589 0018 0493     		str	r3, [sp, #16]
 539:../Src/main.c ****                                  RCC_OSCILLATORTYPE_LSE | RCC_OSCILLATORTYPE_LSI |
 1590              		.loc 1 539 3 is_stmt 1 view .LVU379
 539:../Src/main.c ****                                  RCC_OSCILLATORTYPE_LSE | RCC_OSCILLATORTYPE_LSI |
 1591              		.loc 1 539 32 is_stmt 0 view .LVU380
 1592 001a 1F23     		movs	r3, #31
 1593 001c 0593     		str	r3, [sp, #20]
 542:../Src/main.c ****   OscInitstruct.HSI48MState = RCC_HSI48M_OFF;
 1594              		.loc 1 542 3 is_stmt 1 view .LVU381
 543:../Src/main.c ****   OscInitstruct.HSIState = RCC_HSI_ON;
 1595              		.loc 1 543 3 view .LVU382
 544:../Src/main.c ****   OscInitstruct.LSEState = RCC_LSE_OFF;
 1596              		.loc 1 544 3 view .LVU383
 544:../Src/main.c ****   OscInitstruct.LSEState = RCC_LSE_OFF;
 1597              		.loc 1 544 26 is_stmt 0 view .LVU384
 1598 001e 0123     		movs	r3, #1
 1599 0020 0A93     		str	r3, [sp, #40]
 545:../Src/main.c ****   OscInitstruct.LSIState = RCC_LSI_OFF;
 1600              		.loc 1 545 3 is_stmt 1 view .LVU385
 546:../Src/main.c **** 
 1601              		.loc 1 546 3 view .LVU386
ARM GAS  C:\Users\user\AppData\Local\Temp\ccqcwdMl.s 			page 43


 550:../Src/main.c ****   OscInitstruct.PLL.PLLSource  = RCC_PLLSOURCE_HSI_DIV2;
 1602              		.loc 1 550 3 view .LVU387
 550:../Src/main.c ****   OscInitstruct.PLL.PLLSource  = RCC_PLLSOURCE_HSI_DIV2;
 1603              		.loc 1 550 32 is_stmt 0 view .LVU388
 1604 0022 0223     		movs	r3, #2
 1605 0024 0D93     		str	r3, [sp, #52]
 551:../Src/main.c ****   OscInitstruct.PLL.PLLPrediv  = RCC_PLL_PREDIV_DIV1;
 1606              		.loc 1 551 3 is_stmt 1 view .LVU389
 552:../Src/main.c ****   OscInitstruct.PLL.PLLMUL     = 18;
 1607              		.loc 1 552 3 view .LVU390
 553:../Src/main.c ****   OscInitstruct.PLL.PLLPostdiv = RCC_PLL_POSTDIV_DIV1;
 1608              		.loc 1 553 3 view .LVU391
 553:../Src/main.c ****   OscInitstruct.PLL.PLLPostdiv = RCC_PLL_POSTDIV_DIV1;
 1609              		.loc 1 553 32 is_stmt 0 view .LVU392
 1610 0026 1223     		movs	r3, #18
 1611 0028 0F93     		str	r3, [sp, #60]
 554:../Src/main.c **** 
 1612              		.loc 1 554 3 is_stmt 1 view .LVU393
 556:../Src/main.c ****   {
 1613              		.loc 1 556 3 view .LVU394
 556:../Src/main.c ****   {
 1614              		.loc 1 556 7 is_stmt 0 view .LVU395
 1615 002a 05A8     		add	r0, sp, #20
 1616 002c FFF7FEFF 		bl	HAL_RCC_OscConfig
 1617              	.LVL133:
 556:../Src/main.c ****   {
 1618              		.loc 1 556 6 view .LVU396
 1619 0030 88B9     		cbnz	r0, .L91
 561:../Src/main.c ****                             RCC_CLOCKTYPE_PCLK1 | RCC_CLOCKTYPE_PCLK2;
 1620              		.loc 1 561 3 is_stmt 1 view .LVU397
 561:../Src/main.c ****                             RCC_CLOCKTYPE_PCLK1 | RCC_CLOCKTYPE_PCLK2;
 1621              		.loc 1 561 27 is_stmt 0 view .LVU398
 1622 0032 0F23     		movs	r3, #15
 1623 0034 0093     		str	r3, [sp]
 563:../Src/main.c ****   ClkInitstruct.AHBCLKDivider = RCC_SYSCLK_DIV1;
 1624              		.loc 1 563 3 is_stmt 1 view .LVU399
 563:../Src/main.c ****   ClkInitstruct.AHBCLKDivider = RCC_SYSCLK_DIV1;
 1625              		.loc 1 563 30 is_stmt 0 view .LVU400
 1626 0036 0223     		movs	r3, #2
 1627 0038 0193     		str	r3, [sp, #4]
 564:../Src/main.c ****   ClkInitstruct.APB1CLKDivider = RCC_HCLK_DIV2;
 1628              		.loc 1 564 3 is_stmt 1 view .LVU401
 564:../Src/main.c ****   ClkInitstruct.APB1CLKDivider = RCC_HCLK_DIV2;
 1629              		.loc 1 564 31 is_stmt 0 view .LVU402
 1630 003a 0023     		movs	r3, #0
 1631 003c 0293     		str	r3, [sp, #8]
 565:../Src/main.c ****   ClkInitstruct.APB2CLKDivider = RCC_HCLK_DIV2;
 1632              		.loc 1 565 3 is_stmt 1 view .LVU403
 565:../Src/main.c ****   ClkInitstruct.APB2CLKDivider = RCC_HCLK_DIV2;
 1633              		.loc 1 565 32 is_stmt 0 view .LVU404
 1634 003e 4FF48063 		mov	r3, #1024
 1635 0042 0393     		str	r3, [sp, #12]
 566:../Src/main.c **** 
 1636              		.loc 1 566 3 is_stmt 1 view .LVU405
 566:../Src/main.c **** 
 1637              		.loc 1 566 32 is_stmt 0 view .LVU406
 1638 0044 0493     		str	r3, [sp, #16]
ARM GAS  C:\Users\user\AppData\Local\Temp\ccqcwdMl.s 			page 44


 568:../Src/main.c ****   {
 1639              		.loc 1 568 3 is_stmt 1 view .LVU407
 568:../Src/main.c ****   {
 1640              		.loc 1 568 7 is_stmt 0 view .LVU408
 1641 0046 0621     		movs	r1, #6
 1642 0048 6846     		mov	r0, sp
 1643 004a FFF7FEFF 		bl	HAL_RCC_ClockConfig
 1644              	.LVL134:
 568:../Src/main.c ****   {
 1645              		.loc 1 568 6 view .LVU409
 1646 004e 20B9     		cbnz	r0, .L92
 572:../Src/main.c **** 
 1647              		.loc 1 572 1 view .LVU410
 1648 0050 13B0     		add	sp, sp, #76
 1649              	.LCFI26:
 1650              		.cfi_remember_state
 1651              		.cfi_def_cfa_offset 4
 1652              		@ sp needed
 1653 0052 5DF804FB 		ldr	pc, [sp], #4
 1654              	.L91:
 1655              	.LCFI27:
 1656              		.cfi_restore_state
 558:../Src/main.c ****   }
 1657              		.loc 1 558 5 is_stmt 1 view .LVU411
 1658 0056 FFF7FEFF 		bl	APP_ErrorHandler
 1659              	.LVL135:
 1660              	.L92:
 570:../Src/main.c ****   }
 1661              		.loc 1 570 5 view .LVU412
 1662 005a FFF7FEFF 		bl	APP_ErrorHandler
 1663              	.LVL136:
 1664              		.cfi_endproc
 1665              	.LFE150:
 1667              		.section	.text.main,"ax",%progbits
 1668              		.align	1
 1669              		.global	main
 1670              		.syntax unified
 1671              		.thumb
 1672              		.thumb_func
 1674              	main:
 1675              	.LFB136:
  87:../Src/main.c ****   int16_t  x = 20;
 1676              		.loc 1 87 1 view -0
 1677              		.cfi_startproc
 1678              		@ args = 0, pretend = 0, frame = 0
 1679              		@ frame_needed = 0, uses_anonymous_args = 0
 1680 0000 2DE9F047 		push	{r4, r5, r6, r7, r8, r9, r10, lr}
 1681              	.LCFI28:
 1682              		.cfi_def_cfa_offset 32
 1683              		.cfi_offset 4, -32
 1684              		.cfi_offset 5, -28
 1685              		.cfi_offset 6, -24
 1686              		.cfi_offset 7, -20
 1687              		.cfi_offset 8, -16
 1688              		.cfi_offset 9, -12
 1689              		.cfi_offset 10, -8
 1690              		.cfi_offset 14, -4
ARM GAS  C:\Users\user\AppData\Local\Temp\ccqcwdMl.s 			page 45


 1691 0004 82B0     		sub	sp, sp, #8
 1692              	.LCFI29:
 1693              		.cfi_def_cfa_offset 40
  88:../Src/main.c ****   int16_t  y = 20;
 1694              		.loc 1 88 3 view .LVU414
 1695              	.LVL137:
  89:../Src/main.c ****   int8_t   dx = LOGO_SPEED_X;
 1696              		.loc 1 89 3 view .LVU415
  90:../Src/main.c ****   int8_t   dy = LOGO_SPEED_Y;
 1697              		.loc 1 90 3 view .LVU416
  91:../Src/main.c **** 
 1698              		.loc 1 91 3 view .LVU417
  93:../Src/main.c ****   APP_SystemClockConfig();
 1699              		.loc 1 93 3 view .LVU418
 1700 0006 FFF7FEFF 		bl	HAL_Init
 1701              	.LVL138:
  94:../Src/main.c ****   APP_GpioConfig();
 1702              		.loc 1 94 3 view .LVU419
 1703 000a FFF7FEFF 		bl	APP_SystemClockConfig
 1704              	.LVL139:
  95:../Src/main.c ****   LCD_DebugLedInit();
 1705              		.loc 1 95 3 view .LVU420
 1706 000e FFF7FEFF 		bl	APP_GpioConfig
 1707              	.LVL140:
  96:../Src/main.c **** 
 1708              		.loc 1 96 3 view .LVU421
 1709 0012 FFF7FEFF 		bl	LCD_DebugLedInit
 1710              	.LVL141:
  99:../Src/main.c ****   HAL_Delay(400);
 1711              		.loc 1 99 3 view .LVU422
 1712 0016 0120     		movs	r0, #1
 1713 0018 FFF7FEFF 		bl	LCD_DebugLedShow
 1714              	.LVL142:
 100:../Src/main.c **** 
 1715              		.loc 1 100 3 view .LVU423
 1716 001c 4FF4C870 		mov	r0, #400
 1717 0020 FFF7FEFF 		bl	HAL_Delay
 1718              	.LVL143:
 102:../Src/main.c **** 
 1719              		.loc 1 102 3 view .LVU424
 1720 0024 FFF7FEFF 		bl	LCD_Init
 1721              	.LVL144:
  91:../Src/main.c **** 
 1722              		.loc 1 91 12 is_stmt 0 view .LVU425
 1723 0028 4FF00408 		mov	r8, #4
  90:../Src/main.c ****   int8_t   dy = LOGO_SPEED_Y;
 1724              		.loc 1 90 12 view .LVU426
 1725 002c 0627     		movs	r7, #6
  89:../Src/main.c ****   int8_t   dx = LOGO_SPEED_X;
 1726              		.loc 1 89 12 view .LVU427
 1727 002e 4FF0140A 		mov	r10, #20
  88:../Src/main.c ****   int16_t  y = 20;
 1728              		.loc 1 88 12 view .LVU428
 1729 0032 5346     		mov	r3, r10
 1730 0034 31E0     		b	.L102
 1731              	.LVL145:
 1732              	.L107:
ARM GAS  C:\Users\user\AppData\Local\Temp\ccqcwdMl.s 			page 46


 1733              	.LBB21:
 116:../Src/main.c ****       dx   = (int8_t)(-dx);
 1734              		.loc 1 116 7 is_stmt 1 view .LVU429
 117:../Src/main.c ****     }
 1735              		.loc 1 117 7 view .LVU430
 117:../Src/main.c ****     }
 1736              		.loc 1 117 14 is_stmt 0 view .LVU431
 1737 0036 7F42     		rsbs	r7, r7, #0
 1738              	.LVL146:
 117:../Src/main.c ****     }
 1739              		.loc 1 117 12 view .LVU432
 1740 0038 7FB2     		sxtb	r7, r7
 1741              	.LVL147:
 116:../Src/main.c ****       dx   = (int8_t)(-dx);
 1742              		.loc 1 116 12 view .LVU433
 1743 003a 0024     		movs	r4, #0
 1744              	.LVL148:
 1745              	.L95:
 125:../Src/main.c ****     {
 1746              		.loc 1 125 5 is_stmt 1 view .LVU434
 125:../Src/main.c ****     {
 1747              		.loc 1 125 8 is_stmt 0 view .LVU435
 1748 003c 002D     		cmp	r5, #0
 1749 003e 07DD     		ble	.L104
 130:../Src/main.c ****     {
 1750              		.loc 1 130 10 is_stmt 1 view .LVU436
 130:../Src/main.c ****     {
 1751              		.loc 1 130 13 is_stmt 0 view .LVU437
 1752 0040 B12D     		cmp	r5, #177
 1753 0042 0ADD     		ble	.L97
 132:../Src/main.c ****       dy   = (int8_t)(-dy);
 1754              		.loc 1 132 7 is_stmt 1 view .LVU438
 1755              	.LVL149:
 133:../Src/main.c ****     }
 1756              		.loc 1 133 7 view .LVU439
 133:../Src/main.c ****     }
 1757              		.loc 1 133 14 is_stmt 0 view .LVU440
 1758 0044 C8F10008 		rsb	r8, r8, #0
 1759              	.LVL150:
 133:../Src/main.c ****     }
 1760              		.loc 1 133 12 view .LVU441
 1761 0048 4FFA88F8 		sxtb	r8, r8
 1762              	.LVL151:
 132:../Src/main.c ****       dy   = (int8_t)(-dy);
 1763              		.loc 1 132 12 view .LVU442
 1764 004c B225     		movs	r5, #178
 1765 004e 04E0     		b	.L97
 1766              	.LVL152:
 1767              	.L104:
 127:../Src/main.c ****       dy   = (int8_t)(-dy);
 1768              		.loc 1 127 7 is_stmt 1 view .LVU443
 128:../Src/main.c ****     }
 1769              		.loc 1 128 7 view .LVU444
 128:../Src/main.c ****     }
 1770              		.loc 1 128 14 is_stmt 0 view .LVU445
 1771 0050 C8F10008 		rsb	r8, r8, #0
 1772              	.LVL153:
ARM GAS  C:\Users\user\AppData\Local\Temp\ccqcwdMl.s 			page 47


 128:../Src/main.c ****     }
 1773              		.loc 1 128 12 view .LVU446
 1774 0054 4FFA88F8 		sxtb	r8, r8
 1775              	.LVL154:
 127:../Src/main.c ****       dy   = (int8_t)(-dy);
 1776              		.loc 1 127 12 view .LVU447
 1777 0058 0025     		movs	r5, #0
 1778              	.LVL155:
 1779              	.L97:
 137:../Src/main.c ****     {
 1780              		.loc 1 137 5 is_stmt 1 view .LVU448
 137:../Src/main.c ****     {
 1781              		.loc 1 137 8 is_stmt 0 view .LVU449
 1782 005a A342     		cmp	r3, r4
 1783 005c 2FDB     		blt	.L105
 142:../Src/main.c ****     {
 1784              		.loc 1 142 10 is_stmt 1 view .LVU450
 142:../Src/main.c ****     {
 1785              		.loc 1 142 13 is_stmt 0 view .LVU451
 1786 005e A342     		cmp	r3, r4
 1787 0060 39DC     		bgt	.L106
 1788              	.LVL156:
 1789              	.L99:
 148:../Src/main.c ****     {
 1790              		.loc 1 148 5 is_stmt 1 view .LVU452
 148:../Src/main.c ****     {
 1791              		.loc 1 148 8 is_stmt 0 view .LVU453
 1792 0062 AA45     		cmp	r10, r5
 1793 0064 45DA     		bge	.L100
 150:../Src/main.c ****                    (uint16_t)(y - old_y), LCD_WHITE);
 1794              		.loc 1 150 7 is_stmt 1 view .LVU454
 1795 0066 AB1B     		subs	r3, r5, r6
 1796 0068 4FF6FF72 		movw	r2, #65535
 1797 006c 0092     		str	r2, [sp]
 1798 006e 9BB2     		uxth	r3, r3
 1799 0070 8022     		movs	r2, #128
 1800 0072 3146     		mov	r1, r6
 1801 0074 4846     		mov	r0, r9
 1802 0076 FFF7FEFF 		bl	LCD_FillRect
 1803              	.LVL157:
 1804              	.L101:
 162:../Src/main.c ****                   puya_logo);
 1805              		.loc 1 162 5 view .LVU455
 1806 007a 254B     		ldr	r3, .L108
 1807 007c 0093     		str	r3, [sp]
 1808 007e 3E23     		movs	r3, #62
 1809 0080 8022     		movs	r2, #128
 1810 0082 A9B2     		uxth	r1, r5
 1811 0084 A0B2     		uxth	r0, r4
 1812 0086 FFF7FEFF 		bl	LCD_DrawImage
 1813              	.LVL158:
 165:../Src/main.c ****     HAL_Delay(LOGO_FRAME_DELAY_MS);
 1814              		.loc 1 165 5 view .LVU456
 1815 008a 0320     		movs	r0, #3
 1816 008c FFF7FEFF 		bl	LCD_DebugLedShow
 1817              	.LVL159:
 166:../Src/main.c ****   }
ARM GAS  C:\Users\user\AppData\Local\Temp\ccqcwdMl.s 			page 48


 1818              		.loc 1 166 5 view .LVU457
 1819 0090 1020     		movs	r0, #16
 1820 0092 FFF7FEFF 		bl	HAL_Delay
 1821              	.LVL160:
 1822              	.LBE21:
 106:../Src/main.c ****   {
 1823              		.loc 1 106 9 view .LVU458
 107:../Src/main.c ****     int16_t old_x = x;
 1824              		.loc 1 107 3 is_stmt 0 view .LVU459
 1825 0096 AA46     		mov	r10, r5
 1826              	.LVL161:
 107:../Src/main.c ****     int16_t old_x = x;
 1827              		.loc 1 107 3 view .LVU460
 1828 0098 2346     		mov	r3, r4
 1829              	.LVL162:
 1830              	.L102:
 106:../Src/main.c ****   {
 1831              		.loc 1 106 3 is_stmt 1 view .LVU461
 1832              	.LBB22:
 108:../Src/main.c ****     int16_t old_y = y;
 1833              		.loc 1 108 5 view .LVU462
 109:../Src/main.c **** 
 1834              		.loc 1 109 5 view .LVU463
 111:../Src/main.c ****     y += dy;
 1835              		.loc 1 111 5 view .LVU464
 111:../Src/main.c ****     y += dy;
 1836              		.loc 1 111 7 is_stmt 0 view .LVU465
 1837 009a 1FFA83F9 		uxth	r9, r3
 1838 009e 09EB0704 		add	r4, r9, r7
 1839 00a2 24B2     		sxth	r4, r4
 1840              	.LVL163:
 112:../Src/main.c **** 
 1841              		.loc 1 112 5 is_stmt 1 view .LVU466
 112:../Src/main.c **** 
 1842              		.loc 1 112 7 is_stmt 0 view .LVU467
 1843 00a4 1FFA8AF6 		uxth	r6, r10
 1844 00a8 06EB0805 		add	r5, r6, r8
 1845 00ac 2DB2     		sxth	r5, r5
 1846              	.LVL164:
 114:../Src/main.c ****     {
 1847              		.loc 1 114 5 is_stmt 1 view .LVU468
 114:../Src/main.c ****     {
 1848              		.loc 1 114 8 is_stmt 0 view .LVU469
 1849 00ae 002C     		cmp	r4, #0
 1850 00b0 C1DD     		ble	.L107
 119:../Src/main.c ****     {
 1851              		.loc 1 119 10 is_stmt 1 view .LVU470
 119:../Src/main.c ****     {
 1852              		.loc 1 119 13 is_stmt 0 view .LVU471
 1853 00b2 BF2C     		cmp	r4, #191
 1854 00b4 C2DD     		ble	.L95
 121:../Src/main.c ****       dx   = (int8_t)(-dx);
 1855              		.loc 1 121 7 is_stmt 1 view .LVU472
 1856              	.LVL165:
 122:../Src/main.c ****     }
 1857              		.loc 1 122 7 view .LVU473
 122:../Src/main.c ****     }
ARM GAS  C:\Users\user\AppData\Local\Temp\ccqcwdMl.s 			page 49


 1858              		.loc 1 122 14 is_stmt 0 view .LVU474
 1859 00b6 7F42     		rsbs	r7, r7, #0
 1860              	.LVL166:
 122:../Src/main.c ****     }
 1861              		.loc 1 122 12 view .LVU475
 1862 00b8 7FB2     		sxtb	r7, r7
 1863              	.LVL167:
 121:../Src/main.c ****       dx   = (int8_t)(-dx);
 1864              		.loc 1 121 12 view .LVU476
 1865 00ba C024     		movs	r4, #192
 1866 00bc BEE7     		b	.L95
 1867              	.LVL168:
 1868              	.L105:
 139:../Src/main.c ****                    PUYA_LOGO_HEIGHT, LCD_WHITE);
 1869              		.loc 1 139 7 is_stmt 1 view .LVU477
 1870 00be A4EB0902 		sub	r2, r4, r9
 1871 00c2 4FF6FF73 		movw	r3, #65535
 1872              	.LVL169:
 139:../Src/main.c ****                    PUYA_LOGO_HEIGHT, LCD_WHITE);
 1873              		.loc 1 139 7 is_stmt 0 view .LVU478
 1874 00c6 0093     		str	r3, [sp]
 1875 00c8 3E23     		movs	r3, #62
 1876 00ca 92B2     		uxth	r2, r2
 1877 00cc 3146     		mov	r1, r6
 1878 00ce 4846     		mov	r0, r9
 1879 00d0 FFF7FEFF 		bl	LCD_FillRect
 1880              	.LVL170:
 1881 00d4 C5E7     		b	.L99
 1882              	.LVL171:
 1883              	.L106:
 144:../Src/main.c ****                    (uint16_t)(old_x - x), PUYA_LOGO_HEIGHT, LCD_WHITE);
 1884              		.loc 1 144 7 is_stmt 1 view .LVU479
 1885 00d6 A0B2     		uxth	r0, r4
 1886 00d8 A9EB0002 		sub	r2, r9, r0
 1887 00dc 8030     		adds	r0, r0, #128
 1888 00de 4FF6FF73 		movw	r3, #65535
 1889              	.LVL172:
 144:../Src/main.c ****                    (uint16_t)(old_x - x), PUYA_LOGO_HEIGHT, LCD_WHITE);
 1890              		.loc 1 144 7 is_stmt 0 view .LVU480
 1891 00e2 0093     		str	r3, [sp]
 1892 00e4 3E23     		movs	r3, #62
 1893 00e6 92B2     		uxth	r2, r2
 1894 00e8 3146     		mov	r1, r6
 1895 00ea 80B2     		uxth	r0, r0
 1896 00ec FFF7FEFF 		bl	LCD_FillRect
 1897              	.LVL173:
 1898 00f0 B7E7     		b	.L99
 1899              	.L100:
 153:../Src/main.c ****     {
 1900              		.loc 1 153 10 is_stmt 1 view .LVU481
 153:../Src/main.c ****     {
 1901              		.loc 1 153 13 is_stmt 0 view .LVU482
 1902 00f2 AA45     		cmp	r10, r5
 1903 00f4 C1DD     		ble	.L101
 155:../Src/main.c ****                    PUYA_LOGO_WIDTH, (uint16_t)(old_y - y), LCD_WHITE);
 1904              		.loc 1 155 7 is_stmt 1 view .LVU483
 1905 00f6 A9B2     		uxth	r1, r5
ARM GAS  C:\Users\user\AppData\Local\Temp\ccqcwdMl.s 			page 50


 1906 00f8 731A     		subs	r3, r6, r1
 1907 00fa 3E31     		adds	r1, r1, #62
 1908 00fc 4FF6FF72 		movw	r2, #65535
 1909 0100 0092     		str	r2, [sp]
 1910 0102 9BB2     		uxth	r3, r3
 1911 0104 8022     		movs	r2, #128
 1912 0106 89B2     		uxth	r1, r1
 1913 0108 4846     		mov	r0, r9
 1914 010a FFF7FEFF 		bl	LCD_FillRect
 1915              	.LVL174:
 1916 010e B4E7     		b	.L101
 1917              	.L109:
 1918              		.align	2
 1919              	.L108:
 1920 0110 00000000 		.word	puya_logo
 1921              	.LBE22:
 1922              		.cfi_endproc
 1923              	.LFE136:
 1925              		.section	.rodata
 1926              		.align	2
 1927              		.set	.LANCHOR1,. + 0
 1928              	.LC0:
 1929 0000 03       		.byte	3
 1930 0001 80       		.byte	-128
 1931 0002 02       		.byte	2
 1932 0003 00       		.space	1
 1933              	.LC1:
 1934 0004 00       		.byte	0
 1935 0005 C1       		.byte	-63
 1936 0006 30       		.byte	48
 1937 0007 00       		.space	1
 1938              	.LC2:
 1939 0008 64       		.byte	100
 1940 0009 03       		.byte	3
 1941 000a 12       		.byte	18
 1942 000b 81       		.byte	-127
 1943              	.LC3:
 1944 000c 85       		.byte	-123
 1945 000d 00       		.byte	0
 1946 000e 78       		.byte	120
 1947 000f 00       		.space	1
 1948              	.LC4:
 1949 0010 39       		.byte	57
 1950 0011 2C       		.byte	44
 1951 0012 00       		.byte	0
 1952 0013 34       		.byte	52
 1953 0014 02       		.byte	2
 1954 0015 000000   		.space	3
 1955              	.LC5:
 1956 0018 3E       		.byte	62
 1957 0019 28       		.byte	40
 1958 001a 0000     		.space	2
 1959              	.LC6:
 1960 001c 08       		.byte	8
 1961 001d 82       		.byte	-126
 1962 001e 27       		.byte	39
 1963 001f 00       		.space	1
ARM GAS  C:\Users\user\AppData\Local\Temp\ccqcwdMl.s 			page 51


 1964              	.LC7:
 1965 0020 0F       		.byte	15
 1966 0021 31       		.byte	49
 1967 0022 2B       		.byte	43
 1968 0023 0C       		.byte	12
 1969 0024 0E       		.byte	14
 1970 0025 08       		.byte	8
 1971 0026 4E       		.byte	78
 1972 0027 F1       		.byte	-15
 1973 0028 37       		.byte	55
 1974 0029 07       		.byte	7
 1975 002a 10       		.byte	16
 1976 002b 03       		.byte	3
 1977 002c 0E       		.byte	14
 1978 002d 09       		.byte	9
 1979 002e 00       		.byte	0
 1980 002f 00       		.space	1
 1981              	.LC8:
 1982 0030 00       		.byte	0
 1983 0031 0E       		.byte	14
 1984 0032 14       		.byte	20
 1985 0033 03       		.byte	3
 1986 0034 11       		.byte	17
 1987 0035 07       		.byte	7
 1988 0036 31       		.byte	49
 1989 0037 C1       		.byte	-63
 1990 0038 48       		.byte	72
 1991 0039 08       		.byte	8
 1992 003a 0F       		.byte	15
 1993 003b 0C       		.byte	12
 1994 003c 31       		.byte	49
 1995 003d 36       		.byte	54
 1996 003e 0F       		.byte	15
 1997              		.section	.bss.g_lcd_slow_spi,"aw",%nobits
 1998              		.set	.LANCHOR0,. + 0
 2001              	g_lcd_slow_spi:
 2002 0000 00       		.space	1
 2003              		.section	.rodata.puya_logo,"a"
 2004              		.align	2
 2007              	puya_logo:
 2008 0000 D4F5     		.short	-2604
 2009 0002 AEFC     		.short	-850
 2010 0004 8EF4     		.short	-2930
 2011 0006 8EF4     		.short	-2930
 2012 0008 8EF4     		.short	-2930
 2013 000a 8EF4     		.short	-2930
 2014 000c 8EF4     		.short	-2930
 2015 000e 8EF4     		.short	-2930
 2016 0010 8EF4     		.short	-2930
 2017 0012 8EF4     		.short	-2930
 2018 0014 8EF4     		.short	-2930
 2019 0016 8EF4     		.short	-2930
 2020 0018 8EF4     		.short	-2930
 2021 001a 8EF4     		.short	-2930
 2022 001c 8EF4     		.short	-2930
 2023 001e 8EF4     		.short	-2930
 2024 0020 8EF4     		.short	-2930
ARM GAS  C:\Users\user\AppData\Local\Temp\ccqcwdMl.s 			page 52


 2025 0022 8EF4     		.short	-2930
 2026 0024 8EF4     		.short	-2930
 2027 0026 8EF4     		.short	-2930
 2028 0028 8EF4     		.short	-2930
 2029 002a 8EF4     		.short	-2930
 2030 002c 8EF4     		.short	-2930
 2031 002e 8EF4     		.short	-2930
 2032 0030 8EF4     		.short	-2930
 2033 0032 8EF4     		.short	-2930
 2034 0034 8EF4     		.short	-2930
 2035 0036 8EF4     		.short	-2930
 2036 0038 8EF4     		.short	-2930
 2037 003a 8EF4     		.short	-2930
 2038 003c 8EF4     		.short	-2930
 2039 003e 8EF4     		.short	-2930
 2040 0040 8EF4     		.short	-2930
 2041 0042 8EF4     		.short	-2930
 2042 0044 8EF4     		.short	-2930
 2043 0046 8EF4     		.short	-2930
 2044 0048 8EF4     		.short	-2930
 2045 004a 8EF4     		.short	-2930
 2046 004c 8EF4     		.short	-2930
 2047 004e 8EF4     		.short	-2930
 2048 0050 8EF4     		.short	-2930
 2049 0052 8EF4     		.short	-2930
 2050 0054 8EF4     		.short	-2930
 2051 0056 8EF4     		.short	-2930
 2052 0058 8EF4     		.short	-2930
 2053 005a 8EF4     		.short	-2930
 2054 005c 8EF4     		.short	-2930
 2055 005e 8EF4     		.short	-2930
 2056 0060 8EF4     		.short	-2930
 2057 0062 8EF4     		.short	-2930
 2058 0064 8EF4     		.short	-2930
 2059 0066 8EF4     		.short	-2930
 2060 0068 8EF4     		.short	-2930
 2061 006a 8EF4     		.short	-2930
 2062 006c 8EF4     		.short	-2930
 2063 006e 8EF4     		.short	-2930
 2064 0070 8EF4     		.short	-2930
 2065 0072 8EF4     		.short	-2930
 2066 0074 8EF4     		.short	-2930
 2067 0076 8EF4     		.short	-2930
 2068 0078 8EF4     		.short	-2930
 2069 007a 8EF4     		.short	-2930
 2070 007c 8EF4     		.short	-2930
 2071 007e 8EF4     		.short	-2930
 2072 0080 8EF4     		.short	-2930
 2073 0082 8EF4     		.short	-2930
 2074 0084 8EF4     		.short	-2930
 2075 0086 8EF4     		.short	-2930
 2076 0088 8EF4     		.short	-2930
 2077 008a 8EF4     		.short	-2930
 2078 008c 8EF4     		.short	-2930
 2079 008e 8EF4     		.short	-2930
 2080 0090 8EF4     		.short	-2930
 2081 0092 8EF4     		.short	-2930
ARM GAS  C:\Users\user\AppData\Local\Temp\ccqcwdMl.s 			page 53


 2082 0094 8EF4     		.short	-2930
 2083 0096 8EF4     		.short	-2930
 2084 0098 8EF4     		.short	-2930
 2085 009a 8EF4     		.short	-2930
 2086 009c 8EF4     		.short	-2930
 2087 009e 8EF4     		.short	-2930
 2088 00a0 8EF4     		.short	-2930
 2089 00a2 8EF4     		.short	-2930
 2090 00a4 8EF4     		.short	-2930
 2091 00a6 8EF4     		.short	-2930
 2092 00a8 8EF4     		.short	-2930
 2093 00aa 8EF4     		.short	-2930
 2094 00ac 8EF4     		.short	-2930
 2095 00ae 8EF4     		.short	-2930
 2096 00b0 8EF4     		.short	-2930
 2097 00b2 8EF4     		.short	-2930
 2098 00b4 8EF4     		.short	-2930
 2099 00b6 8EF4     		.short	-2930
 2100 00b8 8EF4     		.short	-2930
 2101 00ba 8EF4     		.short	-2930
 2102 00bc 8EF4     		.short	-2930
 2103 00be 8EF4     		.short	-2930
 2104 00c0 8EF4     		.short	-2930
 2105 00c2 8EF4     		.short	-2930
 2106 00c4 8EF4     		.short	-2930
 2107 00c6 8EF4     		.short	-2930
 2108 00c8 8EF4     		.short	-2930
 2109 00ca 8EF4     		.short	-2930
 2110 00cc 8EF4     		.short	-2930
 2111 00ce 8EF4     		.short	-2930
 2112 00d0 8EF4     		.short	-2930
 2113 00d2 8EF4     		.short	-2930
 2114 00d4 8EF4     		.short	-2930
 2115 00d6 8EF4     		.short	-2930
 2116 00d8 8EF4     		.short	-2930
 2117 00da 8EF4     		.short	-2930
 2118 00dc 8EF4     		.short	-2930
 2119 00de 8EF4     		.short	-2930
 2120 00e0 8EF4     		.short	-2930
 2121 00e2 8EF4     		.short	-2930
 2122 00e4 8EF4     		.short	-2930
 2123 00e6 8EF4     		.short	-2930
 2124 00e8 8EF4     		.short	-2930
 2125 00ea 8EF4     		.short	-2930
 2126 00ec 8EF4     		.short	-2930
 2127 00ee 8EF4     		.short	-2930
 2128 00f0 8EF4     		.short	-2930
 2129 00f2 8EF4     		.short	-2930
 2130 00f4 8EF4     		.short	-2930
 2131 00f6 8EF4     		.short	-2930
 2132 00f8 8EF4     		.short	-2930
 2133 00fa 8EF4     		.short	-2930
 2134 00fc 8EF4     		.short	-2930
 2135 00fe AEFC     		.short	-850
 2136 0100 4CEC     		.short	-5044
 2137 0102 45FB     		.short	-1211
 2138 0104 05FB     		.short	-1275
ARM GAS  C:\Users\user\AppData\Local\Temp\ccqcwdMl.s 			page 54


 2139 0106 05FB     		.short	-1275
 2140 0108 05FB     		.short	-1275
 2141 010a 05FB     		.short	-1275
 2142 010c 05FB     		.short	-1275
 2143 010e 05FB     		.short	-1275
 2144 0110 05FB     		.short	-1275
 2145 0112 05FB     		.short	-1275
 2146 0114 05FB     		.short	-1275
 2147 0116 05FB     		.short	-1275
 2148 0118 05FB     		.short	-1275
 2149 011a 05FB     		.short	-1275
 2150 011c 05FB     		.short	-1275
 2151 011e 05FB     		.short	-1275
 2152 0120 05FB     		.short	-1275
 2153 0122 05FB     		.short	-1275
 2154 0124 05FB     		.short	-1275
 2155 0126 05FB     		.short	-1275
 2156 0128 05FB     		.short	-1275
 2157 012a 05FB     		.short	-1275
 2158 012c 05FB     		.short	-1275
 2159 012e 05FB     		.short	-1275
 2160 0130 05FB     		.short	-1275
 2161 0132 05FB     		.short	-1275
 2162 0134 05FB     		.short	-1275
 2163 0136 05FB     		.short	-1275
 2164 0138 05FB     		.short	-1275
 2165 013a 05FB     		.short	-1275
 2166 013c 05FB     		.short	-1275
 2167 013e 05FB     		.short	-1275
 2168 0140 05FB     		.short	-1275
 2169 0142 05FB     		.short	-1275
 2170 0144 05FB     		.short	-1275
 2171 0146 05FB     		.short	-1275
 2172 0148 05FB     		.short	-1275
 2173 014a 05FB     		.short	-1275
 2174 014c 05FB     		.short	-1275
 2175 014e 05FB     		.short	-1275
 2176 0150 05FB     		.short	-1275
 2177 0152 05FB     		.short	-1275
 2178 0154 05FB     		.short	-1275
 2179 0156 05FB     		.short	-1275
 2180 0158 05FB     		.short	-1275
 2181 015a 05FB     		.short	-1275
 2182 015c 05FB     		.short	-1275
 2183 015e 05FB     		.short	-1275
 2184 0160 05FB     		.short	-1275
 2185 0162 05FB     		.short	-1275
 2186 0164 05FB     		.short	-1275
 2187 0166 05FB     		.short	-1275
 2188 0168 05FB     		.short	-1275
 2189 016a 05FB     		.short	-1275
 2190 016c 05FB     		.short	-1275
 2191 016e 05FB     		.short	-1275
 2192 0170 05FB     		.short	-1275
 2193 0172 05FB     		.short	-1275
 2194 0174 05FB     		.short	-1275
 2195 0176 05FB     		.short	-1275
ARM GAS  C:\Users\user\AppData\Local\Temp\ccqcwdMl.s 			page 55


 2196 0178 05FB     		.short	-1275
 2197 017a 05FB     		.short	-1275
 2198 017c 05FB     		.short	-1275
 2199 017e 05FB     		.short	-1275
 2200 0180 05FB     		.short	-1275
 2201 0182 05FB     		.short	-1275
 2202 0184 05FB     		.short	-1275
 2203 0186 05FB     		.short	-1275
 2204 0188 05FB     		.short	-1275
 2205 018a 05FB     		.short	-1275
 2206 018c 05FB     		.short	-1275
 2207 018e 05FB     		.short	-1275
 2208 0190 05FB     		.short	-1275
 2209 0192 05FB     		.short	-1275
 2210 0194 05FB     		.short	-1275
 2211 0196 05FB     		.short	-1275
 2212 0198 05FB     		.short	-1275
 2213 019a 05FB     		.short	-1275
 2214 019c 05FB     		.short	-1275
 2215 019e 05FB     		.short	-1275
 2216 01a0 05FB     		.short	-1275
 2217 01a2 05FB     		.short	-1275
 2218 01a4 05FB     		.short	-1275
 2219 01a6 05FB     		.short	-1275
 2220 01a8 05FB     		.short	-1275
 2221 01aa 05FB     		.short	-1275
 2222 01ac 05FB     		.short	-1275
 2223 01ae 05FB     		.short	-1275
 2224 01b0 05FB     		.short	-1275
 2225 01b2 05FB     		.short	-1275
 2226 01b4 05FB     		.short	-1275
 2227 01b6 05FB     		.short	-1275
 2228 01b8 05FB     		.short	-1275
 2229 01ba 05FB     		.short	-1275
 2230 01bc 05FB     		.short	-1275
 2231 01be 05FB     		.short	-1275
 2232 01c0 05FB     		.short	-1275
 2233 01c2 05FB     		.short	-1275
 2234 01c4 05FB     		.short	-1275
 2235 01c6 05FB     		.short	-1275
 2236 01c8 05FB     		.short	-1275
 2237 01ca 05FB     		.short	-1275
 2238 01cc 05FB     		.short	-1275
 2239 01ce 05FB     		.short	-1275
 2240 01d0 05FB     		.short	-1275
 2241 01d2 05FB     		.short	-1275
 2242 01d4 05FB     		.short	-1275
 2243 01d6 05FB     		.short	-1275
 2244 01d8 05FB     		.short	-1275
 2245 01da 05FB     		.short	-1275
 2246 01dc 05FB     		.short	-1275
 2247 01de 05FB     		.short	-1275
 2248 01e0 05FB     		.short	-1275
 2249 01e2 05FB     		.short	-1275
 2250 01e4 05FB     		.short	-1275
 2251 01e6 05FB     		.short	-1275
 2252 01e8 05FB     		.short	-1275
ARM GAS  C:\Users\user\AppData\Local\Temp\ccqcwdMl.s 			page 56


 2253 01ea 05FB     		.short	-1275
 2254 01ec 05FB     		.short	-1275
 2255 01ee 05FB     		.short	-1275
 2256 01f0 05FB     		.short	-1275
 2257 01f2 05FB     		.short	-1275
 2258 01f4 05FB     		.short	-1275
 2259 01f6 05FB     		.short	-1275
 2260 01f8 05FB     		.short	-1275
 2261 01fa 05FB     		.short	-1275
 2262 01fc 05FB     		.short	-1275
 2263 01fe 25FB     		.short	-1243
 2264 0200 8EF4     		.short	-2930
 2265 0202 05FB     		.short	-1275
 2266 0204 C4EA     		.short	-5436
 2267 0206 C4EA     		.short	-5436
 2268 0208 C4EA     		.short	-5436
 2269 020a C4EA     		.short	-5436
 2270 020c C4EA     		.short	-5436
 2271 020e C4EA     		.short	-5436
 2272 0210 C4EA     		.short	-5436
 2273 0212 C4EA     		.short	-5436
 2274 0214 C4EA     		.short	-5436
 2275 0216 C4EA     		.short	-5436
 2276 0218 C4EA     		.short	-5436
 2277 021a C4EA     		.short	-5436
 2278 021c C4EA     		.short	-5436
 2279 021e C4EA     		.short	-5436
 2280 0220 C4EA     		.short	-5436
 2281 0222 C4EA     		.short	-5436
 2282 0224 C4EA     		.short	-5436
 2283 0226 C4EA     		.short	-5436
 2284 0228 C4EA     		.short	-5436
 2285 022a C4EA     		.short	-5436
 2286 022c C4EA     		.short	-5436
 2287 022e C4EA     		.short	-5436
 2288 0230 C4EA     		.short	-5436
 2289 0232 C4EA     		.short	-5436
 2290 0234 C4EA     		.short	-5436
 2291 0236 C4EA     		.short	-5436
 2292 0238 C4EA     		.short	-5436
 2293 023a C4EA     		.short	-5436
 2294 023c C4EA     		.short	-5436
 2295 023e C4EA     		.short	-5436
 2296 0240 C4EA     		.short	-5436
 2297 0242 C4EA     		.short	-5436
 2298 0244 C4EA     		.short	-5436
 2299 0246 C4EA     		.short	-5436
 2300 0248 C4EA     		.short	-5436
 2301 024a C4EA     		.short	-5436
 2302 024c C4EA     		.short	-5436
 2303 024e C4EA     		.short	-5436
 2304 0250 C4EA     		.short	-5436
 2305 0252 C4EA     		.short	-5436
 2306 0254 C4EA     		.short	-5436
 2307 0256 C4EA     		.short	-5436
 2308 0258 C4EA     		.short	-5436
 2309 025a C4EA     		.short	-5436
ARM GAS  C:\Users\user\AppData\Local\Temp\ccqcwdMl.s 			page 57


 2310 025c C4EA     		.short	-5436
 2311 025e C4EA     		.short	-5436
 2312 0260 C4EA     		.short	-5436
 2313 0262 C4EA     		.short	-5436
 2314 0264 C4EA     		.short	-5436
 2315 0266 C4EA     		.short	-5436
 2316 0268 C4EA     		.short	-5436
 2317 026a C4EA     		.short	-5436
 2318 026c C4EA     		.short	-5436
 2319 026e C4EA     		.short	-5436
 2320 0270 C4EA     		.short	-5436
 2321 0272 C4EA     		.short	-5436
 2322 0274 C4EA     		.short	-5436
 2323 0276 C4EA     		.short	-5436
 2324 0278 C4EA     		.short	-5436
 2325 027a C4EA     		.short	-5436
 2326 027c C4EA     		.short	-5436
 2327 027e C4EA     		.short	-5436
 2328 0280 C4EA     		.short	-5436
 2329 0282 C4EA     		.short	-5436
 2330 0284 C4EA     		.short	-5436
 2331 0286 C4EA     		.short	-5436
 2332 0288 C4EA     		.short	-5436
 2333 028a C4EA     		.short	-5436
 2334 028c C4EA     		.short	-5436
 2335 028e C4EA     		.short	-5436
 2336 0290 C4EA     		.short	-5436
 2337 0292 C4EA     		.short	-5436
 2338 0294 C4EA     		.short	-5436
 2339 0296 C4EA     		.short	-5436
 2340 0298 C4EA     		.short	-5436
 2341 029a C4EA     		.short	-5436
 2342 029c C4EA     		.short	-5436
 2343 029e C4EA     		.short	-5436
 2344 02a0 C4EA     		.short	-5436
 2345 02a2 C4EA     		.short	-5436
 2346 02a4 C4EA     		.short	-5436
 2347 02a6 C4EA     		.short	-5436
 2348 02a8 C4EA     		.short	-5436
 2349 02aa C4EA     		.short	-5436
 2350 02ac C4EA     		.short	-5436
 2351 02ae C4EA     		.short	-5436
 2352 02b0 C4EA     		.short	-5436
 2353 02b2 C4EA     		.short	-5436
 2354 02b4 C4EA     		.short	-5436
 2355 02b6 C4EA     		.short	-5436
 2356 02b8 C4EA     		.short	-5436
 2357 02ba C4EA     		.short	-5436
 2358 02bc C4EA     		.short	-5436
 2359 02be C4EA     		.short	-5436
 2360 02c0 C4EA     		.short	-5436
 2361 02c2 C4EA     		.short	-5436
 2362 02c4 C4EA     		.short	-5436
 2363 02c6 C4EA     		.short	-5436
 2364 02c8 C4EA     		.short	-5436
 2365 02ca C4EA     		.short	-5436
 2366 02cc C4EA     		.short	-5436
ARM GAS  C:\Users\user\AppData\Local\Temp\ccqcwdMl.s 			page 58


 2367 02ce C4EA     		.short	-5436
 2368 02d0 C4EA     		.short	-5436
 2369 02d2 C4EA     		.short	-5436
 2370 02d4 C4EA     		.short	-5436
 2371 02d6 C4EA     		.short	-5436
 2372 02d8 C4EA     		.short	-5436
 2373 02da C4EA     		.short	-5436
 2374 02dc C4EA     		.short	-5436
 2375 02de C4EA     		.short	-5436
 2376 02e0 C4EA     		.short	-5436
 2377 02e2 C4EA     		.short	-5436
 2378 02e4 C4EA     		.short	-5436
 2379 02e6 C4EA     		.short	-5436
 2380 02e8 C4EA     		.short	-5436
 2381 02ea C4EA     		.short	-5436
 2382 02ec C4EA     		.short	-5436
 2383 02ee C4EA     		.short	-5436
 2384 02f0 C4EA     		.short	-5436
 2385 02f2 C4EA     		.short	-5436
 2386 02f4 C4EA     		.short	-5436
 2387 02f6 C4EA     		.short	-5436
 2388 02f8 C4EA     		.short	-5436
 2389 02fa C4EA     		.short	-5436
 2390 02fc C4EA     		.short	-5436
 2391 02fe 05FB     		.short	-1275
 2392 0300 8EF4     		.short	-2930
 2393 0302 05FB     		.short	-1275
 2394 0304 C4EA     		.short	-5436
 2395 0306 C4EA     		.short	-5436
 2396 0308 C4EA     		.short	-5436
 2397 030a C4EA     		.short	-5436
 2398 030c C4EA     		.short	-5436
 2399 030e C4EA     		.short	-5436
 2400 0310 C4EA     		.short	-5436
 2401 0312 C4EA     		.short	-5436
 2402 0314 C4EA     		.short	-5436
 2403 0316 C4EA     		.short	-5436
 2404 0318 C4EA     		.short	-5436
 2405 031a C4EA     		.short	-5436
 2406 031c C4EA     		.short	-5436
 2407 031e C4EA     		.short	-5436
 2408 0320 C4EA     		.short	-5436
 2409 0322 C4EA     		.short	-5436
 2410 0324 C4EA     		.short	-5436
 2411 0326 C4EA     		.short	-5436
 2412 0328 C4EA     		.short	-5436
 2413 032a C4EA     		.short	-5436
 2414 032c C4EA     		.short	-5436
 2415 032e C4EA     		.short	-5436
 2416 0330 C4EA     		.short	-5436
 2417 0332 C4EA     		.short	-5436
 2418 0334 C4EA     		.short	-5436
 2419 0336 C4EA     		.short	-5436
 2420 0338 C4EA     		.short	-5436
 2421 033a C4EA     		.short	-5436
 2422 033c C4EA     		.short	-5436
 2423 033e C4EA     		.short	-5436
ARM GAS  C:\Users\user\AppData\Local\Temp\ccqcwdMl.s 			page 59


 2424 0340 C4EA     		.short	-5436
 2425 0342 C4EA     		.short	-5436
 2426 0344 C4EA     		.short	-5436
 2427 0346 C4EA     		.short	-5436
 2428 0348 C4EA     		.short	-5436
 2429 034a C4EA     		.short	-5436
 2430 034c C4EA     		.short	-5436
 2431 034e C4EA     		.short	-5436
 2432 0350 C4EA     		.short	-5436
 2433 0352 C4EA     		.short	-5436
 2434 0354 C4EA     		.short	-5436
 2435 0356 C4EA     		.short	-5436
 2436 0358 C4EA     		.short	-5436
 2437 035a C4EA     		.short	-5436
 2438 035c C4EA     		.short	-5436
 2439 035e C4EA     		.short	-5436
 2440 0360 C4EA     		.short	-5436
 2441 0362 C4EA     		.short	-5436
 2442 0364 C4EA     		.short	-5436
 2443 0366 C4EA     		.short	-5436
 2444 0368 C4EA     		.short	-5436
 2445 036a C4EA     		.short	-5436
 2446 036c C4EA     		.short	-5436
 2447 036e C4EA     		.short	-5436
 2448 0370 C4EA     		.short	-5436
 2449 0372 C4EA     		.short	-5436
 2450 0374 C4EA     		.short	-5436
 2451 0376 C4EA     		.short	-5436
 2452 0378 C4EA     		.short	-5436
 2453 037a C4EA     		.short	-5436
 2454 037c C4EA     		.short	-5436
 2455 037e C4EA     		.short	-5436
 2456 0380 C4EA     		.short	-5436
 2457 0382 C4EA     		.short	-5436
 2458 0384 C4EA     		.short	-5436
 2459 0386 C4EA     		.short	-5436
 2460 0388 C4EA     		.short	-5436
 2461 038a C4EA     		.short	-5436
 2462 038c C4EA     		.short	-5436
 2463 038e C4EA     		.short	-5436
 2464 0390 C4EA     		.short	-5436
 2465 0392 C4EA     		.short	-5436
 2466 0394 C4EA     		.short	-5436
 2467 0396 C4EA     		.short	-5436
 2468 0398 C4EA     		.short	-5436
 2469 039a C4EA     		.short	-5436
 2470 039c C4EA     		.short	-5436
 2471 039e C4EA     		.short	-5436
 2472 03a0 C4EA     		.short	-5436
 2473 03a2 C4EA     		.short	-5436
 2474 03a4 C4EA     		.short	-5436
 2475 03a6 C4EA     		.short	-5436
 2476 03a8 C4EA     		.short	-5436
 2477 03aa C4EA     		.short	-5436
 2478 03ac C4EA     		.short	-5436
 2479 03ae C4EA     		.short	-5436
 2480 03b0 C4EA     		.short	-5436
ARM GAS  C:\Users\user\AppData\Local\Temp\ccqcwdMl.s 			page 60


 2481 03b2 C4EA     		.short	-5436
 2482 03b4 C4EA     		.short	-5436
 2483 03b6 C4EA     		.short	-5436
 2484 03b8 C4EA     		.short	-5436
 2485 03ba C4EA     		.short	-5436
 2486 03bc C4EA     		.short	-5436
 2487 03be C4EA     		.short	-5436
 2488 03c0 C4EA     		.short	-5436
 2489 03c2 C4EA     		.short	-5436
 2490 03c4 C4EA     		.short	-5436
 2491 03c6 C4EA     		.short	-5436
 2492 03c8 C4EA     		.short	-5436
 2493 03ca C4EA     		.short	-5436
 2494 03cc C4EA     		.short	-5436
 2495 03ce C4EA     		.short	-5436
 2496 03d0 C4EA     		.short	-5436
 2497 03d2 C4EA     		.short	-5436
 2498 03d4 C4EA     		.short	-5436
 2499 03d6 C4EA     		.short	-5436
 2500 03d8 C4EA     		.short	-5436
 2501 03da C4EA     		.short	-5436
 2502 03dc C4EA     		.short	-5436
 2503 03de C4EA     		.short	-5436
 2504 03e0 C4EA     		.short	-5436
 2505 03e2 C4EA     		.short	-5436
 2506 03e4 C4EA     		.short	-5436
 2507 03e6 C4EA     		.short	-5436
 2508 03e8 C4EA     		.short	-5436
 2509 03ea C4EA     		.short	-5436
 2510 03ec C4EA     		.short	-5436
 2511 03ee C4EA     		.short	-5436
 2512 03f0 C4EA     		.short	-5436
 2513 03f2 C4EA     		.short	-5436
 2514 03f4 C4EA     		.short	-5436
 2515 03f6 C4EA     		.short	-5436
 2516 03f8 C4EA     		.short	-5436
 2517 03fa C4EA     		.short	-5436
 2518 03fc C4EA     		.short	-5436
 2519 03fe 05FB     		.short	-1275
 2520 0400 8EF4     		.short	-2930
 2521 0402 05FB     		.short	-1275
 2522 0404 C4EA     		.short	-5436
 2523 0406 C4EA     		.short	-5436
 2524 0408 C4EA     		.short	-5436
 2525 040a C4EA     		.short	-5436
 2526 040c C4EA     		.short	-5436
 2527 040e C4EA     		.short	-5436
 2528 0410 A4EA     		.short	-5468
 2529 0412 A4E2     		.short	-7516
 2530 0414 83E2     		.short	-7549
 2531 0416 83E2     		.short	-7549
 2532 0418 A3E2     		.short	-7517
 2533 041a A4EA     		.short	-5468
 2534 041c C4EA     		.short	-5436
 2535 041e C4EA     		.short	-5436
 2536 0420 C4EA     		.short	-5436
 2537 0422 A4EA     		.short	-5468
ARM GAS  C:\Users\user\AppData\Local\Temp\ccqcwdMl.s 			page 61


 2538 0424 A3E2     		.short	-7517
 2539 0426 83E2     		.short	-7549
 2540 0428 A3E2     		.short	-7517
 2541 042a A4E2     		.short	-7516
 2542 042c C4EA     		.short	-5436
 2543 042e C4EA     		.short	-5436
 2544 0430 C4EA     		.short	-5436
 2545 0432 C4EA     		.short	-5436
 2546 0434 C4EA     		.short	-5436
 2547 0436 C4EA     		.short	-5436
 2548 0438 C4EA     		.short	-5436
 2549 043a C4EA     		.short	-5436
 2550 043c C4EA     		.short	-5436
 2551 043e C4EA     		.short	-5436
 2552 0440 C4EA     		.short	-5436
 2553 0442 C4EA     		.short	-5436
 2554 0444 C4EA     		.short	-5436
 2555 0446 C4EA     		.short	-5436
 2556 0448 C4EA     		.short	-5436
 2557 044a C4EA     		.short	-5436
 2558 044c C4EA     		.short	-5436
 2559 044e A4E2     		.short	-7516
 2560 0450 A3E2     		.short	-7517
 2561 0452 83E2     		.short	-7549
 2562 0454 A3E2     		.short	-7517
 2563 0456 A4E2     		.short	-7516
 2564 0458 C4EA     		.short	-5436
 2565 045a C4EA     		.short	-5436
 2566 045c C4EA     		.short	-5436
 2567 045e C4EA     		.short	-5436
 2568 0460 A4E2     		.short	-7516
 2569 0462 83E2     		.short	-7549
 2570 0464 83E2     		.short	-7549
 2571 0466 A3E2     		.short	-7517
 2572 0468 A4EA     		.short	-5468
 2573 046a C4EA     		.short	-5436
 2574 046c C4EA     		.short	-5436
 2575 046e C4EA     		.short	-5436
 2576 0470 C4EA     		.short	-5436
 2577 0472 C4EA     		.short	-5436
 2578 0474 C4EA     		.short	-5436
 2579 0476 C4EA     		.short	-5436
 2580 0478 C4EA     		.short	-5436
 2581 047a C4EA     		.short	-5436
 2582 047c C4EA     		.short	-5436
 2583 047e C4EA     		.short	-5436
 2584 0480 C4EA     		.short	-5436
 2585 0482 C4EA     		.short	-5436
 2586 0484 C4EA     		.short	-5436
 2587 0486 C4EA     		.short	-5436
 2588 0488 C4EA     		.short	-5436
 2589 048a C4EA     		.short	-5436
 2590 048c C4EA     		.short	-5436
 2591 048e C4EA     		.short	-5436
 2592 0490 C4EA     		.short	-5436
 2593 0492 C4EA     		.short	-5436
 2594 0494 C4EA     		.short	-5436
ARM GAS  C:\Users\user\AppData\Local\Temp\ccqcwdMl.s 			page 62


 2595 0496 C4EA     		.short	-5436
 2596 0498 C4EA     		.short	-5436
 2597 049a C4EA     		.short	-5436
 2598 049c C4EA     		.short	-5436
 2599 049e C4EA     		.short	-5436
 2600 04a0 C4EA     		.short	-5436
 2601 04a2 C4EA     		.short	-5436
 2602 04a4 C4EA     		.short	-5436
 2603 04a6 C4EA     		.short	-5436
 2604 04a8 C4EA     		.short	-5436
 2605 04aa C4EA     		.short	-5436
 2606 04ac C4EA     		.short	-5436
 2607 04ae C4EA     		.short	-5436
 2608 04b0 C4EA     		.short	-5436
 2609 04b2 C4EA     		.short	-5436
 2610 04b4 C4EA     		.short	-5436
 2611 04b6 C4EA     		.short	-5436
 2612 04b8 C4EA     		.short	-5436
 2613 04ba C4EA     		.short	-5436
 2614 04bc C4EA     		.short	-5436
 2615 04be C4EA     		.short	-5436
 2616 04c0 C4EA     		.short	-5436
 2617 04c2 C4EA     		.short	-5436
 2618 04c4 C4EA     		.short	-5436
 2619 04c6 C4EA     		.short	-5436
 2620 04c8 C4EA     		.short	-5436
 2621 04ca C4EA     		.short	-5436
 2622 04cc C4EA     		.short	-5436
 2623 04ce C4EA     		.short	-5436
 2624 04d0 C4EA     		.short	-5436
 2625 04d2 C4EA     		.short	-5436
 2626 04d4 C4EA     		.short	-5436
 2627 04d6 C4EA     		.short	-5436
 2628 04d8 C4EA     		.short	-5436
 2629 04da C4EA     		.short	-5436
 2630 04dc C4EA     		.short	-5436
 2631 04de C4EA     		.short	-5436
 2632 04e0 C4EA     		.short	-5436
 2633 04e2 C4EA     		.short	-5436
 2634 04e4 C4EA     		.short	-5436
 2635 04e6 C4EA     		.short	-5436
 2636 04e8 C4EA     		.short	-5436
 2637 04ea C4EA     		.short	-5436
 2638 04ec C4EA     		.short	-5436
 2639 04ee C4EA     		.short	-5436
 2640 04f0 C4EA     		.short	-5436
 2641 04f2 C4EA     		.short	-5436
 2642 04f4 C4EA     		.short	-5436
 2643 04f6 C4EA     		.short	-5436
 2644 04f8 C4EA     		.short	-5436
 2645 04fa C4EA     		.short	-5436
 2646 04fc C4EA     		.short	-5436
 2647 04fe 05FB     		.short	-1275
 2648 0500 8EF4     		.short	-2930
 2649 0502 05FB     		.short	-1275
 2650 0504 C4EA     		.short	-5436
 2651 0506 C4EA     		.short	-5436
ARM GAS  C:\Users\user\AppData\Local\Temp\ccqcwdMl.s 			page 63


 2652 0508 C4EA     		.short	-5436
 2653 050a C4EA     		.short	-5436
 2654 050c C4EA     		.short	-5436
 2655 050e C4EA     		.short	-5436
 2656 0510 06EB     		.short	-5370
 2657 0512 68EB     		.short	-5272
 2658 0514 C9EB     		.short	-5175
 2659 0516 0BEC     		.short	-5109
 2660 0518 6DEC     		.short	-5011
 2661 051a CFF4     		.short	-2865
 2662 051c 10F5     		.short	-2800
 2663 051e 30F5     		.short	-2768
 2664 0520 EFF4     		.short	-2833
 2665 0522 AEF4     		.short	-2898
 2666 0524 4CEC     		.short	-5044
 2667 0526 EAEB     		.short	-5142
 2668 0528 A9EB     		.short	-5207
 2669 052a 47EB     		.short	-5305
 2670 052c E5EA     		.short	-5403
 2671 052e A3E2     		.short	-7517
 2672 0530 A3E2     		.short	-7517
 2673 0532 C4EA     		.short	-5436
 2674 0534 C4EA     		.short	-5436
 2675 0536 C4EA     		.short	-5436
 2676 0538 C4EA     		.short	-5436
 2677 053a C4EA     		.short	-5436
 2678 053c C4EA     		.short	-5436
 2679 053e C4EA     		.short	-5436
 2680 0540 C4EA     		.short	-5436
 2681 0542 C4EA     		.short	-5436
 2682 0544 C4EA     		.short	-5436
 2683 0546 C4EA     		.short	-5436
 2684 0548 A3E2     		.short	-7517
 2685 054a 83E2     		.short	-7549
 2686 054c E5EA     		.short	-5403
 2687 054e 47EB     		.short	-5305
 2688 0550 89EB     		.short	-5239
 2689 0552 EAEB     		.short	-5142
 2690 0554 4CEC     		.short	-5044
 2691 0556 AEF4     		.short	-2898
 2692 0558 EFF4     		.short	-2833
 2693 055a 10F5     		.short	-2800
 2694 055c 10F5     		.short	-2800
 2695 055e CFF4     		.short	-2865
 2696 0560 8DF4     		.short	-2931
 2697 0562 0BEC     		.short	-5109
 2698 0564 C9EB     		.short	-5175
 2699 0566 88EB     		.short	-5240
 2700 0568 26EB     		.short	-5338
 2701 056a C4EA     		.short	-5436
 2702 056c C4EA     		.short	-5436
 2703 056e C4EA     		.short	-5436
 2704 0570 C4EA     		.short	-5436
 2705 0572 C4EA     		.short	-5436
 2706 0574 C4EA     		.short	-5436
 2707 0576 C4EA     		.short	-5436
 2708 0578 C4EA     		.short	-5436
ARM GAS  C:\Users\user\AppData\Local\Temp\ccqcwdMl.s 			page 64


 2709 057a C4EA     		.short	-5436
 2710 057c C4EA     		.short	-5436
 2711 057e C4EA     		.short	-5436
 2712 0580 C4EA     		.short	-5436
 2713 0582 C4EA     		.short	-5436
 2714 0584 C4EA     		.short	-5436
 2715 0586 C4EA     		.short	-5436
 2716 0588 C4EA     		.short	-5436
 2717 058a C4EA     		.short	-5436
 2718 058c C4EA     		.short	-5436
 2719 058e C4EA     		.short	-5436
 2720 0590 C4EA     		.short	-5436
 2721 0592 C4EA     		.short	-5436
 2722 0594 C4EA     		.short	-5436
 2723 0596 C4EA     		.short	-5436
 2724 0598 C4EA     		.short	-5436
 2725 059a C4EA     		.short	-5436
 2726 059c C4EA     		.short	-5436
 2727 059e C4EA     		.short	-5436
 2728 05a0 C4EA     		.short	-5436
 2729 05a2 C4EA     		.short	-5436
 2730 05a4 C4EA     		.short	-5436
 2731 05a6 C4EA     		.short	-5436
 2732 05a8 C4EA     		.short	-5436
 2733 05aa C4EA     		.short	-5436
 2734 05ac C4EA     		.short	-5436
 2735 05ae C4EA     		.short	-5436
 2736 05b0 C4EA     		.short	-5436
 2737 05b2 C4EA     		.short	-5436
 2738 05b4 C4EA     		.short	-5436
 2739 05b6 C4EA     		.short	-5436
 2740 05b8 C4EA     		.short	-5436
 2741 05ba C4EA     		.short	-5436
 2742 05bc C4EA     		.short	-5436
 2743 05be C4EA     		.short	-5436
 2744 05c0 C4EA     		.short	-5436
 2745 05c2 C4EA     		.short	-5436
 2746 05c4 C4EA     		.short	-5436
 2747 05c6 C4EA     		.short	-5436
 2748 05c8 C4EA     		.short	-5436
 2749 05ca C4EA     		.short	-5436
 2750 05cc C4EA     		.short	-5436
 2751 05ce C4EA     		.short	-5436
 2752 05d0 C4EA     		.short	-5436
 2753 05d2 C4EA     		.short	-5436
 2754 05d4 C4EA     		.short	-5436
 2755 05d6 C4EA     		.short	-5436
 2756 05d8 C4EA     		.short	-5436
 2757 05da C4EA     		.short	-5436
 2758 05dc C4EA     		.short	-5436
 2759 05de C4EA     		.short	-5436
 2760 05e0 C4EA     		.short	-5436
 2761 05e2 C4EA     		.short	-5436
 2762 05e4 C4EA     		.short	-5436
 2763 05e6 C4EA     		.short	-5436
 2764 05e8 C4EA     		.short	-5436
 2765 05ea C4EA     		.short	-5436
ARM GAS  C:\Users\user\AppData\Local\Temp\ccqcwdMl.s 			page 65


 2766 05ec C4EA     		.short	-5436
 2767 05ee C4EA     		.short	-5436
 2768 05f0 C4EA     		.short	-5436
 2769 05f2 C4EA     		.short	-5436
 2770 05f4 C4EA     		.short	-5436
 2771 05f6 C4EA     		.short	-5436
 2772 05f8 C4EA     		.short	-5436
 2773 05fa C4EA     		.short	-5436
 2774 05fc C4EA     		.short	-5436
 2775 05fe 05FB     		.short	-1275
 2776 0600 8EF4     		.short	-2930
 2777 0602 05FB     		.short	-1275
 2778 0604 C4EA     		.short	-5436
 2779 0606 C4EA     		.short	-5436
 2780 0608 C4EA     		.short	-5436
 2781 060a C4EA     		.short	-5436
 2782 060c C4EA     		.short	-5436
 2783 060e 4CEC     		.short	-5044
 2784 0610 D4F5     		.short	-2604
 2785 0612 D9FE     		.short	-295
 2786 0614 9DFF     		.short	-99
 2787 0616 FFFF     		.short	-1
 2788 0618 DEFF     		.short	-34
 2789 061a 9DFF     		.short	-99
 2790 061c 9DFF     		.short	-99
 2791 061e 9DFF     		.short	-99
 2792 0620 9DFF     		.short	-99
 2793 0622 BEFF     		.short	-66
 2794 0624 FFFF     		.short	-1
 2795 0626 DFFF     		.short	-33
 2796 0628 3CFF     		.short	-196
 2797 062a 77FE     		.short	-393
 2798 062c 93F5     		.short	-2669
 2799 062e 8DF4     		.short	-2931
 2800 0630 C9EB     		.short	-5175
 2801 0632 06EB     		.short	-5370
 2802 0634 83E2     		.short	-7549
 2803 0636 A4EA     		.short	-5468
 2804 0638 C4EA     		.short	-5436
 2805 063a C4EA     		.short	-5436
 2806 063c C4EA     		.short	-5436
 2807 063e C4EA     		.short	-5436
 2808 0640 C4EA     		.short	-5436
 2809 0642 A4EA     		.short	-5468
 2810 0644 83E2     		.short	-7549
 2811 0646 E5EA     		.short	-5403
 2812 0648 A9EB     		.short	-5207
 2813 064a 6DEC     		.short	-5011
 2814 064c 72F5     		.short	-2702
 2815 064e 57FE     		.short	-425
 2816 0650 3BFF     		.short	-197
 2817 0652 DEFF     		.short	-34
 2818 0654 FFFF     		.short	-1
 2819 0656 BEFF     		.short	-66
 2820 0658 9DFF     		.short	-99
 2821 065a 9DFF     		.short	-99
 2822 065c 9DFF     		.short	-99
ARM GAS  C:\Users\user\AppData\Local\Temp\ccqcwdMl.s 			page 66


 2823 065e BEFF     		.short	-66
 2824 0660 DFFF     		.short	-33
 2825 0662 FFFF     		.short	-1
 2826 0664 9DFF     		.short	-99
 2827 0666 FAFE     		.short	-262
 2828 0668 F5F5     		.short	-2571
 2829 066a 4CEC     		.short	-5044
 2830 066c E5EA     		.short	-5403
 2831 066e C4EA     		.short	-5436
 2832 0670 C4EA     		.short	-5436
 2833 0672 C4EA     		.short	-5436
 2834 0674 C4EA     		.short	-5436
 2835 0676 C4EA     		.short	-5436
 2836 0678 C4EA     		.short	-5436
 2837 067a C4EA     		.short	-5436
 2838 067c C4EA     		.short	-5436
 2839 067e C4EA     		.short	-5436
 2840 0680 C4EA     		.short	-5436
 2841 0682 C4EA     		.short	-5436
 2842 0684 C4EA     		.short	-5436
 2843 0686 C4EA     		.short	-5436
 2844 0688 C4EA     		.short	-5436
 2845 068a C4EA     		.short	-5436
 2846 068c C4EA     		.short	-5436
 2847 068e C4EA     		.short	-5436
 2848 0690 C4EA     		.short	-5436
 2849 0692 C4EA     		.short	-5436
 2850 0694 C4EA     		.short	-5436
 2851 0696 C4EA     		.short	-5436
 2852 0698 C4EA     		.short	-5436
 2853 069a C4EA     		.short	-5436
 2854 069c C4EA     		.short	-5436
 2855 069e C4EA     		.short	-5436
 2856 06a0 C4EA     		.short	-5436
 2857 06a2 C4EA     		.short	-5436
 2858 06a4 C4EA     		.short	-5436
 2859 06a6 C4EA     		.short	-5436
 2860 06a8 C4EA     		.short	-5436
 2861 06aa C4EA     		.short	-5436
 2862 06ac C4EA     		.short	-5436
 2863 06ae C4EA     		.short	-5436
 2864 06b0 C4EA     		.short	-5436
 2865 06b2 C4EA     		.short	-5436
 2866 06b4 C4EA     		.short	-5436
 2867 06b6 C4EA     		.short	-5436
 2868 06b8 C4EA     		.short	-5436
 2869 06ba C4EA     		.short	-5436
 2870 06bc C4EA     		.short	-5436
 2871 06be C4EA     		.short	-5436
 2872 06c0 C4EA     		.short	-5436
 2873 06c2 C4EA     		.short	-5436
 2874 06c4 C4EA     		.short	-5436
 2875 06c6 C4EA     		.short	-5436
 2876 06c8 C4EA     		.short	-5436
 2877 06ca C4EA     		.short	-5436
 2878 06cc C4EA     		.short	-5436
 2879 06ce C4EA     		.short	-5436
ARM GAS  C:\Users\user\AppData\Local\Temp\ccqcwdMl.s 			page 67


 2880 06d0 C4EA     		.short	-5436
 2881 06d2 C4EA     		.short	-5436
 2882 06d4 C4EA     		.short	-5436
 2883 06d6 C4EA     		.short	-5436
 2884 06d8 C4EA     		.short	-5436
 2885 06da C4EA     		.short	-5436
 2886 06dc C4EA     		.short	-5436
 2887 06de C4EA     		.short	-5436
 2888 06e0 C4EA     		.short	-5436
 2889 06e2 C4EA     		.short	-5436
 2890 06e4 C4EA     		.short	-5436
 2891 06e6 C4EA     		.short	-5436
 2892 06e8 C4EA     		.short	-5436
 2893 06ea C4EA     		.short	-5436
 2894 06ec C4EA     		.short	-5436
 2895 06ee C4EA     		.short	-5436
 2896 06f0 C4EA     		.short	-5436
 2897 06f2 C4EA     		.short	-5436
 2898 06f4 C4EA     		.short	-5436
 2899 06f6 C4EA     		.short	-5436
 2900 06f8 C4EA     		.short	-5436
 2901 06fa C4EA     		.short	-5436
 2902 06fc C4EA     		.short	-5436
 2903 06fe 05FB     		.short	-1275
 2904 0700 8EF4     		.short	-2930
 2905 0702 05FB     		.short	-1275
 2906 0704 C4EA     		.short	-5436
 2907 0706 C4EA     		.short	-5436
 2908 0708 C4EA     		.short	-5436
 2909 070a A4EA     		.short	-5468
 2910 070c 47EB     		.short	-5305
 2911 070e D9FE     		.short	-295
 2912 0710 FFFF     		.short	-1
 2913 0712 D9FE     		.short	-295
 2914 0714 56F6     		.short	-2474
 2915 0716 D4F5     		.short	-2604
 2916 0718 51F5     		.short	-2735
 2917 071a F0F4     		.short	-2832
 2918 071c CFF4     		.short	-2865
 2919 071e CFF4     		.short	-2865
 2920 0720 EFF4     		.short	-2833
 2921 0722 10F5     		.short	-2800
 2922 0724 72F5     		.short	-2702
 2923 0726 F4F5     		.short	-2572
 2924 0728 57F6     		.short	-2473
 2925 072a FAFE     		.short	-262
 2926 072c 9DFF     		.short	-99
 2927 072e FFFF     		.short	-1
 2928 0730 3BFF     		.short	-197
 2929 0732 F4F5     		.short	-2572
 2930 0734 8EF4     		.short	-2930
 2931 0736 67EB     		.short	-5273
 2932 0738 A3E2     		.short	-7517
 2933 073a A4EA     		.short	-5468
 2934 073c C4EA     		.short	-5436
 2935 073e A4EA     		.short	-5468
 2936 0740 A3E2     		.short	-7517
ARM GAS  C:\Users\user\AppData\Local\Temp\ccqcwdMl.s 			page 68


 2937 0742 47EB     		.short	-5305
 2938 0744 6DEC     		.short	-5011
 2939 0746 B3F5     		.short	-2637
 2940 0748 FAFE     		.short	-262
 2941 074a FFFF     		.short	-1
 2942 074c BEFF     		.short	-66
 2943 074e FAFE     		.short	-262
 2944 0750 77FE     		.short	-393
 2945 0752 F5F5     		.short	-2571
 2946 0754 72F5     		.short	-2702
 2947 0756 31F5     		.short	-2767
 2948 0758 EFF4     		.short	-2833
 2949 075a CFF4     		.short	-2865
 2950 075c EFF4     		.short	-2833
 2951 075e 10F5     		.short	-2800
 2952 0760 51F5     		.short	-2735
 2953 0762 B3F5     		.short	-2637
 2954 0764 16F6     		.short	-2538
 2955 0766 B8FE     		.short	-328
 2956 0768 BEFF     		.short	-66
 2957 076a 1BFF     		.short	-229
 2958 076c 88EB     		.short	-5240
 2959 076e A3E2     		.short	-7517
 2960 0770 C4EA     		.short	-5436
 2961 0772 C4EA     		.short	-5436
 2962 0774 C4EA     		.short	-5436
 2963 0776 C4EA     		.short	-5436
 2964 0778 C4EA     		.short	-5436
 2965 077a C4EA     		.short	-5436
 2966 077c C4EA     		.short	-5436
 2967 077e C4EA     		.short	-5436
 2968 0780 C4EA     		.short	-5436
 2969 0782 C4EA     		.short	-5436
 2970 0784 C4EA     		.short	-5436
 2971 0786 C4EA     		.short	-5436
 2972 0788 C4EA     		.short	-5436
 2973 078a C4EA     		.short	-5436
 2974 078c C4EA     		.short	-5436
 2975 078e C4EA     		.short	-5436
 2976 0790 C4EA     		.short	-5436
 2977 0792 C4EA     		.short	-5436
 2978 0794 C4EA     		.short	-5436
 2979 0796 C4EA     		.short	-5436
 2980 0798 C4EA     		.short	-5436
 2981 079a C4EA     		.short	-5436
 2982 079c C4EA     		.short	-5436
 2983 079e C4EA     		.short	-5436
 2984 07a0 C4EA     		.short	-5436
 2985 07a2 C4EA     		.short	-5436
 2986 07a4 C4EA     		.short	-5436
 2987 07a6 C4EA     		.short	-5436
 2988 07a8 C4EA     		.short	-5436
 2989 07aa C4EA     		.short	-5436
 2990 07ac C4EA     		.short	-5436
 2991 07ae C4EA     		.short	-5436
 2992 07b0 C4EA     		.short	-5436
 2993 07b2 C4EA     		.short	-5436
ARM GAS  C:\Users\user\AppData\Local\Temp\ccqcwdMl.s 			page 69


 2994 07b4 C4EA     		.short	-5436
 2995 07b6 C4EA     		.short	-5436
 2996 07b8 C4EA     		.short	-5436
 2997 07ba C4EA     		.short	-5436
 2998 07bc C4EA     		.short	-5436
 2999 07be C4EA     		.short	-5436
 3000 07c0 C4EA     		.short	-5436
 3001 07c2 C4EA     		.short	-5436
 3002 07c4 C4EA     		.short	-5436
 3003 07c6 C4EA     		.short	-5436
 3004 07c8 C4EA     		.short	-5436
 3005 07ca C4EA     		.short	-5436
 3006 07cc C4EA     		.short	-5436
 3007 07ce C4EA     		.short	-5436
 3008 07d0 C4EA     		.short	-5436
 3009 07d2 C4EA     		.short	-5436
 3010 07d4 C4EA     		.short	-5436
 3011 07d6 C4EA     		.short	-5436
 3012 07d8 C4EA     		.short	-5436
 3013 07da C4EA     		.short	-5436
 3014 07dc C4EA     		.short	-5436
 3015 07de C4EA     		.short	-5436
 3016 07e0 C4EA     		.short	-5436
 3017 07e2 C4EA     		.short	-5436
 3018 07e4 C4EA     		.short	-5436
 3019 07e6 C4EA     		.short	-5436
 3020 07e8 C4EA     		.short	-5436
 3021 07ea C4EA     		.short	-5436
 3022 07ec C4EA     		.short	-5436
 3023 07ee C4EA     		.short	-5436
 3024 07f0 C4EA     		.short	-5436
 3025 07f2 C4EA     		.short	-5436
 3026 07f4 C4EA     		.short	-5436
 3027 07f6 C4EA     		.short	-5436
 3028 07f8 C4EA     		.short	-5436
 3029 07fa C4EA     		.short	-5436
 3030 07fc C4EA     		.short	-5436
 3031 07fe 05FB     		.short	-1275
 3032 0800 8EF4     		.short	-2930
 3033 0802 05FB     		.short	-1275
 3034 0804 C4EA     		.short	-5436
 3035 0806 C4EA     		.short	-5436
 3036 0808 C4EA     		.short	-5436
 3037 080a A4EA     		.short	-5468
 3038 080c EFF4     		.short	-2833
 3039 080e BEFF     		.short	-66
 3040 0810 F5F5     		.short	-2571
 3041 0812 A9EB     		.short	-5207
 3042 0814 E5EA     		.short	-5403
 3043 0816 A3E2     		.short	-7517
 3044 0818 83E2     		.short	-7549
 3045 081a A3E2     		.short	-7517
 3046 081c A3E2     		.short	-7517
 3047 081e A3E2     		.short	-7517
 3048 0820 A3E2     		.short	-7517
 3049 0822 A3E2     		.short	-7517
 3050 0824 83E2     		.short	-7549
ARM GAS  C:\Users\user\AppData\Local\Temp\ccqcwdMl.s 			page 70


 3051 0826 A4E2     		.short	-7516
 3052 0828 26EB     		.short	-5338
 3053 082a C9EB     		.short	-5175
 3054 082c 8DF4     		.short	-2931
 3055 082e 72F5     		.short	-2702
 3056 0830 98FE     		.short	-360
 3057 0832 BEFF     		.short	-66
 3058 0834 DFFF     		.short	-33
 3059 0836 98FE     		.short	-360
 3060 0838 F0F4     		.short	-2832
 3061 083a 67EB     		.short	-5273
 3062 083c A4E2     		.short	-7516
 3063 083e 26EB     		.short	-5338
 3064 0840 AEF4     		.short	-2898
 3065 0842 57FE     		.short	-425
 3066 0844 BEFF     		.short	-66
 3067 0846 DFFF     		.short	-33
 3068 0848 B9FE     		.short	-327
 3069 084a 93F5     		.short	-2669
 3070 084c AEF4     		.short	-2898
 3071 084e EAEB     		.short	-5142
 3072 0850 26EB     		.short	-5338
 3073 0852 A4EA     		.short	-5468
 3074 0854 83E2     		.short	-7549
 3075 0856 A3E2     		.short	-7517
 3076 0858 A3E2     		.short	-7517
 3077 085a A3E2     		.short	-7517
 3078 085c A3E2     		.short	-7517
 3079 085e A3E2     		.short	-7517
 3080 0860 A3E2     		.short	-7517
 3081 0862 83E2     		.short	-7549
 3082 0864 C4EA     		.short	-5436
 3083 0866 47EB     		.short	-5305
 3084 0868 F5F5     		.short	-2571
 3085 086a DFFF     		.short	-33
 3086 086c 8EF4     		.short	-2930
 3087 086e C4EA     		.short	-5436
 3088 0870 C4EA     		.short	-5436
 3089 0872 C4EA     		.short	-5436
 3090 0874 C4EA     		.short	-5436
 3091 0876 C4EA     		.short	-5436
 3092 0878 C4EA     		.short	-5436
 3093 087a C4EA     		.short	-5436
 3094 087c C4EA     		.short	-5436
 3095 087e C4EA     		.short	-5436
 3096 0880 C4EA     		.short	-5436
 3097 0882 C4EA     		.short	-5436
 3098 0884 C4EA     		.short	-5436
 3099 0886 C4EA     		.short	-5436
 3100 0888 C4EA     		.short	-5436
 3101 088a C4EA     		.short	-5436
 3102 088c C4EA     		.short	-5436
 3103 088e C4EA     		.short	-5436
 3104 0890 C4EA     		.short	-5436
 3105 0892 C4EA     		.short	-5436
 3106 0894 C4EA     		.short	-5436
 3107 0896 C4EA     		.short	-5436
ARM GAS  C:\Users\user\AppData\Local\Temp\ccqcwdMl.s 			page 71


 3108 0898 C4EA     		.short	-5436
 3109 089a C4EA     		.short	-5436
 3110 089c C4EA     		.short	-5436
 3111 089e C4EA     		.short	-5436
 3112 08a0 C4EA     		.short	-5436
 3113 08a2 C4EA     		.short	-5436
 3114 08a4 C4EA     		.short	-5436
 3115 08a6 C4EA     		.short	-5436
 3116 08a8 C4EA     		.short	-5436
 3117 08aa C4EA     		.short	-5436
 3118 08ac C4EA     		.short	-5436
 3119 08ae C4EA     		.short	-5436
 3120 08b0 C4EA     		.short	-5436
 3121 08b2 C4EA     		.short	-5436
 3122 08b4 C4EA     		.short	-5436
 3123 08b6 C4EA     		.short	-5436
 3124 08b8 C4EA     		.short	-5436
 3125 08ba C4EA     		.short	-5436
 3126 08bc C4EA     		.short	-5436
 3127 08be C4EA     		.short	-5436
 3128 08c0 C4EA     		.short	-5436
 3129 08c2 C4EA     		.short	-5436
 3130 08c4 C4EA     		.short	-5436
 3131 08c6 C4EA     		.short	-5436
 3132 08c8 C4EA     		.short	-5436
 3133 08ca C4EA     		.short	-5436
 3134 08cc C4EA     		.short	-5436
 3135 08ce C4EA     		.short	-5436
 3136 08d0 C4EA     		.short	-5436
 3137 08d2 C4EA     		.short	-5436
 3138 08d4 C4EA     		.short	-5436
 3139 08d6 C4EA     		.short	-5436
 3140 08d8 C4EA     		.short	-5436
 3141 08da C4EA     		.short	-5436
 3142 08dc C4EA     		.short	-5436
 3143 08de C4EA     		.short	-5436
 3144 08e0 C4EA     		.short	-5436
 3145 08e2 C4EA     		.short	-5436
 3146 08e4 C4EA     		.short	-5436
 3147 08e6 C4EA     		.short	-5436
 3148 08e8 C4EA     		.short	-5436
 3149 08ea C4EA     		.short	-5436
 3150 08ec C4EA     		.short	-5436
 3151 08ee C4EA     		.short	-5436
 3152 08f0 C4EA     		.short	-5436
 3153 08f2 C4EA     		.short	-5436
 3154 08f4 C4EA     		.short	-5436
 3155 08f6 C4EA     		.short	-5436
 3156 08f8 C4EA     		.short	-5436
 3157 08fa C4EA     		.short	-5436
 3158 08fc C4EA     		.short	-5436
 3159 08fe 05FB     		.short	-1275
 3160 0900 8EF4     		.short	-2930
 3161 0902 05FB     		.short	-1275
 3162 0904 C4EA     		.short	-5436
 3163 0906 C4EA     		.short	-5436
 3164 0908 C4EA     		.short	-5436
ARM GAS  C:\Users\user\AppData\Local\Temp\ccqcwdMl.s 			page 72


 3165 090a 05EB     		.short	-5371
 3166 090c 56F6     		.short	-2474
 3167 090e BEFF     		.short	-66
 3168 0910 EAEB     		.short	-5142
 3169 0912 83E2     		.short	-7549
 3170 0914 A4EA     		.short	-5468
 3171 0916 C4EA     		.short	-5436
 3172 0918 C4EA     		.short	-5436
 3173 091a C4EA     		.short	-5436
 3174 091c C4EA     		.short	-5436
 3175 091e C4EA     		.short	-5436
 3176 0920 C4EA     		.short	-5436
 3177 0922 C4EA     		.short	-5436
 3178 0924 C4EA     		.short	-5436
 3179 0926 C4EA     		.short	-5436
 3180 0928 C4EA     		.short	-5436
 3181 092a A4E2     		.short	-7516
 3182 092c 83E2     		.short	-7549
 3183 092e A4E2     		.short	-7516
 3184 0930 67EB     		.short	-5273
 3185 0932 6CEC     		.short	-5012
 3186 0934 B3F5     		.short	-2637
 3187 0936 5CFF     		.short	-164
 3188 0938 DEFF     		.short	-34
 3189 093a 78FE     		.short	-392
 3190 093c 51F5     		.short	-2735
 3191 093e 36F6     		.short	-2506
 3192 0940 9EFF     		.short	-98
 3193 0942 9DFF     		.short	-99
 3194 0944 F5F5     		.short	-2571
 3195 0946 8DEC     		.short	-4979
 3196 0948 88EB     		.short	-5240
 3197 094a C4EA     		.short	-5436
 3198 094c 83E2     		.short	-7549
 3199 094e A4E2     		.short	-7516
 3200 0950 C4EA     		.short	-5436
 3201 0952 C4EA     		.short	-5436
 3202 0954 C4EA     		.short	-5436
 3203 0956 C4EA     		.short	-5436
 3204 0958 C4EA     		.short	-5436
 3205 095a C4EA     		.short	-5436
 3206 095c C4EA     		.short	-5436
 3207 095e C4EA     		.short	-5436
 3208 0960 C4EA     		.short	-5436
 3209 0962 C4EA     		.short	-5436
 3210 0964 C4EA     		.short	-5436
 3211 0966 83E2     		.short	-7549
 3212 0968 4CEC     		.short	-5044
 3213 096a 7CFF     		.short	-132
 3214 096c F5F5     		.short	-2571
 3215 096e 06EB     		.short	-5370
 3216 0970 A4EA     		.short	-5468
 3217 0972 C4EA     		.short	-5436
 3218 0974 C4EA     		.short	-5436
 3219 0976 C4EA     		.short	-5436
 3220 0978 C4EA     		.short	-5436
 3221 097a C4EA     		.short	-5436
ARM GAS  C:\Users\user\AppData\Local\Temp\ccqcwdMl.s 			page 73


 3222 097c C4EA     		.short	-5436
 3223 097e C4EA     		.short	-5436
 3224 0980 C4EA     		.short	-5436
 3225 0982 C4EA     		.short	-5436
 3226 0984 C4EA     		.short	-5436
 3227 0986 C4EA     		.short	-5436
 3228 0988 C4EA     		.short	-5436
 3229 098a C4EA     		.short	-5436
 3230 098c C4EA     		.short	-5436
 3231 098e C4EA     		.short	-5436
 3232 0990 C4EA     		.short	-5436
 3233 0992 C4EA     		.short	-5436
 3234 0994 C4EA     		.short	-5436
 3235 0996 C4EA     		.short	-5436
 3236 0998 C4EA     		.short	-5436
 3237 099a C4EA     		.short	-5436
 3238 099c C4EA     		.short	-5436
 3239 099e C4EA     		.short	-5436
 3240 09a0 C4EA     		.short	-5436
 3241 09a2 C4EA     		.short	-5436
 3242 09a4 C4EA     		.short	-5436
 3243 09a6 C4EA     		.short	-5436
 3244 09a8 C4EA     		.short	-5436
 3245 09aa C4EA     		.short	-5436
 3246 09ac C4EA     		.short	-5436
 3247 09ae C4EA     		.short	-5436
 3248 09b0 C4EA     		.short	-5436
 3249 09b2 C4EA     		.short	-5436
 3250 09b4 C4EA     		.short	-5436
 3251 09b6 C4EA     		.short	-5436
 3252 09b8 C4EA     		.short	-5436
 3253 09ba C4EA     		.short	-5436
 3254 09bc C4EA     		.short	-5436
 3255 09be C4EA     		.short	-5436
 3256 09c0 C4EA     		.short	-5436
 3257 09c2 C4EA     		.short	-5436
 3258 09c4 C4EA     		.short	-5436
 3259 09c6 C4EA     		.short	-5436
 3260 09c8 C4EA     		.short	-5436
 3261 09ca C4EA     		.short	-5436
 3262 09cc C4EA     		.short	-5436
 3263 09ce C4EA     		.short	-5436
 3264 09d0 C4EA     		.short	-5436
 3265 09d2 C4EA     		.short	-5436
 3266 09d4 C4EA     		.short	-5436
 3267 09d6 C4EA     		.short	-5436
 3268 09d8 C4EA     		.short	-5436
 3269 09da C4EA     		.short	-5436
 3270 09dc C4EA     		.short	-5436
 3271 09de C4EA     		.short	-5436
 3272 09e0 C4EA     		.short	-5436
 3273 09e2 C4EA     		.short	-5436
 3274 09e4 C4EA     		.short	-5436
 3275 09e6 C4EA     		.short	-5436
 3276 09e8 C4EA     		.short	-5436
 3277 09ea C4EA     		.short	-5436
 3278 09ec C4EA     		.short	-5436
ARM GAS  C:\Users\user\AppData\Local\Temp\ccqcwdMl.s 			page 74


 3279 09ee C4EA     		.short	-5436
 3280 09f0 C4EA     		.short	-5436
 3281 09f2 C4EA     		.short	-5436
 3282 09f4 C4EA     		.short	-5436
 3283 09f6 C4EA     		.short	-5436
 3284 09f8 C4EA     		.short	-5436
 3285 09fa C4EA     		.short	-5436
 3286 09fc C4EA     		.short	-5436
 3287 09fe 05FB     		.short	-1275
 3288 0a00 8EF4     		.short	-2930
 3289 0a02 05FB     		.short	-1275
 3290 0a04 C4EA     		.short	-5436
 3291 0a06 C4EA     		.short	-5436
 3292 0a08 A4E2     		.short	-7516
 3293 0a0a EAEB     		.short	-5142
 3294 0a0c 3BFF     		.short	-197
 3295 0a0e 78FE     		.short	-392
 3296 0a10 27EB     		.short	-5337
 3297 0a12 A4E2     		.short	-7516
 3298 0a14 C4EA     		.short	-5436
 3299 0a16 C4EA     		.short	-5436
 3300 0a18 C4EA     		.short	-5436
 3301 0a1a C4EA     		.short	-5436
 3302 0a1c C4EA     		.short	-5436
 3303 0a1e C4EA     		.short	-5436
 3304 0a20 C4EA     		.short	-5436
 3305 0a22 C4EA     		.short	-5436
 3306 0a24 C4EA     		.short	-5436
 3307 0a26 C4EA     		.short	-5436
 3308 0a28 C4EA     		.short	-5436
 3309 0a2a C4EA     		.short	-5436
 3310 0a2c C4EA     		.short	-5436
 3311 0a2e C4EA     		.short	-5436
 3312 0a30 A4EA     		.short	-5468
 3313 0a32 83E2     		.short	-7549
 3314 0a34 E5EA     		.short	-5403
 3315 0a36 CAEB     		.short	-5174
 3316 0a38 36F6     		.short	-2506
 3317 0a3a FFFF     		.short	-1
 3318 0a3c FFFF     		.short	-1
 3319 0a3e FFFF     		.short	-1
 3320 0a40 78FE     		.short	-392
 3321 0a42 0BEC     		.short	-5109
 3322 0a44 E5EA     		.short	-5403
 3323 0a46 83E2     		.short	-7549
 3324 0a48 A4E2     		.short	-7516
 3325 0a4a C4EA     		.short	-5436
 3326 0a4c C4EA     		.short	-5436
 3327 0a4e C4EA     		.short	-5436
 3328 0a50 C4EA     		.short	-5436
 3329 0a52 C4EA     		.short	-5436
 3330 0a54 C4EA     		.short	-5436
 3331 0a56 C4EA     		.short	-5436
 3332 0a58 C4EA     		.short	-5436
 3333 0a5a C4EA     		.short	-5436
 3334 0a5c C4EA     		.short	-5436
 3335 0a5e C4EA     		.short	-5436
ARM GAS  C:\Users\user\AppData\Local\Temp\ccqcwdMl.s 			page 75


 3336 0a60 C4EA     		.short	-5436
 3337 0a62 C4EA     		.short	-5436
 3338 0a64 C4EA     		.short	-5436
 3339 0a66 A4EA     		.short	-5468
 3340 0a68 47EB     		.short	-5305
 3341 0a6a D9FE     		.short	-295
 3342 0a6c 1BFF     		.short	-229
 3343 0a6e 67EB     		.short	-5273
 3344 0a70 A3E2     		.short	-7517
 3345 0a72 C4EA     		.short	-5436
 3346 0a74 C4EA     		.short	-5436
 3347 0a76 C4EA     		.short	-5436
 3348 0a78 C4EA     		.short	-5436
 3349 0a7a C4EA     		.short	-5436
 3350 0a7c C4EA     		.short	-5436
 3351 0a7e C4EA     		.short	-5436
 3352 0a80 C4EA     		.short	-5436
 3353 0a82 C4EA     		.short	-5436
 3354 0a84 C4EA     		.short	-5436
 3355 0a86 C4EA     		.short	-5436
 3356 0a88 C4EA     		.short	-5436
 3357 0a8a C4EA     		.short	-5436
 3358 0a8c C4EA     		.short	-5436
 3359 0a8e C4EA     		.short	-5436
 3360 0a90 C4EA     		.short	-5436
 3361 0a92 C4EA     		.short	-5436
 3362 0a94 C4EA     		.short	-5436
 3363 0a96 C4EA     		.short	-5436
 3364 0a98 C4EA     		.short	-5436
 3365 0a9a C4EA     		.short	-5436
 3366 0a9c C4EA     		.short	-5436
 3367 0a9e C4EA     		.short	-5436
 3368 0aa0 C4EA     		.short	-5436
 3369 0aa2 C4EA     		.short	-5436
 3370 0aa4 C4EA     		.short	-5436
 3371 0aa6 C4EA     		.short	-5436
 3372 0aa8 C4EA     		.short	-5436
 3373 0aaa C4EA     		.short	-5436
 3374 0aac C4EA     		.short	-5436
 3375 0aae C4EA     		.short	-5436
 3376 0ab0 C4EA     		.short	-5436
 3377 0ab2 C4EA     		.short	-5436
 3378 0ab4 C4EA     		.short	-5436
 3379 0ab6 C4EA     		.short	-5436
 3380 0ab8 C4EA     		.short	-5436
 3381 0aba C4EA     		.short	-5436
 3382 0abc C4EA     		.short	-5436
 3383 0abe C4EA     		.short	-5436
 3384 0ac0 C4EA     		.short	-5436
 3385 0ac2 C4EA     		.short	-5436
 3386 0ac4 C4EA     		.short	-5436
 3387 0ac6 C4EA     		.short	-5436
 3388 0ac8 C4EA     		.short	-5436
 3389 0aca C4EA     		.short	-5436
 3390 0acc C4EA     		.short	-5436
 3391 0ace C4EA     		.short	-5436
 3392 0ad0 C4EA     		.short	-5436
ARM GAS  C:\Users\user\AppData\Local\Temp\ccqcwdMl.s 			page 76


 3393 0ad2 C4EA     		.short	-5436
 3394 0ad4 C4EA     		.short	-5436
 3395 0ad6 C4EA     		.short	-5436
 3396 0ad8 C4EA     		.short	-5436
 3397 0ada C4EA     		.short	-5436
 3398 0adc C4EA     		.short	-5436
 3399 0ade C4EA     		.short	-5436
 3400 0ae0 C4EA     		.short	-5436
 3401 0ae2 C4EA     		.short	-5436
 3402 0ae4 C4EA     		.short	-5436
 3403 0ae6 C4EA     		.short	-5436
 3404 0ae8 C4EA     		.short	-5436
 3405 0aea C4EA     		.short	-5436
 3406 0aec C4EA     		.short	-5436
 3407 0aee C4EA     		.short	-5436
 3408 0af0 C4EA     		.short	-5436
 3409 0af2 C4EA     		.short	-5436
 3410 0af4 C4EA     		.short	-5436
 3411 0af6 C4EA     		.short	-5436
 3412 0af8 C4EA     		.short	-5436
 3413 0afa C4EA     		.short	-5436
 3414 0afc C4EA     		.short	-5436
 3415 0afe 05FB     		.short	-1275
 3416 0b00 8EF4     		.short	-2930
 3417 0b02 05FB     		.short	-1275
 3418 0b04 C4EA     		.short	-5436
 3419 0b06 C4EA     		.short	-5436
 3420 0b08 A3E2     		.short	-7517
 3421 0b0a F0F4     		.short	-2832
 3422 0b0c DFFF     		.short	-33
 3423 0b0e 10F5     		.short	-2800
 3424 0b10 C4EA     		.short	-5436
 3425 0b12 C4EA     		.short	-5436
 3426 0b14 C4EA     		.short	-5436
 3427 0b16 C4EA     		.short	-5436
 3428 0b18 C4EA     		.short	-5436
 3429 0b1a C4EA     		.short	-5436
 3430 0b1c C4EA     		.short	-5436
 3431 0b1e C4EA     		.short	-5436
 3432 0b20 C4EA     		.short	-5436
 3433 0b22 C4EA     		.short	-5436
 3434 0b24 C4EA     		.short	-5436
 3435 0b26 C4EA     		.short	-5436
 3436 0b28 C4EA     		.short	-5436
 3437 0b2a C4EA     		.short	-5436
 3438 0b2c C4EA     		.short	-5436
 3439 0b2e C4EA     		.short	-5436
 3440 0b30 C4EA     		.short	-5436
 3441 0b32 A4EA     		.short	-5468
 3442 0b34 C4EA     		.short	-5436
 3443 0b36 2CEC     		.short	-5076
 3444 0b38 FAFE     		.short	-262
 3445 0b3a FFFF     		.short	-1
 3446 0b3c 7CFF     		.short	-132
 3447 0b3e DEFF     		.short	-34
 3448 0b40 3BFF     		.short	-197
 3449 0b42 6DEC     		.short	-5011
ARM GAS  C:\Users\user\AppData\Local\Temp\ccqcwdMl.s 			page 77


 3450 0b44 C4EA     		.short	-5436
 3451 0b46 A4EA     		.short	-5468
 3452 0b48 C4EA     		.short	-5436
 3453 0b4a C4EA     		.short	-5436
 3454 0b4c C4EA     		.short	-5436
 3455 0b4e C4EA     		.short	-5436
 3456 0b50 C4EA     		.short	-5436
 3457 0b52 C4EA     		.short	-5436
 3458 0b54 C4EA     		.short	-5436
 3459 0b56 C4EA     		.short	-5436
 3460 0b58 C4EA     		.short	-5436
 3461 0b5a C4EA     		.short	-5436
 3462 0b5c C4EA     		.short	-5436
 3463 0b5e C4EA     		.short	-5436
 3464 0b60 C4EA     		.short	-5436
 3465 0b62 C4EA     		.short	-5436
 3466 0b64 C4EA     		.short	-5436
 3467 0b66 C4EA     		.short	-5436
 3468 0b68 C4EA     		.short	-5436
 3469 0b6a 16F6     		.short	-2538
 3470 0b6c BEFF     		.short	-66
 3471 0b6e EAEB     		.short	-5142
 3472 0b70 A4E2     		.short	-7516
 3473 0b72 C4EA     		.short	-5436
 3474 0b74 C4EA     		.short	-5436
 3475 0b76 C4EA     		.short	-5436
 3476 0b78 C4EA     		.short	-5436
 3477 0b7a C4EA     		.short	-5436
 3478 0b7c C4EA     		.short	-5436
 3479 0b7e C4EA     		.short	-5436
 3480 0b80 C4EA     		.short	-5436
 3481 0b82 C4EA     		.short	-5436
 3482 0b84 C4EA     		.short	-5436
 3483 0b86 C4EA     		.short	-5436
 3484 0b88 C4EA     		.short	-5436
 3485 0b8a C4EA     		.short	-5436
 3486 0b8c C4EA     		.short	-5436
 3487 0b8e C4EA     		.short	-5436
 3488 0b90 C4EA     		.short	-5436
 3489 0b92 C4EA     		.short	-5436
 3490 0b94 C4EA     		.short	-5436
 3491 0b96 C4EA     		.short	-5436
 3492 0b98 C4EA     		.short	-5436
 3493 0b9a C4EA     		.short	-5436
 3494 0b9c C4EA     		.short	-5436
 3495 0b9e C4EA     		.short	-5436
 3496 0ba0 C4EA     		.short	-5436
 3497 0ba2 C4EA     		.short	-5436
 3498 0ba4 C4EA     		.short	-5436
 3499 0ba6 C4EA     		.short	-5436
 3500 0ba8 C4EA     		.short	-5436
 3501 0baa C4EA     		.short	-5436
 3502 0bac C4EA     		.short	-5436
 3503 0bae C4EA     		.short	-5436
 3504 0bb0 C4EA     		.short	-5436
 3505 0bb2 C4EA     		.short	-5436
 3506 0bb4 C4EA     		.short	-5436
ARM GAS  C:\Users\user\AppData\Local\Temp\ccqcwdMl.s 			page 78


 3507 0bb6 C4EA     		.short	-5436
 3508 0bb8 C4EA     		.short	-5436
 3509 0bba C4EA     		.short	-5436
 3510 0bbc C4EA     		.short	-5436
 3511 0bbe C4EA     		.short	-5436
 3512 0bc0 C4EA     		.short	-5436
 3513 0bc2 C4EA     		.short	-5436
 3514 0bc4 C4EA     		.short	-5436
 3515 0bc6 C4EA     		.short	-5436
 3516 0bc8 C4EA     		.short	-5436
 3517 0bca C4EA     		.short	-5436
 3518 0bcc C4EA     		.short	-5436
 3519 0bce C4EA     		.short	-5436
 3520 0bd0 C4EA     		.short	-5436
 3521 0bd2 C4EA     		.short	-5436
 3522 0bd4 C4EA     		.short	-5436
 3523 0bd6 C4EA     		.short	-5436
 3524 0bd8 C4EA     		.short	-5436
 3525 0bda C4EA     		.short	-5436
 3526 0bdc C4EA     		.short	-5436
 3527 0bde C4EA     		.short	-5436
 3528 0be0 C4EA     		.short	-5436
 3529 0be2 C4EA     		.short	-5436
 3530 0be4 C4EA     		.short	-5436
 3531 0be6 C4EA     		.short	-5436
 3532 0be8 C4EA     		.short	-5436
 3533 0bea C4EA     		.short	-5436
 3534 0bec C4EA     		.short	-5436
 3535 0bee C4EA     		.short	-5436
 3536 0bf0 C4EA     		.short	-5436
 3537 0bf2 C4EA     		.short	-5436
 3538 0bf4 C4EA     		.short	-5436
 3539 0bf6 C4EA     		.short	-5436
 3540 0bf8 C4EA     		.short	-5436
 3541 0bfa C4EA     		.short	-5436
 3542 0bfc C4EA     		.short	-5436
 3543 0bfe 05FB     		.short	-1275
 3544 0c00 8EF4     		.short	-2930
 3545 0c02 05FB     		.short	-1275
 3546 0c04 C4EA     		.short	-5436
 3547 0c06 C4EA     		.short	-5436
 3548 0c08 C4EA     		.short	-5436
 3549 0c0a D4F5     		.short	-2604
 3550 0c0c FFFF     		.short	-1
 3551 0c0e 2BEC     		.short	-5077
 3552 0c10 83E2     		.short	-7549
 3553 0c12 C4EA     		.short	-5436
 3554 0c14 C4EA     		.short	-5436
 3555 0c16 C4EA     		.short	-5436
 3556 0c18 C4EA     		.short	-5436
 3557 0c1a C4EA     		.short	-5436
 3558 0c1c C4EA     		.short	-5436
 3559 0c1e C4EA     		.short	-5436
 3560 0c20 C4EA     		.short	-5436
 3561 0c22 C4EA     		.short	-5436
 3562 0c24 C4EA     		.short	-5436
 3563 0c26 C4EA     		.short	-5436
ARM GAS  C:\Users\user\AppData\Local\Temp\ccqcwdMl.s 			page 79


 3564 0c28 C4EA     		.short	-5436
 3565 0c2a C4EA     		.short	-5436
 3566 0c2c C4EA     		.short	-5436
 3567 0c2e C4EA     		.short	-5436
 3568 0c30 A4EA     		.short	-5468
 3569 0c32 05EB     		.short	-5371
 3570 0c34 10F5     		.short	-2800
 3571 0c36 7DFF     		.short	-131
 3572 0c38 9DFF     		.short	-99
 3573 0c3a 72F5     		.short	-2702
 3574 0c3c A9EB     		.short	-5207
 3575 0c3e 30F5     		.short	-2768
 3576 0c40 5CFF     		.short	-164
 3577 0c42 9DFF     		.short	-99
 3578 0c44 72F5     		.short	-2702
 3579 0c46 26EB     		.short	-5338
 3580 0c48 A4E2     		.short	-7516
 3581 0c4a C4EA     		.short	-5436
 3582 0c4c C4EA     		.short	-5436
 3583 0c4e C4EA     		.short	-5436
 3584 0c50 C4EA     		.short	-5436
 3585 0c52 C4EA     		.short	-5436
 3586 0c54 C4EA     		.short	-5436
 3587 0c56 C4EA     		.short	-5436
 3588 0c58 C4EA     		.short	-5436
 3589 0c5a C4EA     		.short	-5436
 3590 0c5c C4EA     		.short	-5436
 3591 0c5e C4EA     		.short	-5436
 3592 0c60 C4EA     		.short	-5436
 3593 0c62 C4EA     		.short	-5436
 3594 0c64 C4EA     		.short	-5436
 3595 0c66 C4EA     		.short	-5436
 3596 0c68 A4EA     		.short	-5468
 3597 0c6a 51F5     		.short	-2735
 3598 0c6c 9DFF     		.short	-99
 3599 0c6e AEF4     		.short	-2898
 3600 0c70 C4EA     		.short	-5436
 3601 0c72 C4EA     		.short	-5436
 3602 0c74 C4EA     		.short	-5436
 3603 0c76 C4EA     		.short	-5436
 3604 0c78 C4EA     		.short	-5436
 3605 0c7a C4EA     		.short	-5436
 3606 0c7c C4EA     		.short	-5436
 3607 0c7e C4EA     		.short	-5436
 3608 0c80 C4EA     		.short	-5436
 3609 0c82 C4EA     		.short	-5436
 3610 0c84 C4EA     		.short	-5436
 3611 0c86 C4EA     		.short	-5436
 3612 0c88 C4EA     		.short	-5436
 3613 0c8a C4EA     		.short	-5436
 3614 0c8c C4EA     		.short	-5436
 3615 0c8e C4EA     		.short	-5436
 3616 0c90 C4EA     		.short	-5436
 3617 0c92 C4EA     		.short	-5436
 3618 0c94 C4EA     		.short	-5436
 3619 0c96 C4EA     		.short	-5436
 3620 0c98 C4EA     		.short	-5436
ARM GAS  C:\Users\user\AppData\Local\Temp\ccqcwdMl.s 			page 80


 3621 0c9a C4EA     		.short	-5436
 3622 0c9c C4EA     		.short	-5436
 3623 0c9e C4EA     		.short	-5436
 3624 0ca0 C4EA     		.short	-5436
 3625 0ca2 C4EA     		.short	-5436
 3626 0ca4 C4EA     		.short	-5436
 3627 0ca6 C4EA     		.short	-5436
 3628 0ca8 C4EA     		.short	-5436
 3629 0caa C4EA     		.short	-5436
 3630 0cac C4EA     		.short	-5436
 3631 0cae C4EA     		.short	-5436
 3632 0cb0 C4EA     		.short	-5436
 3633 0cb2 C4EA     		.short	-5436
 3634 0cb4 C4EA     		.short	-5436
 3635 0cb6 C4EA     		.short	-5436
 3636 0cb8 C4EA     		.short	-5436
 3637 0cba C4EA     		.short	-5436
 3638 0cbc C4EA     		.short	-5436
 3639 0cbe C4EA     		.short	-5436
 3640 0cc0 C4EA     		.short	-5436
 3641 0cc2 C4EA     		.short	-5436
 3642 0cc4 C4EA     		.short	-5436
 3643 0cc6 C4EA     		.short	-5436
 3644 0cc8 C4EA     		.short	-5436
 3645 0cca C4EA     		.short	-5436
 3646 0ccc C4EA     		.short	-5436
 3647 0cce C4EA     		.short	-5436
 3648 0cd0 C4EA     		.short	-5436
 3649 0cd2 C4EA     		.short	-5436
 3650 0cd4 C4EA     		.short	-5436
 3651 0cd6 C4EA     		.short	-5436
 3652 0cd8 C4EA     		.short	-5436
 3653 0cda C4EA     		.short	-5436
 3654 0cdc C4EA     		.short	-5436
 3655 0cde C4EA     		.short	-5436
 3656 0ce0 C4EA     		.short	-5436
 3657 0ce2 C4EA     		.short	-5436
 3658 0ce4 C4EA     		.short	-5436
 3659 0ce6 C4EA     		.short	-5436
 3660 0ce8 C4EA     		.short	-5436
 3661 0cea C4EA     		.short	-5436
 3662 0cec C4EA     		.short	-5436
 3663 0cee C4EA     		.short	-5436
 3664 0cf0 C4EA     		.short	-5436
 3665 0cf2 C4EA     		.short	-5436
 3666 0cf4 C4EA     		.short	-5436
 3667 0cf6 C4EA     		.short	-5436
 3668 0cf8 C4EA     		.short	-5436
 3669 0cfa C4EA     		.short	-5436
 3670 0cfc C4EA     		.short	-5436
 3671 0cfe 05FB     		.short	-1275
 3672 0d00 8EF4     		.short	-2930
 3673 0d02 05FB     		.short	-1275
 3674 0d04 C4EA     		.short	-5436
 3675 0d06 A4E2     		.short	-7516
 3676 0d08 47EB     		.short	-5305
 3677 0d0a 98FE     		.short	-360
ARM GAS  C:\Users\user\AppData\Local\Temp\ccqcwdMl.s 			page 81


 3678 0d0c 1AFF     		.short	-230
 3679 0d0e 88EB     		.short	-5240
 3680 0d10 A3E2     		.short	-7517
 3681 0d12 C4EA     		.short	-5436
 3682 0d14 C4EA     		.short	-5436
 3683 0d16 C4EA     		.short	-5436
 3684 0d18 C4EA     		.short	-5436
 3685 0d1a C4EA     		.short	-5436
 3686 0d1c C4EA     		.short	-5436
 3687 0d1e C4EA     		.short	-5436
 3688 0d20 C4EA     		.short	-5436
 3689 0d22 C4EA     		.short	-5436
 3690 0d24 C4EA     		.short	-5436
 3691 0d26 C4EA     		.short	-5436
 3692 0d28 C4EA     		.short	-5436
 3693 0d2a C4EA     		.short	-5436
 3694 0d2c C4EA     		.short	-5436
 3695 0d2e A4EA     		.short	-5468
 3696 0d30 26EB     		.short	-5338
 3697 0d32 72F5     		.short	-2702
 3698 0d34 DEFF     		.short	-34
 3699 0d36 1BFF     		.short	-229
 3700 0d38 8DF4     		.short	-2931
 3701 0d3a E5EA     		.short	-5403
 3702 0d3c A3E2     		.short	-7517
 3703 0d3e C5EA     		.short	-5435
 3704 0d40 2CEC     		.short	-5076
 3705 0d42 D9FE     		.short	-295
 3706 0d44 DFFF     		.short	-33
 3707 0d46 F4F5     		.short	-2572
 3708 0d48 47EB     		.short	-5305
 3709 0d4a A4E2     		.short	-7516
 3710 0d4c C4EA     		.short	-5436
 3711 0d4e C4EA     		.short	-5436
 3712 0d50 C4EA     		.short	-5436
 3713 0d52 C4EA     		.short	-5436
 3714 0d54 C4EA     		.short	-5436
 3715 0d56 C4EA     		.short	-5436
 3716 0d58 C4EA     		.short	-5436
 3717 0d5a C4EA     		.short	-5436
 3718 0d5c C4EA     		.short	-5436
 3719 0d5e C4EA     		.short	-5436
 3720 0d60 C4EA     		.short	-5436
 3721 0d62 C4EA     		.short	-5436
 3722 0d64 C4EA     		.short	-5436
 3723 0d66 C4EA     		.short	-5436
 3724 0d68 A4EA     		.short	-5468
 3725 0d6a 8DF4     		.short	-2931
 3726 0d6c 5CFF     		.short	-164
 3727 0d6e 72F5     		.short	-2702
 3728 0d70 E5EA     		.short	-5403
 3729 0d72 C4EA     		.short	-5436
 3730 0d74 C4EA     		.short	-5436
 3731 0d76 C4EA     		.short	-5436
 3732 0d78 C4EA     		.short	-5436
 3733 0d7a C4EA     		.short	-5436
 3734 0d7c C4EA     		.short	-5436
ARM GAS  C:\Users\user\AppData\Local\Temp\ccqcwdMl.s 			page 82


 3735 0d7e C4EA     		.short	-5436
 3736 0d80 C4EA     		.short	-5436
 3737 0d82 C4EA     		.short	-5436
 3738 0d84 C4EA     		.short	-5436
 3739 0d86 C4EA     		.short	-5436
 3740 0d88 C4EA     		.short	-5436
 3741 0d8a C4EA     		.short	-5436
 3742 0d8c C4EA     		.short	-5436
 3743 0d8e C4EA     		.short	-5436
 3744 0d90 C4EA     		.short	-5436
 3745 0d92 C4EA     		.short	-5436
 3746 0d94 C4EA     		.short	-5436
 3747 0d96 C4EA     		.short	-5436
 3748 0d98 C4EA     		.short	-5436
 3749 0d9a C4EA     		.short	-5436
 3750 0d9c C4EA     		.short	-5436
 3751 0d9e C4EA     		.short	-5436
 3752 0da0 C4EA     		.short	-5436
 3753 0da2 C4EA     		.short	-5436
 3754 0da4 C4EA     		.short	-5436
 3755 0da6 C4EA     		.short	-5436
 3756 0da8 C4EA     		.short	-5436
 3757 0daa C4EA     		.short	-5436
 3758 0dac C4EA     		.short	-5436
 3759 0dae C4EA     		.short	-5436
 3760 0db0 C4EA     		.short	-5436
 3761 0db2 C4EA     		.short	-5436
 3762 0db4 C4EA     		.short	-5436
 3763 0db6 C4EA     		.short	-5436
 3764 0db8 C4EA     		.short	-5436
 3765 0dba C4EA     		.short	-5436
 3766 0dbc C4EA     		.short	-5436
 3767 0dbe C4EA     		.short	-5436
 3768 0dc0 C4EA     		.short	-5436
 3769 0dc2 C4EA     		.short	-5436
 3770 0dc4 C4EA     		.short	-5436
 3771 0dc6 C4EA     		.short	-5436
 3772 0dc8 C4EA     		.short	-5436
 3773 0dca C4EA     		.short	-5436
 3774 0dcc C4EA     		.short	-5436
 3775 0dce C4EA     		.short	-5436
 3776 0dd0 C4EA     		.short	-5436
 3777 0dd2 C4EA     		.short	-5436
 3778 0dd4 C4EA     		.short	-5436
 3779 0dd6 C4EA     		.short	-5436
 3780 0dd8 C4EA     		.short	-5436
 3781 0dda C4EA     		.short	-5436
 3782 0ddc C4EA     		.short	-5436
 3783 0dde C4EA     		.short	-5436
 3784 0de0 C4EA     		.short	-5436
 3785 0de2 C4EA     		.short	-5436
 3786 0de4 C4EA     		.short	-5436
 3787 0de6 C4EA     		.short	-5436
 3788 0de8 C4EA     		.short	-5436
 3789 0dea C4EA     		.short	-5436
 3790 0dec C4EA     		.short	-5436
 3791 0dee C4EA     		.short	-5436
ARM GAS  C:\Users\user\AppData\Local\Temp\ccqcwdMl.s 			page 83


 3792 0df0 C4EA     		.short	-5436
 3793 0df2 C4EA     		.short	-5436
 3794 0df4 C4EA     		.short	-5436
 3795 0df6 C4EA     		.short	-5436
 3796 0df8 C4EA     		.short	-5436
 3797 0dfa C4EA     		.short	-5436
 3798 0dfc C4EA     		.short	-5436
 3799 0dfe 05FB     		.short	-1275
 3800 0e00 8EF4     		.short	-2930
 3801 0e02 05FB     		.short	-1275
 3802 0e04 C4EA     		.short	-5436
 3803 0e06 83E2     		.short	-7549
 3804 0e08 CAEB     		.short	-5174
 3805 0e0a 3BFF     		.short	-197
 3806 0e0c 36F6     		.short	-2506
 3807 0e0e 26EB     		.short	-5338
 3808 0e10 A4EA     		.short	-5468
 3809 0e12 C4EA     		.short	-5436
 3810 0e14 C4EA     		.short	-5436
 3811 0e16 C4EA     		.short	-5436
 3812 0e18 C4EA     		.short	-5436
 3813 0e1a C4EA     		.short	-5436
 3814 0e1c C4EA     		.short	-5436
 3815 0e1e C4EA     		.short	-5436
 3816 0e20 C4EA     		.short	-5436
 3817 0e22 C4EA     		.short	-5436
 3818 0e24 C4EA     		.short	-5436
 3819 0e26 C4EA     		.short	-5436
 3820 0e28 C4EA     		.short	-5436
 3821 0e2a C4EA     		.short	-5436
 3822 0e2c A4EA     		.short	-5468
 3823 0e2e 06EB     		.short	-5370
 3824 0e30 93F5     		.short	-2669
 3825 0e32 FFFF     		.short	-1
 3826 0e34 D9FE     		.short	-295
 3827 0e36 EAEB     		.short	-5142
 3828 0e38 A4E2     		.short	-7516
 3829 0e3a A4EA     		.short	-5468
 3830 0e3c C4EA     		.short	-5436
 3831 0e3e C4EA     		.short	-5436
 3832 0e40 A4EA     		.short	-5468
 3833 0e42 A9EB     		.short	-5207
 3834 0e44 77FE     		.short	-393
 3835 0e46 FFFF     		.short	-1
 3836 0e48 F5F5     		.short	-2571
 3837 0e4a 47EB     		.short	-5305
 3838 0e4c A4EA     		.short	-5468
 3839 0e4e C4EA     		.short	-5436
 3840 0e50 C4EA     		.short	-5436
 3841 0e52 C4EA     		.short	-5436
 3842 0e54 C4EA     		.short	-5436
 3843 0e56 C4EA     		.short	-5436
 3844 0e58 C4EA     		.short	-5436
 3845 0e5a C4EA     		.short	-5436
 3846 0e5c C4EA     		.short	-5436
 3847 0e5e C4EA     		.short	-5436
 3848 0e60 C4EA     		.short	-5436
ARM GAS  C:\Users\user\AppData\Local\Temp\ccqcwdMl.s 			page 84


 3849 0e62 C4EA     		.short	-5436
 3850 0e64 C4EA     		.short	-5436
 3851 0e66 C4EA     		.short	-5436
 3852 0e68 A4EA     		.short	-5468
 3853 0e6a EAEB     		.short	-5142
 3854 0e6c 3BFF     		.short	-197
 3855 0e6e F5F5     		.short	-2571
 3856 0e70 05EB     		.short	-5371
 3857 0e72 A4EA     		.short	-5468
 3858 0e74 C4EA     		.short	-5436
 3859 0e76 C4EA     		.short	-5436
 3860 0e78 C4EA     		.short	-5436
 3861 0e7a C4EA     		.short	-5436
 3862 0e7c C4EA     		.short	-5436
 3863 0e7e C4EA     		.short	-5436
 3864 0e80 C4EA     		.short	-5436
 3865 0e82 C4EA     		.short	-5436
 3866 0e84 C4EA     		.short	-5436
 3867 0e86 C4EA     		.short	-5436
 3868 0e88 C4EA     		.short	-5436
 3869 0e8a C4EA     		.short	-5436
 3870 0e8c C4EA     		.short	-5436
 3871 0e8e C4EA     		.short	-5436
 3872 0e90 C4EA     		.short	-5436
 3873 0e92 C4EA     		.short	-5436
 3874 0e94 C4EA     		.short	-5436
 3875 0e96 C4EA     		.short	-5436
 3876 0e98 C4EA     		.short	-5436
 3877 0e9a C4EA     		.short	-5436
 3878 0e9c C4EA     		.short	-5436
 3879 0e9e C4EA     		.short	-5436
 3880 0ea0 C4EA     		.short	-5436
 3881 0ea2 C4EA     		.short	-5436
 3882 0ea4 C4EA     		.short	-5436
 3883 0ea6 C4EA     		.short	-5436
 3884 0ea8 C4EA     		.short	-5436
 3885 0eaa C4EA     		.short	-5436
 3886 0eac C4EA     		.short	-5436
 3887 0eae C4EA     		.short	-5436
 3888 0eb0 C4EA     		.short	-5436
 3889 0eb2 C4EA     		.short	-5436
 3890 0eb4 C4EA     		.short	-5436
 3891 0eb6 C4EA     		.short	-5436
 3892 0eb8 C4EA     		.short	-5436
 3893 0eba C4EA     		.short	-5436
 3894 0ebc C4EA     		.short	-5436
 3895 0ebe C4EA     		.short	-5436
 3896 0ec0 C4EA     		.short	-5436
 3897 0ec2 C4EA     		.short	-5436
 3898 0ec4 C4EA     		.short	-5436
 3899 0ec6 C4EA     		.short	-5436
 3900 0ec8 C4EA     		.short	-5436
 3901 0eca C4EA     		.short	-5436
 3902 0ecc C4EA     		.short	-5436
 3903 0ece C4EA     		.short	-5436
 3904 0ed0 C4EA     		.short	-5436
 3905 0ed2 C4EA     		.short	-5436
ARM GAS  C:\Users\user\AppData\Local\Temp\ccqcwdMl.s 			page 85


 3906 0ed4 C4EA     		.short	-5436
 3907 0ed6 C4EA     		.short	-5436
 3908 0ed8 C4EA     		.short	-5436
 3909 0eda C4EA     		.short	-5436
 3910 0edc C4EA     		.short	-5436
 3911 0ede C4EA     		.short	-5436
 3912 0ee0 C4EA     		.short	-5436
 3913 0ee2 C4EA     		.short	-5436
 3914 0ee4 C4EA     		.short	-5436
 3915 0ee6 C4EA     		.short	-5436
 3916 0ee8 C4EA     		.short	-5436
 3917 0eea C4EA     		.short	-5436
 3918 0eec C4EA     		.short	-5436
 3919 0eee C4EA     		.short	-5436
 3920 0ef0 C4EA     		.short	-5436
 3921 0ef2 C4EA     		.short	-5436
 3922 0ef4 C4EA     		.short	-5436
 3923 0ef6 C4EA     		.short	-5436
 3924 0ef8 C4EA     		.short	-5436
 3925 0efa C4EA     		.short	-5436
 3926 0efc C4EA     		.short	-5436
 3927 0efe 05FB     		.short	-1275
 3928 0f00 8EF4     		.short	-2930
 3929 0f02 05FB     		.short	-1275
 3930 0f04 C4EA     		.short	-5436
 3931 0f06 83E2     		.short	-7549
 3932 0f08 4CEC     		.short	-5044
 3933 0f0a BEFF     		.short	-66
 3934 0f0c 93F5     		.short	-2669
 3935 0f0e E5EA     		.short	-5403
 3936 0f10 C4EA     		.short	-5436
 3937 0f12 C4EA     		.short	-5436
 3938 0f14 C4EA     		.short	-5436
 3939 0f16 C4EA     		.short	-5436
 3940 0f18 C4EA     		.short	-5436
 3941 0f1a C4EA     		.short	-5436
 3942 0f1c C4EA     		.short	-5436
 3943 0f1e C4EA     		.short	-5436
 3944 0f20 C4EA     		.short	-5436
 3945 0f22 C4EA     		.short	-5436
 3946 0f24 C4EA     		.short	-5436
 3947 0f26 C4EA     		.short	-5436
 3948 0f28 C4EA     		.short	-5436
 3949 0f2a A4EA     		.short	-5468
 3950 0f2c E5EA     		.short	-5403
 3951 0f2e 72F5     		.short	-2702
 3952 0f30 DFFF     		.short	-33
 3953 0f32 98FE     		.short	-360
 3954 0f34 C9EB     		.short	-5175
 3955 0f36 A4EA     		.short	-5468
 3956 0f38 C4EA     		.short	-5436
 3957 0f3a C4EA     		.short	-5436
 3958 0f3c C4EA     		.short	-5436
 3959 0f3e C4EA     		.short	-5436
 3960 0f40 C4EA     		.short	-5436
 3961 0f42 A3E2     		.short	-7517
 3962 0f44 68EB     		.short	-5272
ARM GAS  C:\Users\user\AppData\Local\Temp\ccqcwdMl.s 			page 86


 3963 0f46 36F6     		.short	-2506
 3964 0f48 FFFF     		.short	-1
 3965 0f4a F4F5     		.short	-2572
 3966 0f4c 26EB     		.short	-5338
 3967 0f4e A4EA     		.short	-5468
 3968 0f50 C4EA     		.short	-5436
 3969 0f52 C4EA     		.short	-5436
 3970 0f54 C4EA     		.short	-5436
 3971 0f56 C4EA     		.short	-5436
 3972 0f58 C4EA     		.short	-5436
 3973 0f5a C4EA     		.short	-5436
 3974 0f5c C4EA     		.short	-5436
 3975 0f5e C4EA     		.short	-5436
 3976 0f60 C4EA     		.short	-5436
 3977 0f62 C4EA     		.short	-5436
 3978 0f64 C4EA     		.short	-5436
 3979 0f66 C4EA     		.short	-5436
 3980 0f68 A4EA     		.short	-5468
 3981 0f6a 88EB     		.short	-5240
 3982 0f6c 1BFF     		.short	-229
 3983 0f6e 78FE     		.short	-392
 3984 0f70 06EB     		.short	-5370
 3985 0f72 A4EA     		.short	-5468
 3986 0f74 C4EA     		.short	-5436
 3987 0f76 C4EA     		.short	-5436
 3988 0f78 C4EA     		.short	-5436
 3989 0f7a C4EA     		.short	-5436
 3990 0f7c C4EA     		.short	-5436
 3991 0f7e C4EA     		.short	-5436
 3992 0f80 C4EA     		.short	-5436
 3993 0f82 C4EA     		.short	-5436
 3994 0f84 C4EA     		.short	-5436
 3995 0f86 C4EA     		.short	-5436
 3996 0f88 C4EA     		.short	-5436
 3997 0f8a C4EA     		.short	-5436
 3998 0f8c C4EA     		.short	-5436
 3999 0f8e C4EA     		.short	-5436
 4000 0f90 C4EA     		.short	-5436
 4001 0f92 C4EA     		.short	-5436
 4002 0f94 C4EA     		.short	-5436
 4003 0f96 C4EA     		.short	-5436
 4004 0f98 C4EA     		.short	-5436
 4005 0f9a C4EA     		.short	-5436
 4006 0f9c C4EA     		.short	-5436
 4007 0f9e C4EA     		.short	-5436
 4008 0fa0 C4EA     		.short	-5436
 4009 0fa2 C4EA     		.short	-5436
 4010 0fa4 C4EA     		.short	-5436
 4011 0fa6 C4EA     		.short	-5436
 4012 0fa8 C4EA     		.short	-5436
 4013 0faa C4EA     		.short	-5436
 4014 0fac C4EA     		.short	-5436
 4015 0fae C4EA     		.short	-5436
 4016 0fb0 C4EA     		.short	-5436
 4017 0fb2 C4EA     		.short	-5436
 4018 0fb4 C4EA     		.short	-5436
 4019 0fb6 C4EA     		.short	-5436
ARM GAS  C:\Users\user\AppData\Local\Temp\ccqcwdMl.s 			page 87


 4020 0fb8 C4EA     		.short	-5436
 4021 0fba C4EA     		.short	-5436
 4022 0fbc C4EA     		.short	-5436
 4023 0fbe C4EA     		.short	-5436
 4024 0fc0 C4EA     		.short	-5436
 4025 0fc2 C4EA     		.short	-5436
 4026 0fc4 C4EA     		.short	-5436
 4027 0fc6 C4EA     		.short	-5436
 4028 0fc8 C4EA     		.short	-5436
 4029 0fca C4EA     		.short	-5436
 4030 0fcc C4EA     		.short	-5436
 4031 0fce C4EA     		.short	-5436
 4032 0fd0 C4EA     		.short	-5436
 4033 0fd2 C4EA     		.short	-5436
 4034 0fd4 C4EA     		.short	-5436
 4035 0fd6 C4EA     		.short	-5436
 4036 0fd8 C4EA     		.short	-5436
 4037 0fda C4EA     		.short	-5436
 4038 0fdc C4EA     		.short	-5436
 4039 0fde C4EA     		.short	-5436
 4040 0fe0 C4EA     		.short	-5436
 4041 0fe2 C4EA     		.short	-5436
 4042 0fe4 C4EA     		.short	-5436
 4043 0fe6 C4EA     		.short	-5436
 4044 0fe8 C4EA     		.short	-5436
 4045 0fea C4EA     		.short	-5436
 4046 0fec C4EA     		.short	-5436
 4047 0fee C4EA     		.short	-5436
 4048 0ff0 C4EA     		.short	-5436
 4049 0ff2 C4EA     		.short	-5436
 4050 0ff4 C4EA     		.short	-5436
 4051 0ff6 C4EA     		.short	-5436
 4052 0ff8 C4EA     		.short	-5436
 4053 0ffa C4EA     		.short	-5436
 4054 0ffc C4EA     		.short	-5436
 4055 0ffe 05FB     		.short	-1275
 4056 1000 8EF4     		.short	-2930
 4057 1002 05FB     		.short	-1275
 4058 1004 C4EA     		.short	-5436
 4059 1006 63E2     		.short	-7581
 4060 1008 8EF4     		.short	-2930
 4061 100a FFFF     		.short	-1
 4062 100c 30F5     		.short	-2768
 4063 100e A4EA     		.short	-5468
 4064 1010 C4EA     		.short	-5436
 4065 1012 C4EA     		.short	-5436
 4066 1014 C4EA     		.short	-5436
 4067 1016 C4EA     		.short	-5436
 4068 1018 C4EA     		.short	-5436
 4069 101a C4EA     		.short	-5436
 4070 101c C4EA     		.short	-5436
 4071 101e C4EA     		.short	-5436
 4072 1020 C4EA     		.short	-5436
 4073 1022 C4EA     		.short	-5436
 4074 1024 C4EA     		.short	-5436
 4075 1026 C4EA     		.short	-5436
 4076 1028 C4EA     		.short	-5436
ARM GAS  C:\Users\user\AppData\Local\Temp\ccqcwdMl.s 			page 88


 4077 102a C4EA     		.short	-5436
 4078 102c F0F4     		.short	-2832
 4079 102e DEFF     		.short	-34
 4080 1030 D9FE     		.short	-295
 4081 1032 C9EB     		.short	-5175
 4082 1034 A4EA     		.short	-5468
 4083 1036 C4EA     		.short	-5436
 4084 1038 C4EA     		.short	-5436
 4085 103a C4EA     		.short	-5436
 4086 103c C4EA     		.short	-5436
 4087 103e C4EA     		.short	-5436
 4088 1040 C4EA     		.short	-5436
 4089 1042 C4EA     		.short	-5436
 4090 1044 A3E2     		.short	-7517
 4091 1046 68EB     		.short	-5272
 4092 1048 57F6     		.short	-2473
 4093 104a FFFF     		.short	-1
 4094 104c 72F5     		.short	-2702
 4095 104e E5EA     		.short	-5403
 4096 1050 A4EA     		.short	-5468
 4097 1052 C4EA     		.short	-5436
 4098 1054 C4EA     		.short	-5436
 4099 1056 C4EA     		.short	-5436
 4100 1058 C4EA     		.short	-5436
 4101 105a C4EA     		.short	-5436
 4102 105c C4EA     		.short	-5436
 4103 105e C4EA     		.short	-5436
 4104 1060 C4EA     		.short	-5436
 4105 1062 C4EA     		.short	-5436
 4106 1064 C4EA     		.short	-5436
 4107 1066 C4EA     		.short	-5436
 4108 1068 A4EA     		.short	-5468
 4109 106a 47EB     		.short	-5305
 4110 106c 1BFF     		.short	-229
 4111 106e D9FE     		.short	-295
 4112 1070 26EB     		.short	-5338
 4113 1072 A4E2     		.short	-7516
 4114 1074 C4EA     		.short	-5436
 4115 1076 C4EA     		.short	-5436
 4116 1078 C4EA     		.short	-5436
 4117 107a C4EA     		.short	-5436
 4118 107c C4EA     		.short	-5436
 4119 107e C4EA     		.short	-5436
 4120 1080 C4EA     		.short	-5436
 4121 1082 C4EA     		.short	-5436
 4122 1084 C4EA     		.short	-5436
 4123 1086 C4EA     		.short	-5436
 4124 1088 C4EA     		.short	-5436
 4125 108a C4EA     		.short	-5436
 4126 108c C4EA     		.short	-5436
 4127 108e C4EA     		.short	-5436
 4128 1090 C4EA     		.short	-5436
 4129 1092 C4EA     		.short	-5436
 4130 1094 C4EA     		.short	-5436
 4131 1096 C4EA     		.short	-5436
 4132 1098 C4EA     		.short	-5436
 4133 109a C4EA     		.short	-5436
ARM GAS  C:\Users\user\AppData\Local\Temp\ccqcwdMl.s 			page 89


 4134 109c C4EA     		.short	-5436
 4135 109e C4EA     		.short	-5436
 4136 10a0 C4EA     		.short	-5436
 4137 10a2 C4EA     		.short	-5436
 4138 10a4 C4EA     		.short	-5436
 4139 10a6 C4EA     		.short	-5436
 4140 10a8 C4EA     		.short	-5436
 4141 10aa C4EA     		.short	-5436
 4142 10ac C4EA     		.short	-5436
 4143 10ae C4EA     		.short	-5436
 4144 10b0 C4EA     		.short	-5436
 4145 10b2 C4EA     		.short	-5436
 4146 10b4 C4EA     		.short	-5436
 4147 10b6 C4EA     		.short	-5436
 4148 10b8 C4EA     		.short	-5436
 4149 10ba C4EA     		.short	-5436
 4150 10bc C4EA     		.short	-5436
 4151 10be C4EA     		.short	-5436
 4152 10c0 C4EA     		.short	-5436
 4153 10c2 C4EA     		.short	-5436
 4154 10c4 C4EA     		.short	-5436
 4155 10c6 C4EA     		.short	-5436
 4156 10c8 C4EA     		.short	-5436
 4157 10ca C4EA     		.short	-5436
 4158 10cc C4EA     		.short	-5436
 4159 10ce C4EA     		.short	-5436
 4160 10d0 C4EA     		.short	-5436
 4161 10d2 C4EA     		.short	-5436
 4162 10d4 C4EA     		.short	-5436
 4163 10d6 C4EA     		.short	-5436
 4164 10d8 C4EA     		.short	-5436
 4165 10da C4EA     		.short	-5436
 4166 10dc C4EA     		.short	-5436
 4167 10de C4EA     		.short	-5436
 4168 10e0 C4EA     		.short	-5436
 4169 10e2 C4EA     		.short	-5436
 4170 10e4 C4EA     		.short	-5436
 4171 10e6 C4EA     		.short	-5436
 4172 10e8 C4EA     		.short	-5436
 4173 10ea C4EA     		.short	-5436
 4174 10ec C4EA     		.short	-5436
 4175 10ee C4EA     		.short	-5436
 4176 10f0 C4EA     		.short	-5436
 4177 10f2 C4EA     		.short	-5436
 4178 10f4 C4EA     		.short	-5436
 4179 10f6 C4EA     		.short	-5436
 4180 10f8 C4EA     		.short	-5436
 4181 10fa C4EA     		.short	-5436
 4182 10fc C4EA     		.short	-5436
 4183 10fe 05FB     		.short	-1275
 4184 1100 8EF4     		.short	-2930
 4185 1102 05FB     		.short	-1275
 4186 1104 C4EA     		.short	-5436
 4187 1106 62E2     		.short	-7582
 4188 1108 CFF4     		.short	-2865
 4189 110a FFFF     		.short	-1
 4190 110c CFF4     		.short	-2865
ARM GAS  C:\Users\user\AppData\Local\Temp\ccqcwdMl.s 			page 90


 4191 110e 83E2     		.short	-7549
 4192 1110 C4EA     		.short	-5436
 4193 1112 C4EA     		.short	-5436
 4194 1114 C4EA     		.short	-5436
 4195 1116 C4EA     		.short	-5436
 4196 1118 C4EA     		.short	-5436
 4197 111a C4EA     		.short	-5436
 4198 111c C4EA     		.short	-5436
 4199 111e C4EA     		.short	-5436
 4200 1120 C4EA     		.short	-5436
 4201 1122 C4EA     		.short	-5436
 4202 1124 C4EA     		.short	-5436
 4203 1126 C4EA     		.short	-5436
 4204 1128 A4E2     		.short	-7516
 4205 112a 4CEC     		.short	-5044
 4206 112c 7CFF     		.short	-132
 4207 112e 3BFF     		.short	-197
 4208 1130 0BEC     		.short	-5109
 4209 1132 A4E2     		.short	-7516
 4210 1134 C4EA     		.short	-5436
 4211 1136 C4EA     		.short	-5436
 4212 1138 C4EA     		.short	-5436
 4213 113a C4EA     		.short	-5436
 4214 113c C4EA     		.short	-5436
 4215 113e C4EA     		.short	-5436
 4216 1140 C4EA     		.short	-5436
 4217 1142 C4EA     		.short	-5436
 4218 1144 C4EA     		.short	-5436
 4219 1146 A3E2     		.short	-7517
 4220 1148 A9EB     		.short	-5207
 4221 114a D9FE     		.short	-295
 4222 114c BEFF     		.short	-66
 4223 114e AEF4     		.short	-2898
 4224 1150 C4EA     		.short	-5436
 4225 1152 C4EA     		.short	-5436
 4226 1154 C4EA     		.short	-5436
 4227 1156 C4EA     		.short	-5436
 4228 1158 C4EA     		.short	-5436
 4229 115a C4EA     		.short	-5436
 4230 115c C4EA     		.short	-5436
 4231 115e C4EA     		.short	-5436
 4232 1160 C4EA     		.short	-5436
 4233 1162 C4EA     		.short	-5436
 4234 1164 C4EA     		.short	-5436
 4235 1166 C4EA     		.short	-5436
 4236 1168 A4EA     		.short	-5468
 4237 116a 26EB     		.short	-5338
 4238 116c 1AFF     		.short	-230
 4239 116e FAFE     		.short	-262
 4240 1170 26EB     		.short	-5338
 4241 1172 A4E2     		.short	-7516
 4242 1174 C4EA     		.short	-5436
 4243 1176 C4EA     		.short	-5436
 4244 1178 C4EA     		.short	-5436
 4245 117a C4EA     		.short	-5436
 4246 117c C4EA     		.short	-5436
 4247 117e C4EA     		.short	-5436
ARM GAS  C:\Users\user\AppData\Local\Temp\ccqcwdMl.s 			page 91


 4248 1180 C4EA     		.short	-5436
 4249 1182 C4EA     		.short	-5436
 4250 1184 C4EA     		.short	-5436
 4251 1186 C4EA     		.short	-5436
 4252 1188 C4EA     		.short	-5436
 4253 118a C4EA     		.short	-5436
 4254 118c C4EA     		.short	-5436
 4255 118e C4EA     		.short	-5436
 4256 1190 C4EA     		.short	-5436
 4257 1192 C4EA     		.short	-5436
 4258 1194 C4EA     		.short	-5436
 4259 1196 C4EA     		.short	-5436
 4260 1198 C4EA     		.short	-5436
 4261 119a C4EA     		.short	-5436
 4262 119c C4EA     		.short	-5436
 4263 119e C4EA     		.short	-5436
 4264 11a0 C4EA     		.short	-5436
 4265 11a2 C4EA     		.short	-5436
 4266 11a4 C4EA     		.short	-5436
 4267 11a6 C4EA     		.short	-5436
 4268 11a8 C4EA     		.short	-5436
 4269 11aa C4EA     		.short	-5436
 4270 11ac C4EA     		.short	-5436
 4271 11ae C4EA     		.short	-5436
 4272 11b0 C4EA     		.short	-5436
 4273 11b2 C4EA     		.short	-5436
 4274 11b4 C4EA     		.short	-5436
 4275 11b6 C4EA     		.short	-5436
 4276 11b8 C4EA     		.short	-5436
 4277 11ba C4EA     		.short	-5436
 4278 11bc C4EA     		.short	-5436
 4279 11be C4EA     		.short	-5436
 4280 11c0 C4EA     		.short	-5436
 4281 11c2 C4EA     		.short	-5436
 4282 11c4 C4EA     		.short	-5436
 4283 11c6 C4EA     		.short	-5436
 4284 11c8 C4EA     		.short	-5436
 4285 11ca C4EA     		.short	-5436
 4286 11cc C4EA     		.short	-5436
 4287 11ce C4EA     		.short	-5436
 4288 11d0 C4EA     		.short	-5436
 4289 11d2 C4EA     		.short	-5436
 4290 11d4 C4EA     		.short	-5436
 4291 11d6 C4EA     		.short	-5436
 4292 11d8 C4EA     		.short	-5436
 4293 11da C4EA     		.short	-5436
 4294 11dc C4EA     		.short	-5436
 4295 11de C4EA     		.short	-5436
 4296 11e0 C4EA     		.short	-5436
 4297 11e2 C4EA     		.short	-5436
 4298 11e4 C4EA     		.short	-5436
 4299 11e6 C4EA     		.short	-5436
 4300 11e8 C4EA     		.short	-5436
 4301 11ea C4EA     		.short	-5436
 4302 11ec C4EA     		.short	-5436
 4303 11ee C4EA     		.short	-5436
 4304 11f0 C4EA     		.short	-5436
ARM GAS  C:\Users\user\AppData\Local\Temp\ccqcwdMl.s 			page 92


 4305 11f2 C4EA     		.short	-5436
 4306 11f4 C4EA     		.short	-5436
 4307 11f6 C4EA     		.short	-5436
 4308 11f8 C4EA     		.short	-5436
 4309 11fa C4EA     		.short	-5436
 4310 11fc C4EA     		.short	-5436
 4311 11fe 05FB     		.short	-1275
 4312 1200 8EF4     		.short	-2930
 4313 1202 05FB     		.short	-1275
 4314 1204 C4EA     		.short	-5436
 4315 1206 62E2     		.short	-7582
 4316 1208 F0F4     		.short	-2832
 4317 120a FFFF     		.short	-1
 4318 120c AEF4     		.short	-2898
 4319 120e 83E2     		.short	-7549
 4320 1210 C4EA     		.short	-5436
 4321 1212 C4EA     		.short	-5436
 4322 1214 C4EA     		.short	-5436
 4323 1216 C4EA     		.short	-5436
 4324 1218 C4EA     		.short	-5436
 4325 121a C4EA     		.short	-5436
 4326 121c C4EA     		.short	-5436
 4327 121e C4EA     		.short	-5436
 4328 1220 C4EA     		.short	-5436
 4329 1222 C4EA     		.short	-5436
 4330 1224 C4EA     		.short	-5436
 4331 1226 A4E2     		.short	-7516
 4332 1228 88EB     		.short	-5240
 4333 122a B9FE     		.short	-327
 4334 122c BEFF     		.short	-66
 4335 122e 8EF4     		.short	-2930
 4336 1230 A4EA     		.short	-5468
 4337 1232 C4EA     		.short	-5436
 4338 1234 C4EA     		.short	-5436
 4339 1236 C4EA     		.short	-5436
 4340 1238 C4EA     		.short	-5436
 4341 123a C4EA     		.short	-5436
 4342 123c C4EA     		.short	-5436
 4343 123e C4EA     		.short	-5436
 4344 1240 C4EA     		.short	-5436
 4345 1242 C4EA     		.short	-5436
 4346 1244 C4EA     		.short	-5436
 4347 1246 C4EA     		.short	-5436
 4348 1248 A4E2     		.short	-7516
 4349 124a 2BEC     		.short	-5077
 4350 124c 5CFF     		.short	-164
 4351 124e 3BFF     		.short	-197
 4352 1250 CAEB     		.short	-5174
 4353 1252 A4EA     		.short	-5468
 4354 1254 C4EA     		.short	-5436
 4355 1256 C4EA     		.short	-5436
 4356 1258 C4EA     		.short	-5436
 4357 125a C4EA     		.short	-5436
 4358 125c C4EA     		.short	-5436
 4359 125e C4EA     		.short	-5436
 4360 1260 C4EA     		.short	-5436
 4361 1262 C4EA     		.short	-5436
ARM GAS  C:\Users\user\AppData\Local\Temp\ccqcwdMl.s 			page 93


 4362 1264 C4EA     		.short	-5436
 4363 1266 C4EA     		.short	-5436
 4364 1268 A4EA     		.short	-5468
 4365 126a 05EB     		.short	-5371
 4366 126c FAFE     		.short	-262
 4367 126e 1AFF     		.short	-230
 4368 1270 26EB     		.short	-5338
 4369 1272 A4E2     		.short	-7516
 4370 1274 C4EA     		.short	-5436
 4371 1276 C4EA     		.short	-5436
 4372 1278 C4EA     		.short	-5436
 4373 127a C4EA     		.short	-5436
 4374 127c C4EA     		.short	-5436
 4375 127e C4EA     		.short	-5436
 4376 1280 C4EA     		.short	-5436
 4377 1282 C4EA     		.short	-5436
 4378 1284 C4EA     		.short	-5436
 4379 1286 C4EA     		.short	-5436
 4380 1288 C4EA     		.short	-5436
 4381 128a C4EA     		.short	-5436
 4382 128c C4EA     		.short	-5436
 4383 128e C4EA     		.short	-5436
 4384 1290 C4EA     		.short	-5436
 4385 1292 C4EA     		.short	-5436
 4386 1294 C4EA     		.short	-5436
 4387 1296 C4EA     		.short	-5436
 4388 1298 C4EA     		.short	-5436
 4389 129a C4EA     		.short	-5436
 4390 129c C4EA     		.short	-5436
 4391 129e C4EA     		.short	-5436
 4392 12a0 C4EA     		.short	-5436
 4393 12a2 C4EA     		.short	-5436
 4394 12a4 C4EA     		.short	-5436
 4395 12a6 C4EA     		.short	-5436
 4396 12a8 C4EA     		.short	-5436
 4397 12aa C4EA     		.short	-5436
 4398 12ac C4EA     		.short	-5436
 4399 12ae C4EA     		.short	-5436
 4400 12b0 C4EA     		.short	-5436
 4401 12b2 C4EA     		.short	-5436
 4402 12b4 C4EA     		.short	-5436
 4403 12b6 C4EA     		.short	-5436
 4404 12b8 C4EA     		.short	-5436
 4405 12ba C4EA     		.short	-5436
 4406 12bc C4EA     		.short	-5436
 4407 12be C4EA     		.short	-5436
 4408 12c0 C4EA     		.short	-5436
 4409 12c2 C4EA     		.short	-5436
 4410 12c4 C4EA     		.short	-5436
 4411 12c6 C4EA     		.short	-5436
 4412 12c8 C4EA     		.short	-5436
 4413 12ca C4EA     		.short	-5436
 4414 12cc C4EA     		.short	-5436
 4415 12ce C4EA     		.short	-5436
 4416 12d0 C4EA     		.short	-5436
 4417 12d2 C4EA     		.short	-5436
 4418 12d4 C4EA     		.short	-5436
ARM GAS  C:\Users\user\AppData\Local\Temp\ccqcwdMl.s 			page 94


 4419 12d6 C4EA     		.short	-5436
 4420 12d8 C4EA     		.short	-5436
 4421 12da C4EA     		.short	-5436
 4422 12dc C4EA     		.short	-5436
 4423 12de C4EA     		.short	-5436
 4424 12e0 C4EA     		.short	-5436
 4425 12e2 C4EA     		.short	-5436
 4426 12e4 C4EA     		.short	-5436
 4427 12e6 C4EA     		.short	-5436
 4428 12e8 C4EA     		.short	-5436
 4429 12ea C4EA     		.short	-5436
 4430 12ec C4EA     		.short	-5436
 4431 12ee C4EA     		.short	-5436
 4432 12f0 C4EA     		.short	-5436
 4433 12f2 C4EA     		.short	-5436
 4434 12f4 C4EA     		.short	-5436
 4435 12f6 C4EA     		.short	-5436
 4436 12f8 C4EA     		.short	-5436
 4437 12fa C4EA     		.short	-5436
 4438 12fc C4EA     		.short	-5436
 4439 12fe 05FB     		.short	-1275
 4440 1300 8EF4     		.short	-2930
 4441 1302 05FB     		.short	-1275
 4442 1304 C4EA     		.short	-5436
 4443 1306 62E2     		.short	-7582
 4444 1308 10F5     		.short	-2800
 4445 130a FFFF     		.short	-1
 4446 130c 8EF4     		.short	-2930
 4447 130e 83E2     		.short	-7549
 4448 1310 C4EA     		.short	-5436
 4449 1312 C4EA     		.short	-5436
 4450 1314 C4EA     		.short	-5436
 4451 1316 C4EA     		.short	-5436
 4452 1318 C4EA     		.short	-5436
 4453 131a C4EA     		.short	-5436
 4454 131c C4EA     		.short	-5436
 4455 131e C4EA     		.short	-5436
 4456 1320 C4EA     		.short	-5436
 4457 1322 C4EA     		.short	-5436
 4458 1324 C4EA     		.short	-5436
 4459 1326 E5EA     		.short	-5403
 4460 1328 93F5     		.short	-2669
 4461 132a FFFF     		.short	-1
 4462 132c 72F5     		.short	-2702
 4463 132e E5EA     		.short	-5403
 4464 1330 A4E2     		.short	-7516
 4465 1332 C4EA     		.short	-5436
 4466 1334 C4EA     		.short	-5436
 4467 1336 C4EA     		.short	-5436
 4468 1338 C4EA     		.short	-5436
 4469 133a C4EA     		.short	-5436
 4470 133c C4EA     		.short	-5436
 4471 133e C4EA     		.short	-5436
 4472 1340 C4EA     		.short	-5436
 4473 1342 C4EA     		.short	-5436
 4474 1344 C4EA     		.short	-5436
 4475 1346 C4EA     		.short	-5436
ARM GAS  C:\Users\user\AppData\Local\Temp\ccqcwdMl.s 			page 95


 4476 1348 C4EA     		.short	-5436
 4477 134a C4EA     		.short	-5436
 4478 134c 10F5     		.short	-2800
 4479 134e DEFF     		.short	-34
 4480 1350 16F6     		.short	-2538
 4481 1352 05EB     		.short	-5371
 4482 1354 A4EA     		.short	-5468
 4483 1356 C4EA     		.short	-5436
 4484 1358 C4EA     		.short	-5436
 4485 135a C4EA     		.short	-5436
 4486 135c C4EA     		.short	-5436
 4487 135e C4EA     		.short	-5436
 4488 1360 C4EA     		.short	-5436
 4489 1362 C4EA     		.short	-5436
 4490 1364 C4EA     		.short	-5436
 4491 1366 C4EA     		.short	-5436
 4492 1368 A4EA     		.short	-5468
 4493 136a 06EB     		.short	-5370
 4494 136c FAFE     		.short	-262
 4495 136e FAFE     		.short	-262
 4496 1370 26EB     		.short	-5338
 4497 1372 A4E2     		.short	-7516
 4498 1374 C4EA     		.short	-5436
 4499 1376 C4EA     		.short	-5436
 4500 1378 C4EA     		.short	-5436
 4501 137a C4EA     		.short	-5436
 4502 137c C4EA     		.short	-5436
 4503 137e C4EA     		.short	-5436
 4504 1380 C4EA     		.short	-5436
 4505 1382 C4EA     		.short	-5436
 4506 1384 C4EA     		.short	-5436
 4507 1386 C4EA     		.short	-5436
 4508 1388 C4EA     		.short	-5436
 4509 138a C4EA     		.short	-5436
 4510 138c C4EA     		.short	-5436
 4511 138e C4EA     		.short	-5436
 4512 1390 C4EA     		.short	-5436
 4513 1392 C4EA     		.short	-5436
 4514 1394 C4EA     		.short	-5436
 4515 1396 C4EA     		.short	-5436
 4516 1398 C4EA     		.short	-5436
 4517 139a C4EA     		.short	-5436
 4518 139c C4EA     		.short	-5436
 4519 139e C4EA     		.short	-5436
 4520 13a0 C4EA     		.short	-5436
 4521 13a2 C4EA     		.short	-5436
 4522 13a4 C4EA     		.short	-5436
 4523 13a6 C4EA     		.short	-5436
 4524 13a8 C4EA     		.short	-5436
 4525 13aa C4EA     		.short	-5436
 4526 13ac C4EA     		.short	-5436
 4527 13ae C4EA     		.short	-5436
 4528 13b0 C4EA     		.short	-5436
 4529 13b2 C4EA     		.short	-5436
 4530 13b4 C4EA     		.short	-5436
 4531 13b6 C4EA     		.short	-5436
 4532 13b8 C4EA     		.short	-5436
ARM GAS  C:\Users\user\AppData\Local\Temp\ccqcwdMl.s 			page 96


 4533 13ba C4EA     		.short	-5436
 4534 13bc C4EA     		.short	-5436
 4535 13be C4EA     		.short	-5436
 4536 13c0 C4EA     		.short	-5436
 4537 13c2 C4EA     		.short	-5436
 4538 13c4 C4EA     		.short	-5436
 4539 13c6 C4EA     		.short	-5436
 4540 13c8 C4EA     		.short	-5436
 4541 13ca C4EA     		.short	-5436
 4542 13cc C4EA     		.short	-5436
 4543 13ce C4EA     		.short	-5436
 4544 13d0 C4EA     		.short	-5436
 4545 13d2 C4EA     		.short	-5436
 4546 13d4 C4EA     		.short	-5436
 4547 13d6 C4EA     		.short	-5436
 4548 13d8 C4EA     		.short	-5436
 4549 13da C4EA     		.short	-5436
 4550 13dc C4EA     		.short	-5436
 4551 13de C4EA     		.short	-5436
 4552 13e0 C4EA     		.short	-5436
 4553 13e2 C4EA     		.short	-5436
 4554 13e4 C4EA     		.short	-5436
 4555 13e6 C4EA     		.short	-5436
 4556 13e8 C4EA     		.short	-5436
 4557 13ea C4EA     		.short	-5436
 4558 13ec C4EA     		.short	-5436
 4559 13ee C4EA     		.short	-5436
 4560 13f0 C4EA     		.short	-5436
 4561 13f2 C4EA     		.short	-5436
 4562 13f4 C4EA     		.short	-5436
 4563 13f6 C4EA     		.short	-5436
 4564 13f8 C4EA     		.short	-5436
 4565 13fa C4EA     		.short	-5436
 4566 13fc C4EA     		.short	-5436
 4567 13fe 05FB     		.short	-1275
 4568 1400 8EF4     		.short	-2930
 4569 1402 05FB     		.short	-1275
 4570 1404 C4EA     		.short	-5436
 4571 1406 62E2     		.short	-7582
 4572 1408 F0F4     		.short	-2832
 4573 140a FFFF     		.short	-1
 4574 140c 8EF4     		.short	-2930
 4575 140e 83E2     		.short	-7549
 4576 1410 C4EA     		.short	-5436
 4577 1412 C4EA     		.short	-5436
 4578 1414 C4EA     		.short	-5436
 4579 1416 C4EA     		.short	-5436
 4580 1418 C4EA     		.short	-5436
 4581 141a C4EA     		.short	-5436
 4582 141c C4EA     		.short	-5436
 4583 141e C4EA     		.short	-5436
 4584 1420 C4EA     		.short	-5436
 4585 1422 C4EA     		.short	-5436
 4586 1424 A3E2     		.short	-7517
 4587 1426 4CEC     		.short	-5044
 4588 1428 9DFF     		.short	-99
 4589 142a B8FE     		.short	-328
ARM GAS  C:\Users\user\AppData\Local\Temp\ccqcwdMl.s 			page 97


 4590 142c 68EB     		.short	-5272
 4591 142e A3E2     		.short	-7517
 4592 1430 C4EA     		.short	-5436
 4593 1432 C4EA     		.short	-5436
 4594 1434 C4EA     		.short	-5436
 4595 1436 C4EA     		.short	-5436
 4596 1438 C4EA     		.short	-5436
 4597 143a C4EA     		.short	-5436
 4598 143c C4EA     		.short	-5436
 4599 143e C4EA     		.short	-5436
 4600 1440 C4EA     		.short	-5436
 4601 1442 C4EA     		.short	-5436
 4602 1444 C4EA     		.short	-5436
 4603 1446 C4EA     		.short	-5436
 4604 1448 C4EA     		.short	-5436
 4605 144a A4EA     		.short	-5468
 4606 144c 06EB     		.short	-5370
 4607 144e 57FE     		.short	-425
 4608 1450 BEFF     		.short	-66
 4609 1452 AEF4     		.short	-2898
 4610 1454 A4EA     		.short	-5468
 4611 1456 C4EA     		.short	-5436
 4612 1458 C4EA     		.short	-5436
 4613 145a C4EA     		.short	-5436
 4614 145c C4EA     		.short	-5436
 4615 145e C4EA     		.short	-5436
 4616 1460 C4EA     		.short	-5436
 4617 1462 C4EA     		.short	-5436
 4618 1464 C4EA     		.short	-5436
 4619 1466 C4EA     		.short	-5436
 4620 1468 A4EA     		.short	-5468
 4621 146a 47EB     		.short	-5305
 4622 146c 1AFF     		.short	-230
 4623 146e D9FE     		.short	-295
 4624 1470 06EB     		.short	-5370
 4625 1472 A4E2     		.short	-7516
 4626 1474 C4EA     		.short	-5436
 4627 1476 C4EA     		.short	-5436
 4628 1478 C4EA     		.short	-5436
 4629 147a C4EA     		.short	-5436
 4630 147c C4EA     		.short	-5436
 4631 147e C4EA     		.short	-5436
 4632 1480 C4EA     		.short	-5436
 4633 1482 C4EA     		.short	-5436
 4634 1484 C4EA     		.short	-5436
 4635 1486 C4EA     		.short	-5436
 4636 1488 C4EA     		.short	-5436
 4637 148a C4EA     		.short	-5436
 4638 148c C4EA     		.short	-5436
 4639 148e C4EA     		.short	-5436
 4640 1490 C4EA     		.short	-5436
 4641 1492 C4EA     		.short	-5436
 4642 1494 C4EA     		.short	-5436
 4643 1496 C4EA     		.short	-5436
 4644 1498 C4EA     		.short	-5436
 4645 149a C4EA     		.short	-5436
 4646 149c C4EA     		.short	-5436
ARM GAS  C:\Users\user\AppData\Local\Temp\ccqcwdMl.s 			page 98


 4647 149e C4EA     		.short	-5436
 4648 14a0 C4EA     		.short	-5436
 4649 14a2 C4EA     		.short	-5436
 4650 14a4 C4EA     		.short	-5436
 4651 14a6 C4EA     		.short	-5436
 4652 14a8 C4EA     		.short	-5436
 4653 14aa C4EA     		.short	-5436
 4654 14ac C4EA     		.short	-5436
 4655 14ae C4EA     		.short	-5436
 4656 14b0 C4EA     		.short	-5436
 4657 14b2 C4EA     		.short	-5436
 4658 14b4 C4EA     		.short	-5436
 4659 14b6 C4EA     		.short	-5436
 4660 14b8 C4EA     		.short	-5436
 4661 14ba C4EA     		.short	-5436
 4662 14bc C4EA     		.short	-5436
 4663 14be C4EA     		.short	-5436
 4664 14c0 C4EA     		.short	-5436
 4665 14c2 C4EA     		.short	-5436
 4666 14c4 C4EA     		.short	-5436
 4667 14c6 C4EA     		.short	-5436
 4668 14c8 C4EA     		.short	-5436
 4669 14ca C4EA     		.short	-5436
 4670 14cc C4EA     		.short	-5436
 4671 14ce C4EA     		.short	-5436
 4672 14d0 C4EA     		.short	-5436
 4673 14d2 C4EA     		.short	-5436
 4674 14d4 C4EA     		.short	-5436
 4675 14d6 C4EA     		.short	-5436
 4676 14d8 C4EA     		.short	-5436
 4677 14da C4EA     		.short	-5436
 4678 14dc C4EA     		.short	-5436
 4679 14de C4EA     		.short	-5436
 4680 14e0 C4EA     		.short	-5436
 4681 14e2 C4EA     		.short	-5436
 4682 14e4 C4EA     		.short	-5436
 4683 14e6 C4EA     		.short	-5436
 4684 14e8 C4EA     		.short	-5436
 4685 14ea C4EA     		.short	-5436
 4686 14ec C4EA     		.short	-5436
 4687 14ee C4EA     		.short	-5436
 4688 14f0 C4EA     		.short	-5436
 4689 14f2 C4EA     		.short	-5436
 4690 14f4 C4EA     		.short	-5436
 4691 14f6 C4EA     		.short	-5436
 4692 14f8 C4EA     		.short	-5436
 4693 14fa C4EA     		.short	-5436
 4694 14fc C4EA     		.short	-5436
 4695 14fe 05FB     		.short	-1275
 4696 1500 8EF4     		.short	-2930
 4697 1502 05FB     		.short	-1275
 4698 1504 C4EA     		.short	-5436
 4699 1506 62E2     		.short	-7582
 4700 1508 EFF4     		.short	-2833
 4701 150a FFFF     		.short	-1
 4702 150c AEF4     		.short	-2898
 4703 150e 83E2     		.short	-7549
ARM GAS  C:\Users\user\AppData\Local\Temp\ccqcwdMl.s 			page 99


 4704 1510 C4EA     		.short	-5436
 4705 1512 C4EA     		.short	-5436
 4706 1514 C4EA     		.short	-5436
 4707 1516 C4EA     		.short	-5436
 4708 1518 C4EA     		.short	-5436
 4709 151a C4EA     		.short	-5436
 4710 151c C4EA     		.short	-5436
 4711 151e C4EA     		.short	-5436
 4712 1520 C4EA     		.short	-5436
 4713 1522 A4EA     		.short	-5468
 4714 1524 26EB     		.short	-5338
 4715 1526 36F6     		.short	-2506
 4716 1528 BEFF     		.short	-66
 4717 152a 8DF4     		.short	-2931
 4718 152c A3E2     		.short	-7517
 4719 152e C4EA     		.short	-5436
 4720 1530 C4EA     		.short	-5436
 4721 1532 C4EA     		.short	-5436
 4722 1534 C4EA     		.short	-5436
 4723 1536 C4EA     		.short	-5436
 4724 1538 C4EA     		.short	-5436
 4725 153a C4EA     		.short	-5436
 4726 153c C4EA     		.short	-5436
 4727 153e C4EA     		.short	-5436
 4728 1540 C4EA     		.short	-5436
 4729 1542 C4EA     		.short	-5436
 4730 1544 C4EA     		.short	-5436
 4731 1546 C4EA     		.short	-5436
 4732 1548 C4EA     		.short	-5436
 4733 154a C4EA     		.short	-5436
 4734 154c A4EA     		.short	-5468
 4735 154e 0BEC     		.short	-5109
 4736 1550 9DFF     		.short	-99
 4737 1552 B9FE     		.short	-327
 4738 1554 47EB     		.short	-5305
 4739 1556 A4EA     		.short	-5468
 4740 1558 C4EA     		.short	-5436
 4741 155a C4EA     		.short	-5436
 4742 155c C4EA     		.short	-5436
 4743 155e C4EA     		.short	-5436
 4744 1560 C4EA     		.short	-5436
 4745 1562 C4EA     		.short	-5436
 4746 1564 C4EA     		.short	-5436
 4747 1566 C4EA     		.short	-5436
 4748 1568 A4EA     		.short	-5468
 4749 156a 88EB     		.short	-5240
 4750 156c 1BFF     		.short	-229
 4751 156e 78FE     		.short	-392
 4752 1570 06EB     		.short	-5370
 4753 1572 A4EA     		.short	-5468
 4754 1574 C4EA     		.short	-5436
 4755 1576 C4EA     		.short	-5436
 4756 1578 C4EA     		.short	-5436
 4757 157a C4EA     		.short	-5436
 4758 157c C4EA     		.short	-5436
 4759 157e C4EA     		.short	-5436
 4760 1580 C4EA     		.short	-5436
ARM GAS  C:\Users\user\AppData\Local\Temp\ccqcwdMl.s 			page 100


 4761 1582 C4EA     		.short	-5436
 4762 1584 C4EA     		.short	-5436
 4763 1586 C4EA     		.short	-5436
 4764 1588 C4EA     		.short	-5436
 4765 158a C4EA     		.short	-5436
 4766 158c C4EA     		.short	-5436
 4767 158e C4EA     		.short	-5436
 4768 1590 C4EA     		.short	-5436
 4769 1592 C4EA     		.short	-5436
 4770 1594 C4EA     		.short	-5436
 4771 1596 C4EA     		.short	-5436
 4772 1598 C4EA     		.short	-5436
 4773 159a C4EA     		.short	-5436
 4774 159c C4EA     		.short	-5436
 4775 159e C4EA     		.short	-5436
 4776 15a0 C4EA     		.short	-5436
 4777 15a2 C4EA     		.short	-5436
 4778 15a4 C4EA     		.short	-5436
 4779 15a6 C4EA     		.short	-5436
 4780 15a8 C4EA     		.short	-5436
 4781 15aa C4EA     		.short	-5436
 4782 15ac C4EA     		.short	-5436
 4783 15ae C4EA     		.short	-5436
 4784 15b0 C4EA     		.short	-5436
 4785 15b2 C4EA     		.short	-5436
 4786 15b4 C4EA     		.short	-5436
 4787 15b6 C4EA     		.short	-5436
 4788 15b8 C4EA     		.short	-5436
 4789 15ba C4EA     		.short	-5436
 4790 15bc C4EA     		.short	-5436
 4791 15be C4EA     		.short	-5436
 4792 15c0 C4EA     		.short	-5436
 4793 15c2 C4EA     		.short	-5436
 4794 15c4 C4EA     		.short	-5436
 4795 15c6 C4EA     		.short	-5436
 4796 15c8 C4EA     		.short	-5436
 4797 15ca C4EA     		.short	-5436
 4798 15cc C4EA     		.short	-5436
 4799 15ce C4EA     		.short	-5436
 4800 15d0 C4EA     		.short	-5436
 4801 15d2 C4EA     		.short	-5436
 4802 15d4 C4EA     		.short	-5436
 4803 15d6 C4EA     		.short	-5436
 4804 15d8 C4EA     		.short	-5436
 4805 15da C4EA     		.short	-5436
 4806 15dc C4EA     		.short	-5436
 4807 15de C4EA     		.short	-5436
 4808 15e0 C4EA     		.short	-5436
 4809 15e2 C4EA     		.short	-5436
 4810 15e4 C4EA     		.short	-5436
 4811 15e6 C4EA     		.short	-5436
 4812 15e8 C4EA     		.short	-5436
 4813 15ea C4EA     		.short	-5436
 4814 15ec C4EA     		.short	-5436
 4815 15ee C4EA     		.short	-5436
 4816 15f0 C4EA     		.short	-5436
 4817 15f2 C4EA     		.short	-5436
ARM GAS  C:\Users\user\AppData\Local\Temp\ccqcwdMl.s 			page 101


 4818 15f4 C4EA     		.short	-5436
 4819 15f6 C4EA     		.short	-5436
 4820 15f8 C4EA     		.short	-5436
 4821 15fa C4EA     		.short	-5436
 4822 15fc C4EA     		.short	-5436
 4823 15fe 05FB     		.short	-1275
 4824 1600 8EF4     		.short	-2930
 4825 1602 05FB     		.short	-1275
 4826 1604 C4EA     		.short	-5436
 4827 1606 62E2     		.short	-7582
 4828 1608 AEF4     		.short	-2898
 4829 160a FFFF     		.short	-1
 4830 160c F0F4     		.short	-2832
 4831 160e A3E2     		.short	-7517
 4832 1610 C4EA     		.short	-5436
 4833 1612 C4EA     		.short	-5436
 4834 1614 C4EA     		.short	-5436
 4835 1616 C4EA     		.short	-5436
 4836 1618 C4EA     		.short	-5436
 4837 161a C4EA     		.short	-5436
 4838 161c C4EA     		.short	-5436
 4839 161e C4EA     		.short	-5436
 4840 1620 C4EA     		.short	-5436
 4841 1622 A4E2     		.short	-7516
 4842 1624 6DEC     		.short	-5011
 4843 1626 DEFF     		.short	-34
 4844 1628 36F6     		.short	-2506
 4845 162a 26EB     		.short	-5338
 4846 162c A4EA     		.short	-5468
 4847 162e C4EA     		.short	-5436
 4848 1630 C4EA     		.short	-5436
 4849 1632 C4EA     		.short	-5436
 4850 1634 C4EA     		.short	-5436
 4851 1636 C4EA     		.short	-5436
 4852 1638 C4EA     		.short	-5436
 4853 163a C4EA     		.short	-5436
 4854 163c C4EA     		.short	-5436
 4855 163e C4EA     		.short	-5436
 4856 1640 C4EA     		.short	-5436
 4857 1642 C4EA     		.short	-5436
 4858 1644 C4EA     		.short	-5436
 4859 1646 C4EA     		.short	-5436
 4860 1648 C4EA     		.short	-5436
 4861 164a C4EA     		.short	-5436
 4862 164c A4EA     		.short	-5468
 4863 164e E5EA     		.short	-5403
 4864 1650 B4F5     		.short	-2636
 4865 1652 BEFF     		.short	-66
 4866 1654 10F5     		.short	-2800
 4867 1656 A4EA     		.short	-5468
 4868 1658 C4EA     		.short	-5436
 4869 165a C4EA     		.short	-5436
 4870 165c C4EA     		.short	-5436
 4871 165e C4EA     		.short	-5436
 4872 1660 C4EA     		.short	-5436
 4873 1662 C4EA     		.short	-5436
 4874 1664 C4EA     		.short	-5436
ARM GAS  C:\Users\user\AppData\Local\Temp\ccqcwdMl.s 			page 102


 4875 1666 C4EA     		.short	-5436
 4876 1668 A4EA     		.short	-5468
 4877 166a EAEB     		.short	-5142
 4878 166c 3BFF     		.short	-197
 4879 166e 36F6     		.short	-2506
 4880 1670 05EB     		.short	-5371
 4881 1672 A4EA     		.short	-5468
 4882 1674 C4EA     		.short	-5436
 4883 1676 C4EA     		.short	-5436
 4884 1678 C4EA     		.short	-5436
 4885 167a C4EA     		.short	-5436
 4886 167c C4EA     		.short	-5436
 4887 167e C4EA     		.short	-5436
 4888 1680 C4EA     		.short	-5436
 4889 1682 C4EA     		.short	-5436
 4890 1684 C4EA     		.short	-5436
 4891 1686 C4EA     		.short	-5436
 4892 1688 C4EA     		.short	-5436
 4893 168a C4EA     		.short	-5436
 4894 168c C4EA     		.short	-5436
 4895 168e C4EA     		.short	-5436
 4896 1690 C4EA     		.short	-5436
 4897 1692 C4EA     		.short	-5436
 4898 1694 C4EA     		.short	-5436
 4899 1696 C4EA     		.short	-5436
 4900 1698 C4EA     		.short	-5436
 4901 169a C4EA     		.short	-5436
 4902 169c C4EA     		.short	-5436
 4903 169e C4EA     		.short	-5436
 4904 16a0 C4EA     		.short	-5436
 4905 16a2 C4EA     		.short	-5436
 4906 16a4 C4EA     		.short	-5436
 4907 16a6 C4EA     		.short	-5436
 4908 16a8 C4EA     		.short	-5436
 4909 16aa C4EA     		.short	-5436
 4910 16ac C4EA     		.short	-5436
 4911 16ae C4EA     		.short	-5436
 4912 16b0 C4EA     		.short	-5436
 4913 16b2 C4EA     		.short	-5436
 4914 16b4 C4EA     		.short	-5436
 4915 16b6 C4EA     		.short	-5436
 4916 16b8 C4EA     		.short	-5436
 4917 16ba C4EA     		.short	-5436
 4918 16bc C4EA     		.short	-5436
 4919 16be C4EA     		.short	-5436
 4920 16c0 C4EA     		.short	-5436
 4921 16c2 C4EA     		.short	-5436
 4922 16c4 C4EA     		.short	-5436
 4923 16c6 C4EA     		.short	-5436
 4924 16c8 C4EA     		.short	-5436
 4925 16ca C4EA     		.short	-5436
 4926 16cc C4EA     		.short	-5436
 4927 16ce C4EA     		.short	-5436
 4928 16d0 C4EA     		.short	-5436
 4929 16d2 C4EA     		.short	-5436
 4930 16d4 C4EA     		.short	-5436
 4931 16d6 C4EA     		.short	-5436
ARM GAS  C:\Users\user\AppData\Local\Temp\ccqcwdMl.s 			page 103


 4932 16d8 C4EA     		.short	-5436
 4933 16da C4EA     		.short	-5436
 4934 16dc C4EA     		.short	-5436
 4935 16de C4EA     		.short	-5436
 4936 16e0 C4EA     		.short	-5436
 4937 16e2 C4EA     		.short	-5436
 4938 16e4 C4EA     		.short	-5436
 4939 16e6 C4EA     		.short	-5436
 4940 16e8 C4EA     		.short	-5436
 4941 16ea C4EA     		.short	-5436
 4942 16ec C4EA     		.short	-5436
 4943 16ee C4EA     		.short	-5436
 4944 16f0 C4EA     		.short	-5436
 4945 16f2 C4EA     		.short	-5436
 4946 16f4 C4EA     		.short	-5436
 4947 16f6 C4EA     		.short	-5436
 4948 16f8 C4EA     		.short	-5436
 4949 16fa C4EA     		.short	-5436
 4950 16fc C4EA     		.short	-5436
 4951 16fe 05FB     		.short	-1275
 4952 1700 8EF4     		.short	-2930
 4953 1702 05FB     		.short	-1275
 4954 1704 C4EA     		.short	-5436
 4955 1706 83E2     		.short	-7549
 4956 1708 6DEC     		.short	-5011
 4957 170a DFFF     		.short	-33
 4958 170c 72F5     		.short	-2702
 4959 170e C4EA     		.short	-5436
 4960 1710 C4EA     		.short	-5436
 4961 1712 C4EA     		.short	-5436
 4962 1714 C4EA     		.short	-5436
 4963 1716 C4EA     		.short	-5436
 4964 1718 C4EA     		.short	-5436
 4965 171a C4EA     		.short	-5436
 4966 171c C4EA     		.short	-5436
 4967 171e C4EA     		.short	-5436
 4968 1720 A4EA     		.short	-5468
 4969 1722 26EB     		.short	-5338
 4970 1724 16F6     		.short	-2538
 4971 1726 9DFF     		.short	-99
 4972 1728 6DF4     		.short	-2963
 4973 172a A3E2     		.short	-7517
 4974 172c C4EA     		.short	-5436
 4975 172e C4EA     		.short	-5436
 4976 1730 C4EA     		.short	-5436
 4977 1732 C4EA     		.short	-5436
 4978 1734 C4EA     		.short	-5436
 4979 1736 C4EA     		.short	-5436
 4980 1738 C4EA     		.short	-5436
 4981 173a C4EA     		.short	-5436
 4982 173c C4EA     		.short	-5436
 4983 173e C4EA     		.short	-5436
 4984 1740 C4EA     		.short	-5436
 4985 1742 C4EA     		.short	-5436
 4986 1744 C4EA     		.short	-5436
 4987 1746 C4EA     		.short	-5436
 4988 1748 C4EA     		.short	-5436
ARM GAS  C:\Users\user\AppData\Local\Temp\ccqcwdMl.s 			page 104


 4989 174a C4EA     		.short	-5436
 4990 174c C4EA     		.short	-5436
 4991 174e A3E2     		.short	-7517
 4992 1750 EAEB     		.short	-5142
 4993 1752 9DFF     		.short	-99
 4994 1754 98FE     		.short	-360
 4995 1756 27EB     		.short	-5337
 4996 1758 A4EA     		.short	-5468
 4997 175a C4EA     		.short	-5436
 4998 175c C4EA     		.short	-5436
 4999 175e C4EA     		.short	-5436
 5000 1760 C4EA     		.short	-5436
 5001 1762 C4EA     		.short	-5436
 5002 1764 C4EA     		.short	-5436
 5003 1766 C4EA     		.short	-5436
 5004 1768 A4EA     		.short	-5468
 5005 176a 6DEC     		.short	-5011
 5006 176c 5CFF     		.short	-164
 5007 176e 93F5     		.short	-2669
 5008 1770 E5EA     		.short	-5403
 5009 1772 C4EA     		.short	-5436
 5010 1774 C4EA     		.short	-5436
 5011 1776 C4EA     		.short	-5436
 5012 1778 C4EA     		.short	-5436
 5013 177a C4EA     		.short	-5436
 5014 177c C4EA     		.short	-5436
 5015 177e C4EA     		.short	-5436
 5016 1780 C4EA     		.short	-5436
 5017 1782 C4EA     		.short	-5436
 5018 1784 C4EA     		.short	-5436
 5019 1786 C4EA     		.short	-5436
 5020 1788 C4EA     		.short	-5436
 5021 178a C4EA     		.short	-5436
 5022 178c C4EA     		.short	-5436
 5023 178e C4EA     		.short	-5436
 5024 1790 C4EA     		.short	-5436
 5025 1792 C4EA     		.short	-5436
 5026 1794 C4EA     		.short	-5436
 5027 1796 C4EA     		.short	-5436
 5028 1798 C4EA     		.short	-5436
 5029 179a C4EA     		.short	-5436
 5030 179c C4EA     		.short	-5436
 5031 179e C4EA     		.short	-5436
 5032 17a0 C4EA     		.short	-5436
 5033 17a2 C4EA     		.short	-5436
 5034 17a4 C4EA     		.short	-5436
 5035 17a6 C4EA     		.short	-5436
 5036 17a8 C4EA     		.short	-5436
 5037 17aa C4EA     		.short	-5436
 5038 17ac C4EA     		.short	-5436
 5039 17ae C4EA     		.short	-5436
 5040 17b0 C4EA     		.short	-5436
 5041 17b2 C4EA     		.short	-5436
 5042 17b4 C4EA     		.short	-5436
 5043 17b6 C4EA     		.short	-5436
 5044 17b8 C4EA     		.short	-5436
 5045 17ba C4EA     		.short	-5436
ARM GAS  C:\Users\user\AppData\Local\Temp\ccqcwdMl.s 			page 105


 5046 17bc C4EA     		.short	-5436
 5047 17be C4EA     		.short	-5436
 5048 17c0 C4EA     		.short	-5436
 5049 17c2 C4EA     		.short	-5436
 5050 17c4 C4EA     		.short	-5436
 5051 17c6 C4EA     		.short	-5436
 5052 17c8 C4EA     		.short	-5436
 5053 17ca C4EA     		.short	-5436
 5054 17cc C4EA     		.short	-5436
 5055 17ce C4EA     		.short	-5436
 5056 17d0 C4EA     		.short	-5436
 5057 17d2 C4EA     		.short	-5436
 5058 17d4 C4EA     		.short	-5436
 5059 17d6 C4EA     		.short	-5436
 5060 17d8 C4EA     		.short	-5436
 5061 17da C4EA     		.short	-5436
 5062 17dc C4EA     		.short	-5436
 5063 17de C4EA     		.short	-5436
 5064 17e0 C4EA     		.short	-5436
 5065 17e2 C4EA     		.short	-5436
 5066 17e4 C4EA     		.short	-5436
 5067 17e6 C4EA     		.short	-5436
 5068 17e8 C4EA     		.short	-5436
 5069 17ea C4EA     		.short	-5436
 5070 17ec C4EA     		.short	-5436
 5071 17ee C4EA     		.short	-5436
 5072 17f0 C4EA     		.short	-5436
 5073 17f2 C4EA     		.short	-5436
 5074 17f4 C4EA     		.short	-5436
 5075 17f6 C4EA     		.short	-5436
 5076 17f8 C4EA     		.short	-5436
 5077 17fa C4EA     		.short	-5436
 5078 17fc C4EA     		.short	-5436
 5079 17fe 05FB     		.short	-1275
 5080 1800 8EF4     		.short	-2930
 5081 1802 05FB     		.short	-1275
 5082 1804 C4EA     		.short	-5436
 5083 1806 83E2     		.short	-7549
 5084 1808 0BEC     		.short	-5109
 5085 180a 7CFF     		.short	-132
 5086 180c F5F5     		.short	-2571
 5087 180e 06EB     		.short	-5370
 5088 1810 A4EA     		.short	-5468
 5089 1812 C4EA     		.short	-5436
 5090 1814 C4EA     		.short	-5436
 5091 1816 C4EA     		.short	-5436
 5092 1818 C4EA     		.short	-5436
 5093 181a C4EA     		.short	-5436
 5094 181c C4EA     		.short	-5436
 5095 181e C4EA     		.short	-5436
 5096 1820 A3EA     		.short	-5469
 5097 1822 EAEB     		.short	-5142
 5098 1824 9DFF     		.short	-99
 5099 1826 57FE     		.short	-425
 5100 1828 06EB     		.short	-5370
 5101 182a C4EA     		.short	-5436
 5102 182c C4EA     		.short	-5436
ARM GAS  C:\Users\user\AppData\Local\Temp\ccqcwdMl.s 			page 106


 5103 182e C4EA     		.short	-5436
 5104 1830 C4EA     		.short	-5436
 5105 1832 C4EA     		.short	-5436
 5106 1834 C4EA     		.short	-5436
 5107 1836 C4EA     		.short	-5436
 5108 1838 C4EA     		.short	-5436
 5109 183a C4EA     		.short	-5436
 5110 183c C4EA     		.short	-5436
 5111 183e C4EA     		.short	-5436
 5112 1840 C4EA     		.short	-5436
 5113 1842 C4EA     		.short	-5436
 5114 1844 C4EA     		.short	-5436
 5115 1846 C4EA     		.short	-5436
 5116 1848 C4EA     		.short	-5436
 5117 184a C4EA     		.short	-5436
 5118 184c C4EA     		.short	-5436
 5119 184e A4EA     		.short	-5468
 5120 1850 06EB     		.short	-5370
 5121 1852 F4F5     		.short	-2572
 5122 1854 9DFF     		.short	-99
 5123 1856 8DF4     		.short	-2931
 5124 1858 A3E2     		.short	-7517
 5125 185a C4EA     		.short	-5436
 5126 185c C4EA     		.short	-5436
 5127 185e C4EA     		.short	-5436
 5128 1860 C4EA     		.short	-5436
 5129 1862 C4EA     		.short	-5436
 5130 1864 C4EA     		.short	-5436
 5131 1866 C4EA     		.short	-5436
 5132 1868 A4EA     		.short	-5468
 5133 186a F0F4     		.short	-2832
 5134 186c 7DFF     		.short	-131
 5135 186e 10F5     		.short	-2800
 5136 1870 C4EA     		.short	-5436
 5137 1872 C4EA     		.short	-5436
 5138 1874 C4EA     		.short	-5436
 5139 1876 C4EA     		.short	-5436
 5140 1878 C4EA     		.short	-5436
 5141 187a C4EA     		.short	-5436
 5142 187c C4EA     		.short	-5436
 5143 187e C4EA     		.short	-5436
 5144 1880 C4EA     		.short	-5436
 5145 1882 C4EA     		.short	-5436
 5146 1884 C4EA     		.short	-5436
 5147 1886 C4EA     		.short	-5436
 5148 1888 C4EA     		.short	-5436
 5149 188a C4EA     		.short	-5436
 5150 188c C4EA     		.short	-5436
 5151 188e C4EA     		.short	-5436
 5152 1890 C4EA     		.short	-5436
 5153 1892 C4EA     		.short	-5436
 5154 1894 C4EA     		.short	-5436
 5155 1896 C4EA     		.short	-5436
 5156 1898 C4EA     		.short	-5436
 5157 189a C4EA     		.short	-5436
 5158 189c C4EA     		.short	-5436
 5159 189e C4EA     		.short	-5436
ARM GAS  C:\Users\user\AppData\Local\Temp\ccqcwdMl.s 			page 107


 5160 18a0 C4EA     		.short	-5436
 5161 18a2 C4EA     		.short	-5436
 5162 18a4 C4EA     		.short	-5436
 5163 18a6 C4EA     		.short	-5436
 5164 18a8 C4EA     		.short	-5436
 5165 18aa C4EA     		.short	-5436
 5166 18ac C4EA     		.short	-5436
 5167 18ae C4EA     		.short	-5436
 5168 18b0 C4EA     		.short	-5436
 5169 18b2 C4EA     		.short	-5436
 5170 18b4 C4EA     		.short	-5436
 5171 18b6 C4EA     		.short	-5436
 5172 18b8 C4EA     		.short	-5436
 5173 18ba C4EA     		.short	-5436
 5174 18bc C4EA     		.short	-5436
 5175 18be C4EA     		.short	-5436
 5176 18c0 C4EA     		.short	-5436
 5177 18c2 C4EA     		.short	-5436
 5178 18c4 C4EA     		.short	-5436
 5179 18c6 C4EA     		.short	-5436
 5180 18c8 C4EA     		.short	-5436
 5181 18ca C4EA     		.short	-5436
 5182 18cc C4EA     		.short	-5436
 5183 18ce C4EA     		.short	-5436
 5184 18d0 C4EA     		.short	-5436
 5185 18d2 C4EA     		.short	-5436
 5186 18d4 C4EA     		.short	-5436
 5187 18d6 C4EA     		.short	-5436
 5188 18d8 C4EA     		.short	-5436
 5189 18da C4EA     		.short	-5436
 5190 18dc C4EA     		.short	-5436
 5191 18de C4EA     		.short	-5436
 5192 18e0 C4EA     		.short	-5436
 5193 18e2 C4EA     		.short	-5436
 5194 18e4 C4EA     		.short	-5436
 5195 18e6 C4EA     		.short	-5436
 5196 18e8 C4EA     		.short	-5436
 5197 18ea C4EA     		.short	-5436
 5198 18ec C4EA     		.short	-5436
 5199 18ee C4EA     		.short	-5436
 5200 18f0 C4EA     		.short	-5436
 5201 18f2 C4EA     		.short	-5436
 5202 18f4 C4EA     		.short	-5436
 5203 18f6 C4EA     		.short	-5436
 5204 18f8 C4EA     		.short	-5436
 5205 18fa C4EA     		.short	-5436
 5206 18fc C4EA     		.short	-5436
 5207 18fe 05FB     		.short	-1275
 5208 1900 8EF4     		.short	-2930
 5209 1902 05FB     		.short	-1275
 5210 1904 C4EA     		.short	-5436
 5211 1906 A3E2     		.short	-7517
 5212 1908 A9EB     		.short	-5207
 5213 190a FAFE     		.short	-262
 5214 190c 98FE     		.short	-360
 5215 190e 67EB     		.short	-5273
 5216 1910 A4E2     		.short	-7516
ARM GAS  C:\Users\user\AppData\Local\Temp\ccqcwdMl.s 			page 108


 5217 1912 C4EA     		.short	-5436
 5218 1914 C4EA     		.short	-5436
 5219 1916 C4EA     		.short	-5436
 5220 1918 C4EA     		.short	-5436
 5221 191a C4EA     		.short	-5436
 5222 191c C4EA     		.short	-5436
 5223 191e C4EA     		.short	-5436
 5224 1920 E5EA     		.short	-5403
 5225 1922 51F5     		.short	-2735
 5226 1924 BEFF     		.short	-66
 5227 1926 10F5     		.short	-2800
 5228 1928 A3E2     		.short	-7517
 5229 192a C4EA     		.short	-5436
 5230 192c C4EA     		.short	-5436
 5231 192e C4EA     		.short	-5436
 5232 1930 C4EA     		.short	-5436
 5233 1932 C4EA     		.short	-5436
 5234 1934 C4EA     		.short	-5436
 5235 1936 C4EA     		.short	-5436
 5236 1938 C4EA     		.short	-5436
 5237 193a C4EA     		.short	-5436
 5238 193c C4EA     		.short	-5436
 5239 193e C4EA     		.short	-5436
 5240 1940 C4EA     		.short	-5436
 5241 1942 C4EA     		.short	-5436
 5242 1944 C4EA     		.short	-5436
 5243 1946 C4EA     		.short	-5436
 5244 1948 C4EA     		.short	-5436
 5245 194a C4EA     		.short	-5436
 5246 194c C4EA     		.short	-5436
 5247 194e C4EA     		.short	-5436
 5248 1950 A3E2     		.short	-7517
 5249 1952 4CEC     		.short	-5044
 5250 1954 DFFF     		.short	-33
 5251 1956 D4F5     		.short	-2604
 5252 1958 E5EA     		.short	-5403
 5253 195a C4EA     		.short	-5436
 5254 195c C4EA     		.short	-5436
 5255 195e C4EA     		.short	-5436
 5256 1960 C4EA     		.short	-5436
 5257 1962 C4EA     		.short	-5436
 5258 1964 C4EA     		.short	-5436
 5259 1966 C4EA     		.short	-5436
 5260 1968 C4EA     		.short	-5436
 5261 196a B4F5     		.short	-2636
 5262 196c BEFF     		.short	-66
 5263 196e 4CEC     		.short	-5044
 5264 1970 A4EA     		.short	-5468
 5265 1972 C4EA     		.short	-5436
 5266 1974 C4EA     		.short	-5436
 5267 1976 C4EA     		.short	-5436
 5268 1978 C4EA     		.short	-5436
 5269 197a C4EA     		.short	-5436
 5270 197c C4EA     		.short	-5436
 5271 197e C4EA     		.short	-5436
 5272 1980 C4EA     		.short	-5436
 5273 1982 C4EA     		.short	-5436
ARM GAS  C:\Users\user\AppData\Local\Temp\ccqcwdMl.s 			page 109


 5274 1984 C4EA     		.short	-5436
 5275 1986 C4EA     		.short	-5436
 5276 1988 C4EA     		.short	-5436
 5277 198a C4EA     		.short	-5436
 5278 198c C4EA     		.short	-5436
 5279 198e C4EA     		.short	-5436
 5280 1990 C4EA     		.short	-5436
 5281 1992 C4EA     		.short	-5436
 5282 1994 C4EA     		.short	-5436
 5283 1996 C4EA     		.short	-5436
 5284 1998 C4EA     		.short	-5436
 5285 199a C4EA     		.short	-5436
 5286 199c C4EA     		.short	-5436
 5287 199e C4EA     		.short	-5436
 5288 19a0 C4EA     		.short	-5436
 5289 19a2 C4EA     		.short	-5436
 5290 19a4 C4EA     		.short	-5436
 5291 19a6 C4EA     		.short	-5436
 5292 19a8 C4EA     		.short	-5436
 5293 19aa C4EA     		.short	-5436
 5294 19ac C4EA     		.short	-5436
 5295 19ae C4EA     		.short	-5436
 5296 19b0 C4EA     		.short	-5436
 5297 19b2 C4EA     		.short	-5436
 5298 19b4 C4EA     		.short	-5436
 5299 19b6 C4EA     		.short	-5436
 5300 19b8 C4EA     		.short	-5436
 5301 19ba C4EA     		.short	-5436
 5302 19bc C4EA     		.short	-5436
 5303 19be C4EA     		.short	-5436
 5304 19c0 C4EA     		.short	-5436
 5305 19c2 C4EA     		.short	-5436
 5306 19c4 C4EA     		.short	-5436
 5307 19c6 C4EA     		.short	-5436
 5308 19c8 C4EA     		.short	-5436
 5309 19ca C4EA     		.short	-5436
 5310 19cc C4EA     		.short	-5436
 5311 19ce C4EA     		.short	-5436
 5312 19d0 C4EA     		.short	-5436
 5313 19d2 C4EA     		.short	-5436
 5314 19d4 C4EA     		.short	-5436
 5315 19d6 C4EA     		.short	-5436
 5316 19d8 C4EA     		.short	-5436
 5317 19da C4EA     		.short	-5436
 5318 19dc C4EA     		.short	-5436
 5319 19de C4EA     		.short	-5436
 5320 19e0 C4EA     		.short	-5436
 5321 19e2 C4EA     		.short	-5436
 5322 19e4 C4EA     		.short	-5436
 5323 19e6 C4EA     		.short	-5436
 5324 19e8 C4EA     		.short	-5436
 5325 19ea C4EA     		.short	-5436
 5326 19ec C4EA     		.short	-5436
 5327 19ee C4EA     		.short	-5436
 5328 19f0 C4EA     		.short	-5436
 5329 19f2 C4EA     		.short	-5436
 5330 19f4 C4EA     		.short	-5436
ARM GAS  C:\Users\user\AppData\Local\Temp\ccqcwdMl.s 			page 110


 5331 19f6 C4EA     		.short	-5436
 5332 19f8 C4EA     		.short	-5436
 5333 19fa C4EA     		.short	-5436
 5334 19fc C4EA     		.short	-5436
 5335 19fe 05FB     		.short	-1275
 5336 1a00 8EF4     		.short	-2930
 5337 1a02 05FB     		.short	-1275
 5338 1a04 C4EA     		.short	-5436
 5339 1a06 A4E2     		.short	-7516
 5340 1a08 26EB     		.short	-5338
 5341 1a0a 57FE     		.short	-425
 5342 1a0c 7CFF     		.short	-132
 5343 1a0e C9EB     		.short	-5175
 5344 1a10 83E2     		.short	-7549
 5345 1a12 C4EA     		.short	-5436
 5346 1a14 C4EA     		.short	-5436
 5347 1a16 C4EA     		.short	-5436
 5348 1a18 C4EA     		.short	-5436
 5349 1a1a C4EA     		.short	-5436
 5350 1a1c C4EA     		.short	-5436
 5351 1a1e A4E2     		.short	-7516
 5352 1a20 26EB     		.short	-5338
 5353 1a22 D9FE     		.short	-295
 5354 1a24 1AFF     		.short	-230
 5355 1a26 88EB     		.short	-5240
 5356 1a28 83E2     		.short	-7549
 5357 1a2a A4EA     		.short	-5468
 5358 1a2c A4EA     		.short	-5468
 5359 1a2e A4EA     		.short	-5468
 5360 1a30 C4EA     		.short	-5436
 5361 1a32 C4EA     		.short	-5436
 5362 1a34 A4EA     		.short	-5468
 5363 1a36 C4EA     		.short	-5436
 5364 1a38 C4EA     		.short	-5436
 5365 1a3a C4EA     		.short	-5436
 5366 1a3c C4EA     		.short	-5436
 5367 1a3e A4EA     		.short	-5468
 5368 1a40 A4EA     		.short	-5468
 5369 1a42 C4EA     		.short	-5436
 5370 1a44 C4EA     		.short	-5436
 5371 1a46 C4EA     		.short	-5436
 5372 1a48 C4EA     		.short	-5436
 5373 1a4a A4EA     		.short	-5468
 5374 1a4c A4EA     		.short	-5468
 5375 1a4e C4EA     		.short	-5436
 5376 1a50 A3E2     		.short	-7517
 5377 1a52 68EB     		.short	-5272
 5378 1a54 D9FE     		.short	-295
 5379 1a56 DAFE     		.short	-294
 5380 1a58 A9EB     		.short	-5207
 5381 1a5a A4E2     		.short	-7516
 5382 1a5c C4EA     		.short	-5436
 5383 1a5e C4EA     		.short	-5436
 5384 1a60 C4EA     		.short	-5436
 5385 1a62 C4EA     		.short	-5436
 5386 1a64 C4EA     		.short	-5436
 5387 1a66 C4EA     		.short	-5436
ARM GAS  C:\Users\user\AppData\Local\Temp\ccqcwdMl.s 			page 111


 5388 1a68 E5EA     		.short	-5403
 5389 1a6a 77FE     		.short	-393
 5390 1a6c 9DFF     		.short	-99
 5391 1a6e A8EB     		.short	-5208
 5392 1a70 A3E2     		.short	-7517
 5393 1a72 C4EA     		.short	-5436
 5394 1a74 C4EA     		.short	-5436
 5395 1a76 C4EA     		.short	-5436
 5396 1a78 C4EA     		.short	-5436
 5397 1a7a C4EA     		.short	-5436
 5398 1a7c C4EA     		.short	-5436
 5399 1a7e C4EA     		.short	-5436
 5400 1a80 C4EA     		.short	-5436
 5401 1a82 C4EA     		.short	-5436
 5402 1a84 C4EA     		.short	-5436
 5403 1a86 C4EA     		.short	-5436
 5404 1a88 C4EA     		.short	-5436
 5405 1a8a C4EA     		.short	-5436
 5406 1a8c C4EA     		.short	-5436
 5407 1a8e C4EA     		.short	-5436
 5408 1a90 C4EA     		.short	-5436
 5409 1a92 C4EA     		.short	-5436
 5410 1a94 C4EA     		.short	-5436
 5411 1a96 C4EA     		.short	-5436
 5412 1a98 C4EA     		.short	-5436
 5413 1a9a C4EA     		.short	-5436
 5414 1a9c C4EA     		.short	-5436
 5415 1a9e C4EA     		.short	-5436
 5416 1aa0 C4EA     		.short	-5436
 5417 1aa2 C4EA     		.short	-5436
 5418 1aa4 C4EA     		.short	-5436
 5419 1aa6 C4EA     		.short	-5436
 5420 1aa8 C4EA     		.short	-5436
 5421 1aaa C4EA     		.short	-5436
 5422 1aac C4EA     		.short	-5436
 5423 1aae C4EA     		.short	-5436
 5424 1ab0 C4EA     		.short	-5436
 5425 1ab2 C4EA     		.short	-5436
 5426 1ab4 C4EA     		.short	-5436
 5427 1ab6 C4EA     		.short	-5436
 5428 1ab8 C4EA     		.short	-5436
 5429 1aba C4EA     		.short	-5436
 5430 1abc C4EA     		.short	-5436
 5431 1abe C4EA     		.short	-5436
 5432 1ac0 C4EA     		.short	-5436
 5433 1ac2 C4EA     		.short	-5436
 5434 1ac4 C4EA     		.short	-5436
 5435 1ac6 C4EA     		.short	-5436
 5436 1ac8 C4EA     		.short	-5436
 5437 1aca C4EA     		.short	-5436
 5438 1acc C4EA     		.short	-5436
 5439 1ace C4EA     		.short	-5436
 5440 1ad0 C4EA     		.short	-5436
 5441 1ad2 C4EA     		.short	-5436
 5442 1ad4 C4EA     		.short	-5436
 5443 1ad6 C4EA     		.short	-5436
 5444 1ad8 C4EA     		.short	-5436
ARM GAS  C:\Users\user\AppData\Local\Temp\ccqcwdMl.s 			page 112


 5445 1ada C4EA     		.short	-5436
 5446 1adc C4EA     		.short	-5436
 5447 1ade C4EA     		.short	-5436
 5448 1ae0 C4EA     		.short	-5436
 5449 1ae2 C4EA     		.short	-5436
 5450 1ae4 C4EA     		.short	-5436
 5451 1ae6 C4EA     		.short	-5436
 5452 1ae8 C4EA     		.short	-5436
 5453 1aea C4EA     		.short	-5436
 5454 1aec C4EA     		.short	-5436
 5455 1aee C4EA     		.short	-5436
 5456 1af0 C4EA     		.short	-5436
 5457 1af2 C4EA     		.short	-5436
 5458 1af4 C4EA     		.short	-5436
 5459 1af6 C4EA     		.short	-5436
 5460 1af8 C4EA     		.short	-5436
 5461 1afa C4EA     		.short	-5436
 5462 1afc C4EA     		.short	-5436
 5463 1afe 05FB     		.short	-1275
 5464 1b00 8EF4     		.short	-2930
 5465 1b02 05FB     		.short	-1275
 5466 1b04 C4EA     		.short	-5436
 5467 1b06 C4EA     		.short	-5436
 5468 1b08 A4E2     		.short	-7516
 5469 1b0a 93F5     		.short	-2669
 5470 1b0c FFFF     		.short	-1
 5471 1b0e 4CEC     		.short	-5044
 5472 1b10 83E2     		.short	-7549
 5473 1b12 C4EA     		.short	-5436
 5474 1b14 C4EA     		.short	-5436
 5475 1b16 C4EA     		.short	-5436
 5476 1b18 C4EA     		.short	-5436
 5477 1b1a C4EA     		.short	-5436
 5478 1b1c C4EA     		.short	-5436
 5479 1b1e A4EA     		.short	-5468
 5480 1b20 EAEB     		.short	-5142
 5481 1b22 9DFF     		.short	-99
 5482 1b24 56F6     		.short	-2474
 5483 1b26 05EB     		.short	-5371
 5484 1b28 E5EA     		.short	-5403
 5485 1b2a 06EB     		.short	-5370
 5486 1b2c 05EB     		.short	-5371
 5487 1b2e E5EA     		.short	-5403
 5488 1b30 E5EA     		.short	-5403
 5489 1b32 E5EA     		.short	-5403
 5490 1b34 05EB     		.short	-5371
 5491 1b36 E5EA     		.short	-5403
 5492 1b38 C4EA     		.short	-5436
 5493 1b3a C4EA     		.short	-5436
 5494 1b3c E5EA     		.short	-5403
 5495 1b3e 06EB     		.short	-5370
 5496 1b40 06EB     		.short	-5370
 5497 1b42 E5EA     		.short	-5403
 5498 1b44 C4EA     		.short	-5436
 5499 1b46 C4EA     		.short	-5436
 5500 1b48 C4EA     		.short	-5436
 5501 1b4a 05EB     		.short	-5371
ARM GAS  C:\Users\user\AppData\Local\Temp\ccqcwdMl.s 			page 113


 5502 1b4c 05EB     		.short	-5371
 5503 1b4e C4EA     		.short	-5436
 5504 1b50 A4EA     		.short	-5468
 5505 1b52 E5EA     		.short	-5403
 5506 1b54 72F5     		.short	-2702
 5507 1b56 BEFF     		.short	-66
 5508 1b58 8DEC     		.short	-4979
 5509 1b5a 83E2     		.short	-7549
 5510 1b5c C4EA     		.short	-5436
 5511 1b5e C4EA     		.short	-5436
 5512 1b60 C4EA     		.short	-5436
 5513 1b62 C4EA     		.short	-5436
 5514 1b64 C4EA     		.short	-5436
 5515 1b66 A4EA     		.short	-5468
 5516 1b68 88EB     		.short	-5240
 5517 1b6a FAFE     		.short	-262
 5518 1b6c B9FE     		.short	-327
 5519 1b6e 47EB     		.short	-5305
 5520 1b70 A4E2     		.short	-7516
 5521 1b72 C4EA     		.short	-5436
 5522 1b74 C4EA     		.short	-5436
 5523 1b76 C4EA     		.short	-5436
 5524 1b78 C4EA     		.short	-5436
 5525 1b7a C4EA     		.short	-5436
 5526 1b7c C4EA     		.short	-5436
 5527 1b7e C4EA     		.short	-5436
 5528 1b80 C4EA     		.short	-5436
 5529 1b82 C4EA     		.short	-5436
 5530 1b84 C4EA     		.short	-5436
 5531 1b86 C4EA     		.short	-5436
 5532 1b88 C4EA     		.short	-5436
 5533 1b8a C4EA     		.short	-5436
 5534 1b8c C4EA     		.short	-5436
 5535 1b8e C4EA     		.short	-5436
 5536 1b90 C4EA     		.short	-5436
 5537 1b92 C4EA     		.short	-5436
 5538 1b94 C4EA     		.short	-5436
 5539 1b96 C4EA     		.short	-5436
 5540 1b98 C4EA     		.short	-5436
 5541 1b9a C4EA     		.short	-5436
 5542 1b9c C4EA     		.short	-5436
 5543 1b9e C4EA     		.short	-5436
 5544 1ba0 C4EA     		.short	-5436
 5545 1ba2 C4EA     		.short	-5436
 5546 1ba4 C4EA     		.short	-5436
 5547 1ba6 C4EA     		.short	-5436
 5548 1ba8 C4EA     		.short	-5436
 5549 1baa C4EA     		.short	-5436
 5550 1bac C4EA     		.short	-5436
 5551 1bae C4EA     		.short	-5436
 5552 1bb0 C4EA     		.short	-5436
 5553 1bb2 C4EA     		.short	-5436
 5554 1bb4 C4EA     		.short	-5436
 5555 1bb6 C4EA     		.short	-5436
 5556 1bb8 C4EA     		.short	-5436
 5557 1bba C4EA     		.short	-5436
 5558 1bbc C4EA     		.short	-5436
ARM GAS  C:\Users\user\AppData\Local\Temp\ccqcwdMl.s 			page 114


 5559 1bbe C4EA     		.short	-5436
 5560 1bc0 C4EA     		.short	-5436
 5561 1bc2 C4EA     		.short	-5436
 5562 1bc4 C4EA     		.short	-5436
 5563 1bc6 C4EA     		.short	-5436
 5564 1bc8 C4EA     		.short	-5436
 5565 1bca C4EA     		.short	-5436
 5566 1bcc C4EA     		.short	-5436
 5567 1bce C4EA     		.short	-5436
 5568 1bd0 C4EA     		.short	-5436
 5569 1bd2 C4EA     		.short	-5436
 5570 1bd4 C4EA     		.short	-5436
 5571 1bd6 C4EA     		.short	-5436
 5572 1bd8 C4EA     		.short	-5436
 5573 1bda C4EA     		.short	-5436
 5574 1bdc C4EA     		.short	-5436
 5575 1bde C4EA     		.short	-5436
 5576 1be0 C4EA     		.short	-5436
 5577 1be2 C4EA     		.short	-5436
 5578 1be4 C4EA     		.short	-5436
 5579 1be6 C4EA     		.short	-5436
 5580 1be8 C4EA     		.short	-5436
 5581 1bea C4EA     		.short	-5436
 5582 1bec C4EA     		.short	-5436
 5583 1bee C4EA     		.short	-5436
 5584 1bf0 C4EA     		.short	-5436
 5585 1bf2 C4EA     		.short	-5436
 5586 1bf4 C4EA     		.short	-5436
 5587 1bf6 C4EA     		.short	-5436
 5588 1bf8 C4EA     		.short	-5436
 5589 1bfa C4EA     		.short	-5436
 5590 1bfc C4EA     		.short	-5436
 5591 1bfe 05FB     		.short	-1275
 5592 1c00 8EF4     		.short	-2930
 5593 1c02 05FB     		.short	-1275
 5594 1c04 C4EA     		.short	-5436
 5595 1c06 C4EA     		.short	-5436
 5596 1c08 83E2     		.short	-7549
 5597 1c0a CFF4     		.short	-2865
 5598 1c0c BEFF     		.short	-66
 5599 1c0e 52F5     		.short	-2734
 5600 1c10 E5EA     		.short	-5403
 5601 1c12 C4EA     		.short	-5436
 5602 1c14 C4EA     		.short	-5436
 5603 1c16 C4EA     		.short	-5436
 5604 1c18 C4EA     		.short	-5436
 5605 1c1a C4EA     		.short	-5436
 5606 1c1c C4EA     		.short	-5436
 5607 1c1e C4EA     		.short	-5436
 5608 1c20 EFF4     		.short	-2833
 5609 1c22 7DFF     		.short	-131
 5610 1c24 93F5     		.short	-2669
 5611 1c26 EFF4     		.short	-2833
 5612 1c28 15F6     		.short	-2539
 5613 1c2a 15F6     		.short	-2539
 5614 1c2c 15F6     		.short	-2539
 5615 1c2e D4F5     		.short	-2604
ARM GAS  C:\Users\user\AppData\Local\Temp\ccqcwdMl.s 			page 115


 5616 1c30 31F5     		.short	-2767
 5617 1c32 93F5     		.short	-2669
 5618 1c34 D4F5     		.short	-2604
 5619 1c36 0BEC     		.short	-5109
 5620 1c38 A4E2     		.short	-7516
 5621 1c3a 26EB     		.short	-5338
 5622 1c3c 31F5     		.short	-2767
 5623 1c3e 16F6     		.short	-2538
 5624 1c40 36F6     		.short	-2506
 5625 1c42 31F5     		.short	-2767
 5626 1c44 06EB     		.short	-5370
 5627 1c46 A4E2     		.short	-7516
 5628 1c48 6DF4     		.short	-2963
 5629 1c4a 16F6     		.short	-2538
 5630 1c4c 15F6     		.short	-2539
 5631 1c4e 2CEC     		.short	-5076
 5632 1c50 C4EA     		.short	-5436
 5633 1c52 83E2     		.short	-7549
 5634 1c54 8DF4     		.short	-2931
 5635 1c56 FFFF     		.short	-1
 5636 1c58 52F5     		.short	-2734
 5637 1c5a A4EA     		.short	-5468
 5638 1c5c C4EA     		.short	-5436
 5639 1c5e C4EA     		.short	-5436
 5640 1c60 C4EA     		.short	-5436
 5641 1c62 C4EA     		.short	-5436
 5642 1c64 C4EA     		.short	-5436
 5643 1c66 A4E2     		.short	-7516
 5644 1c68 8DF4     		.short	-2931
 5645 1c6a 7DFF     		.short	-131
 5646 1c6c 93F5     		.short	-2669
 5647 1c6e 05EB     		.short	-5371
 5648 1c70 A4EA     		.short	-5468
 5649 1c72 C4EA     		.short	-5436
 5650 1c74 C4EA     		.short	-5436
 5651 1c76 C4EA     		.short	-5436
 5652 1c78 C4EA     		.short	-5436
 5653 1c7a C4EA     		.short	-5436
 5654 1c7c C4EA     		.short	-5436
 5655 1c7e C4EA     		.short	-5436
 5656 1c80 C4EA     		.short	-5436
 5657 1c82 C4EA     		.short	-5436
 5658 1c84 C4EA     		.short	-5436
 5659 1c86 C4EA     		.short	-5436
 5660 1c88 C4EA     		.short	-5436
 5661 1c8a C4EA     		.short	-5436
 5662 1c8c C4EA     		.short	-5436
 5663 1c8e C4EA     		.short	-5436
 5664 1c90 C4EA     		.short	-5436
 5665 1c92 C4EA     		.short	-5436
 5666 1c94 C4EA     		.short	-5436
 5667 1c96 C4EA     		.short	-5436
 5668 1c98 C4EA     		.short	-5436
 5669 1c9a C4EA     		.short	-5436
 5670 1c9c C4EA     		.short	-5436
 5671 1c9e C4EA     		.short	-5436
 5672 1ca0 C4EA     		.short	-5436
ARM GAS  C:\Users\user\AppData\Local\Temp\ccqcwdMl.s 			page 116


 5673 1ca2 C4EA     		.short	-5436
 5674 1ca4 C4EA     		.short	-5436
 5675 1ca6 C4EA     		.short	-5436
 5676 1ca8 C4EA     		.short	-5436
 5677 1caa C4EA     		.short	-5436
 5678 1cac C4EA     		.short	-5436
 5679 1cae C4EA     		.short	-5436
 5680 1cb0 C4EA     		.short	-5436
 5681 1cb2 C4EA     		.short	-5436
 5682 1cb4 C4EA     		.short	-5436
 5683 1cb6 C4EA     		.short	-5436
 5684 1cb8 C4EA     		.short	-5436
 5685 1cba C4EA     		.short	-5436
 5686 1cbc C4EA     		.short	-5436
 5687 1cbe C4EA     		.short	-5436
 5688 1cc0 C4EA     		.short	-5436
 5689 1cc2 C4EA     		.short	-5436
 5690 1cc4 C4EA     		.short	-5436
 5691 1cc6 C4EA     		.short	-5436
 5692 1cc8 C4EA     		.short	-5436
 5693 1cca C4EA     		.short	-5436
 5694 1ccc C4EA     		.short	-5436
 5695 1cce C4EA     		.short	-5436
 5696 1cd0 C4EA     		.short	-5436
 5697 1cd2 C4EA     		.short	-5436
 5698 1cd4 C4EA     		.short	-5436
 5699 1cd6 C4EA     		.short	-5436
 5700 1cd8 C4EA     		.short	-5436
 5701 1cda C4EA     		.short	-5436
 5702 1cdc C4EA     		.short	-5436
 5703 1cde C4EA     		.short	-5436
 5704 1ce0 C4EA     		.short	-5436
 5705 1ce2 C4EA     		.short	-5436
 5706 1ce4 C4EA     		.short	-5436
 5707 1ce6 C4EA     		.short	-5436
 5708 1ce8 C4EA     		.short	-5436
 5709 1cea C4EA     		.short	-5436
 5710 1cec C4EA     		.short	-5436
 5711 1cee C4EA     		.short	-5436
 5712 1cf0 C4EA     		.short	-5436
 5713 1cf2 C4EA     		.short	-5436
 5714 1cf4 C4EA     		.short	-5436
 5715 1cf6 C4EA     		.short	-5436
 5716 1cf8 C4EA     		.short	-5436
 5717 1cfa C4EA     		.short	-5436
 5718 1cfc C4EA     		.short	-5436
 5719 1cfe 05FB     		.short	-1275
 5720 1d00 8EF4     		.short	-2930
 5721 1d02 05FB     		.short	-1275
 5722 1d04 C4EA     		.short	-5436
 5723 1d06 C4EA     		.short	-5436
 5724 1d08 A4E2     		.short	-7516
 5725 1d0a CAEB     		.short	-5174
 5726 1d0c 1AFF     		.short	-230
 5727 1d0e B9FE     		.short	-327
 5728 1d10 47EB     		.short	-5305
 5729 1d12 A3E2     		.short	-7517
ARM GAS  C:\Users\user\AppData\Local\Temp\ccqcwdMl.s 			page 117


 5730 1d14 C4EA     		.short	-5436
 5731 1d16 C4EA     		.short	-5436
 5732 1d18 C4EA     		.short	-5436
 5733 1d1a C4EA     		.short	-5436
 5734 1d1c A4EA     		.short	-5468
 5735 1d1e E5EA     		.short	-5403
 5736 1d20 F5F5     		.short	-2571
 5737 1d22 3BFF     		.short	-197
 5738 1d24 CEF4     		.short	-2866
 5739 1d26 56F6     		.short	-2474
 5740 1d28 FFFF     		.short	-1
 5741 1d2a 1BFF     		.short	-229
 5742 1d2c 98FE     		.short	-360
 5743 1d2e FAFE     		.short	-262
 5744 1d30 BEFF     		.short	-66
 5745 1d32 FFFF     		.short	-1
 5746 1d34 9DFF     		.short	-99
 5747 1d36 CFF4     		.short	-2865
 5748 1d38 83E2     		.short	-7549
 5749 1d3a 47EB     		.short	-5305
 5750 1d3c D9FE     		.short	-295
 5751 1d3e FFFF     		.short	-1
 5752 1d40 5CFF     		.short	-164
 5753 1d42 9EFF     		.short	-98
 5754 1d44 31F5     		.short	-2767
 5755 1d46 4CEC     		.short	-5044
 5756 1d48 3BFF     		.short	-197
 5757 1d4a 9DFF     		.short	-99
 5758 1d4c 9DFF     		.short	-99
 5759 1d4e 3BFF     		.short	-197
 5760 1d50 4CEC     		.short	-5044
 5761 1d52 83E2     		.short	-7549
 5762 1d54 EAEB     		.short	-5142
 5763 1d56 5CFF     		.short	-164
 5764 1d58 36F6     		.short	-2506
 5765 1d5a 26EB     		.short	-5338
 5766 1d5c A4EA     		.short	-5468
 5767 1d5e C4EA     		.short	-5436
 5768 1d60 C4EA     		.short	-5436
 5769 1d62 C4EA     		.short	-5436
 5770 1d64 C4EA     		.short	-5436
 5771 1d66 A4E2     		.short	-7516
 5772 1d68 93F5     		.short	-2669
 5773 1d6a FFFF     		.short	-1
 5774 1d6c 6DF4     		.short	-2963
 5775 1d6e A4E2     		.short	-7516
 5776 1d70 C4EA     		.short	-5436
 5777 1d72 C4EA     		.short	-5436
 5778 1d74 C4EA     		.short	-5436
 5779 1d76 C4EA     		.short	-5436
 5780 1d78 C4EA     		.short	-5436
 5781 1d7a C4EA     		.short	-5436
 5782 1d7c C4EA     		.short	-5436
 5783 1d7e C4EA     		.short	-5436
 5784 1d80 C4EA     		.short	-5436
 5785 1d82 C4EA     		.short	-5436
 5786 1d84 C4EA     		.short	-5436
ARM GAS  C:\Users\user\AppData\Local\Temp\ccqcwdMl.s 			page 118


 5787 1d86 C4EA     		.short	-5436
 5788 1d88 C4EA     		.short	-5436
 5789 1d8a C4EA     		.short	-5436
 5790 1d8c C4EA     		.short	-5436
 5791 1d8e C4EA     		.short	-5436
 5792 1d90 C4EA     		.short	-5436
 5793 1d92 C4EA     		.short	-5436
 5794 1d94 C4EA     		.short	-5436
 5795 1d96 C4EA     		.short	-5436
 5796 1d98 C4EA     		.short	-5436
 5797 1d9a C4EA     		.short	-5436
 5798 1d9c C4EA     		.short	-5436
 5799 1d9e C4EA     		.short	-5436
 5800 1da0 C4EA     		.short	-5436
 5801 1da2 C4EA     		.short	-5436
 5802 1da4 C4EA     		.short	-5436
 5803 1da6 C4EA     		.short	-5436
 5804 1da8 C4EA     		.short	-5436
 5805 1daa C4EA     		.short	-5436
 5806 1dac C4EA     		.short	-5436
 5807 1dae C4EA     		.short	-5436
 5808 1db0 C4EA     		.short	-5436
 5809 1db2 C4EA     		.short	-5436
 5810 1db4 C4EA     		.short	-5436
 5811 1db6 C4EA     		.short	-5436
 5812 1db8 C4EA     		.short	-5436
 5813 1dba C4EA     		.short	-5436
 5814 1dbc C4EA     		.short	-5436
 5815 1dbe C4EA     		.short	-5436
 5816 1dc0 C4EA     		.short	-5436
 5817 1dc2 C4EA     		.short	-5436
 5818 1dc4 C4EA     		.short	-5436
 5819 1dc6 C4EA     		.short	-5436
 5820 1dc8 C4EA     		.short	-5436
 5821 1dca C4EA     		.short	-5436
 5822 1dcc C4EA     		.short	-5436
 5823 1dce C4EA     		.short	-5436
 5824 1dd0 C4EA     		.short	-5436
 5825 1dd2 C4EA     		.short	-5436
 5826 1dd4 C4EA     		.short	-5436
 5827 1dd6 C4EA     		.short	-5436
 5828 1dd8 C4EA     		.short	-5436
 5829 1dda C4EA     		.short	-5436
 5830 1ddc C4EA     		.short	-5436
 5831 1dde C4EA     		.short	-5436
 5832 1de0 C4EA     		.short	-5436
 5833 1de2 C4EA     		.short	-5436
 5834 1de4 C4EA     		.short	-5436
 5835 1de6 C4EA     		.short	-5436
 5836 1de8 C4EA     		.short	-5436
 5837 1dea C4EA     		.short	-5436
 5838 1dec C4EA     		.short	-5436
 5839 1dee C4EA     		.short	-5436
 5840 1df0 C4EA     		.short	-5436
 5841 1df2 C4EA     		.short	-5436
 5842 1df4 C4EA     		.short	-5436
 5843 1df6 C4EA     		.short	-5436
ARM GAS  C:\Users\user\AppData\Local\Temp\ccqcwdMl.s 			page 119


 5844 1df8 C4EA     		.short	-5436
 5845 1dfa C4EA     		.short	-5436
 5846 1dfc C4EA     		.short	-5436
 5847 1dfe 05FB     		.short	-1275
 5848 1e00 8EF4     		.short	-2930
 5849 1e02 05FB     		.short	-1275
 5850 1e04 C4EA     		.short	-5436
 5851 1e06 C4EA     		.short	-5436
 5852 1e08 C4EA     		.short	-5436
 5853 1e0a E5EA     		.short	-5403
 5854 1e0c 56F6     		.short	-2474
 5855 1e0e DEFF     		.short	-34
 5856 1e10 0BEC     		.short	-5109
 5857 1e12 A4E2     		.short	-7516
 5858 1e14 C4EA     		.short	-5436
 5859 1e16 C4EA     		.short	-5436
 5860 1e18 C4EA     		.short	-5436
 5861 1e1a C4EA     		.short	-5436
 5862 1e1c A4EA     		.short	-5468
 5863 1e1e 06EB     		.short	-5370
 5864 1e20 D9FE     		.short	-295
 5865 1e22 1BFF     		.short	-229
 5866 1e24 EAEB     		.short	-5142
 5867 1e26 56F6     		.short	-2474
 5868 1e28 FFFF     		.short	-1
 5869 1e2a 36F6     		.short	-2506
 5870 1e2c F0F4     		.short	-2832
 5871 1e2e F4F5     		.short	-2572
 5872 1e30 FFFF     		.short	-1
 5873 1e32 FFFF     		.short	-1
 5874 1e34 BEFF     		.short	-66
 5875 1e36 CFF4     		.short	-2865
 5876 1e38 83E2     		.short	-7549
 5877 1e3a 47EB     		.short	-5305
 5878 1e3c FAFE     		.short	-262
 5879 1e3e DFFF     		.short	-33
 5880 1e40 10F5     		.short	-2800
 5881 1e42 B9FE     		.short	-327
 5882 1e44 9DFF     		.short	-99
 5883 1e46 5CFF     		.short	-164
 5884 1e48 9DFF     		.short	-99
 5885 1e4a 8DEC     		.short	-4979
 5886 1e4c 6DEC     		.short	-5011
 5887 1e4e 3BFF     		.short	-197
 5888 1e50 5CFF     		.short	-164
 5889 1e52 4CEC     		.short	-5044
 5890 1e54 67EB     		.short	-5273
 5891 1e56 98FE     		.short	-360
 5892 1e58 D9FE     		.short	-295
 5893 1e5a A9EB     		.short	-5207
 5894 1e5c A4E2     		.short	-7516
 5895 1e5e C4EA     		.short	-5436
 5896 1e60 C4EA     		.short	-5436
 5897 1e62 C4EA     		.short	-5436
 5898 1e64 A4EA     		.short	-5468
 5899 1e66 47EB     		.short	-5305
 5900 1e68 98FE     		.short	-360
ARM GAS  C:\Users\user\AppData\Local\Temp\ccqcwdMl.s 			page 120


 5901 1e6a 5CFF     		.short	-164
 5902 1e6c A9EB     		.short	-5207
 5903 1e6e A3E2     		.short	-7517
 5904 1e70 C4EA     		.short	-5436
 5905 1e72 C4EA     		.short	-5436
 5906 1e74 C4EA     		.short	-5436
 5907 1e76 C4EA     		.short	-5436
 5908 1e78 C4EA     		.short	-5436
 5909 1e7a C4EA     		.short	-5436
 5910 1e7c C4EA     		.short	-5436
 5911 1e7e C4EA     		.short	-5436
 5912 1e80 C4EA     		.short	-5436
 5913 1e82 C4EA     		.short	-5436
 5914 1e84 C4EA     		.short	-5436
 5915 1e86 C4EA     		.short	-5436
 5916 1e88 C4EA     		.short	-5436
 5917 1e8a C4EA     		.short	-5436
 5918 1e8c C4EA     		.short	-5436
 5919 1e8e C4EA     		.short	-5436
 5920 1e90 C4EA     		.short	-5436
 5921 1e92 C4EA     		.short	-5436
 5922 1e94 C4EA     		.short	-5436
 5923 1e96 C4EA     		.short	-5436
 5924 1e98 C4EA     		.short	-5436
 5925 1e9a C4EA     		.short	-5436
 5926 1e9c C4EA     		.short	-5436
 5927 1e9e C4EA     		.short	-5436
 5928 1ea0 C4EA     		.short	-5436
 5929 1ea2 C4EA     		.short	-5436
 5930 1ea4 C4EA     		.short	-5436
 5931 1ea6 C4EA     		.short	-5436
 5932 1ea8 C4EA     		.short	-5436
 5933 1eaa C4EA     		.short	-5436
 5934 1eac C4EA     		.short	-5436
 5935 1eae C4EA     		.short	-5436
 5936 1eb0 C4EA     		.short	-5436
 5937 1eb2 C4EA     		.short	-5436
 5938 1eb4 C4EA     		.short	-5436
 5939 1eb6 C4EA     		.short	-5436
 5940 1eb8 C4EA     		.short	-5436
 5941 1eba C4EA     		.short	-5436
 5942 1ebc C4EA     		.short	-5436
 5943 1ebe C4EA     		.short	-5436
 5944 1ec0 C4EA     		.short	-5436
 5945 1ec2 C4EA     		.short	-5436
 5946 1ec4 C4EA     		.short	-5436
 5947 1ec6 C4EA     		.short	-5436
 5948 1ec8 C4EA     		.short	-5436
 5949 1eca C4EA     		.short	-5436
 5950 1ecc C4EA     		.short	-5436
 5951 1ece C4EA     		.short	-5436
 5952 1ed0 C4EA     		.short	-5436
 5953 1ed2 C4EA     		.short	-5436
 5954 1ed4 C4EA     		.short	-5436
 5955 1ed6 C4EA     		.short	-5436
 5956 1ed8 C4EA     		.short	-5436
 5957 1eda C4EA     		.short	-5436
ARM GAS  C:\Users\user\AppData\Local\Temp\ccqcwdMl.s 			page 121


 5958 1edc C4EA     		.short	-5436
 5959 1ede C4EA     		.short	-5436
 5960 1ee0 C4EA     		.short	-5436
 5961 1ee2 C4EA     		.short	-5436
 5962 1ee4 C4EA     		.short	-5436
 5963 1ee6 C4EA     		.short	-5436
 5964 1ee8 C4EA     		.short	-5436
 5965 1eea C4EA     		.short	-5436
 5966 1eec C4EA     		.short	-5436
 5967 1eee C4EA     		.short	-5436
 5968 1ef0 C4EA     		.short	-5436
 5969 1ef2 C4EA     		.short	-5436
 5970 1ef4 C4EA     		.short	-5436
 5971 1ef6 C4EA     		.short	-5436
 5972 1ef8 C4EA     		.short	-5436
 5973 1efa C4EA     		.short	-5436
 5974 1efc C4EA     		.short	-5436
 5975 1efe 05FB     		.short	-1275
 5976 1f00 8EF4     		.short	-2930
 5977 1f02 05FB     		.short	-1275
 5978 1f04 C4EA     		.short	-5436
 5979 1f06 C4EA     		.short	-5436
 5980 1f08 C4EA     		.short	-5436
 5981 1f0a A4EA     		.short	-5468
 5982 1f0c 10F5     		.short	-2800
 5983 1f0e BEFF     		.short	-66
 5984 1f10 93F5     		.short	-2669
 5985 1f12 E5EA     		.short	-5403
 5986 1f14 A4EA     		.short	-5468
 5987 1f16 C4EA     		.short	-5436
 5988 1f18 C4EA     		.short	-5436
 5989 1f1a C4EA     		.short	-5436
 5990 1f1c A4E2     		.short	-7516
 5991 1f1e 47EB     		.short	-5305
 5992 1f20 5CFF     		.short	-164
 5993 1f22 B9FE     		.short	-327
 5994 1f24 88EB     		.short	-5240
 5995 1f26 36F6     		.short	-2506
 5996 1f28 FFFF     		.short	-1
 5997 1f2a 5CFF     		.short	-164
 5998 1f2c FAFE     		.short	-262
 5999 1f2e D9FE     		.short	-295
 6000 1f30 B8FE     		.short	-328
 6001 1f32 7DFF     		.short	-131
 6002 1f34 BEFF     		.short	-66
 6003 1f36 CEF4     		.short	-2866
 6004 1f38 62E2     		.short	-7582
 6005 1f3a 26EB     		.short	-5338
 6006 1f3c FAFE     		.short	-262
 6007 1f3e DFFF     		.short	-33
 6008 1f40 EAEB     		.short	-5142
 6009 1f42 0BEC     		.short	-5109
 6010 1f44 5CFF     		.short	-164
 6011 1f46 FFFF     		.short	-1
 6012 1f48 51F5     		.short	-2735
 6013 1f4a CAEB     		.short	-5174
 6014 1f4c 2BEC     		.short	-5077
ARM GAS  C:\Users\user\AppData\Local\Temp\ccqcwdMl.s 			page 122


 6015 1f4e 8DF4     		.short	-2931
 6016 1f50 DAFE     		.short	-294
 6017 1f52 3BFF     		.short	-197
 6018 1f54 AEF4     		.short	-2898
 6019 1f56 F5F5     		.short	-2571
 6020 1f58 7CFF     		.short	-132
 6021 1f5a 0BEC     		.short	-5109
 6022 1f5c A3E2     		.short	-7517
 6023 1f5e C4EA     		.short	-5436
 6024 1f60 C4EA     		.short	-5436
 6025 1f62 C4EA     		.short	-5436
 6026 1f64 83E2     		.short	-7549
 6027 1f66 6DEC     		.short	-5011
 6028 1f68 9DFF     		.short	-99
 6029 1f6a D4F5     		.short	-2604
 6030 1f6c 06EB     		.short	-5370
 6031 1f6e A4EA     		.short	-5468
 6032 1f70 C4EA     		.short	-5436
 6033 1f72 C4EA     		.short	-5436
 6034 1f74 C4EA     		.short	-5436
 6035 1f76 C4EA     		.short	-5436
 6036 1f78 C4EA     		.short	-5436
 6037 1f7a C4EA     		.short	-5436
 6038 1f7c C4EA     		.short	-5436
 6039 1f7e C4EA     		.short	-5436
 6040 1f80 C4EA     		.short	-5436
 6041 1f82 C4EA     		.short	-5436
 6042 1f84 C4EA     		.short	-5436
 6043 1f86 C4EA     		.short	-5436
 6044 1f88 C4EA     		.short	-5436
 6045 1f8a C4EA     		.short	-5436
 6046 1f8c C4EA     		.short	-5436
 6047 1f8e C4EA     		.short	-5436
 6048 1f90 C4EA     		.short	-5436
 6049 1f92 C4EA     		.short	-5436
 6050 1f94 C4EA     		.short	-5436
 6051 1f96 C4EA     		.short	-5436
 6052 1f98 C4EA     		.short	-5436
 6053 1f9a C4EA     		.short	-5436
 6054 1f9c C4EA     		.short	-5436
 6055 1f9e C4EA     		.short	-5436
 6056 1fa0 C4EA     		.short	-5436
 6057 1fa2 C4EA     		.short	-5436
 6058 1fa4 C4EA     		.short	-5436
 6059 1fa6 C4EA     		.short	-5436
 6060 1fa8 C4EA     		.short	-5436
 6061 1faa C4EA     		.short	-5436
 6062 1fac C4EA     		.short	-5436
 6063 1fae C4EA     		.short	-5436
 6064 1fb0 C4EA     		.short	-5436
 6065 1fb2 C4EA     		.short	-5436
 6066 1fb4 C4EA     		.short	-5436
 6067 1fb6 C4EA     		.short	-5436
 6068 1fb8 C4EA     		.short	-5436
 6069 1fba C4EA     		.short	-5436
 6070 1fbc C4EA     		.short	-5436
 6071 1fbe C4EA     		.short	-5436
ARM GAS  C:\Users\user\AppData\Local\Temp\ccqcwdMl.s 			page 123


 6072 1fc0 C4EA     		.short	-5436
 6073 1fc2 C4EA     		.short	-5436
 6074 1fc4 C4EA     		.short	-5436
 6075 1fc6 C4EA     		.short	-5436
 6076 1fc8 C4EA     		.short	-5436
 6077 1fca C4EA     		.short	-5436
 6078 1fcc C4EA     		.short	-5436
 6079 1fce C4EA     		.short	-5436
 6080 1fd0 C4EA     		.short	-5436
 6081 1fd2 C4EA     		.short	-5436
 6082 1fd4 C4EA     		.short	-5436
 6083 1fd6 C4EA     		.short	-5436
 6084 1fd8 C4EA     		.short	-5436
 6085 1fda C4EA     		.short	-5436
 6086 1fdc C4EA     		.short	-5436
 6087 1fde C4EA     		.short	-5436
 6088 1fe0 C4EA     		.short	-5436
 6089 1fe2 C4EA     		.short	-5436
 6090 1fe4 C4EA     		.short	-5436
 6091 1fe6 C4EA     		.short	-5436
 6092 1fe8 C4EA     		.short	-5436
 6093 1fea C4EA     		.short	-5436
 6094 1fec C4EA     		.short	-5436
 6095 1fee C4EA     		.short	-5436
 6096 1ff0 C4EA     		.short	-5436
 6097 1ff2 C4EA     		.short	-5436
 6098 1ff4 C4EA     		.short	-5436
 6099 1ff6 C4EA     		.short	-5436
 6100 1ff8 C4EA     		.short	-5436
 6101 1ffa C4EA     		.short	-5436
 6102 1ffc C4EA     		.short	-5436
 6103 1ffe 05FB     		.short	-1275
 6104 2000 8EF4     		.short	-2930
 6105 2002 05FB     		.short	-1275
 6106 2004 C4EA     		.short	-5436
 6107 2006 C4EA     		.short	-5436
 6108 2008 C4EA     		.short	-5436
 6109 200a A4EA     		.short	-5468
 6110 200c 89EB     		.short	-5239
 6111 200e 3BFF     		.short	-197
 6112 2010 3BFF     		.short	-197
 6113 2012 68EB     		.short	-5272
 6114 2014 A4E2     		.short	-7516
 6115 2016 C4EA     		.short	-5436
 6116 2018 C4EA     		.short	-5436
 6117 201a C4EA     		.short	-5436
 6118 201c A4E2     		.short	-7516
 6119 201e C9EB     		.short	-5175
 6120 2020 5CFF     		.short	-164
 6121 2022 36F6     		.short	-2506
 6122 2024 88EB     		.short	-5240
 6123 2026 57F6     		.short	-2473
 6124 2028 FFFF     		.short	-1
 6125 202a 92F5     		.short	-2670
 6126 202c C9EB     		.short	-5175
 6127 202e A9EB     		.short	-5207
 6128 2030 88EB     		.short	-5240
ARM GAS  C:\Users\user\AppData\Local\Temp\ccqcwdMl.s 			page 124


 6129 2032 F4F5     		.short	-2572
 6130 2034 FFFF     		.short	-1
 6131 2036 57FE     		.short	-425
 6132 2038 4CEC     		.short	-5044
 6133 203a 31F5     		.short	-2767
 6134 203c 9DFF     		.short	-99
 6135 203e 9DFF     		.short	-99
 6136 2040 88EB     		.short	-5240
 6137 2042 06EB     		.short	-5370
 6138 2044 57FE     		.short	-425
 6139 2046 5CFF     		.short	-164
 6140 2048 0BEC     		.short	-5109
 6141 204a 8DF4     		.short	-2931
 6142 204c 72F5     		.short	-2702
 6143 204e 47EB     		.short	-5305
 6144 2050 72F5     		.short	-2702
 6145 2052 FFFF     		.short	-1
 6146 2054 56F6     		.short	-2474
 6147 2056 B3F5     		.short	-2637
 6148 2058 DFFF     		.short	-33
 6149 205a 4CEC     		.short	-5044
 6150 205c 83E2     		.short	-7549
 6151 205e C4EA     		.short	-5436
 6152 2060 C4EA     		.short	-5436
 6153 2062 C4EA     		.short	-5436
 6154 2064 E5EA     		.short	-5403
 6155 2066 B3F5     		.short	-2637
 6156 2068 DFFF     		.short	-33
 6157 206a 6DEC     		.short	-5011
 6158 206c A3E2     		.short	-7517
 6159 206e C4EA     		.short	-5436
 6160 2070 C4EA     		.short	-5436
 6161 2072 E5EA     		.short	-5403
 6162 2074 E5EA     		.short	-5403
 6163 2076 E5EA     		.short	-5403
 6164 2078 E5EA     		.short	-5403
 6165 207a E5EA     		.short	-5403
 6166 207c E5EA     		.short	-5403
 6167 207e E5EA     		.short	-5403
 6168 2080 E5EA     		.short	-5403
 6169 2082 E5EA     		.short	-5403
 6170 2084 E5EA     		.short	-5403
 6171 2086 A4E2     		.short	-7516
 6172 2088 A3E2     		.short	-7517
 6173 208a C4EA     		.short	-5436
 6174 208c C4EA     		.short	-5436
 6175 208e C4EA     		.short	-5436
 6176 2090 C4EA     		.short	-5436
 6177 2092 C4EA     		.short	-5436
 6178 2094 C4EA     		.short	-5436
 6179 2096 C4EA     		.short	-5436
 6180 2098 C4EA     		.short	-5436
 6181 209a C4EA     		.short	-5436
 6182 209c C4EA     		.short	-5436
 6183 209e C4EA     		.short	-5436
 6184 20a0 C4EA     		.short	-5436
 6185 20a2 C4EA     		.short	-5436
ARM GAS  C:\Users\user\AppData\Local\Temp\ccqcwdMl.s 			page 125


 6186 20a4 C4EA     		.short	-5436
 6187 20a6 C4EA     		.short	-5436
 6188 20a8 C4EA     		.short	-5436
 6189 20aa C4EA     		.short	-5436
 6190 20ac C4EA     		.short	-5436
 6191 20ae C4EA     		.short	-5436
 6192 20b0 C4EA     		.short	-5436
 6193 20b2 C4EA     		.short	-5436
 6194 20b4 C4EA     		.short	-5436
 6195 20b6 C4EA     		.short	-5436
 6196 20b8 C4EA     		.short	-5436
 6197 20ba C4EA     		.short	-5436
 6198 20bc C4EA     		.short	-5436
 6199 20be C4EA     		.short	-5436
 6200 20c0 C4EA     		.short	-5436
 6201 20c2 C4EA     		.short	-5436
 6202 20c4 C4EA     		.short	-5436
 6203 20c6 C4EA     		.short	-5436
 6204 20c8 C4EA     		.short	-5436
 6205 20ca C4EA     		.short	-5436
 6206 20cc C4EA     		.short	-5436
 6207 20ce C4EA     		.short	-5436
 6208 20d0 C4EA     		.short	-5436
 6209 20d2 C4EA     		.short	-5436
 6210 20d4 C4EA     		.short	-5436
 6211 20d6 C4EA     		.short	-5436
 6212 20d8 C4EA     		.short	-5436
 6213 20da C4EA     		.short	-5436
 6214 20dc C4EA     		.short	-5436
 6215 20de C4EA     		.short	-5436
 6216 20e0 C4EA     		.short	-5436
 6217 20e2 C4EA     		.short	-5436
 6218 20e4 C4EA     		.short	-5436
 6219 20e6 C4EA     		.short	-5436
 6220 20e8 C4EA     		.short	-5436
 6221 20ea C4EA     		.short	-5436
 6222 20ec C4EA     		.short	-5436
 6223 20ee C4EA     		.short	-5436
 6224 20f0 C4EA     		.short	-5436
 6225 20f2 C4EA     		.short	-5436
 6226 20f4 C4EA     		.short	-5436
 6227 20f6 C4EA     		.short	-5436
 6228 20f8 C4EA     		.short	-5436
 6229 20fa C4EA     		.short	-5436
 6230 20fc C4EA     		.short	-5436
 6231 20fe 05FB     		.short	-1275
 6232 2100 8EF4     		.short	-2930
 6233 2102 05FB     		.short	-1275
 6234 2104 C4EA     		.short	-5436
 6235 2106 C4EA     		.short	-5436
 6236 2108 C4EA     		.short	-5436
 6237 210a C4EA     		.short	-5436
 6238 210c C4EA     		.short	-5436
 6239 210e D4F5     		.short	-2604
 6240 2110 DEFF     		.short	-34
 6241 2112 F0F4     		.short	-2832
 6242 2114 C4EA     		.short	-5436
ARM GAS  C:\Users\user\AppData\Local\Temp\ccqcwdMl.s 			page 126


 6243 2116 C4EA     		.short	-5436
 6244 2118 C4EA     		.short	-5436
 6245 211a C4EA     		.short	-5436
 6246 211c C4EA     		.short	-5436
 6247 211e 2BEC     		.short	-5077
 6248 2120 5CFF     		.short	-164
 6249 2122 D4F5     		.short	-2604
 6250 2124 47EB     		.short	-5305
 6251 2126 72F5     		.short	-2702
 6252 2128 D9FE     		.short	-295
 6253 212a 2BEC     		.short	-5077
 6254 212c 62E2     		.short	-7582
 6255 212e A3E2     		.short	-7517
 6256 2130 A4E2     		.short	-7516
 6257 2132 0BEC     		.short	-5109
 6258 2134 B9FE     		.short	-327
 6259 2136 BEFF     		.short	-66
 6260 2138 7DFF     		.short	-131
 6261 213a 9EFF     		.short	-98
 6262 213c 5CFF     		.short	-164
 6263 213e 51F5     		.short	-2735
 6264 2140 E5EA     		.short	-5403
 6265 2142 26EB     		.short	-5338
 6266 2144 57F6     		.short	-2473
 6267 2146 5CFF     		.short	-164
 6268 2148 2BEC     		.short	-5077
 6269 214a 06EB     		.short	-5370
 6270 214c C9EB     		.short	-5175
 6271 214e 31F5     		.short	-2767
 6272 2150 1BFF     		.short	-229
 6273 2152 FFFF     		.short	-1
 6274 2154 36F6     		.short	-2506
 6275 2156 72F5     		.short	-2702
 6276 2158 FFFF     		.short	-1
 6277 215a 8DF4     		.short	-2931
 6278 215c 83E2     		.short	-7549
 6279 215e C4EA     		.short	-5436
 6280 2160 C4EA     		.short	-5436
 6281 2162 A3E2     		.short	-7517
 6282 2164 CAEB     		.short	-5174
 6283 2166 3BFF     		.short	-197
 6284 2168 B9FE     		.short	-327
 6285 216a 68EB     		.short	-5272
 6286 216c A3E2     		.short	-7517
 6287 216e A4E2     		.short	-7516
 6288 2170 68EB     		.short	-5272
 6289 2172 D4F5     		.short	-2604
 6290 2174 36F6     		.short	-2506
 6291 2176 36F6     		.short	-2506
 6292 2178 36F6     		.short	-2506
 6293 217a 36F6     		.short	-2506
 6294 217c 36F6     		.short	-2506
 6295 217e 36F6     		.short	-2506
 6296 2180 36F6     		.short	-2506
 6297 2182 36F6     		.short	-2506
 6298 2184 15F6     		.short	-2539
 6299 2186 B4F5     		.short	-2636
ARM GAS  C:\Users\user\AppData\Local\Temp\ccqcwdMl.s 			page 127


 6300 2188 AEF4     		.short	-2898
 6301 218a 47EB     		.short	-5305
 6302 218c A4EA     		.short	-5468
 6303 218e C4EA     		.short	-5436
 6304 2190 C4EA     		.short	-5436
 6305 2192 C4EA     		.short	-5436
 6306 2194 C4EA     		.short	-5436
 6307 2196 C4EA     		.short	-5436
 6308 2198 C4EA     		.short	-5436
 6309 219a C4EA     		.short	-5436
 6310 219c C4EA     		.short	-5436
 6311 219e C4EA     		.short	-5436
 6312 21a0 C4EA     		.short	-5436
 6313 21a2 C4EA     		.short	-5436
 6314 21a4 C4EA     		.short	-5436
 6315 21a6 C4EA     		.short	-5436
 6316 21a8 C4EA     		.short	-5436
 6317 21aa C4EA     		.short	-5436
 6318 21ac C4EA     		.short	-5436
 6319 21ae C4EA     		.short	-5436
 6320 21b0 C4EA     		.short	-5436
 6321 21b2 C4EA     		.short	-5436
 6322 21b4 C4EA     		.short	-5436
 6323 21b6 C4EA     		.short	-5436
 6324 21b8 C4EA     		.short	-5436
 6325 21ba C4EA     		.short	-5436
 6326 21bc C4EA     		.short	-5436
 6327 21be C4EA     		.short	-5436
 6328 21c0 C4EA     		.short	-5436
 6329 21c2 C4EA     		.short	-5436
 6330 21c4 C4EA     		.short	-5436
 6331 21c6 C4EA     		.short	-5436
 6332 21c8 C4EA     		.short	-5436
 6333 21ca C4EA     		.short	-5436
 6334 21cc C4EA     		.short	-5436
 6335 21ce C4EA     		.short	-5436
 6336 21d0 C4EA     		.short	-5436
 6337 21d2 C4EA     		.short	-5436
 6338 21d4 C4EA     		.short	-5436
 6339 21d6 C4EA     		.short	-5436
 6340 21d8 C4EA     		.short	-5436
 6341 21da C4EA     		.short	-5436
 6342 21dc C4EA     		.short	-5436
 6343 21de C4EA     		.short	-5436
 6344 21e0 C4EA     		.short	-5436
 6345 21e2 C4EA     		.short	-5436
 6346 21e4 C4EA     		.short	-5436
 6347 21e6 C4EA     		.short	-5436
 6348 21e8 C4EA     		.short	-5436
 6349 21ea C4EA     		.short	-5436
 6350 21ec C4EA     		.short	-5436
 6351 21ee C4EA     		.short	-5436
 6352 21f0 C4EA     		.short	-5436
 6353 21f2 C4EA     		.short	-5436
 6354 21f4 C4EA     		.short	-5436
 6355 21f6 C4EA     		.short	-5436
 6356 21f8 C4EA     		.short	-5436
ARM GAS  C:\Users\user\AppData\Local\Temp\ccqcwdMl.s 			page 128


 6357 21fa C4EA     		.short	-5436
 6358 21fc C4EA     		.short	-5436
 6359 21fe 05FB     		.short	-1275
 6360 2200 8EF4     		.short	-2930
 6361 2202 05FB     		.short	-1275
 6362 2204 C4EA     		.short	-5436
 6363 2206 C4EA     		.short	-5436
 6364 2208 C4EA     		.short	-5436
 6365 220a C4EA     		.short	-5436
 6366 220c A4EA     		.short	-5468
 6367 220e EAEB     		.short	-5142
 6368 2210 7CFF     		.short	-132
 6369 2212 FAFE     		.short	-262
 6370 2214 67EB     		.short	-5273
 6371 2216 A4EA     		.short	-5468
 6372 2218 C4EA     		.short	-5436
 6373 221a C4EA     		.short	-5436
 6374 221c C4EA     		.short	-5436
 6375 221e 4CEC     		.short	-5044
 6376 2220 5CFF     		.short	-164
 6377 2222 93F5     		.short	-2669
 6378 2224 E5EA     		.short	-5403
 6379 2226 47EB     		.short	-5305
 6380 2228 A9EB     		.short	-5207
 6381 222a 26EB     		.short	-5338
 6382 222c C4EA     		.short	-5436
 6383 222e C4EA     		.short	-5436
 6384 2230 C4EA     		.short	-5436
 6385 2232 C4EA     		.short	-5436
 6386 2234 88EB     		.short	-5240
 6387 2236 4CEC     		.short	-5044
 6388 2238 AEF4     		.short	-2898
 6389 223a 8DEC     		.short	-4979
 6390 223c EAEB     		.short	-5142
 6391 223e 06EB     		.short	-5370
 6392 2240 A4EA     		.short	-5468
 6393 2242 E5EA     		.short	-5403
 6394 2244 0BEC     		.short	-5109
 6395 2246 6DEC     		.short	-5011
 6396 2248 47EB     		.short	-5305
 6397 224a A3E2     		.short	-7517
 6398 224c E5EA     		.short	-5403
 6399 224e 0BEC     		.short	-5109
 6400 2250 8EF4     		.short	-2930
 6401 2252 8DF4     		.short	-2931
 6402 2254 A9EB     		.short	-5207
 6403 2256 10F5     		.short	-2800
 6404 2258 FFFF     		.short	-1
 6405 225a AEF4     		.short	-2898
 6406 225c 83E2     		.short	-7549
 6407 225e C4EA     		.short	-5436
 6408 2260 C4EA     		.short	-5436
 6409 2262 C4EA     		.short	-5436
 6410 2264 51F5     		.short	-2735
 6411 2266 FFFF     		.short	-1
 6412 2268 10F5     		.short	-2800
 6413 226a A4E2     		.short	-7516
ARM GAS  C:\Users\user\AppData\Local\Temp\ccqcwdMl.s 			page 129


 6414 226c C4EA     		.short	-5436
 6415 226e 83E2     		.short	-7549
 6416 2270 EAEB     		.short	-5142
 6417 2272 BEFF     		.short	-66
 6418 2274 FFFF     		.short	-1
 6419 2276 FFFF     		.short	-1
 6420 2278 FFFF     		.short	-1
 6421 227a FFFF     		.short	-1
 6422 227c FFFF     		.short	-1
 6423 227e FFFF     		.short	-1
 6424 2280 FFFF     		.short	-1
 6425 2282 FFFF     		.short	-1
 6426 2284 FFFF     		.short	-1
 6427 2286 FFFF     		.short	-1
 6428 2288 9EFF     		.short	-98
 6429 228a 36F6     		.short	-2506
 6430 228c A9EB     		.short	-5207
 6431 228e A4EA     		.short	-5468
 6432 2290 C4EA     		.short	-5436
 6433 2292 C4EA     		.short	-5436
 6434 2294 C4EA     		.short	-5436
 6435 2296 C4EA     		.short	-5436
 6436 2298 C4EA     		.short	-5436
 6437 229a C4EA     		.short	-5436
 6438 229c C4EA     		.short	-5436
 6439 229e C4EA     		.short	-5436
 6440 22a0 C4EA     		.short	-5436
 6441 22a2 C4EA     		.short	-5436
 6442 22a4 C4EA     		.short	-5436
 6443 22a6 C4EA     		.short	-5436
 6444 22a8 C4EA     		.short	-5436
 6445 22aa C4EA     		.short	-5436
 6446 22ac C4EA     		.short	-5436
 6447 22ae C4EA     		.short	-5436
 6448 22b0 C4EA     		.short	-5436
 6449 22b2 C4EA     		.short	-5436
 6450 22b4 C4EA     		.short	-5436
 6451 22b6 C4EA     		.short	-5436
 6452 22b8 C4EA     		.short	-5436
 6453 22ba C4EA     		.short	-5436
 6454 22bc C4EA     		.short	-5436
 6455 22be C4EA     		.short	-5436
 6456 22c0 C4EA     		.short	-5436
 6457 22c2 C4EA     		.short	-5436
 6458 22c4 C4EA     		.short	-5436
 6459 22c6 C4EA     		.short	-5436
 6460 22c8 C4EA     		.short	-5436
 6461 22ca C4EA     		.short	-5436
 6462 22cc C4EA     		.short	-5436
 6463 22ce C4EA     		.short	-5436
 6464 22d0 C4EA     		.short	-5436
 6465 22d2 C4EA     		.short	-5436
 6466 22d4 C4EA     		.short	-5436
 6467 22d6 C4EA     		.short	-5436
 6468 22d8 C4EA     		.short	-5436
 6469 22da C4EA     		.short	-5436
 6470 22dc C4EA     		.short	-5436
ARM GAS  C:\Users\user\AppData\Local\Temp\ccqcwdMl.s 			page 130


 6471 22de C4EA     		.short	-5436
 6472 22e0 C4EA     		.short	-5436
 6473 22e2 C4EA     		.short	-5436
 6474 22e4 C4EA     		.short	-5436
 6475 22e6 C4EA     		.short	-5436
 6476 22e8 C4EA     		.short	-5436
 6477 22ea C4EA     		.short	-5436
 6478 22ec C4EA     		.short	-5436
 6479 22ee C4EA     		.short	-5436
 6480 22f0 C4EA     		.short	-5436
 6481 22f2 C4EA     		.short	-5436
 6482 22f4 C4EA     		.short	-5436
 6483 22f6 C4EA     		.short	-5436
 6484 22f8 C4EA     		.short	-5436
 6485 22fa C4EA     		.short	-5436
 6486 22fc C4EA     		.short	-5436
 6487 22fe 05FB     		.short	-1275
 6488 2300 8EF4     		.short	-2930
 6489 2302 05FB     		.short	-1275
 6490 2304 C4EA     		.short	-5436
 6491 2306 C4EA     		.short	-5436
 6492 2308 C4EA     		.short	-5436
 6493 230a C4EA     		.short	-5436
 6494 230c C4EA     		.short	-5436
 6495 230e E5EA     		.short	-5403
 6496 2310 F5F5     		.short	-2571
 6497 2312 DEFF     		.short	-34
 6498 2314 31F5     		.short	-2767
 6499 2316 C4EA     		.short	-5436
 6500 2318 C4EA     		.short	-5436
 6501 231a C4EA     		.short	-5436
 6502 231c C4EA     		.short	-5436
 6503 231e 6DEC     		.short	-5011
 6504 2320 7CFF     		.short	-132
 6505 2322 93F5     		.short	-2669
 6506 2324 C5EA     		.short	-5435
 6507 2326 A3E2     		.short	-7517
 6508 2328 A3E2     		.short	-7517
 6509 232a C4EA     		.short	-5436
 6510 232c C4EA     		.short	-5436
 6511 232e C4EA     		.short	-5436
 6512 2330 C4EA     		.short	-5436
 6513 2332 C4EA     		.short	-5436
 6514 2334 A4E2     		.short	-7516
 6515 2336 83E2     		.short	-7549
 6516 2338 83E2     		.short	-7549
 6517 233a 83E2     		.short	-7549
 6518 233c 83E2     		.short	-7549
 6519 233e C4EA     		.short	-5436
 6520 2340 C4EA     		.short	-5436
 6521 2342 C4EA     		.short	-5436
 6522 2344 A4E2     		.short	-7516
 6523 2346 A4E2     		.short	-7516
 6524 2348 C4EA     		.short	-5436
 6525 234a C4EA     		.short	-5436
 6526 234c C4EA     		.short	-5436
 6527 234e A3E2     		.short	-7517
ARM GAS  C:\Users\user\AppData\Local\Temp\ccqcwdMl.s 			page 131


 6528 2350 83E2     		.short	-7549
 6529 2352 83E2     		.short	-7549
 6530 2354 62E2     		.short	-7582
 6531 2356 F0F4     		.short	-2832
 6532 2358 FFFF     		.short	-1
 6533 235a CFF4     		.short	-2865
 6534 235c 83E2     		.short	-7549
 6535 235e C4EA     		.short	-5436
 6536 2360 A3E2     		.short	-7517
 6537 2362 A9EB     		.short	-5207
 6538 2364 3BFF     		.short	-197
 6539 2366 FAFE     		.short	-262
 6540 2368 A9EB     		.short	-5207
 6541 236a A3E2     		.short	-7517
 6542 236c C4EA     		.short	-5436
 6543 236e 83E2     		.short	-7549
 6544 2370 CAEB     		.short	-5174
 6545 2372 7DFF     		.short	-131
 6546 2374 FFFF     		.short	-1
 6547 2376 FFFF     		.short	-1
 6548 2378 FFFF     		.short	-1
 6549 237a FFFF     		.short	-1
 6550 237c FFFF     		.short	-1
 6551 237e FFFF     		.short	-1
 6552 2380 FFFF     		.short	-1
 6553 2382 FFFF     		.short	-1
 6554 2384 FFFF     		.short	-1
 6555 2386 FFFF     		.short	-1
 6556 2388 FFFF     		.short	-1
 6557 238a FFFF     		.short	-1
 6558 238c 36FE     		.short	-458
 6559 238e 26EB     		.short	-5338
 6560 2390 A4EA     		.short	-5468
 6561 2392 C4EA     		.short	-5436
 6562 2394 C4EA     		.short	-5436
 6563 2396 C4EA     		.short	-5436
 6564 2398 C4EA     		.short	-5436
 6565 239a C4EA     		.short	-5436
 6566 239c C4EA     		.short	-5436
 6567 239e C4EA     		.short	-5436
 6568 23a0 C4EA     		.short	-5436
 6569 23a2 C4EA     		.short	-5436
 6570 23a4 C4EA     		.short	-5436
 6571 23a6 C4EA     		.short	-5436
 6572 23a8 C4EA     		.short	-5436
 6573 23aa C4EA     		.short	-5436
 6574 23ac C4EA     		.short	-5436
 6575 23ae C4EA     		.short	-5436
 6576 23b0 C4EA     		.short	-5436
 6577 23b2 C4EA     		.short	-5436
 6578 23b4 C4EA     		.short	-5436
 6579 23b6 C4EA     		.short	-5436
 6580 23b8 C4EA     		.short	-5436
 6581 23ba C4EA     		.short	-5436
 6582 23bc C4EA     		.short	-5436
 6583 23be C4EA     		.short	-5436
 6584 23c0 C4EA     		.short	-5436
ARM GAS  C:\Users\user\AppData\Local\Temp\ccqcwdMl.s 			page 132


 6585 23c2 C4EA     		.short	-5436
 6586 23c4 C4EA     		.short	-5436
 6587 23c6 C4EA     		.short	-5436
 6588 23c8 C4EA     		.short	-5436
 6589 23ca C4EA     		.short	-5436
 6590 23cc C4EA     		.short	-5436
 6591 23ce C4EA     		.short	-5436
 6592 23d0 C4EA     		.short	-5436
 6593 23d2 C4EA     		.short	-5436
 6594 23d4 C4EA     		.short	-5436
 6595 23d6 C4EA     		.short	-5436
 6596 23d8 C4EA     		.short	-5436
 6597 23da C4EA     		.short	-5436
 6598 23dc C4EA     		.short	-5436
 6599 23de C4EA     		.short	-5436
 6600 23e0 A4EA     		.short	-5468
 6601 23e2 A4EA     		.short	-5468
 6602 23e4 A4E2     		.short	-7516
 6603 23e6 A4E2     		.short	-7516
 6604 23e8 A4E2     		.short	-7516
 6605 23ea A4E2     		.short	-7516
 6606 23ec C4EA     		.short	-5436
 6607 23ee C4EA     		.short	-5436
 6608 23f0 C4EA     		.short	-5436
 6609 23f2 C4EA     		.short	-5436
 6610 23f4 C4EA     		.short	-5436
 6611 23f6 C4EA     		.short	-5436
 6612 23f8 C4EA     		.short	-5436
 6613 23fa C4EA     		.short	-5436
 6614 23fc C4EA     		.short	-5436
 6615 23fe 05FB     		.short	-1275
 6616 2400 8EF4     		.short	-2930
 6617 2402 05FB     		.short	-1275
 6618 2404 C4EA     		.short	-5436
 6619 2406 C4EA     		.short	-5436
 6620 2408 C4EA     		.short	-5436
 6621 240a C4EA     		.short	-5436
 6622 240c C4EA     		.short	-5436
 6623 240e A4EA     		.short	-5468
 6624 2410 CAEB     		.short	-5174
 6625 2412 7CFF     		.short	-132
 6626 2414 1BFF     		.short	-229
 6627 2416 A9EB     		.short	-5207
 6628 2418 A4EA     		.short	-5468
 6629 241a C4EA     		.short	-5436
 6630 241c C4EA     		.short	-5436
 6631 241e 6DEC     		.short	-5011
 6632 2420 5CFF     		.short	-164
 6633 2422 B3F5     		.short	-2637
 6634 2424 E5EA     		.short	-5403
 6635 2426 C4EA     		.short	-5436
 6636 2428 C4EA     		.short	-5436
 6637 242a C4EA     		.short	-5436
 6638 242c C4EA     		.short	-5436
 6639 242e C4EA     		.short	-5436
 6640 2430 C4EA     		.short	-5436
 6641 2432 C4EA     		.short	-5436
ARM GAS  C:\Users\user\AppData\Local\Temp\ccqcwdMl.s 			page 133


 6642 2434 C4EA     		.short	-5436
 6643 2436 C4EA     		.short	-5436
 6644 2438 C4EA     		.short	-5436
 6645 243a C4EA     		.short	-5436
 6646 243c C4EA     		.short	-5436
 6647 243e C4EA     		.short	-5436
 6648 2440 C4EA     		.short	-5436
 6649 2442 C4EA     		.short	-5436
 6650 2444 C4EA     		.short	-5436
 6651 2446 C4EA     		.short	-5436
 6652 2448 C4EA     		.short	-5436
 6653 244a C4EA     		.short	-5436
 6654 244c C4EA     		.short	-5436
 6655 244e C4EA     		.short	-5436
 6656 2450 C4EA     		.short	-5436
 6657 2452 C4EA     		.short	-5436
 6658 2454 83E2     		.short	-7549
 6659 2456 10F5     		.short	-2800
 6660 2458 FFFF     		.short	-1
 6661 245a AEF4     		.short	-2898
 6662 245c 83E2     		.short	-7549
 6663 245e A4EA     		.short	-5468
 6664 2460 E5EA     		.short	-5403
 6665 2462 93F5     		.short	-2669
 6666 2464 DFFF     		.short	-33
 6667 2466 31F5     		.short	-2767
 6668 2468 C4E2     		.short	-7484
 6669 246a C4EA     		.short	-5436
 6670 246c C4EA     		.short	-5436
 6671 246e 83E2     		.short	-7549
 6672 2470 CAEB     		.short	-5174
 6673 2472 7DFF     		.short	-131
 6674 2474 FFFF     		.short	-1
 6675 2476 FFFF     		.short	-1
 6676 2478 FFFF     		.short	-1
 6677 247a FFFF     		.short	-1
 6678 247c 9DFF     		.short	-99
 6679 247e 5CFF     		.short	-164
 6680 2480 7CFF     		.short	-132
 6681 2482 DEFF     		.short	-34
 6682 2484 FFFF     		.short	-1
 6683 2486 FFFF     		.short	-1
 6684 2488 FFFF     		.short	-1
 6685 248a FFFF     		.short	-1
 6686 248c 9DFF     		.short	-99
 6687 248e 4CEC     		.short	-5044
 6688 2490 C4EA     		.short	-5436
 6689 2492 C4EA     		.short	-5436
 6690 2494 C4EA     		.short	-5436
 6691 2496 A3E2     		.short	-7517
 6692 2498 A3E2     		.short	-7517
 6693 249a A3E2     		.short	-7517
 6694 249c A3E2     		.short	-7517
 6695 249e A4E2     		.short	-7516
 6696 24a0 C4EA     		.short	-5436
 6697 24a2 C4EA     		.short	-5436
 6698 24a4 C4EA     		.short	-5436
ARM GAS  C:\Users\user\AppData\Local\Temp\ccqcwdMl.s 			page 134


 6699 24a6 C4EA     		.short	-5436
 6700 24a8 A4E2     		.short	-7516
 6701 24aa A3E2     		.short	-7517
 6702 24ac A3E2     		.short	-7517
 6703 24ae A3E2     		.short	-7517
 6704 24b0 A3E2     		.short	-7517
 6705 24b2 A4EA     		.short	-5468
 6706 24b4 C4EA     		.short	-5436
 6707 24b6 A4E2     		.short	-7516
 6708 24b8 A3E2     		.short	-7517
 6709 24ba A3E2     		.short	-7517
 6710 24bc A3E2     		.short	-7517
 6711 24be A4E2     		.short	-7516
 6712 24c0 C4EA     		.short	-5436
 6713 24c2 C4EA     		.short	-5436
 6714 24c4 C4EA     		.short	-5436
 6715 24c6 C4EA     		.short	-5436
 6716 24c8 C4EA     		.short	-5436
 6717 24ca C4EA     		.short	-5436
 6718 24cc A3E2     		.short	-7517
 6719 24ce A3E2     		.short	-7517
 6720 24d0 A3E2     		.short	-7517
 6721 24d2 A3E2     		.short	-7517
 6722 24d4 A4EA     		.short	-5468
 6723 24d6 C4EA     		.short	-5436
 6724 24d8 C4EA     		.short	-5436
 6725 24da A4EA     		.short	-5468
 6726 24dc A3E2     		.short	-7517
 6727 24de C4EA     		.short	-5436
 6728 24e0 05EB     		.short	-5371
 6729 24e2 26EB     		.short	-5338
 6730 24e4 47EB     		.short	-5305
 6731 24e6 47EB     		.short	-5305
 6732 24e8 47EB     		.short	-5305
 6733 24ea 47EB     		.short	-5305
 6734 24ec E5EA     		.short	-5403
 6735 24ee A4E2     		.short	-7516
 6736 24f0 A4EA     		.short	-5468
 6737 24f2 C4EA     		.short	-5436
 6738 24f4 C4EA     		.short	-5436
 6739 24f6 C4EA     		.short	-5436
 6740 24f8 C4EA     		.short	-5436
 6741 24fa C4EA     		.short	-5436
 6742 24fc C4EA     		.short	-5436
 6743 24fe 05FB     		.short	-1275
 6744 2500 8EF4     		.short	-2930
 6745 2502 05FB     		.short	-1275
 6746 2504 C4EA     		.short	-5436
 6747 2506 C4EA     		.short	-5436
 6748 2508 C4EA     		.short	-5436
 6749 250a C4EA     		.short	-5436
 6750 250c C4EA     		.short	-5436
 6751 250e C4EA     		.short	-5436
 6752 2510 E5EA     		.short	-5403
 6753 2512 51F5     		.short	-2735
 6754 2514 FFFF     		.short	-1
 6755 2516 F5F5     		.short	-2571
ARM GAS  C:\Users\user\AppData\Local\Temp\ccqcwdMl.s 			page 135


 6756 2518 05EB     		.short	-5371
 6757 251a A4EA     		.short	-5468
 6758 251c C4EA     		.short	-5436
 6759 251e 2CEC     		.short	-5076
 6760 2520 5CFF     		.short	-164
 6761 2522 D4F5     		.short	-2604
 6762 2524 E5EA     		.short	-5403
 6763 2526 C4EA     		.short	-5436
 6764 2528 C4EA     		.short	-5436
 6765 252a C4EA     		.short	-5436
 6766 252c C4EA     		.short	-5436
 6767 252e C4EA     		.short	-5436
 6768 2530 C4EA     		.short	-5436
 6769 2532 C4EA     		.short	-5436
 6770 2534 C4EA     		.short	-5436
 6771 2536 C4EA     		.short	-5436
 6772 2538 C4EA     		.short	-5436
 6773 253a C4EA     		.short	-5436
 6774 253c C4EA     		.short	-5436
 6775 253e C4EA     		.short	-5436
 6776 2540 C4EA     		.short	-5436
 6777 2542 C4EA     		.short	-5436
 6778 2544 C4EA     		.short	-5436
 6779 2546 C4EA     		.short	-5436
 6780 2548 C4EA     		.short	-5436
 6781 254a C4EA     		.short	-5436
 6782 254c C4EA     		.short	-5436
 6783 254e C4EA     		.short	-5436
 6784 2550 C4EA     		.short	-5436
 6785 2552 C4EA     		.short	-5436
 6786 2554 83E2     		.short	-7549
 6787 2556 31F5     		.short	-2767
 6788 2558 FFFF     		.short	-1
 6789 255a 8EF4     		.short	-2930
 6790 255c 83E2     		.short	-7549
 6791 255e A4E2     		.short	-7516
 6792 2560 2BEC     		.short	-5077
 6793 2562 9DFF     		.short	-99
 6794 2564 B8FE     		.short	-328
 6795 2566 68EB     		.short	-5272
 6796 2568 A4E2     		.short	-7516
 6797 256a C4EA     		.short	-5436
 6798 256c C4EA     		.short	-5436
 6799 256e 83E2     		.short	-7549
 6800 2570 CAEB     		.short	-5174
 6801 2572 7DFF     		.short	-131
 6802 2574 FFFF     		.short	-1
 6803 2576 FFFF     		.short	-1
 6804 2578 FFFF     		.short	-1
 6805 257a DFFF     		.short	-33
 6806 257c F0F4     		.short	-2832
 6807 257e 68EB     		.short	-5272
 6808 2580 CAEB     		.short	-5174
 6809 2582 51F5     		.short	-2735
 6810 2584 7DFF     		.short	-131
 6811 2586 FFFF     		.short	-1
 6812 2588 FFFF     		.short	-1
ARM GAS  C:\Users\user\AppData\Local\Temp\ccqcwdMl.s 			page 136


 6813 258a FFFF     		.short	-1
 6814 258c DFFF     		.short	-33
 6815 258e 52F5     		.short	-2734
 6816 2590 C5EA     		.short	-5435
 6817 2592 A4EA     		.short	-5468
 6818 2594 26EB     		.short	-5338
 6819 2596 88EB     		.short	-5240
 6820 2598 88EB     		.short	-5240
 6821 259a 88EB     		.short	-5240
 6822 259c 89EB     		.short	-5239
 6823 259e 68EB     		.short	-5272
 6824 25a0 E5EA     		.short	-5403
 6825 25a2 C4EA     		.short	-5436
 6826 25a4 C4EA     		.short	-5436
 6827 25a6 E5EA     		.short	-5403
 6828 25a8 67EB     		.short	-5273
 6829 25aa A9EB     		.short	-5207
 6830 25ac 88EB     		.short	-5240
 6831 25ae 88EB     		.short	-5240
 6832 25b0 89EB     		.short	-5239
 6833 25b2 26EB     		.short	-5338
 6834 25b4 47EB     		.short	-5305
 6835 25b6 0BEC     		.short	-5109
 6836 25b8 4CEC     		.short	-5044
 6837 25ba 2CEC     		.short	-5076
 6838 25bc 4CEC     		.short	-5044
 6839 25be EAEB     		.short	-5142
 6840 25c0 05EB     		.short	-5371
 6841 25c2 C4EA     		.short	-5436
 6842 25c4 C4EA     		.short	-5436
 6843 25c6 C4EA     		.short	-5436
 6844 25c8 C4EA     		.short	-5436
 6845 25ca E5EA     		.short	-5403
 6846 25cc EAEB     		.short	-5142
 6847 25ce 4CEC     		.short	-5044
 6848 25d0 2CEC     		.short	-5076
 6849 25d2 4CEC     		.short	-5044
 6850 25d4 EAEB     		.short	-5142
 6851 25d6 06EB     		.short	-5370
 6852 25d8 C4EA     		.short	-5436
 6853 25da 26EB     		.short	-5338
 6854 25dc 0BEC     		.short	-5109
 6855 25de CFF4     		.short	-2865
 6856 25e0 92F5     		.short	-2670
 6857 25e2 36F6     		.short	-2506
 6858 25e4 B8FE     		.short	-328
 6859 25e6 D9FE     		.short	-295
 6860 25e8 D9FE     		.short	-295
 6861 25ea 77FE     		.short	-393
 6862 25ec 72F5     		.short	-2702
 6863 25ee 0BEC     		.short	-5109
 6864 25f0 05EB     		.short	-5371
 6865 25f2 A4EA     		.short	-5468
 6866 25f4 C4EA     		.short	-5436
 6867 25f6 C4EA     		.short	-5436
 6868 25f8 C4EA     		.short	-5436
 6869 25fa C4EA     		.short	-5436
ARM GAS  C:\Users\user\AppData\Local\Temp\ccqcwdMl.s 			page 137


 6870 25fc C4EA     		.short	-5436
 6871 25fe 05FB     		.short	-1275
 6872 2600 8EF4     		.short	-2930
 6873 2602 05FB     		.short	-1275
 6874 2604 C4EA     		.short	-5436
 6875 2606 C4EA     		.short	-5436
 6876 2608 C4EA     		.short	-5436
 6877 260a C4EA     		.short	-5436
 6878 260c C4EA     		.short	-5436
 6879 260e C4EA     		.short	-5436
 6880 2610 A4E2     		.short	-7516
 6881 2612 47EB     		.short	-5305
 6882 2614 98FE     		.short	-360
 6883 2616 BEFF     		.short	-66
 6884 2618 CFF4     		.short	-2865
 6885 261a A4E2     		.short	-7516
 6886 261c A4EA     		.short	-5468
 6887 261e EAEB     		.short	-5142
 6888 2620 5CFF     		.short	-164
 6889 2622 36F6     		.short	-2506
 6890 2624 E5EA     		.short	-5403
 6891 2626 A4EA     		.short	-5468
 6892 2628 C4EA     		.short	-5436
 6893 262a C4EA     		.short	-5436
 6894 262c C4EA     		.short	-5436
 6895 262e C4EA     		.short	-5436
 6896 2630 C4EA     		.short	-5436
 6897 2632 C4EA     		.short	-5436
 6898 2634 C4EA     		.short	-5436
 6899 2636 C4EA     		.short	-5436
 6900 2638 C4EA     		.short	-5436
 6901 263a C4EA     		.short	-5436
 6902 263c C4EA     		.short	-5436
 6903 263e C4EA     		.short	-5436
 6904 2640 C4EA     		.short	-5436
 6905 2642 C4EA     		.short	-5436
 6906 2644 C4EA     		.short	-5436
 6907 2646 C4EA     		.short	-5436
 6908 2648 C4EA     		.short	-5436
 6909 264a C4EA     		.short	-5436
 6910 264c C4EA     		.short	-5436
 6911 264e C4EA     		.short	-5436
 6912 2650 C4EA     		.short	-5436
 6913 2652 C4EA     		.short	-5436
 6914 2654 A4E2     		.short	-7516
 6915 2656 72F5     		.short	-2702
 6916 2658 FFFF     		.short	-1
 6917 265a 6DEC     		.short	-5011
 6918 265c 62E2     		.short	-7582
 6919 265e 47EB     		.short	-5305
 6920 2660 78FE     		.short	-392
 6921 2662 9DFF     		.short	-99
 6922 2664 8DF4     		.short	-2931
 6923 2666 A3E2     		.short	-7517
 6924 2668 C4EA     		.short	-5436
 6925 266a C4EA     		.short	-5436
 6926 266c C4EA     		.short	-5436
ARM GAS  C:\Users\user\AppData\Local\Temp\ccqcwdMl.s 			page 138


 6927 266e 83E2     		.short	-7549
 6928 2670 CAEB     		.short	-5174
 6929 2672 7DFF     		.short	-131
 6930 2674 FFFF     		.short	-1
 6931 2676 FFFF     		.short	-1
 6932 2678 FFFF     		.short	-1
 6933 267a DFFF     		.short	-33
 6934 267c 6DF4     		.short	-2963
 6935 267e 83E2     		.short	-7549
 6936 2680 83E2     		.short	-7549
 6937 2682 26EB     		.short	-5338
 6938 2684 15F6     		.short	-2539
 6939 2686 FFFF     		.short	-1
 6940 2688 FFFF     		.short	-1
 6941 268a FFFF     		.short	-1
 6942 268c FFFF     		.short	-1
 6943 268e D4F5     		.short	-2604
 6944 2690 E5EA     		.short	-5403
 6945 2692 83E2     		.short	-7549
 6946 2694 AEF4     		.short	-2898
 6947 2696 FAFE     		.short	-262
 6948 2698 FAFE     		.short	-262
 6949 269a FAFE     		.short	-262
 6950 269c 1AFF     		.short	-230
 6951 269e 36F6     		.short	-2506
 6952 26a0 68EB     		.short	-5272
 6953 26a2 A4EA     		.short	-5468
 6954 26a4 C4EA     		.short	-5436
 6955 26a6 26EB     		.short	-5338
 6956 26a8 F5F5     		.short	-2571
 6957 26aa 1BFF     		.short	-229
 6958 26ac FAFE     		.short	-262
 6959 26ae FAFE     		.short	-262
 6960 26b0 1AFF     		.short	-230
 6961 26b2 EFF4     		.short	-2833
 6962 26b4 88EB     		.short	-5240
 6963 26b6 D9FE     		.short	-295
 6964 26b8 FFFF     		.short	-1
 6965 26ba DFFF     		.short	-33
 6966 26bc FFFF     		.short	-1
 6967 26be 3BFF     		.short	-197
 6968 26c0 0BEC     		.short	-5109
 6969 26c2 A4EA     		.short	-5468
 6970 26c4 C4EA     		.short	-5436
 6971 26c6 C4EA     		.short	-5436
 6972 26c8 A4E2     		.short	-7516
 6973 26ca A9EB     		.short	-5207
 6974 26cc 3BFF     		.short	-197
 6975 26ce FFFF     		.short	-1
 6976 26d0 DFFF     		.short	-33
 6977 26d2 FFFF     		.short	-1
 6978 26d4 16F6     		.short	-2538
 6979 26d6 26EB     		.short	-5338
 6980 26d8 C4EA     		.short	-5436
 6981 26da EFF4     		.short	-2833
 6982 26dc 9DFF     		.short	-99
 6983 26de FFFF     		.short	-1
ARM GAS  C:\Users\user\AppData\Local\Temp\ccqcwdMl.s 			page 139


 6984 26e0 FFFF     		.short	-1
 6985 26e2 FFFF     		.short	-1
 6986 26e4 FFFF     		.short	-1
 6987 26e6 FFFF     		.short	-1
 6988 26e8 FFFF     		.short	-1
 6989 26ea FFFF     		.short	-1
 6990 26ec FFFF     		.short	-1
 6991 26ee 7DFF     		.short	-131
 6992 26f0 31F5     		.short	-2767
 6993 26f2 06EB     		.short	-5370
 6994 26f4 A4EA     		.short	-5468
 6995 26f6 C4EA     		.short	-5436
 6996 26f8 C4EA     		.short	-5436
 6997 26fa C4EA     		.short	-5436
 6998 26fc C4EA     		.short	-5436
 6999 26fe 05FB     		.short	-1275
 7000 2700 8EF4     		.short	-2930
 7001 2702 05FB     		.short	-1275
 7002 2704 C4EA     		.short	-5436
 7003 2706 C4EA     		.short	-5436
 7004 2708 C4EA     		.short	-5436
 7005 270a C4EA     		.short	-5436
 7006 270c C4EA     		.short	-5436
 7007 270e C4EA     		.short	-5436
 7008 2710 C4EA     		.short	-5436
 7009 2712 A4EA     		.short	-5468
 7010 2714 0BEC     		.short	-5109
 7011 2716 7CFF     		.short	-132
 7012 2718 3CFF     		.short	-196
 7013 271a 0BEC     		.short	-5109
 7014 271c 83E2     		.short	-7549
 7015 271e 67EB     		.short	-5273
 7016 2720 5CFF     		.short	-164
 7017 2722 B9FE     		.short	-327
 7018 2724 E5EA     		.short	-5403
 7019 2726 A4EA     		.short	-5468
 7020 2728 C4EA     		.short	-5436
 7021 272a C4EA     		.short	-5436
 7022 272c C4EA     		.short	-5436
 7023 272e C4EA     		.short	-5436
 7024 2730 C4EA     		.short	-5436
 7025 2732 C4EA     		.short	-5436
 7026 2734 C4EA     		.short	-5436
 7027 2736 C4EA     		.short	-5436
 7028 2738 C4EA     		.short	-5436
 7029 273a C4EA     		.short	-5436
 7030 273c C4EA     		.short	-5436
 7031 273e C4EA     		.short	-5436
 7032 2740 C4EA     		.short	-5436
 7033 2742 C4EA     		.short	-5436
 7034 2744 C4EA     		.short	-5436
 7035 2746 C4EA     		.short	-5436
 7036 2748 C4EA     		.short	-5436
 7037 274a C4EA     		.short	-5436
 7038 274c C4EA     		.short	-5436
 7039 274e C4EA     		.short	-5436
 7040 2750 C4EA     		.short	-5436
ARM GAS  C:\Users\user\AppData\Local\Temp\ccqcwdMl.s 			page 140


 7041 2752 C4EA     		.short	-5436
 7042 2754 E5EA     		.short	-5403
 7043 2756 F4F5     		.short	-2572
 7044 2758 9DFF     		.short	-99
 7045 275a 0BEC     		.short	-5109
 7046 275c A4EA     		.short	-5468
 7047 275e 72F5     		.short	-2702
 7048 2760 DFFF     		.short	-33
 7049 2762 D4F5     		.short	-2604
 7050 2764 E5EA     		.short	-5403
 7051 2766 C4EA     		.short	-5436
 7052 2768 C4EA     		.short	-5436
 7053 276a C4EA     		.short	-5436
 7054 276c C4EA     		.short	-5436
 7055 276e 83E2     		.short	-7549
 7056 2770 CAEB     		.short	-5174
 7057 2772 7DFF     		.short	-131
 7058 2774 FFFF     		.short	-1
 7059 2776 FFFF     		.short	-1
 7060 2778 FFFF     		.short	-1
 7061 277a DFFF     		.short	-33
 7062 277c 6DF4     		.short	-2963
 7063 277e A3EA     		.short	-5469
 7064 2780 83E2     		.short	-7549
 7065 2782 E5EA     		.short	-5403
 7066 2784 F5F5     		.short	-2571
 7067 2786 FFFF     		.short	-1
 7068 2788 FFFF     		.short	-1
 7069 278a FFFF     		.short	-1
 7070 278c FFFF     		.short	-1
 7071 278e D4F5     		.short	-2604
 7072 2790 E5EA     		.short	-5403
 7073 2792 63E2     		.short	-7581
 7074 2794 31F5     		.short	-2767
 7075 2796 FFFF     		.short	-1
 7076 2798 FFFF     		.short	-1
 7077 279a FFFF     		.short	-1
 7078 279c FFFF     		.short	-1
 7079 279e 3BFF     		.short	-197
 7080 27a0 A9EB     		.short	-5207
 7081 27a2 A4EA     		.short	-5468
 7082 27a4 A4EA     		.short	-5468
 7083 27a6 47EB     		.short	-5305
 7084 27a8 D9FE     		.short	-295
 7085 27aa FFFF     		.short	-1
 7086 27ac FFFF     		.short	-1
 7087 27ae FFFF     		.short	-1
 7088 27b0 FFFF     		.short	-1
 7089 27b2 93F5     		.short	-2669
 7090 27b4 A3E2     		.short	-7517
 7091 27b6 B3F5     		.short	-2637
 7092 27b8 FFFF     		.short	-1
 7093 27ba FFFF     		.short	-1
 7094 27bc FFFF     		.short	-1
 7095 27be FFFF     		.short	-1
 7096 27c0 72F5     		.short	-2702
 7097 27c2 A4E2     		.short	-7516
ARM GAS  C:\Users\user\AppData\Local\Temp\ccqcwdMl.s 			page 141


 7098 27c4 C4EA     		.short	-5436
 7099 27c6 C4EA     		.short	-5436
 7100 27c8 C4EA     		.short	-5436
 7101 27ca 31F5     		.short	-2767
 7102 27cc FFFF     		.short	-1
 7103 27ce FFFF     		.short	-1
 7104 27d0 FFFF     		.short	-1
 7105 27d2 FFFF     		.short	-1
 7106 27d4 EFF4     		.short	-2833
 7107 27d6 83E2     		.short	-7549
 7108 27d8 E5EA     		.short	-5403
 7109 27da 51F5     		.short	-2735
 7110 27dc FFFF     		.short	-1
 7111 27de FFFF     		.short	-1
 7112 27e0 FFFF     		.short	-1
 7113 27e2 FFFF     		.short	-1
 7114 27e4 FFFF     		.short	-1
 7115 27e6 FFFF     		.short	-1
 7116 27e8 FFFF     		.short	-1
 7117 27ea FFFF     		.short	-1
 7118 27ec FFFF     		.short	-1
 7119 27ee FFFF     		.short	-1
 7120 27f0 BEFF     		.short	-66
 7121 27f2 EFF4     		.short	-2833
 7122 27f4 C4EA     		.short	-5436
 7123 27f6 C4EA     		.short	-5436
 7124 27f8 C4EA     		.short	-5436
 7125 27fa C4EA     		.short	-5436
 7126 27fc C4EA     		.short	-5436
 7127 27fe 05FB     		.short	-1275
 7128 2800 8EF4     		.short	-2930
 7129 2802 05FB     		.short	-1275
 7130 2804 C4EA     		.short	-5436
 7131 2806 C4EA     		.short	-5436
 7132 2808 C4EA     		.short	-5436
 7133 280a C4EA     		.short	-5436
 7134 280c C4EA     		.short	-5436
 7135 280e C4EA     		.short	-5436
 7136 2810 C4EA     		.short	-5436
 7137 2812 C4EA     		.short	-5436
 7138 2814 C4EA     		.short	-5436
 7139 2816 EFF4     		.short	-2833
 7140 2818 BEFF     		.short	-66
 7141 281a D9FE     		.short	-295
 7142 281c A9EB     		.short	-5207
 7143 281e E5EA     		.short	-5403
 7144 2820 FAFE     		.short	-262
 7145 2822 3BFF     		.short	-197
 7146 2824 47EB     		.short	-5305
 7147 2826 A4E2     		.short	-7516
 7148 2828 C4EA     		.short	-5436
 7149 282a C4EA     		.short	-5436
 7150 282c C4EA     		.short	-5436
 7151 282e C4EA     		.short	-5436
 7152 2830 C4EA     		.short	-5436
 7153 2832 C4EA     		.short	-5436
 7154 2834 C4EA     		.short	-5436
ARM GAS  C:\Users\user\AppData\Local\Temp\ccqcwdMl.s 			page 142


 7155 2836 C4EA     		.short	-5436
 7156 2838 C4EA     		.short	-5436
 7157 283a C4EA     		.short	-5436
 7158 283c C4EA     		.short	-5436
 7159 283e C4EA     		.short	-5436
 7160 2840 C4EA     		.short	-5436
 7161 2842 C4EA     		.short	-5436
 7162 2844 C4EA     		.short	-5436
 7163 2846 C4EA     		.short	-5436
 7164 2848 C4EA     		.short	-5436
 7165 284a C4EA     		.short	-5436
 7166 284c C4EA     		.short	-5436
 7167 284e C4EA     		.short	-5436
 7168 2850 C4EA     		.short	-5436
 7169 2852 A4EA     		.short	-5468
 7170 2854 47EB     		.short	-5305
 7171 2856 77FE     		.short	-393
 7172 2858 FAFE     		.short	-262
 7173 285a A9EB     		.short	-5207
 7174 285c 8EF4     		.short	-2930
 7175 285e BEFF     		.short	-66
 7176 2860 B9FE     		.short	-327
 7177 2862 88EB     		.short	-5240
 7178 2864 A4EA     		.short	-5468
 7179 2866 C4EA     		.short	-5436
 7180 2868 C4EA     		.short	-5436
 7181 286a C4EA     		.short	-5436
 7182 286c C4EA     		.short	-5436
 7183 286e 83E2     		.short	-7549
 7184 2870 CAEB     		.short	-5174
 7185 2872 7DFF     		.short	-131
 7186 2874 FFFF     		.short	-1
 7187 2876 FFFF     		.short	-1
 7188 2878 FFFF     		.short	-1
 7189 287a DFFF     		.short	-33
 7190 287c CFF4     		.short	-2865
 7191 287e 47EB     		.short	-5305
 7192 2880 88EB     		.short	-5240
 7193 2882 F0F4     		.short	-2832
 7194 2884 5CFF     		.short	-164
 7195 2886 FFFF     		.short	-1
 7196 2888 FFFF     		.short	-1
 7197 288a FFFF     		.short	-1
 7198 288c DFFF     		.short	-33
 7199 288e 51F5     		.short	-2735
 7200 2890 C4EA     		.short	-5436
 7201 2892 83E2     		.short	-7549
 7202 2894 30F5     		.short	-2768
 7203 2896 FFFF     		.short	-1
 7204 2898 FFFF     		.short	-1
 7205 289a FFFF     		.short	-1
 7206 289c FFFF     		.short	-1
 7207 289e 3BFF     		.short	-197
 7208 28a0 A8EB     		.short	-5208
 7209 28a2 A4EA     		.short	-5468
 7210 28a4 A4EA     		.short	-5468
 7211 28a6 47EB     		.short	-5305
ARM GAS  C:\Users\user\AppData\Local\Temp\ccqcwdMl.s 			page 143


 7212 28a8 D9FE     		.short	-295
 7213 28aa FFFF     		.short	-1
 7214 28ac FFFF     		.short	-1
 7215 28ae FFFF     		.short	-1
 7216 28b0 FFFF     		.short	-1
 7217 28b2 93F5     		.short	-2669
 7218 28b4 63E2     		.short	-7581
 7219 28b6 EAEB     		.short	-5142
 7220 28b8 3BFF     		.short	-197
 7221 28ba FFFF     		.short	-1
 7222 28bc FFFF     		.short	-1
 7223 28be FFFF     		.short	-1
 7224 28c0 98FE     		.short	-360
 7225 28c2 26EB     		.short	-5338
 7226 28c4 C4EA     		.short	-5436
 7227 28c6 A4EA     		.short	-5468
 7228 28c8 47EB     		.short	-5305
 7229 28ca B9FE     		.short	-327
 7230 28cc FFFF     		.short	-1
 7231 28ce FFFF     		.short	-1
 7232 28d0 FFFF     		.short	-1
 7233 28d2 B9FE     		.short	-327
 7234 28d4 88EB     		.short	-5240
 7235 28d6 83E2     		.short	-7549
 7236 28d8 E5EA     		.short	-5403
 7237 28da 52F5     		.short	-2734
 7238 28dc DFFF     		.short	-33
 7239 28de 5CFF     		.short	-164
 7240 28e0 77FE     		.short	-393
 7241 28e2 D4F5     		.short	-2604
 7242 28e4 93F5     		.short	-2669
 7243 28e6 D4F5     		.short	-2604
 7244 28e8 FAFE     		.short	-262
 7245 28ea FFFF     		.short	-1
 7246 28ec FFFF     		.short	-1
 7247 28ee FFFF     		.short	-1
 7248 28f0 FFFF     		.short	-1
 7249 28f2 57FE     		.short	-425
 7250 28f4 47EB     		.short	-5305
 7251 28f6 A4EA     		.short	-5468
 7252 28f8 C4EA     		.short	-5436
 7253 28fa C4EA     		.short	-5436
 7254 28fc C4EA     		.short	-5436
 7255 28fe 05FB     		.short	-1275
 7256 2900 8EF4     		.short	-2930
 7257 2902 05FB     		.short	-1275
 7258 2904 C4EA     		.short	-5436
 7259 2906 C4EA     		.short	-5436
 7260 2908 C4EA     		.short	-5436
 7261 290a C4EA     		.short	-5436
 7262 290c C4EA     		.short	-5436
 7263 290e C4EA     		.short	-5436
 7264 2910 C4EA     		.short	-5436
 7265 2912 C4EA     		.short	-5436
 7266 2914 A4E2     		.short	-7516
 7267 2916 E5EA     		.short	-5403
 7268 2918 72F5     		.short	-2702
ARM GAS  C:\Users\user\AppData\Local\Temp\ccqcwdMl.s 			page 144


 7269 291a FFFF     		.short	-1
 7270 291c 98FE     		.short	-360
 7271 291e CAEB     		.short	-5174
 7272 2920 15F6     		.short	-2539
 7273 2922 5CFF     		.short	-164
 7274 2924 0BEC     		.short	-5109
 7275 2926 A4EA     		.short	-5468
 7276 2928 C4EA     		.short	-5436
 7277 292a C4EA     		.short	-5436
 7278 292c C4EA     		.short	-5436
 7279 292e C4EA     		.short	-5436
 7280 2930 C4EA     		.short	-5436
 7281 2932 C4EA     		.short	-5436
 7282 2934 C4EA     		.short	-5436
 7283 2936 C4EA     		.short	-5436
 7284 2938 C4EA     		.short	-5436
 7285 293a C4EA     		.short	-5436
 7286 293c C4EA     		.short	-5436
 7287 293e C4EA     		.short	-5436
 7288 2940 C4EA     		.short	-5436
 7289 2942 C4EA     		.short	-5436
 7290 2944 C4EA     		.short	-5436
 7291 2946 C4EA     		.short	-5436
 7292 2948 C4EA     		.short	-5436
 7293 294a C4EA     		.short	-5436
 7294 294c C4EA     		.short	-5436
 7295 294e C4EA     		.short	-5436
 7296 2950 C4EA     		.short	-5436
 7297 2952 A3E2     		.short	-7517
 7298 2954 C9EB     		.short	-5175
 7299 2956 1BFF     		.short	-229
 7300 2958 56FE     		.short	-426
 7301 295a F0F4     		.short	-2832
 7302 295c 5CFF     		.short	-164
 7303 295e 5CFF     		.short	-164
 7304 2960 2BEC     		.short	-5077
 7305 2962 A4EA     		.short	-5468
 7306 2964 C4EA     		.short	-5436
 7307 2966 C4EA     		.short	-5436
 7308 2968 C4EA     		.short	-5436
 7309 296a C4EA     		.short	-5436
 7310 296c C4EA     		.short	-5436
 7311 296e 83E2     		.short	-7549
 7312 2970 CAEB     		.short	-5174
 7313 2972 7DFF     		.short	-131
 7314 2974 FFFF     		.short	-1
 7315 2976 FFFF     		.short	-1
 7316 2978 FFFF     		.short	-1
 7317 297a FFFF     		.short	-1
 7318 297c FAFE     		.short	-262
 7319 297e 98FE     		.short	-360
 7320 2980 D9FE     		.short	-295
 7321 2982 9DFF     		.short	-99
 7322 2984 FFFF     		.short	-1
 7323 2986 FFFF     		.short	-1
 7324 2988 FFFF     		.short	-1
 7325 298a FFFF     		.short	-1
ARM GAS  C:\Users\user\AppData\Local\Temp\ccqcwdMl.s 			page 145


 7326 298c 9DFF     		.short	-99
 7327 298e 2BEC     		.short	-5077
 7328 2990 A4EA     		.short	-5468
 7329 2992 83E2     		.short	-7549
 7330 2994 30F5     		.short	-2768
 7331 2996 FFFF     		.short	-1
 7332 2998 FFFF     		.short	-1
 7333 299a FFFF     		.short	-1
 7334 299c FFFF     		.short	-1
 7335 299e 3BFF     		.short	-197
 7336 29a0 A8EB     		.short	-5208
 7337 29a2 A4EA     		.short	-5468
 7338 29a4 A4EA     		.short	-5468
 7339 29a6 47EB     		.short	-5305
 7340 29a8 D9FE     		.short	-295
 7341 29aa FFFF     		.short	-1
 7342 29ac FFFF     		.short	-1
 7343 29ae FFFF     		.short	-1
 7344 29b0 FFFF     		.short	-1
 7345 29b2 93F5     		.short	-2669
 7346 29b4 83E2     		.short	-7549
 7347 29b6 E5EA     		.short	-5403
 7348 29b8 F5F5     		.short	-2571
 7349 29ba FFFF     		.short	-1
 7350 29bc FFFF     		.short	-1
 7351 29be FFFF     		.short	-1
 7352 29c0 7CFF     		.short	-132
 7353 29c2 6DEC     		.short	-5011
 7354 29c4 A3E2     		.short	-7517
 7355 29c6 A4EA     		.short	-5468
 7356 29c8 6DEC     		.short	-5011
 7357 29ca 9DFF     		.short	-99
 7358 29cc FFFF     		.short	-1
 7359 29ce FFFF     		.short	-1
 7360 29d0 FFFF     		.short	-1
 7361 29d2 52F5     		.short	-2734
 7362 29d4 A4EA     		.short	-5468
 7363 29d6 C4EA     		.short	-5436
 7364 29d8 E5EA     		.short	-5403
 7365 29da 2BEC     		.short	-5077
 7366 29dc CFF4     		.short	-2865
 7367 29de 0BEC     		.short	-5109
 7368 29e0 47EB     		.short	-5305
 7369 29e2 C4EA     		.short	-5436
 7370 29e4 83E2     		.short	-7549
 7371 29e6 C4E2     		.short	-7484
 7372 29e8 EAEB     		.short	-5142
 7373 29ea FAFE     		.short	-262
 7374 29ec FFFF     		.short	-1
 7375 29ee FFFF     		.short	-1
 7376 29f0 FFFF     		.short	-1
 7377 29f2 B8FE     		.short	-328
 7378 29f4 88EB     		.short	-5240
 7379 29f6 A4E2     		.short	-7516
 7380 29f8 C4EA     		.short	-5436
 7381 29fa C4EA     		.short	-5436
 7382 29fc C4EA     		.short	-5436
ARM GAS  C:\Users\user\AppData\Local\Temp\ccqcwdMl.s 			page 146


 7383 29fe 05FB     		.short	-1275
 7384 2a00 8EF4     		.short	-2930
 7385 2a02 05FB     		.short	-1275
 7386 2a04 C4EA     		.short	-5436
 7387 2a06 C4EA     		.short	-5436
 7388 2a08 C4EA     		.short	-5436
 7389 2a0a C4EA     		.short	-5436
 7390 2a0c C4EA     		.short	-5436
 7391 2a0e C4EA     		.short	-5436
 7392 2a10 C4EA     		.short	-5436
 7393 2a12 C4EA     		.short	-5436
 7394 2a14 C4EA     		.short	-5436
 7395 2a16 A4E2     		.short	-7516
 7396 2a18 26EB     		.short	-5338
 7397 2a1a B3F5     		.short	-2637
 7398 2a1c DFFF     		.short	-33
 7399 2a1e B9FE     		.short	-327
 7400 2a20 36F6     		.short	-2506
 7401 2a22 7DFF     		.short	-131
 7402 2a24 EFF4     		.short	-2833
 7403 2a26 C4EA     		.short	-5436
 7404 2a28 C4EA     		.short	-5436
 7405 2a2a C4EA     		.short	-5436
 7406 2a2c C4EA     		.short	-5436
 7407 2a2e C4EA     		.short	-5436
 7408 2a30 C4EA     		.short	-5436
 7409 2a32 C4EA     		.short	-5436
 7410 2a34 C4EA     		.short	-5436
 7411 2a36 C4EA     		.short	-5436
 7412 2a38 C4EA     		.short	-5436
 7413 2a3a C4EA     		.short	-5436
 7414 2a3c C4EA     		.short	-5436
 7415 2a3e C4EA     		.short	-5436
 7416 2a40 C4EA     		.short	-5436
 7417 2a42 C4EA     		.short	-5436
 7418 2a44 C4EA     		.short	-5436
 7419 2a46 C4EA     		.short	-5436
 7420 2a48 C4EA     		.short	-5436
 7421 2a4a C4EA     		.short	-5436
 7422 2a4c C4EA     		.short	-5436
 7423 2a4e C4EA     		.short	-5436
 7424 2a50 C4EA     		.short	-5436
 7425 2a52 83E2     		.short	-7549
 7426 2a54 4CEC     		.short	-5044
 7427 2a56 BEFF     		.short	-66
 7428 2a58 1AFF     		.short	-230
 7429 2a5a 5CFF     		.short	-164
 7430 2a5c 7DFF     		.short	-131
 7431 2a5e 8EF4     		.short	-2930
 7432 2a60 C4E2     		.short	-7484
 7433 2a62 C4EA     		.short	-5436
 7434 2a64 C4EA     		.short	-5436
 7435 2a66 C4EA     		.short	-5436
 7436 2a68 C4EA     		.short	-5436
 7437 2a6a C4EA     		.short	-5436
 7438 2a6c C4EA     		.short	-5436
 7439 2a6e 83E2     		.short	-7549
ARM GAS  C:\Users\user\AppData\Local\Temp\ccqcwdMl.s 			page 147


 7440 2a70 CAEB     		.short	-5174
 7441 2a72 7DFF     		.short	-131
 7442 2a74 FFFF     		.short	-1
 7443 2a76 FFFF     		.short	-1
 7444 2a78 FFFF     		.short	-1
 7445 2a7a FFFF     		.short	-1
 7446 2a7c FFFF     		.short	-1
 7447 2a7e FFFF     		.short	-1
 7448 2a80 FFFF     		.short	-1
 7449 2a82 FFFF     		.short	-1
 7450 2a84 FFFF     		.short	-1
 7451 2a86 FFFF     		.short	-1
 7452 2a88 FFFF     		.short	-1
 7453 2a8a FFFF     		.short	-1
 7454 2a8c 15F6     		.short	-2539
 7455 2a8e 06EB     		.short	-5370
 7456 2a90 A4E2     		.short	-7516
 7457 2a92 83E2     		.short	-7549
 7458 2a94 30F5     		.short	-2768
 7459 2a96 FFFF     		.short	-1
 7460 2a98 FFFF     		.short	-1
 7461 2a9a FFFF     		.short	-1
 7462 2a9c FFFF     		.short	-1
 7463 2a9e 3BFF     		.short	-197
 7464 2aa0 A8EB     		.short	-5208
 7465 2aa2 A4EA     		.short	-5468
 7466 2aa4 A4EA     		.short	-5468
 7467 2aa6 47EB     		.short	-5305
 7468 2aa8 D9FE     		.short	-295
 7469 2aaa FFFF     		.short	-1
 7470 2aac FFFF     		.short	-1
 7471 2aae FFFF     		.short	-1
 7472 2ab0 FFFF     		.short	-1
 7473 2ab2 93F5     		.short	-2669
 7474 2ab4 83E2     		.short	-7549
 7475 2ab6 A4EA     		.short	-5468
 7476 2ab8 4CEC     		.short	-5044
 7477 2aba 7DFF     		.short	-131
 7478 2abc FFFF     		.short	-1
 7479 2abe FFFF     		.short	-1
 7480 2ac0 FFFF     		.short	-1
 7481 2ac2 93F5     		.short	-2669
 7482 2ac4 A4EA     		.short	-5468
 7483 2ac6 C4EA     		.short	-5436
 7484 2ac8 15F6     		.short	-2539
 7485 2aca FFFF     		.short	-1
 7486 2acc FFFF     		.short	-1
 7487 2ace FFFF     		.short	-1
 7488 2ad0 3BFF     		.short	-197
 7489 2ad2 0AEC     		.short	-5110
 7490 2ad4 A3E2     		.short	-7517
 7491 2ad6 C4EA     		.short	-5436
 7492 2ad8 C4EA     		.short	-5436
 7493 2ada C4EA     		.short	-5436
 7494 2adc 83E2     		.short	-7549
 7495 2ade 83E2     		.short	-7549
 7496 2ae0 C4EA     		.short	-5436
ARM GAS  C:\Users\user\AppData\Local\Temp\ccqcwdMl.s 			page 148


 7497 2ae2 47EB     		.short	-5305
 7498 2ae4 EAEB     		.short	-5142
 7499 2ae6 4CEC     		.short	-5044
 7500 2ae8 EFF4     		.short	-2833
 7501 2aea FAFE     		.short	-262
 7502 2aec FFFF     		.short	-1
 7503 2aee FFFF     		.short	-1
 7504 2af0 FFFF     		.short	-1
 7505 2af2 98FE     		.short	-360
 7506 2af4 88EB     		.short	-5240
 7507 2af6 A4E2     		.short	-7516
 7508 2af8 C4EA     		.short	-5436
 7509 2afa C4EA     		.short	-5436
 7510 2afc C4EA     		.short	-5436
 7511 2afe 05FB     		.short	-1275
 7512 2b00 8EF4     		.short	-2930
 7513 2b02 05FB     		.short	-1275
 7514 2b04 C4EA     		.short	-5436
 7515 2b06 C4EA     		.short	-5436
 7516 2b08 C4EA     		.short	-5436
 7517 2b0a C4EA     		.short	-5436
 7518 2b0c C4EA     		.short	-5436
 7519 2b0e C4EA     		.short	-5436
 7520 2b10 C4EA     		.short	-5436
 7521 2b12 C4EA     		.short	-5436
 7522 2b14 C4EA     		.short	-5436
 7523 2b16 C4EA     		.short	-5436
 7524 2b18 A4EA     		.short	-5468
 7525 2b1a 26EB     		.short	-5338
 7526 2b1c 93F5     		.short	-2669
 7527 2b1e BEFF     		.short	-66
 7528 2b20 DEFF     		.short	-34
 7529 2b22 FFFF     		.short	-1
 7530 2b24 D4F5     		.short	-2604
 7531 2b26 A4EA     		.short	-5468
 7532 2b28 A4EA     		.short	-5468
 7533 2b2a C4EA     		.short	-5436
 7534 2b2c C4EA     		.short	-5436
 7535 2b2e C4EA     		.short	-5436
 7536 2b30 C4EA     		.short	-5436
 7537 2b32 C4EA     		.short	-5436
 7538 2b34 C4EA     		.short	-5436
 7539 2b36 C4EA     		.short	-5436
 7540 2b38 C4EA     		.short	-5436
 7541 2b3a C4EA     		.short	-5436
 7542 2b3c C4EA     		.short	-5436
 7543 2b3e C4EA     		.short	-5436
 7544 2b40 C4EA     		.short	-5436
 7545 2b42 C4EA     		.short	-5436
 7546 2b44 C4EA     		.short	-5436
 7547 2b46 C4EA     		.short	-5436
 7548 2b48 C4EA     		.short	-5436
 7549 2b4a C4EA     		.short	-5436
 7550 2b4c C4EA     		.short	-5436
 7551 2b4e C4EA     		.short	-5436
 7552 2b50 A4EA     		.short	-5468
 7553 2b52 A4E2     		.short	-7516
ARM GAS  C:\Users\user\AppData\Local\Temp\ccqcwdMl.s 			page 149


 7554 2b54 31F5     		.short	-2767
 7555 2b56 FFFF     		.short	-1
 7556 2b58 FFFF     		.short	-1
 7557 2b5a 7CFF     		.short	-132
 7558 2b5c CFF4     		.short	-2865
 7559 2b5e C4EA     		.short	-5436
 7560 2b60 C4EA     		.short	-5436
 7561 2b62 C4EA     		.short	-5436
 7562 2b64 C4EA     		.short	-5436
 7563 2b66 C4EA     		.short	-5436
 7564 2b68 C4EA     		.short	-5436
 7565 2b6a C4EA     		.short	-5436
 7566 2b6c C4EA     		.short	-5436
 7567 2b6e 83E2     		.short	-7549
 7568 2b70 CAEB     		.short	-5174
 7569 2b72 7DFF     		.short	-131
 7570 2b74 FFFF     		.short	-1
 7571 2b76 FFFF     		.short	-1
 7572 2b78 FFFF     		.short	-1
 7573 2b7a FFFF     		.short	-1
 7574 2b7c FFFF     		.short	-1
 7575 2b7e FFFF     		.short	-1
 7576 2b80 FFFF     		.short	-1
 7577 2b82 FFFF     		.short	-1
 7578 2b84 FFFF     		.short	-1
 7579 2b86 FFFF     		.short	-1
 7580 2b88 BEFF     		.short	-66
 7581 2b8a 36F6     		.short	-2506
 7582 2b8c 88EB     		.short	-5240
 7583 2b8e C4EA     		.short	-5436
 7584 2b90 C4EA     		.short	-5436
 7585 2b92 83E2     		.short	-7549
 7586 2b94 30F5     		.short	-2768
 7587 2b96 FFFF     		.short	-1
 7588 2b98 FFFF     		.short	-1
 7589 2b9a FFFF     		.short	-1
 7590 2b9c FFFF     		.short	-1
 7591 2b9e 3BFF     		.short	-197
 7592 2ba0 A8EB     		.short	-5208
 7593 2ba2 A4EA     		.short	-5468
 7594 2ba4 A4EA     		.short	-5468
 7595 2ba6 47EB     		.short	-5305
 7596 2ba8 D9FE     		.short	-295
 7597 2baa FFFF     		.short	-1
 7598 2bac FFFF     		.short	-1
 7599 2bae FFFF     		.short	-1
 7600 2bb0 FFFF     		.short	-1
 7601 2bb2 93F5     		.short	-2669
 7602 2bb4 A3E2     		.short	-7517
 7603 2bb6 A4E2     		.short	-7516
 7604 2bb8 06EB     		.short	-5370
 7605 2bba 57FE     		.short	-425
 7606 2bbc FFFF     		.short	-1
 7607 2bbe FFFF     		.short	-1
 7608 2bc0 FFFF     		.short	-1
 7609 2bc2 B8FE     		.short	-328
 7610 2bc4 67EB     		.short	-5273
ARM GAS  C:\Users\user\AppData\Local\Temp\ccqcwdMl.s 			page 150


 7611 2bc6 A9EB     		.short	-5207
 7612 2bc8 1BFF     		.short	-229
 7613 2bca FFFF     		.short	-1
 7614 2bcc FFFF     		.short	-1
 7615 2bce FFFF     		.short	-1
 7616 2bd0 F5F5     		.short	-2571
 7617 2bd2 E5EA     		.short	-5403
 7618 2bd4 C4EA     		.short	-5436
 7619 2bd6 C4EA     		.short	-5436
 7620 2bd8 C4EA     		.short	-5436
 7621 2bda E5EA     		.short	-5403
 7622 2bdc C9EB     		.short	-5175
 7623 2bde 51F5     		.short	-2735
 7624 2be0 57FE     		.short	-425
 7625 2be2 FAFE     		.short	-262
 7626 2be4 5CFF     		.short	-164
 7627 2be6 9DFF     		.short	-99
 7628 2be8 DEFF     		.short	-34
 7629 2bea FFFF     		.short	-1
 7630 2bec FFFF     		.short	-1
 7631 2bee FFFF     		.short	-1
 7632 2bf0 FFFF     		.short	-1
 7633 2bf2 98FE     		.short	-360
 7634 2bf4 88EB     		.short	-5240
 7635 2bf6 A4E2     		.short	-7516
 7636 2bf8 C4EA     		.short	-5436
 7637 2bfa C4EA     		.short	-5436
 7638 2bfc C4EA     		.short	-5436
 7639 2bfe 05FB     		.short	-1275
 7640 2c00 8EF4     		.short	-2930
 7641 2c02 05FB     		.short	-1275
 7642 2c04 C4EA     		.short	-5436
 7643 2c06 C4EA     		.short	-5436
 7644 2c08 C4EA     		.short	-5436
 7645 2c0a C4EA     		.short	-5436
 7646 2c0c C4EA     		.short	-5436
 7647 2c0e C4EA     		.short	-5436
 7648 2c10 C4EA     		.short	-5436
 7649 2c12 C4EA     		.short	-5436
 7650 2c14 C4EA     		.short	-5436
 7651 2c16 C4EA     		.short	-5436
 7652 2c18 C4EA     		.short	-5436
 7653 2c1a A4EA     		.short	-5468
 7654 2c1c 06EB     		.short	-5370
 7655 2c1e 30F5     		.short	-2768
 7656 2c20 7DFF     		.short	-131
 7657 2c22 FFFF     		.short	-1
 7658 2c24 FAFE     		.short	-262
 7659 2c26 A9EB     		.short	-5207
 7660 2c28 A4EA     		.short	-5468
 7661 2c2a A4E2     		.short	-7516
 7662 2c2c C4EA     		.short	-5436
 7663 2c2e C4EA     		.short	-5436
 7664 2c30 C4EA     		.short	-5436
 7665 2c32 C4EA     		.short	-5436
 7666 2c34 C4EA     		.short	-5436
 7667 2c36 C4EA     		.short	-5436
ARM GAS  C:\Users\user\AppData\Local\Temp\ccqcwdMl.s 			page 151


 7668 2c38 C4EA     		.short	-5436
 7669 2c3a C4EA     		.short	-5436
 7670 2c3c C4EA     		.short	-5436
 7671 2c3e C4EA     		.short	-5436
 7672 2c40 C4EA     		.short	-5436
 7673 2c42 C4EA     		.short	-5436
 7674 2c44 C4EA     		.short	-5436
 7675 2c46 C4EA     		.short	-5436
 7676 2c48 C4EA     		.short	-5436
 7677 2c4a C4EA     		.short	-5436
 7678 2c4c C4EA     		.short	-5436
 7679 2c4e A4E2     		.short	-7516
 7680 2c50 A3E2     		.short	-7517
 7681 2c52 A9EB     		.short	-5207
 7682 2c54 98FE     		.short	-360
 7683 2c56 FFFF     		.short	-1
 7684 2c58 3BFF     		.short	-197
 7685 2c5a 8EF4     		.short	-2930
 7686 2c5c C4EA     		.short	-5436
 7687 2c5e A4EA     		.short	-5468
 7688 2c60 C4EA     		.short	-5436
 7689 2c62 C4EA     		.short	-5436
 7690 2c64 C4EA     		.short	-5436
 7691 2c66 C4EA     		.short	-5436
 7692 2c68 C4EA     		.short	-5436
 7693 2c6a C4EA     		.short	-5436
 7694 2c6c C4EA     		.short	-5436
 7695 2c6e 83E2     		.short	-7549
 7696 2c70 CAEB     		.short	-5174
 7697 2c72 7DFF     		.short	-131
 7698 2c74 FFFF     		.short	-1
 7699 2c76 FFFF     		.short	-1
 7700 2c78 FFFF     		.short	-1
 7701 2c7a FFFF     		.short	-1
 7702 2c7c 5CFF     		.short	-164
 7703 2c7e 1AFF     		.short	-230
 7704 2c80 1AFF     		.short	-230
 7705 2c82 FAFE     		.short	-262
 7706 2c84 B9FE     		.short	-327
 7707 2c86 F5F5     		.short	-2571
 7708 2c88 8DF4     		.short	-2931
 7709 2c8a 47EB     		.short	-5305
 7710 2c8c A4EA     		.short	-5468
 7711 2c8e C4EA     		.short	-5436
 7712 2c90 C4EA     		.short	-5436
 7713 2c92 83E2     		.short	-7549
 7714 2c94 30F5     		.short	-2768
 7715 2c96 FFFF     		.short	-1
 7716 2c98 FFFF     		.short	-1
 7717 2c9a FFFF     		.short	-1
 7718 2c9c FFFF     		.short	-1
 7719 2c9e 3BFF     		.short	-197
 7720 2ca0 A8EB     		.short	-5208
 7721 2ca2 A4EA     		.short	-5468
 7722 2ca4 A4EA     		.short	-5468
 7723 2ca6 47EB     		.short	-5305
 7724 2ca8 D9FE     		.short	-295
ARM GAS  C:\Users\user\AppData\Local\Temp\ccqcwdMl.s 			page 152


 7725 2caa FFFF     		.short	-1
 7726 2cac FFFF     		.short	-1
 7727 2cae FFFF     		.short	-1
 7728 2cb0 FFFF     		.short	-1
 7729 2cb2 93F5     		.short	-2669
 7730 2cb4 A3E2     		.short	-7517
 7731 2cb6 C4EA     		.short	-5436
 7732 2cb8 C4EA     		.short	-5436
 7733 2cba 8DF4     		.short	-2931
 7734 2cbc BEFF     		.short	-66
 7735 2cbe FFFF     		.short	-1
 7736 2cc0 FFFF     		.short	-1
 7737 2cc2 9DFF     		.short	-99
 7738 2cc4 6DEC     		.short	-5011
 7739 2cc6 10F5     		.short	-2800
 7740 2cc8 DFFF     		.short	-33
 7741 2cca FFFF     		.short	-1
 7742 2ccc FFFF     		.short	-1
 7743 2cce 9DFF     		.short	-99
 7744 2cd0 6DF4     		.short	-2963
 7745 2cd2 A4E2     		.short	-7516
 7746 2cd4 C4EA     		.short	-5436
 7747 2cd6 C4EA     		.short	-5436
 7748 2cd8 06EB     		.short	-5370
 7749 2cda 31F5     		.short	-2767
 7750 2cdc 3BFF     		.short	-197
 7751 2cde DFFF     		.short	-33
 7752 2ce0 FFFF     		.short	-1
 7753 2ce2 FFFF     		.short	-1
 7754 2ce4 FFFF     		.short	-1
 7755 2ce6 DEFF     		.short	-34
 7756 2ce8 BEFF     		.short	-66
 7757 2cea DFFF     		.short	-33
 7758 2cec FFFF     		.short	-1
 7759 2cee FFFF     		.short	-1
 7760 2cf0 FFFF     		.short	-1
 7761 2cf2 98FE     		.short	-360
 7762 2cf4 88EB     		.short	-5240
 7763 2cf6 A4E2     		.short	-7516
 7764 2cf8 C4EA     		.short	-5436
 7765 2cfa C4EA     		.short	-5436
 7766 2cfc C4EA     		.short	-5436
 7767 2cfe 05FB     		.short	-1275
 7768 2d00 8EF4     		.short	-2930
 7769 2d02 05FB     		.short	-1275
 7770 2d04 C4EA     		.short	-5436
 7771 2d06 C4EA     		.short	-5436
 7772 2d08 C4EA     		.short	-5436
 7773 2d0a C4EA     		.short	-5436
 7774 2d0c C4EA     		.short	-5436
 7775 2d0e C4EA     		.short	-5436
 7776 2d10 C4EA     		.short	-5436
 7777 2d12 C4EA     		.short	-5436
 7778 2d14 C4EA     		.short	-5436
 7779 2d16 C4EA     		.short	-5436
 7780 2d18 C4EA     		.short	-5436
 7781 2d1a C4EA     		.short	-5436
ARM GAS  C:\Users\user\AppData\Local\Temp\ccqcwdMl.s 			page 153


 7782 2d1c A4EA     		.short	-5468
 7783 2d1e E5EA     		.short	-5403
 7784 2d20 6DEC     		.short	-5011
 7785 2d22 FAFE     		.short	-262
 7786 2d24 FFFF     		.short	-1
 7787 2d26 B8FE     		.short	-328
 7788 2d28 6DEC     		.short	-5011
 7789 2d2a 26EB     		.short	-5338
 7790 2d2c A4E2     		.short	-7516
 7791 2d2e A3E2     		.short	-7517
 7792 2d30 C4EA     		.short	-5436
 7793 2d32 C4EA     		.short	-5436
 7794 2d34 C4EA     		.short	-5436
 7795 2d36 C4EA     		.short	-5436
 7796 2d38 C4EA     		.short	-5436
 7797 2d3a C4EA     		.short	-5436
 7798 2d3c C4EA     		.short	-5436
 7799 2d3e C4EA     		.short	-5436
 7800 2d40 C4EA     		.short	-5436
 7801 2d42 C4EA     		.short	-5436
 7802 2d44 C4EA     		.short	-5436
 7803 2d46 C4EA     		.short	-5436
 7804 2d48 C4EA     		.short	-5436
 7805 2d4a A3E2     		.short	-7517
 7806 2d4c A3E2     		.short	-7517
 7807 2d4e 26EB     		.short	-5338
 7808 2d50 6DEC     		.short	-5011
 7809 2d52 98FE     		.short	-360
 7810 2d54 FFFF     		.short	-1
 7811 2d56 D9FE     		.short	-295
 7812 2d58 0BEC     		.short	-5109
 7813 2d5a C4E2     		.short	-7484
 7814 2d5c C4EA     		.short	-5436
 7815 2d5e C4EA     		.short	-5436
 7816 2d60 C4EA     		.short	-5436
 7817 2d62 C4EA     		.short	-5436
 7818 2d64 C4EA     		.short	-5436
 7819 2d66 C4EA     		.short	-5436
 7820 2d68 C4EA     		.short	-5436
 7821 2d6a C4EA     		.short	-5436
 7822 2d6c C4EA     		.short	-5436
 7823 2d6e 83E2     		.short	-7549
 7824 2d70 CAEB     		.short	-5174
 7825 2d72 7DFF     		.short	-131
 7826 2d74 FFFF     		.short	-1
 7827 2d76 FFFF     		.short	-1
 7828 2d78 FFFF     		.short	-1
 7829 2d7a DFFF     		.short	-33
 7830 2d7c CEF4     		.short	-2866
 7831 2d7e 26EB     		.short	-5338
 7832 2d80 26EB     		.short	-5338
 7833 2d82 26EB     		.short	-5338
 7834 2d84 26EB     		.short	-5338
 7835 2d86 05EB     		.short	-5371
 7836 2d88 C4EA     		.short	-5436
 7837 2d8a A4E2     		.short	-7516
 7838 2d8c C4EA     		.short	-5436
ARM GAS  C:\Users\user\AppData\Local\Temp\ccqcwdMl.s 			page 154


 7839 2d8e C4EA     		.short	-5436
 7840 2d90 C4EA     		.short	-5436
 7841 2d92 83E2     		.short	-7549
 7842 2d94 30F5     		.short	-2768
 7843 2d96 FFFF     		.short	-1
 7844 2d98 FFFF     		.short	-1
 7845 2d9a FFFF     		.short	-1
 7846 2d9c FFFF     		.short	-1
 7847 2d9e 3BFF     		.short	-197
 7848 2da0 88EB     		.short	-5240
 7849 2da2 A4EA     		.short	-5468
 7850 2da4 A4EA     		.short	-5468
 7851 2da6 68EB     		.short	-5272
 7852 2da8 D9FE     		.short	-295
 7853 2daa FFFF     		.short	-1
 7854 2dac FFFF     		.short	-1
 7855 2dae FFFF     		.short	-1
 7856 2db0 FFFF     		.short	-1
 7857 2db2 93F5     		.short	-2669
 7858 2db4 A3E2     		.short	-7517
 7859 2db6 C4EA     		.short	-5436
 7860 2db8 A4EA     		.short	-5468
 7861 2dba 26EB     		.short	-5338
 7862 2dbc 98FE     		.short	-360
 7863 2dbe FFFF     		.short	-1
 7864 2dc0 FFFF     		.short	-1
 7865 2dc2 FFFF     		.short	-1
 7866 2dc4 36F6     		.short	-2506
 7867 2dc6 B9FE     		.short	-327
 7868 2dc8 FFFF     		.short	-1
 7869 2dca FFFF     		.short	-1
 7870 2dcc FFFF     		.short	-1
 7871 2dce 98FE     		.short	-360
 7872 2dd0 26EB     		.short	-5338
 7873 2dd2 A4EA     		.short	-5468
 7874 2dd4 C4EA     		.short	-5436
 7875 2dd6 C4EA     		.short	-5436
 7876 2dd8 EFF4     		.short	-2833
 7877 2dda BEFF     		.short	-66
 7878 2ddc FFFF     		.short	-1
 7879 2dde FFFF     		.short	-1
 7880 2de0 FFFF     		.short	-1
 7881 2de2 1AFF     		.short	-230
 7882 2de4 92F5     		.short	-2670
 7883 2de6 8DF4     		.short	-2931
 7884 2de8 6DEC     		.short	-5011
 7885 2dea 57FE     		.short	-425
 7886 2dec FFFF     		.short	-1
 7887 2dee FFFF     		.short	-1
 7888 2df0 FFFF     		.short	-1
 7889 2df2 98FE     		.short	-360
 7890 2df4 88EB     		.short	-5240
 7891 2df6 A4E2     		.short	-7516
 7892 2df8 C4EA     		.short	-5436
 7893 2dfa C4EA     		.short	-5436
 7894 2dfc C4EA     		.short	-5436
 7895 2dfe 05FB     		.short	-1275
ARM GAS  C:\Users\user\AppData\Local\Temp\ccqcwdMl.s 			page 155


 7896 2e00 8EF4     		.short	-2930
 7897 2e02 05FB     		.short	-1275
 7898 2e04 C4EA     		.short	-5436
 7899 2e06 C4EA     		.short	-5436
 7900 2e08 C4EA     		.short	-5436
 7901 2e0a C4EA     		.short	-5436
 7902 2e0c C4EA     		.short	-5436
 7903 2e0e C4EA     		.short	-5436
 7904 2e10 C4EA     		.short	-5436
 7905 2e12 C4EA     		.short	-5436
 7906 2e14 C4EA     		.short	-5436
 7907 2e16 C4EA     		.short	-5436
 7908 2e18 C4EA     		.short	-5436
 7909 2e1a C4EA     		.short	-5436
 7910 2e1c C4EA     		.short	-5436
 7911 2e1e C4EA     		.short	-5436
 7912 2e20 A4EA     		.short	-5468
 7913 2e22 A9EB     		.short	-5207
 7914 2e24 77FE     		.short	-393
 7915 2e26 FFFF     		.short	-1
 7916 2e28 BEFF     		.short	-66
 7917 2e2a 56F6     		.short	-2474
 7918 2e2c 8EF4     		.short	-2930
 7919 2e2e A9EB     		.short	-5207
 7920 2e30 E5EA     		.short	-5403
 7921 2e32 83E2     		.short	-7549
 7922 2e34 83E2     		.short	-7549
 7923 2e36 A4E2     		.short	-7516
 7924 2e38 A4EA     		.short	-5468
 7925 2e3a A4EA     		.short	-5468
 7926 2e3c C4EA     		.short	-5436
 7927 2e3e A4EA     		.short	-5468
 7928 2e40 A4EA     		.short	-5468
 7929 2e42 A4E2     		.short	-7516
 7930 2e44 A3E2     		.short	-7517
 7931 2e46 83E2     		.short	-7549
 7932 2e48 C4EA     		.short	-5436
 7933 2e4a 68EB     		.short	-5272
 7934 2e4c 6DEC     		.short	-5011
 7935 2e4e 15F6     		.short	-2539
 7936 2e50 BEFF     		.short	-66
 7937 2e52 FFFF     		.short	-1
 7938 2e54 D9FE     		.short	-295
 7939 2e56 CAEB     		.short	-5174
 7940 2e58 A4EA     		.short	-5468
 7941 2e5a C4EA     		.short	-5436
 7942 2e5c C4EA     		.short	-5436
 7943 2e5e C4EA     		.short	-5436
 7944 2e60 C4EA     		.short	-5436
 7945 2e62 C4EA     		.short	-5436
 7946 2e64 C4EA     		.short	-5436
 7947 2e66 C4EA     		.short	-5436
 7948 2e68 C4EA     		.short	-5436
 7949 2e6a C4EA     		.short	-5436
 7950 2e6c C4EA     		.short	-5436
 7951 2e6e 83E2     		.short	-7549
 7952 2e70 CAEB     		.short	-5174
ARM GAS  C:\Users\user\AppData\Local\Temp\ccqcwdMl.s 			page 156


 7953 2e72 7DFF     		.short	-131
 7954 2e74 FFFF     		.short	-1
 7955 2e76 FFFF     		.short	-1
 7956 2e78 FFFF     		.short	-1
 7957 2e7a DFFF     		.short	-33
 7958 2e7c 6DF4     		.short	-2963
 7959 2e7e A3E2     		.short	-7517
 7960 2e80 A3E2     		.short	-7517
 7961 2e82 A4E2     		.short	-7516
 7962 2e84 A4E2     		.short	-7516
 7963 2e86 A4EA     		.short	-5468
 7964 2e88 C4EA     		.short	-5436
 7965 2e8a C4EA     		.short	-5436
 7966 2e8c C4EA     		.short	-5436
 7967 2e8e C4EA     		.short	-5436
 7968 2e90 C4EA     		.short	-5436
 7969 2e92 83E2     		.short	-7549
 7970 2e94 30F5     		.short	-2768
 7971 2e96 FFFF     		.short	-1
 7972 2e98 FFFF     		.short	-1
 7973 2e9a FFFF     		.short	-1
 7974 2e9c FFFF     		.short	-1
 7975 2e9e 3BFF     		.short	-197
 7976 2ea0 C9EB     		.short	-5175
 7977 2ea2 A3E2     		.short	-7517
 7978 2ea4 83E2     		.short	-7549
 7979 2ea6 EAEB     		.short	-5142
 7980 2ea8 3BFF     		.short	-197
 7981 2eaa FFFF     		.short	-1
 7982 2eac FFFF     		.short	-1
 7983 2eae FFFF     		.short	-1
 7984 2eb0 FFFF     		.short	-1
 7985 2eb2 93F5     		.short	-2669
 7986 2eb4 A3E2     		.short	-7517
 7987 2eb6 C4EA     		.short	-5436
 7988 2eb8 C4EA     		.short	-5436
 7989 2eba C4EA     		.short	-5436
 7990 2ebc CFF4     		.short	-2865
 7991 2ebe DFFF     		.short	-33
 7992 2ec0 FFFF     		.short	-1
 7993 2ec2 FFFF     		.short	-1
 7994 2ec4 DEFF     		.short	-34
 7995 2ec6 DFFF     		.short	-33
 7996 2ec8 FFFF     		.short	-1
 7997 2eca FFFF     		.short	-1
 7998 2ecc DEFF     		.short	-34
 7999 2ece 10F5     		.short	-2800
 8000 2ed0 C4EA     		.short	-5436
 8001 2ed2 C4EA     		.short	-5436
 8002 2ed4 A4EA     		.short	-5468
 8003 2ed6 05EB     		.short	-5371
 8004 2ed8 98FE     		.short	-360
 8005 2eda FFFF     		.short	-1
 8006 2edc FFFF     		.short	-1
 8007 2ede FFFF     		.short	-1
 8008 2ee0 D9FE     		.short	-295
 8009 2ee2 CAEB     		.short	-5174
ARM GAS  C:\Users\user\AppData\Local\Temp\ccqcwdMl.s 			page 157


 8010 2ee4 C4EA     		.short	-5436
 8011 2ee6 A4EA     		.short	-5468
 8012 2ee8 E5EA     		.short	-5403
 8013 2eea B4F5     		.short	-2636
 8014 2eec FFFF     		.short	-1
 8015 2eee FFFF     		.short	-1
 8016 2ef0 FFFF     		.short	-1
 8017 2ef2 98FE     		.short	-360
 8018 2ef4 88EB     		.short	-5240
 8019 2ef6 A4E2     		.short	-7516
 8020 2ef8 C4EA     		.short	-5436
 8021 2efa C4EA     		.short	-5436
 8022 2efc C4EA     		.short	-5436
 8023 2efe 05FB     		.short	-1275
 8024 2f00 8EF4     		.short	-2930
 8025 2f02 05FB     		.short	-1275
 8026 2f04 C4EA     		.short	-5436
 8027 2f06 C4EA     		.short	-5436
 8028 2f08 C4EA     		.short	-5436
 8029 2f0a C4EA     		.short	-5436
 8030 2f0c C4EA     		.short	-5436
 8031 2f0e C4EA     		.short	-5436
 8032 2f10 C4EA     		.short	-5436
 8033 2f12 C4EA     		.short	-5436
 8034 2f14 C4EA     		.short	-5436
 8035 2f16 C4EA     		.short	-5436
 8036 2f18 C4EA     		.short	-5436
 8037 2f1a C4EA     		.short	-5436
 8038 2f1c C4EA     		.short	-5436
 8039 2f1e C4EA     		.short	-5436
 8040 2f20 C4EA     		.short	-5436
 8041 2f22 A4E2     		.short	-7516
 8042 2f24 88EB     		.short	-5240
 8043 2f26 57F6     		.short	-2473
 8044 2f28 FFFF     		.short	-1
 8045 2f2a FFFF     		.short	-1
 8046 2f2c DFFF     		.short	-33
 8047 2f2e FAFE     		.short	-262
 8048 2f30 B4F5     		.short	-2636
 8049 2f32 CFF4     		.short	-2865
 8050 2f34 2BEC     		.short	-5077
 8051 2f36 A9EB     		.short	-5207
 8052 2f38 67EB     		.short	-5273
 8053 2f3a 26EB     		.short	-5338
 8054 2f3c 06EB     		.short	-5370
 8055 2f3e 06EB     		.short	-5370
 8056 2f40 27EB     		.short	-5337
 8057 2f42 88EB     		.short	-5240
 8058 2f44 EAEB     		.short	-5142
 8059 2f46 8DF4     		.short	-2931
 8060 2f48 72F5     		.short	-2702
 8061 2f4a 98FE     		.short	-360
 8062 2f4c BEFF     		.short	-66
 8063 2f4e FFFF     		.short	-1
 8064 2f50 FFFF     		.short	-1
 8065 2f52 FAFE     		.short	-262
 8066 2f54 0BEC     		.short	-5109
ARM GAS  C:\Users\user\AppData\Local\Temp\ccqcwdMl.s 			page 158


 8067 2f56 A4EA     		.short	-5468
 8068 2f58 C4EA     		.short	-5436
 8069 2f5a C4EA     		.short	-5436
 8070 2f5c C4EA     		.short	-5436
 8071 2f5e C4EA     		.short	-5436
 8072 2f60 C4EA     		.short	-5436
 8073 2f62 C4EA     		.short	-5436
 8074 2f64 C4EA     		.short	-5436
 8075 2f66 C4EA     		.short	-5436
 8076 2f68 C4EA     		.short	-5436
 8077 2f6a C4EA     		.short	-5436
 8078 2f6c C4EA     		.short	-5436
 8079 2f6e 83E2     		.short	-7549
 8080 2f70 CAEB     		.short	-5174
 8081 2f72 7DFF     		.short	-131
 8082 2f74 FFFF     		.short	-1
 8083 2f76 FFFF     		.short	-1
 8084 2f78 FFFF     		.short	-1
 8085 2f7a DFFF     		.short	-33
 8086 2f7c 6DF4     		.short	-2963
 8087 2f7e C4EA     		.short	-5436
 8088 2f80 C4EA     		.short	-5436
 8089 2f82 C4EA     		.short	-5436
 8090 2f84 C4EA     		.short	-5436
 8091 2f86 C4EA     		.short	-5436
 8092 2f88 C4EA     		.short	-5436
 8093 2f8a C4EA     		.short	-5436
 8094 2f8c C4EA     		.short	-5436
 8095 2f8e C4EA     		.short	-5436
 8096 2f90 C4EA     		.short	-5436
 8097 2f92 83E2     		.short	-7549
 8098 2f94 10F5     		.short	-2800
 8099 2f96 FFFF     		.short	-1
 8100 2f98 FFFF     		.short	-1
 8101 2f9a FFFF     		.short	-1
 8102 2f9c FFFF     		.short	-1
 8103 2f9e BEFF     		.short	-66
 8104 2fa0 51F5     		.short	-2735
 8105 2fa2 26EB     		.short	-5338
 8106 2fa4 47EB     		.short	-5305
 8107 2fa6 B3F5     		.short	-2637
 8108 2fa8 DFFF     		.short	-33
 8109 2faa FFFF     		.short	-1
 8110 2fac FFFF     		.short	-1
 8111 2fae FFFF     		.short	-1
 8112 2fb0 FFFF     		.short	-1
 8113 2fb2 93F5     		.short	-2669
 8114 2fb4 A3E2     		.short	-7517
 8115 2fb6 C4EA     		.short	-5436
 8116 2fb8 C4EA     		.short	-5436
 8117 2fba A4E2     		.short	-7516
 8118 2fbc 68EB     		.short	-5272
 8119 2fbe DAFE     		.short	-294
 8120 2fc0 FFFF     		.short	-1
 8121 2fc2 FFFF     		.short	-1
 8122 2fc4 FFFF     		.short	-1
 8123 2fc6 FFFF     		.short	-1
ARM GAS  C:\Users\user\AppData\Local\Temp\ccqcwdMl.s 			page 159


 8124 2fc8 FFFF     		.short	-1
 8125 2fca FFFF     		.short	-1
 8126 2fcc FAFE     		.short	-262
 8127 2fce 88EB     		.short	-5240
 8128 2fd0 A4EA     		.short	-5468
 8129 2fd2 C4EA     		.short	-5436
 8130 2fd4 A4EA     		.short	-5468
 8131 2fd6 47EB     		.short	-5305
 8132 2fd8 FAFE     		.short	-262
 8133 2fda FFFF     		.short	-1
 8134 2fdc FFFF     		.short	-1
 8135 2fde FFFF     		.short	-1
 8136 2fe0 93F5     		.short	-2669
 8137 2fe2 83E2     		.short	-7549
 8138 2fe4 A4EA     		.short	-5468
 8139 2fe6 A3EA     		.short	-5469
 8140 2fe8 C5EA     		.short	-5435
 8141 2fea B3F5     		.short	-2637
 8142 2fec FFFF     		.short	-1
 8143 2fee FFFF     		.short	-1
 8144 2ff0 FFFF     		.short	-1
 8145 2ff2 98FE     		.short	-360
 8146 2ff4 88EB     		.short	-5240
 8147 2ff6 A4E2     		.short	-7516
 8148 2ff8 C4EA     		.short	-5436
 8149 2ffa C4EA     		.short	-5436
 8150 2ffc C4EA     		.short	-5436
 8151 2ffe 05FB     		.short	-1275
 8152 3000 8EF4     		.short	-2930
 8153 3002 05FB     		.short	-1275
 8154 3004 C4EA     		.short	-5436
 8155 3006 C4EA     		.short	-5436
 8156 3008 C4EA     		.short	-5436
 8157 300a C4EA     		.short	-5436
 8158 300c C4EA     		.short	-5436
 8159 300e C4EA     		.short	-5436
 8160 3010 C4EA     		.short	-5436
 8161 3012 C4EA     		.short	-5436
 8162 3014 C4EA     		.short	-5436
 8163 3016 C4EA     		.short	-5436
 8164 3018 C4EA     		.short	-5436
 8165 301a C4EA     		.short	-5436
 8166 301c C4EA     		.short	-5436
 8167 301e C4EA     		.short	-5436
 8168 3020 C4EA     		.short	-5436
 8169 3022 C4EA     		.short	-5436
 8170 3024 A3E2     		.short	-7517
 8171 3026 68EB     		.short	-5272
 8172 3028 36F6     		.short	-2506
 8173 302a FFFF     		.short	-1
 8174 302c FFFF     		.short	-1
 8175 302e 7DFF     		.short	-131
 8176 3030 9DFF     		.short	-99
 8177 3032 FFFF     		.short	-1
 8178 3034 7DFF     		.short	-131
 8179 3036 DAFE     		.short	-294
 8180 3038 77FE     		.short	-393
ARM GAS  C:\Users\user\AppData\Local\Temp\ccqcwdMl.s 			page 160


 8181 303a 36F6     		.short	-2506
 8182 303c 15F6     		.short	-2539
 8183 303e 15F6     		.short	-2539
 8184 3040 56F6     		.short	-2474
 8185 3042 B8FE     		.short	-328
 8186 3044 3BFF     		.short	-197
 8187 3046 DFFF     		.short	-33
 8188 3048 DEFF     		.short	-34
 8189 304a 7DFF     		.short	-131
 8190 304c FFFF     		.short	-1
 8191 304e FFFF     		.short	-1
 8192 3050 D9FE     		.short	-295
 8193 3052 2BEC     		.short	-5077
 8194 3054 A4E2     		.short	-7516
 8195 3056 C4EA     		.short	-5436
 8196 3058 C4EA     		.short	-5436
 8197 305a C4EA     		.short	-5436
 8198 305c C4EA     		.short	-5436
 8199 305e C4EA     		.short	-5436
 8200 3060 C4EA     		.short	-5436
 8201 3062 C4EA     		.short	-5436
 8202 3064 C4EA     		.short	-5436
 8203 3066 C4EA     		.short	-5436
 8204 3068 C4EA     		.short	-5436
 8205 306a C4EA     		.short	-5436
 8206 306c C4EA     		.short	-5436
 8207 306e 83E2     		.short	-7549
 8208 3070 CAEB     		.short	-5174
 8209 3072 7DFF     		.short	-131
 8210 3074 FFFF     		.short	-1
 8211 3076 FFFF     		.short	-1
 8212 3078 FFFF     		.short	-1
 8213 307a DFFF     		.short	-33
 8214 307c 6DF4     		.short	-2963
 8215 307e C4EA     		.short	-5436
 8216 3080 C4EA     		.short	-5436
 8217 3082 C4EA     		.short	-5436
 8218 3084 C4EA     		.short	-5436
 8219 3086 C4EA     		.short	-5436
 8220 3088 C4EA     		.short	-5436
 8221 308a C4EA     		.short	-5436
 8222 308c C4EA     		.short	-5436
 8223 308e C4EA     		.short	-5436
 8224 3090 C4EA     		.short	-5436
 8225 3092 83E2     		.short	-7549
 8226 3094 CFF4     		.short	-2865
 8227 3096 DFFF     		.short	-33
 8228 3098 FFFF     		.short	-1
 8229 309a FFFF     		.short	-1
 8230 309c FFFF     		.short	-1
 8231 309e FFFF     		.short	-1
 8232 30a0 7DFF     		.short	-131
 8233 30a2 16F6     		.short	-2538
 8234 30a4 57FE     		.short	-425
 8235 30a6 BEFF     		.short	-66
 8236 30a8 FFFF     		.short	-1
 8237 30aa FFFF     		.short	-1
ARM GAS  C:\Users\user\AppData\Local\Temp\ccqcwdMl.s 			page 161


 8238 30ac FFFF     		.short	-1
 8239 30ae FFFF     		.short	-1
 8240 30b0 FFFF     		.short	-1
 8241 30b2 93F5     		.short	-2669
 8242 30b4 A3E2     		.short	-7517
 8243 30b6 C4EA     		.short	-5436
 8244 30b8 C4EA     		.short	-5436
 8245 30ba C4EA     		.short	-5436
 8246 30bc C5EA     		.short	-5435
 8247 30be 30F5     		.short	-2768
 8248 30c0 FFFF     		.short	-1
 8249 30c2 FFFF     		.short	-1
 8250 30c4 FFFF     		.short	-1
 8251 30c6 FFFF     		.short	-1
 8252 30c8 FFFF     		.short	-1
 8253 30ca FFFF     		.short	-1
 8254 30cc 93F5     		.short	-2669
 8255 30ce C4EA     		.short	-5436
 8256 30d0 C4EA     		.short	-5436
 8257 30d2 C4EA     		.short	-5436
 8258 30d4 A4EA     		.short	-5468
 8259 30d6 26EB     		.short	-5338
 8260 30d8 D9FE     		.short	-295
 8261 30da FFFF     		.short	-1
 8262 30dc FFFF     		.short	-1
 8263 30de FFFF     		.short	-1
 8264 30e0 15F6     		.short	-2539
 8265 30e2 05EB     		.short	-5371
 8266 30e4 83E2     		.short	-7549
 8267 30e6 C4EA     		.short	-5436
 8268 30e8 A9EB     		.short	-5207
 8269 30ea 77FE     		.short	-393
 8270 30ec FFFF     		.short	-1
 8271 30ee FFFF     		.short	-1
 8272 30f0 FFFF     		.short	-1
 8273 30f2 98FE     		.short	-360
 8274 30f4 88EB     		.short	-5240
 8275 30f6 A4E2     		.short	-7516
 8276 30f8 C4EA     		.short	-5436
 8277 30fa C4EA     		.short	-5436
 8278 30fc C4EA     		.short	-5436
 8279 30fe 05FB     		.short	-1275
 8280 3100 8EF4     		.short	-2930
 8281 3102 05FB     		.short	-1275
 8282 3104 C4EA     		.short	-5436
 8283 3106 C4EA     		.short	-5436
 8284 3108 C4EA     		.short	-5436
 8285 310a C4EA     		.short	-5436
 8286 310c C4EA     		.short	-5436
 8287 310e C4EA     		.short	-5436
 8288 3110 C4EA     		.short	-5436
 8289 3112 C4EA     		.short	-5436
 8290 3114 C4EA     		.short	-5436
 8291 3116 C4EA     		.short	-5436
 8292 3118 C4EA     		.short	-5436
 8293 311a C4EA     		.short	-5436
 8294 311c C4EA     		.short	-5436
ARM GAS  C:\Users\user\AppData\Local\Temp\ccqcwdMl.s 			page 162


 8295 311e C4EA     		.short	-5436
 8296 3120 C4EA     		.short	-5436
 8297 3122 C4EA     		.short	-5436
 8298 3124 C4EA     		.short	-5436
 8299 3126 A3EA     		.short	-5469
 8300 3128 47EB     		.short	-5305
 8301 312a D4F5     		.short	-2604
 8302 312c DFFF     		.short	-33
 8303 312e 5CFF     		.short	-164
 8304 3130 93F5     		.short	-2669
 8305 3132 10F5     		.short	-2800
 8306 3134 D4F5     		.short	-2604
 8307 3136 77FE     		.short	-393
 8308 3138 FAFE     		.short	-262
 8309 313a 3BFF     		.short	-197
 8310 313c 5CFF     		.short	-164
 8311 313e 3CFF     		.short	-196
 8312 3140 1BFF     		.short	-229
 8313 3142 B9FE     		.short	-327
 8314 3144 16F6     		.short	-2538
 8315 3146 51F5     		.short	-2735
 8316 3148 93F5     		.short	-2669
 8317 314a 3BFF     		.short	-197
 8318 314c FFFF     		.short	-1
 8319 314e 78FE     		.short	-392
 8320 3150 EAEB     		.short	-5142
 8321 3152 A4E2     		.short	-7516
 8322 3154 C4EA     		.short	-5436
 8323 3156 C4EA     		.short	-5436
 8324 3158 C4EA     		.short	-5436
 8325 315a C4EA     		.short	-5436
 8326 315c C4EA     		.short	-5436
 8327 315e C4EA     		.short	-5436
 8328 3160 C4EA     		.short	-5436
 8329 3162 C4EA     		.short	-5436
 8330 3164 C4EA     		.short	-5436
 8331 3166 C4EA     		.short	-5436
 8332 3168 C4EA     		.short	-5436
 8333 316a C4EA     		.short	-5436
 8334 316c C4EA     		.short	-5436
 8335 316e 83E2     		.short	-7549
 8336 3170 CAEB     		.short	-5174
 8337 3172 9DFF     		.short	-99
 8338 3174 FFFF     		.short	-1
 8339 3176 FFFF     		.short	-1
 8340 3178 FFFF     		.short	-1
 8341 317a DFFF     		.short	-33
 8342 317c 6DF4     		.short	-2963
 8343 317e C4EA     		.short	-5436
 8344 3180 C4EA     		.short	-5436
 8345 3182 C4EA     		.short	-5436
 8346 3184 C4EA     		.short	-5436
 8347 3186 C4EA     		.short	-5436
 8348 3188 C4EA     		.short	-5436
 8349 318a C4EA     		.short	-5436
 8350 318c C4EA     		.short	-5436
 8351 318e C4EA     		.short	-5436
ARM GAS  C:\Users\user\AppData\Local\Temp\ccqcwdMl.s 			page 163


 8352 3190 C4EA     		.short	-5436
 8353 3192 A3E2     		.short	-7517
 8354 3194 2BEC     		.short	-5077
 8355 3196 3BFF     		.short	-197
 8356 3198 FFFF     		.short	-1
 8357 319a FFFF     		.short	-1
 8358 319c FFFF     		.short	-1
 8359 319e FFFF     		.short	-1
 8360 31a0 FFFF     		.short	-1
 8361 31a2 FFFF     		.short	-1
 8362 31a4 FFFF     		.short	-1
 8363 31a6 FFFF     		.short	-1
 8364 31a8 DFFF     		.short	-33
 8365 31aa FFFF     		.short	-1
 8366 31ac FFFF     		.short	-1
 8367 31ae FFFF     		.short	-1
 8368 31b0 FFFF     		.short	-1
 8369 31b2 93F5     		.short	-2669
 8370 31b4 A3E2     		.short	-7517
 8371 31b6 C4EA     		.short	-5436
 8372 31b8 C4EA     		.short	-5436
 8373 31ba C4EA     		.short	-5436
 8374 31bc A3E2     		.short	-7517
 8375 31be C9EB     		.short	-5175
 8376 31c0 1BFF     		.short	-229
 8377 31c2 FFFF     		.short	-1
 8378 31c4 FFFF     		.short	-1
 8379 31c6 FFFF     		.short	-1
 8380 31c8 FFFF     		.short	-1
 8381 31ca 7CFF     		.short	-132
 8382 31cc EAEB     		.short	-5142
 8383 31ce A4EA     		.short	-5468
 8384 31d0 C4EA     		.short	-5436
 8385 31d2 C4EA     		.short	-5436
 8386 31d4 C4EA     		.short	-5436
 8387 31d6 E5EA     		.short	-5403
 8388 31d8 D4F5     		.short	-2604
 8389 31da FFFF     		.short	-1
 8390 31dc FFFF     		.short	-1
 8391 31de FFFF     		.short	-1
 8392 31e0 9DFF     		.short	-99
 8393 31e2 36F6     		.short	-2506
 8394 31e4 B3F5     		.short	-2637
 8395 31e6 F5F5     		.short	-2571
 8396 31e8 D9FE     		.short	-295
 8397 31ea DEFF     		.short	-34
 8398 31ec FFFF     		.short	-1
 8399 31ee FFFF     		.short	-1
 8400 31f0 FFFF     		.short	-1
 8401 31f2 98FE     		.short	-360
 8402 31f4 88EB     		.short	-5240
 8403 31f6 A4E2     		.short	-7516
 8404 31f8 C4EA     		.short	-5436
 8405 31fa C4EA     		.short	-5436
 8406 31fc C4EA     		.short	-5436
 8407 31fe 05FB     		.short	-1275
 8408 3200 8EF4     		.short	-2930
ARM GAS  C:\Users\user\AppData\Local\Temp\ccqcwdMl.s 			page 164


 8409 3202 05FB     		.short	-1275
 8410 3204 C4EA     		.short	-5436
 8411 3206 C4EA     		.short	-5436
 8412 3208 C4EA     		.short	-5436
 8413 320a C4EA     		.short	-5436
 8414 320c C4EA     		.short	-5436
 8415 320e C4EA     		.short	-5436
 8416 3210 C4EA     		.short	-5436
 8417 3212 C4EA     		.short	-5436
 8418 3214 C4EA     		.short	-5436
 8419 3216 C4EA     		.short	-5436
 8420 3218 C4EA     		.short	-5436
 8421 321a C4EA     		.short	-5436
 8422 321c C4EA     		.short	-5436
 8423 321e C4EA     		.short	-5436
 8424 3220 C4EA     		.short	-5436
 8425 3222 C4EA     		.short	-5436
 8426 3224 C4EA     		.short	-5436
 8427 3226 C4EA     		.short	-5436
 8428 3228 A3E2     		.short	-7517
 8429 322a 26EB     		.short	-5338
 8430 322c 72F5     		.short	-2702
 8431 322e BEFF     		.short	-66
 8432 3230 FAFE     		.short	-262
 8433 3232 6DEC     		.short	-5011
 8434 3234 06EB     		.short	-5370
 8435 3236 47EB     		.short	-5305
 8436 3238 A9EB     		.short	-5207
 8437 323a CAEB     		.short	-5174
 8438 323c CAEB     		.short	-5174
 8439 323e CAEB     		.short	-5174
 8440 3240 A9EB     		.short	-5207
 8441 3242 67EB     		.short	-5273
 8442 3244 26EB     		.short	-5338
 8443 3246 4CEC     		.short	-5044
 8444 3248 B9FE     		.short	-327
 8445 324a BEFF     		.short	-66
 8446 324c 15F6     		.short	-2539
 8447 324e 88EB     		.short	-5240
 8448 3250 A4E2     		.short	-7516
 8449 3252 C4EA     		.short	-5436
 8450 3254 C4EA     		.short	-5436
 8451 3256 C4EA     		.short	-5436
 8452 3258 C4EA     		.short	-5436
 8453 325a C4EA     		.short	-5436
 8454 325c C4EA     		.short	-5436
 8455 325e C4EA     		.short	-5436
 8456 3260 C4EA     		.short	-5436
 8457 3262 C4EA     		.short	-5436
 8458 3264 C4EA     		.short	-5436
 8459 3266 C4EA     		.short	-5436
 8460 3268 C4EA     		.short	-5436
 8461 326a C4EA     		.short	-5436
 8462 326c C4EA     		.short	-5436
 8463 326e 83E2     		.short	-7549
 8464 3270 CAEB     		.short	-5174
 8465 3272 9DFF     		.short	-99
ARM GAS  C:\Users\user\AppData\Local\Temp\ccqcwdMl.s 			page 165


 8466 3274 FFFF     		.short	-1
 8467 3276 FFFF     		.short	-1
 8468 3278 FFFF     		.short	-1
 8469 327a FFFF     		.short	-1
 8470 327c 8DF4     		.short	-2931
 8471 327e C4EA     		.short	-5436
 8472 3280 C4EA     		.short	-5436
 8473 3282 C4EA     		.short	-5436
 8474 3284 C4EA     		.short	-5436
 8475 3286 C4EA     		.short	-5436
 8476 3288 C4EA     		.short	-5436
 8477 328a C4EA     		.short	-5436
 8478 328c C4EA     		.short	-5436
 8479 328e C4EA     		.short	-5436
 8480 3290 C4EA     		.short	-5436
 8481 3292 C4EA     		.short	-5436
 8482 3294 06EB     		.short	-5370
 8483 3296 F5F5     		.short	-2571
 8484 3298 FFFF     		.short	-1
 8485 329a FFFF     		.short	-1
 8486 329c FFFF     		.short	-1
 8487 329e FFFF     		.short	-1
 8488 32a0 FFFF     		.short	-1
 8489 32a2 FFFF     		.short	-1
 8490 32a4 FFFF     		.short	-1
 8491 32a6 B9FE     		.short	-327
 8492 32a8 B8FE     		.short	-328
 8493 32aa FFFF     		.short	-1
 8494 32ac FFFF     		.short	-1
 8495 32ae FFFF     		.short	-1
 8496 32b0 FFFF     		.short	-1
 8497 32b2 B3F5     		.short	-2637
 8498 32b4 A3E2     		.short	-7517
 8499 32b6 C4EA     		.short	-5436
 8500 32b8 C4EA     		.short	-5436
 8501 32ba C4EA     		.short	-5436
 8502 32bc A4EA     		.short	-5468
 8503 32be 06EB     		.short	-5370
 8504 32c0 D4F5     		.short	-2604
 8505 32c2 FFFF     		.short	-1
 8506 32c4 FFFF     		.short	-1
 8507 32c6 FFFF     		.short	-1
 8508 32c8 FFFF     		.short	-1
 8509 32ca 36F6     		.short	-2506
 8510 32cc 06EB     		.short	-5370
 8511 32ce A4E2     		.short	-7516
 8512 32d0 C4EA     		.short	-5436
 8513 32d2 C4EA     		.short	-5436
 8514 32d4 C4EA     		.short	-5436
 8515 32d6 C4EA     		.short	-5436
 8516 32d8 C9EB     		.short	-5175
 8517 32da D9FE     		.short	-295
 8518 32dc FFFF     		.short	-1
 8519 32de FFFF     		.short	-1
 8520 32e0 FFFF     		.short	-1
 8521 32e2 FFFF     		.short	-1
 8522 32e4 FFFF     		.short	-1
ARM GAS  C:\Users\user\AppData\Local\Temp\ccqcwdMl.s 			page 166


 8523 32e6 FFFF     		.short	-1
 8524 32e8 FFFF     		.short	-1
 8525 32ea BEFF     		.short	-66
 8526 32ec FFFF     		.short	-1
 8527 32ee FFFF     		.short	-1
 8528 32f0 FFFF     		.short	-1
 8529 32f2 B9FE     		.short	-327
 8530 32f4 88EB     		.short	-5240
 8531 32f6 A4E2     		.short	-7516
 8532 32f8 C4EA     		.short	-5436
 8533 32fa C4EA     		.short	-5436
 8534 32fc C4EA     		.short	-5436
 8535 32fe 05FB     		.short	-1275
 8536 3300 8EF4     		.short	-2930
 8537 3302 05FB     		.short	-1275
 8538 3304 C4EA     		.short	-5436
 8539 3306 C4EA     		.short	-5436
 8540 3308 C4EA     		.short	-5436
 8541 330a C4EA     		.short	-5436
 8542 330c C4EA     		.short	-5436
 8543 330e C4EA     		.short	-5436
 8544 3310 C4EA     		.short	-5436
 8545 3312 C4EA     		.short	-5436
 8546 3314 C4EA     		.short	-5436
 8547 3316 C4EA     		.short	-5436
 8548 3318 C4EA     		.short	-5436
 8549 331a C4EA     		.short	-5436
 8550 331c C4EA     		.short	-5436
 8551 331e C4EA     		.short	-5436
 8552 3320 C4EA     		.short	-5436
 8553 3322 C4EA     		.short	-5436
 8554 3324 C4EA     		.short	-5436
 8555 3326 C4EA     		.short	-5436
 8556 3328 C4EA     		.short	-5436
 8557 332a A4EA     		.short	-5468
 8558 332c 05EB     		.short	-5371
 8559 332e CFF4     		.short	-2865
 8560 3330 5CFF     		.short	-164
 8561 3332 9DFF     		.short	-99
 8562 3334 72F5     		.short	-2702
 8563 3336 26EB     		.short	-5338
 8564 3338 83E2     		.short	-7549
 8565 333a 83E2     		.short	-7549
 8566 333c A3E2     		.short	-7517
 8567 333e 83E2     		.short	-7549
 8568 3340 83E2     		.short	-7549
 8569 3342 06EB     		.short	-5370
 8570 3344 31F5     		.short	-2767
 8571 3346 7DFF     		.short	-131
 8572 3348 9DFF     		.short	-99
 8573 334a 31F5     		.short	-2767
 8574 334c 26EB     		.short	-5338
 8575 334e A4E2     		.short	-7516
 8576 3350 C4EA     		.short	-5436
 8577 3352 C4EA     		.short	-5436
 8578 3354 C4EA     		.short	-5436
 8579 3356 C4EA     		.short	-5436
ARM GAS  C:\Users\user\AppData\Local\Temp\ccqcwdMl.s 			page 167


 8580 3358 C4EA     		.short	-5436
 8581 335a C4EA     		.short	-5436
 8582 335c C4EA     		.short	-5436
 8583 335e C4EA     		.short	-5436
 8584 3360 C4EA     		.short	-5436
 8585 3362 C4EA     		.short	-5436
 8586 3364 C4EA     		.short	-5436
 8587 3366 C4EA     		.short	-5436
 8588 3368 C4EA     		.short	-5436
 8589 336a C4EA     		.short	-5436
 8590 336c C4EA     		.short	-5436
 8591 336e A4E2     		.short	-7516
 8592 3370 88EB     		.short	-5240
 8593 3372 15F6     		.short	-2539
 8594 3374 98FE     		.short	-360
 8595 3376 77FE     		.short	-393
 8596 3378 98FE     		.short	-360
 8597 337a 57FE     		.short	-425
 8598 337c EAEB     		.short	-5142
 8599 337e C4EA     		.short	-5436
 8600 3380 C4EA     		.short	-5436
 8601 3382 C4EA     		.short	-5436
 8602 3384 C4EA     		.short	-5436
 8603 3386 C4EA     		.short	-5436
 8604 3388 C4EA     		.short	-5436
 8605 338a C4EA     		.short	-5436
 8606 338c C4EA     		.short	-5436
 8607 338e C4EA     		.short	-5436
 8608 3390 C4EA     		.short	-5436
 8609 3392 C4EA     		.short	-5436
 8610 3394 A4E2     		.short	-7516
 8611 3396 A9EB     		.short	-5207
 8612 3398 36F6     		.short	-2506
 8613 339a DEFF     		.short	-34
 8614 339c FFFF     		.short	-1
 8615 339e FFFF     		.short	-1
 8616 33a0 FFFF     		.short	-1
 8617 33a2 BEFF     		.short	-66
 8618 33a4 56F6     		.short	-2474
 8619 33a6 CAEB     		.short	-5174
 8620 33a8 72F5     		.short	-2702
 8621 33aa BEFF     		.short	-66
 8622 33ac DEFF     		.short	-34
 8623 33ae DEFF     		.short	-34
 8624 33b0 DFFF     		.short	-33
 8625 33b2 72F5     		.short	-2702
 8626 33b4 A3E2     		.short	-7517
 8627 33b6 C4EA     		.short	-5436
 8628 33b8 C4EA     		.short	-5436
 8629 33ba C4EA     		.short	-5436
 8630 33bc A4E2     		.short	-7516
 8631 33be 47EB     		.short	-5305
 8632 33c0 57F6     		.short	-2473
 8633 33c2 FFFF     		.short	-1
 8634 33c4 FFFF     		.short	-1
 8635 33c6 FFFF     		.short	-1
 8636 33c8 BEFF     		.short	-66
ARM GAS  C:\Users\user\AppData\Local\Temp\ccqcwdMl.s 			page 168


 8637 33ca 6DEC     		.short	-5011
 8638 33cc A4EA     		.short	-5468
 8639 33ce C4EA     		.short	-5436
 8640 33d0 C4EA     		.short	-5436
 8641 33d2 C4EA     		.short	-5436
 8642 33d4 C4EA     		.short	-5436
 8643 33d6 C4EA     		.short	-5436
 8644 33d8 C4EA     		.short	-5436
 8645 33da CAEB     		.short	-5174
 8646 33dc D4F5     		.short	-2604
 8647 33de 3BFF     		.short	-197
 8648 33e0 BEFF     		.short	-66
 8649 33e2 BEFF     		.short	-66
 8650 33e4 9DFF     		.short	-99
 8651 33e6 98FE     		.short	-360
 8652 33e8 10F5     		.short	-2800
 8653 33ea F5F5     		.short	-2571
 8654 33ec 9DFF     		.short	-99
 8655 33ee BEFF     		.short	-66
 8656 33f0 BEFF     		.short	-66
 8657 33f2 57FE     		.short	-425
 8658 33f4 88EB     		.short	-5240
 8659 33f6 A4E2     		.short	-7516
 8660 33f8 C4EA     		.short	-5436
 8661 33fa C4EA     		.short	-5436
 8662 33fc C4EA     		.short	-5436
 8663 33fe 05FB     		.short	-1275
 8664 3400 8EF4     		.short	-2930
 8665 3402 05FB     		.short	-1275
 8666 3404 C4EA     		.short	-5436
 8667 3406 C4EA     		.short	-5436
 8668 3408 C4EA     		.short	-5436
 8669 340a C4EA     		.short	-5436
 8670 340c C4EA     		.short	-5436
 8671 340e C4EA     		.short	-5436
 8672 3410 C4EA     		.short	-5436
 8673 3412 C4EA     		.short	-5436
 8674 3414 C4EA     		.short	-5436
 8675 3416 C4EA     		.short	-5436
 8676 3418 C4EA     		.short	-5436
 8677 341a C4EA     		.short	-5436
 8678 341c C4EA     		.short	-5436
 8679 341e C4EA     		.short	-5436
 8680 3420 C4EA     		.short	-5436
 8681 3422 C4EA     		.short	-5436
 8682 3424 C4EA     		.short	-5436
 8683 3426 C4EA     		.short	-5436
 8684 3428 C4EA     		.short	-5436
 8685 342a C4EA     		.short	-5436
 8686 342c A4EA     		.short	-5468
 8687 342e C4EA     		.short	-5436
 8688 3430 2BEC     		.short	-5077
 8689 3432 B9FE     		.short	-327
 8690 3434 DFFF     		.short	-33
 8691 3436 98FE     		.short	-360
 8692 3438 2BEC     		.short	-5077
 8693 343a E5EA     		.short	-5403
ARM GAS  C:\Users\user\AppData\Local\Temp\ccqcwdMl.s 			page 169


 8694 343c A3E2     		.short	-7517
 8695 343e C5EA     		.short	-5435
 8696 3440 0BEC     		.short	-5109
 8697 3442 77FE     		.short	-393
 8698 3444 DFFF     		.short	-33
 8699 3446 FAFE     		.short	-262
 8700 3448 6DEC     		.short	-5011
 8701 344a C5EA     		.short	-5435
 8702 344c A4E2     		.short	-7516
 8703 344e C4EA     		.short	-5436
 8704 3450 C4EA     		.short	-5436
 8705 3452 C4EA     		.short	-5436
 8706 3454 C4EA     		.short	-5436
 8707 3456 C4EA     		.short	-5436
 8708 3458 C4EA     		.short	-5436
 8709 345a C4EA     		.short	-5436
 8710 345c C4EA     		.short	-5436
 8711 345e C4EA     		.short	-5436
 8712 3460 C4EA     		.short	-5436
 8713 3462 C4EA     		.short	-5436
 8714 3464 C4EA     		.short	-5436
 8715 3466 C4EA     		.short	-5436
 8716 3468 C4EA     		.short	-5436
 8717 346a C4EA     		.short	-5436
 8718 346c C4EA     		.short	-5436
 8719 346e C4EA     		.short	-5436
 8720 3470 E5EA     		.short	-5403
 8721 3472 47EB     		.short	-5305
 8722 3474 47EB     		.short	-5305
 8723 3476 47EB     		.short	-5305
 8724 3478 47EB     		.short	-5305
 8725 347a 47EB     		.short	-5305
 8726 347c E5EA     		.short	-5403
 8727 347e C4EA     		.short	-5436
 8728 3480 C4EA     		.short	-5436
 8729 3482 C4EA     		.short	-5436
 8730 3484 C4EA     		.short	-5436
 8731 3486 C4EA     		.short	-5436
 8732 3488 C4EA     		.short	-5436
 8733 348a C4EA     		.short	-5436
 8734 348c C4EA     		.short	-5436
 8735 348e C4EA     		.short	-5436
 8736 3490 C4EA     		.short	-5436
 8737 3492 C4EA     		.short	-5436
 8738 3494 C4EA     		.short	-5436
 8739 3496 C4EA     		.short	-5436
 8740 3498 47EB     		.short	-5305
 8741 349a 6DF4     		.short	-2963
 8742 349c 72F5     		.short	-2702
 8743 349e B3F5     		.short	-2637
 8744 34a0 52F5     		.short	-2734
 8745 34a2 6DEC     		.short	-5011
 8746 34a4 47EB     		.short	-5305
 8747 34a6 A4EA     		.short	-5468
 8748 34a8 A9EB     		.short	-5207
 8749 34aa 6DEC     		.short	-5011
 8750 34ac 6DEC     		.short	-5011
ARM GAS  C:\Users\user\AppData\Local\Temp\ccqcwdMl.s 			page 170


 8751 34ae 6DEC     		.short	-5011
 8752 34b0 6DEC     		.short	-5011
 8753 34b2 A9EB     		.short	-5207
 8754 34b4 C4EA     		.short	-5436
 8755 34b6 C4EA     		.short	-5436
 8756 34b8 C4EA     		.short	-5436
 8757 34ba C4EA     		.short	-5436
 8758 34bc A3E2     		.short	-7517
 8759 34be 0BEC     		.short	-5109
 8760 34c0 9DFF     		.short	-99
 8761 34c2 FFFF     		.short	-1
 8762 34c4 FFFF     		.short	-1
 8763 34c6 FFFF     		.short	-1
 8764 34c8 B8FE     		.short	-328
 8765 34ca 67EB     		.short	-5273
 8766 34cc A4E2     		.short	-7516
 8767 34ce C4EA     		.short	-5436
 8768 34d0 C4EA     		.short	-5436
 8769 34d2 C4EA     		.short	-5436
 8770 34d4 C4EA     		.short	-5436
 8771 34d6 C4EA     		.short	-5436
 8772 34d8 C4EA     		.short	-5436
 8773 34da A4E2     		.short	-7516
 8774 34dc 06EB     		.short	-5370
 8775 34de 88EB     		.short	-5240
 8776 34e0 EAEB     		.short	-5142
 8777 34e2 0BEC     		.short	-5109
 8778 34e4 C9EB     		.short	-5175
 8779 34e6 47EB     		.short	-5305
 8780 34e8 E5EA     		.short	-5403
 8781 34ea 27EB     		.short	-5337
 8782 34ec A9EB     		.short	-5207
 8783 34ee A9EB     		.short	-5207
 8784 34f0 A9EB     		.short	-5207
 8785 34f2 68EB     		.short	-5272
 8786 34f4 E5EA     		.short	-5403
 8787 34f6 C4EA     		.short	-5436
 8788 34f8 C4EA     		.short	-5436
 8789 34fa C4EA     		.short	-5436
 8790 34fc C4EA     		.short	-5436
 8791 34fe 05FB     		.short	-1275
 8792 3500 8EF4     		.short	-2930
 8793 3502 05FB     		.short	-1275
 8794 3504 C4EA     		.short	-5436
 8795 3506 C4EA     		.short	-5436
 8796 3508 C4EA     		.short	-5436
 8797 350a C4EA     		.short	-5436
 8798 350c C4EA     		.short	-5436
 8799 350e C4EA     		.short	-5436
 8800 3510 C4EA     		.short	-5436
 8801 3512 C4EA     		.short	-5436
 8802 3514 C4EA     		.short	-5436
 8803 3516 C4EA     		.short	-5436
 8804 3518 C4EA     		.short	-5436
 8805 351a C4EA     		.short	-5436
 8806 351c C4EA     		.short	-5436
 8807 351e C4EA     		.short	-5436
ARM GAS  C:\Users\user\AppData\Local\Temp\ccqcwdMl.s 			page 171


 8808 3520 C4EA     		.short	-5436
 8809 3522 C4EA     		.short	-5436
 8810 3524 C4EA     		.short	-5436
 8811 3526 C4EA     		.short	-5436
 8812 3528 C4EA     		.short	-5436
 8813 352a C4EA     		.short	-5436
 8814 352c C4EA     		.short	-5436
 8815 352e C4EA     		.short	-5436
 8816 3530 A4EA     		.short	-5468
 8817 3532 68EB     		.short	-5272
 8818 3534 B4F5     		.short	-2636
 8819 3536 9DFF     		.short	-99
 8820 3538 7DFF     		.short	-131
 8821 353a 52F5     		.short	-2734
 8822 353c C9EB     		.short	-5175
 8823 353e 30F5     		.short	-2768
 8824 3540 7DFF     		.short	-131
 8825 3542 BEFF     		.short	-66
 8826 3544 F5F5     		.short	-2571
 8827 3546 A9EB     		.short	-5207
 8828 3548 A4EA     		.short	-5468
 8829 354a A4EA     		.short	-5468
 8830 354c C4EA     		.short	-5436
 8831 354e C4EA     		.short	-5436
 8832 3550 C4EA     		.short	-5436
 8833 3552 C4EA     		.short	-5436
 8834 3554 C4EA     		.short	-5436
 8835 3556 C4EA     		.short	-5436
 8836 3558 C4EA     		.short	-5436
 8837 355a C4EA     		.short	-5436
 8838 355c C4EA     		.short	-5436
 8839 355e C4EA     		.short	-5436
 8840 3560 C4EA     		.short	-5436
 8841 3562 C4EA     		.short	-5436
 8842 3564 C4EA     		.short	-5436
 8843 3566 C4EA     		.short	-5436
 8844 3568 C4EA     		.short	-5436
 8845 356a C4EA     		.short	-5436
 8846 356c C4EA     		.short	-5436
 8847 356e C4EA     		.short	-5436
 8848 3570 C4EA     		.short	-5436
 8849 3572 A4E2     		.short	-7516
 8850 3574 A4E2     		.short	-7516
 8851 3576 A4E2     		.short	-7516
 8852 3578 A4E2     		.short	-7516
 8853 357a A4E2     		.short	-7516
 8854 357c C4EA     		.short	-5436
 8855 357e C4EA     		.short	-5436
 8856 3580 C4EA     		.short	-5436
 8857 3582 C4EA     		.short	-5436
 8858 3584 C4EA     		.short	-5436
 8859 3586 C4EA     		.short	-5436
 8860 3588 C4EA     		.short	-5436
 8861 358a C4EA     		.short	-5436
 8862 358c C4EA     		.short	-5436
 8863 358e C4EA     		.short	-5436
 8864 3590 C4EA     		.short	-5436
ARM GAS  C:\Users\user\AppData\Local\Temp\ccqcwdMl.s 			page 172


 8865 3592 C4EA     		.short	-5436
 8866 3594 C4EA     		.short	-5436
 8867 3596 C4EA     		.short	-5436
 8868 3598 A4E2     		.short	-7516
 8869 359a C4EA     		.short	-5436
 8870 359c E5EA     		.short	-5403
 8871 359e 05EB     		.short	-5371
 8872 35a0 E5EA     		.short	-5403
 8873 35a2 C4EA     		.short	-5436
 8874 35a4 A4E2     		.short	-7516
 8875 35a6 C4EA     		.short	-5436
 8876 35a8 C4EA     		.short	-5436
 8877 35aa C4EA     		.short	-5436
 8878 35ac C4EA     		.short	-5436
 8879 35ae C4EA     		.short	-5436
 8880 35b0 C4E2     		.short	-7484
 8881 35b2 C4EA     		.short	-5436
 8882 35b4 C4EA     		.short	-5436
 8883 35b6 C4EA     		.short	-5436
 8884 35b8 C4EA     		.short	-5436
 8885 35ba C4EA     		.short	-5436
 8886 35bc E5EA     		.short	-5403
 8887 35be 31F5     		.short	-2767
 8888 35c0 FFFF     		.short	-1
 8889 35c2 FFFF     		.short	-1
 8890 35c4 FFFF     		.short	-1
 8891 35c6 FFFF     		.short	-1
 8892 35c8 10F5     		.short	-2800
 8893 35ca C4EA     		.short	-5436
 8894 35cc C4EA     		.short	-5436
 8895 35ce C4EA     		.short	-5436
 8896 35d0 C4EA     		.short	-5436
 8897 35d2 C4EA     		.short	-5436
 8898 35d4 C4EA     		.short	-5436
 8899 35d6 C4EA     		.short	-5436
 8900 35d8 C4EA     		.short	-5436
 8901 35da C4EA     		.short	-5436
 8902 35dc A4EA     		.short	-5468
 8903 35de A3E2     		.short	-7517
 8904 35e0 A4E2     		.short	-7516
 8905 35e2 A4E2     		.short	-7516
 8906 35e4 A3E2     		.short	-7517
 8907 35e6 A4E2     		.short	-7516
 8908 35e8 C4EA     		.short	-5436
 8909 35ea A4E2     		.short	-7516
 8910 35ec A3E2     		.short	-7517
 8911 35ee 83E2     		.short	-7549
 8912 35f0 83E2     		.short	-7549
 8913 35f2 A4E2     		.short	-7516
 8914 35f4 C4EA     		.short	-5436
 8915 35f6 C4EA     		.short	-5436
 8916 35f8 C4EA     		.short	-5436
 8917 35fa C4EA     		.short	-5436
 8918 35fc C4EA     		.short	-5436
 8919 35fe 05FB     		.short	-1275
 8920 3600 8EF4     		.short	-2930
 8921 3602 05FB     		.short	-1275
ARM GAS  C:\Users\user\AppData\Local\Temp\ccqcwdMl.s 			page 173


 8922 3604 C4EA     		.short	-5436
 8923 3606 C4EA     		.short	-5436
 8924 3608 C4EA     		.short	-5436
 8925 360a C4EA     		.short	-5436
 8926 360c C4EA     		.short	-5436
 8927 360e C4EA     		.short	-5436
 8928 3610 C4EA     		.short	-5436
 8929 3612 C4EA     		.short	-5436
 8930 3614 C4EA     		.short	-5436
 8931 3616 C4EA     		.short	-5436
 8932 3618 C4EA     		.short	-5436
 8933 361a C4EA     		.short	-5436
 8934 361c C4EA     		.short	-5436
 8935 361e C4EA     		.short	-5436
 8936 3620 C4EA     		.short	-5436
 8937 3622 C4EA     		.short	-5436
 8938 3624 C4EA     		.short	-5436
 8939 3626 C4EA     		.short	-5436
 8940 3628 C4EA     		.short	-5436
 8941 362a C4EA     		.short	-5436
 8942 362c C4EA     		.short	-5436
 8943 362e C4EA     		.short	-5436
 8944 3630 C4EA     		.short	-5436
 8945 3632 A4EA     		.short	-5468
 8946 3634 E5EA     		.short	-5403
 8947 3636 6DEC     		.short	-5011
 8948 3638 D9FE     		.short	-295
 8949 363a DFFF     		.short	-33
 8950 363c 9DFF     		.short	-99
 8951 363e DEFF     		.short	-34
 8952 3640 1BFF     		.short	-229
 8953 3642 CFF4     		.short	-2865
 8954 3644 05EB     		.short	-5371
 8955 3646 A4EA     		.short	-5468
 8956 3648 C4EA     		.short	-5436
 8957 364a C4EA     		.short	-5436
 8958 364c C4EA     		.short	-5436
 8959 364e C4EA     		.short	-5436
 8960 3650 C4EA     		.short	-5436
 8961 3652 C4EA     		.short	-5436
 8962 3654 C4EA     		.short	-5436
 8963 3656 C4EA     		.short	-5436
 8964 3658 C4EA     		.short	-5436
 8965 365a C4EA     		.short	-5436
 8966 365c C4EA     		.short	-5436
 8967 365e C4EA     		.short	-5436
 8968 3660 C4EA     		.short	-5436
 8969 3662 C4EA     		.short	-5436
 8970 3664 C4EA     		.short	-5436
 8971 3666 C4EA     		.short	-5436
 8972 3668 C4EA     		.short	-5436
 8973 366a C4EA     		.short	-5436
 8974 366c C4EA     		.short	-5436
 8975 366e C4EA     		.short	-5436
 8976 3670 C4EA     		.short	-5436
 8977 3672 C4EA     		.short	-5436
 8978 3674 C4EA     		.short	-5436
ARM GAS  C:\Users\user\AppData\Local\Temp\ccqcwdMl.s 			page 174


 8979 3676 C4EA     		.short	-5436
 8980 3678 C4EA     		.short	-5436
 8981 367a C4EA     		.short	-5436
 8982 367c C4EA     		.short	-5436
 8983 367e C4EA     		.short	-5436
 8984 3680 C4EA     		.short	-5436
 8985 3682 C4EA     		.short	-5436
 8986 3684 C4EA     		.short	-5436
 8987 3686 C4EA     		.short	-5436
 8988 3688 C4EA     		.short	-5436
 8989 368a C4EA     		.short	-5436
 8990 368c C4EA     		.short	-5436
 8991 368e C4EA     		.short	-5436
 8992 3690 C4EA     		.short	-5436
 8993 3692 C4EA     		.short	-5436
 8994 3694 C4EA     		.short	-5436
 8995 3696 C4EA     		.short	-5436
 8996 3698 C4EA     		.short	-5436
 8997 369a C4EA     		.short	-5436
 8998 369c C4EA     		.short	-5436
 8999 369e A4EA     		.short	-5468
 9000 36a0 C4EA     		.short	-5436
 9001 36a2 C4EA     		.short	-5436
 9002 36a4 C4EA     		.short	-5436
 9003 36a6 C4EA     		.short	-5436
 9004 36a8 C4EA     		.short	-5436
 9005 36aa C4EA     		.short	-5436
 9006 36ac C4EA     		.short	-5436
 9007 36ae C4EA     		.short	-5436
 9008 36b0 C4EA     		.short	-5436
 9009 36b2 C4EA     		.short	-5436
 9010 36b4 C4EA     		.short	-5436
 9011 36b6 C4EA     		.short	-5436
 9012 36b8 C4EA     		.short	-5436
 9013 36ba A4E2     		.short	-7516
 9014 36bc 47EB     		.short	-5305
 9015 36be 98FE     		.short	-360
 9016 36c0 FFFF     		.short	-1
 9017 36c2 FFFF     		.short	-1
 9018 36c4 FFFF     		.short	-1
 9019 36c6 1BFF     		.short	-229
 9020 36c8 C9EB     		.short	-5175
 9021 36ca 83E2     		.short	-7549
 9022 36cc C4EA     		.short	-5436
 9023 36ce C4EA     		.short	-5436
 9024 36d0 C4EA     		.short	-5436
 9025 36d2 C4EA     		.short	-5436
 9026 36d4 C4EA     		.short	-5436
 9027 36d6 C4EA     		.short	-5436
 9028 36d8 C4EA     		.short	-5436
 9029 36da C4EA     		.short	-5436
 9030 36dc C4EA     		.short	-5436
 9031 36de C4EA     		.short	-5436
 9032 36e0 C4EA     		.short	-5436
 9033 36e2 C4EA     		.short	-5436
 9034 36e4 C4EA     		.short	-5436
 9035 36e6 C4EA     		.short	-5436
ARM GAS  C:\Users\user\AppData\Local\Temp\ccqcwdMl.s 			page 175


 9036 36e8 C4EA     		.short	-5436
 9037 36ea C4EA     		.short	-5436
 9038 36ec C4EA     		.short	-5436
 9039 36ee C4EA     		.short	-5436
 9040 36f0 C4EA     		.short	-5436
 9041 36f2 C4EA     		.short	-5436
 9042 36f4 C4EA     		.short	-5436
 9043 36f6 C4EA     		.short	-5436
 9044 36f8 C4EA     		.short	-5436
 9045 36fa C4EA     		.short	-5436
 9046 36fc C4EA     		.short	-5436
 9047 36fe 05FB     		.short	-1275
 9048 3700 8EF4     		.short	-2930
 9049 3702 05FB     		.short	-1275
 9050 3704 C4EA     		.short	-5436
 9051 3706 C4EA     		.short	-5436
 9052 3708 C4EA     		.short	-5436
 9053 370a C4EA     		.short	-5436
 9054 370c C4EA     		.short	-5436
 9055 370e C4EA     		.short	-5436
 9056 3710 C4EA     		.short	-5436
 9057 3712 C4EA     		.short	-5436
 9058 3714 C4EA     		.short	-5436
 9059 3716 C4EA     		.short	-5436
 9060 3718 C4EA     		.short	-5436
 9061 371a C4EA     		.short	-5436
 9062 371c C4EA     		.short	-5436
 9063 371e C4EA     		.short	-5436
 9064 3720 C4EA     		.short	-5436
 9065 3722 C4EA     		.short	-5436
 9066 3724 C4EA     		.short	-5436
 9067 3726 C4EA     		.short	-5436
 9068 3728 C4EA     		.short	-5436
 9069 372a C4EA     		.short	-5436
 9070 372c C4EA     		.short	-5436
 9071 372e C4EA     		.short	-5436
 9072 3730 C4EA     		.short	-5436
 9073 3732 C4EA     		.short	-5436
 9074 3734 C4EA     		.short	-5436
 9075 3736 A4E2     		.short	-7516
 9076 3738 68EB     		.short	-5272
 9077 373a 93F5     		.short	-2669
 9078 373c FAFE     		.short	-262
 9079 373e F5F5     		.short	-2571
 9080 3740 A9EB     		.short	-5207
 9081 3742 C4EA     		.short	-5436
 9082 3744 A4EA     		.short	-5468
 9083 3746 C4EA     		.short	-5436
 9084 3748 C4EA     		.short	-5436
 9085 374a C4EA     		.short	-5436
 9086 374c C4EA     		.short	-5436
 9087 374e C4EA     		.short	-5436
 9088 3750 C4EA     		.short	-5436
 9089 3752 C4EA     		.short	-5436
 9090 3754 C4EA     		.short	-5436
 9091 3756 C4EA     		.short	-5436
 9092 3758 C4EA     		.short	-5436
ARM GAS  C:\Users\user\AppData\Local\Temp\ccqcwdMl.s 			page 176


 9093 375a C4EA     		.short	-5436
 9094 375c C4EA     		.short	-5436
 9095 375e C4EA     		.short	-5436
 9096 3760 C4EA     		.short	-5436
 9097 3762 C4EA     		.short	-5436
 9098 3764 C4EA     		.short	-5436
 9099 3766 C4EA     		.short	-5436
 9100 3768 C4EA     		.short	-5436
 9101 376a C4EA     		.short	-5436
 9102 376c C4EA     		.short	-5436
 9103 376e C4EA     		.short	-5436
 9104 3770 C4EA     		.short	-5436
 9105 3772 C4EA     		.short	-5436
 9106 3774 C4EA     		.short	-5436
 9107 3776 C4EA     		.short	-5436
 9108 3778 C4EA     		.short	-5436
 9109 377a C4EA     		.short	-5436
 9110 377c C4EA     		.short	-5436
 9111 377e C4EA     		.short	-5436
 9112 3780 C4EA     		.short	-5436
 9113 3782 C4EA     		.short	-5436
 9114 3784 C4EA     		.short	-5436
 9115 3786 C4EA     		.short	-5436
 9116 3788 C4EA     		.short	-5436
 9117 378a C4EA     		.short	-5436
 9118 378c C4EA     		.short	-5436
 9119 378e C4EA     		.short	-5436
 9120 3790 C4EA     		.short	-5436
 9121 3792 C4EA     		.short	-5436
 9122 3794 C4EA     		.short	-5436
 9123 3796 C4EA     		.short	-5436
 9124 3798 C4EA     		.short	-5436
 9125 379a C4EA     		.short	-5436
 9126 379c C4EA     		.short	-5436
 9127 379e C4EA     		.short	-5436
 9128 37a0 C4EA     		.short	-5436
 9129 37a2 C4EA     		.short	-5436
 9130 37a4 C4EA     		.short	-5436
 9131 37a6 C4EA     		.short	-5436
 9132 37a8 C4EA     		.short	-5436
 9133 37aa C4EA     		.short	-5436
 9134 37ac C4EA     		.short	-5436
 9135 37ae C4EA     		.short	-5436
 9136 37b0 C4EA     		.short	-5436
 9137 37b2 C4EA     		.short	-5436
 9138 37b4 C4EA     		.short	-5436
 9139 37b6 C4EA     		.short	-5436
 9140 37b8 C4EA     		.short	-5436
 9141 37ba A4E2     		.short	-7516
 9142 37bc 2BEC     		.short	-5077
 9143 37be DEFF     		.short	-34
 9144 37c0 FFFF     		.short	-1
 9145 37c2 FFFF     		.short	-1
 9146 37c4 FFFF     		.short	-1
 9147 37c6 93F5     		.short	-2669
 9148 37c8 E5EA     		.short	-5403
 9149 37ca C4EA     		.short	-5436
ARM GAS  C:\Users\user\AppData\Local\Temp\ccqcwdMl.s 			page 177


 9150 37cc C4EA     		.short	-5436
 9151 37ce C4EA     		.short	-5436
 9152 37d0 C4EA     		.short	-5436
 9153 37d2 C4EA     		.short	-5436
 9154 37d4 C4EA     		.short	-5436
 9155 37d6 C4EA     		.short	-5436
 9156 37d8 C4EA     		.short	-5436
 9157 37da C4EA     		.short	-5436
 9158 37dc C4EA     		.short	-5436
 9159 37de C4EA     		.short	-5436
 9160 37e0 C4EA     		.short	-5436
 9161 37e2 C4EA     		.short	-5436
 9162 37e4 C4EA     		.short	-5436
 9163 37e6 C4EA     		.short	-5436
 9164 37e8 C4EA     		.short	-5436
 9165 37ea C4EA     		.short	-5436
 9166 37ec C4EA     		.short	-5436
 9167 37ee C4EA     		.short	-5436
 9168 37f0 C4EA     		.short	-5436
 9169 37f2 C4EA     		.short	-5436
 9170 37f4 C4EA     		.short	-5436
 9171 37f6 C4EA     		.short	-5436
 9172 37f8 C4EA     		.short	-5436
 9173 37fa C4EA     		.short	-5436
 9174 37fc C4EA     		.short	-5436
 9175 37fe 05FB     		.short	-1275
 9176 3800 8EF4     		.short	-2930
 9177 3802 05FB     		.short	-1275
 9178 3804 C4EA     		.short	-5436
 9179 3806 C4EA     		.short	-5436
 9180 3808 C4EA     		.short	-5436
 9181 380a C4EA     		.short	-5436
 9182 380c C4EA     		.short	-5436
 9183 380e C4EA     		.short	-5436
 9184 3810 C4EA     		.short	-5436
 9185 3812 C4EA     		.short	-5436
 9186 3814 C4EA     		.short	-5436
 9187 3816 C4EA     		.short	-5436
 9188 3818 C4EA     		.short	-5436
 9189 381a C4EA     		.short	-5436
 9190 381c C4EA     		.short	-5436
 9191 381e C4EA     		.short	-5436
 9192 3820 C4EA     		.short	-5436
 9193 3822 C4EA     		.short	-5436
 9194 3824 C4EA     		.short	-5436
 9195 3826 C4EA     		.short	-5436
 9196 3828 C4EA     		.short	-5436
 9197 382a C4EA     		.short	-5436
 9198 382c C4EA     		.short	-5436
 9199 382e C4EA     		.short	-5436
 9200 3830 C4EA     		.short	-5436
 9201 3832 C4EA     		.short	-5436
 9202 3834 C4EA     		.short	-5436
 9203 3836 C4EA     		.short	-5436
 9204 3838 A4EA     		.short	-5468
 9205 383a E5EA     		.short	-5403
 9206 383c A9EB     		.short	-5207
ARM GAS  C:\Users\user\AppData\Local\Temp\ccqcwdMl.s 			page 178


 9207 383e 06EB     		.short	-5370
 9208 3840 A4EA     		.short	-5468
 9209 3842 C4EA     		.short	-5436
 9210 3844 C4EA     		.short	-5436
 9211 3846 C4EA     		.short	-5436
 9212 3848 C4EA     		.short	-5436
 9213 384a C4EA     		.short	-5436
 9214 384c C4EA     		.short	-5436
 9215 384e C4EA     		.short	-5436
 9216 3850 C4EA     		.short	-5436
 9217 3852 C4EA     		.short	-5436
 9218 3854 C4EA     		.short	-5436
 9219 3856 C4EA     		.short	-5436
 9220 3858 C4EA     		.short	-5436
 9221 385a C4EA     		.short	-5436
 9222 385c C4EA     		.short	-5436
 9223 385e C4EA     		.short	-5436
 9224 3860 C4EA     		.short	-5436
 9225 3862 C4EA     		.short	-5436
 9226 3864 C4EA     		.short	-5436
 9227 3866 C4EA     		.short	-5436
 9228 3868 C4EA     		.short	-5436
 9229 386a C4EA     		.short	-5436
 9230 386c C4EA     		.short	-5436
 9231 386e C4EA     		.short	-5436
 9232 3870 C4EA     		.short	-5436
 9233 3872 C4EA     		.short	-5436
 9234 3874 C4EA     		.short	-5436
 9235 3876 C4EA     		.short	-5436
 9236 3878 C4EA     		.short	-5436
 9237 387a C4EA     		.short	-5436
 9238 387c C4EA     		.short	-5436
 9239 387e C4EA     		.short	-5436
 9240 3880 C4EA     		.short	-5436
 9241 3882 C4EA     		.short	-5436
 9242 3884 C4EA     		.short	-5436
 9243 3886 C4EA     		.short	-5436
 9244 3888 C4EA     		.short	-5436
 9245 388a C4EA     		.short	-5436
 9246 388c C4EA     		.short	-5436
 9247 388e C4EA     		.short	-5436
 9248 3890 C4EA     		.short	-5436
 9249 3892 C4EA     		.short	-5436
 9250 3894 C4EA     		.short	-5436
 9251 3896 C4EA     		.short	-5436
 9252 3898 C4EA     		.short	-5436
 9253 389a C4EA     		.short	-5436
 9254 389c C4EA     		.short	-5436
 9255 389e C4EA     		.short	-5436
 9256 38a0 C4EA     		.short	-5436
 9257 38a2 C4EA     		.short	-5436
 9258 38a4 C4EA     		.short	-5436
 9259 38a6 C4EA     		.short	-5436
 9260 38a8 C4EA     		.short	-5436
 9261 38aa C4EA     		.short	-5436
 9262 38ac C4EA     		.short	-5436
 9263 38ae C4EA     		.short	-5436
ARM GAS  C:\Users\user\AppData\Local\Temp\ccqcwdMl.s 			page 179


 9264 38b0 C4EA     		.short	-5436
 9265 38b2 C4EA     		.short	-5436
 9266 38b4 C4EA     		.short	-5436
 9267 38b6 C4EA     		.short	-5436
 9268 38b8 C4EA     		.short	-5436
 9269 38ba C4EA     		.short	-5436
 9270 38bc 2BEC     		.short	-5077
 9271 38be F5F5     		.short	-2571
 9272 38c0 36F6     		.short	-2506
 9273 38c2 16F6     		.short	-2538
 9274 38c4 F5F5     		.short	-2571
 9275 38c6 CAEB     		.short	-5174
 9276 38c8 A3E2     		.short	-7517
 9277 38ca C4EA     		.short	-5436
 9278 38cc C4EA     		.short	-5436
 9279 38ce C4EA     		.short	-5436
 9280 38d0 C4EA     		.short	-5436
 9281 38d2 C4EA     		.short	-5436
 9282 38d4 C4EA     		.short	-5436
 9283 38d6 C4EA     		.short	-5436
 9284 38d8 C4EA     		.short	-5436
 9285 38da C4EA     		.short	-5436
 9286 38dc C4EA     		.short	-5436
 9287 38de C4EA     		.short	-5436
 9288 38e0 C4EA     		.short	-5436
 9289 38e2 C4EA     		.short	-5436
 9290 38e4 C4EA     		.short	-5436
 9291 38e6 C4EA     		.short	-5436
 9292 38e8 C4EA     		.short	-5436
 9293 38ea C4EA     		.short	-5436
 9294 38ec C4EA     		.short	-5436
 9295 38ee C4EA     		.short	-5436
 9296 38f0 C4EA     		.short	-5436
 9297 38f2 C4EA     		.short	-5436
 9298 38f4 C4EA     		.short	-5436
 9299 38f6 C4EA     		.short	-5436
 9300 38f8 C4EA     		.short	-5436
 9301 38fa C4EA     		.short	-5436
 9302 38fc C4EA     		.short	-5436
 9303 38fe 05FB     		.short	-1275
 9304 3900 8EF4     		.short	-2930
 9305 3902 05FB     		.short	-1275
 9306 3904 C4EA     		.short	-5436
 9307 3906 C4EA     		.short	-5436
 9308 3908 C4EA     		.short	-5436
 9309 390a C4EA     		.short	-5436
 9310 390c C4EA     		.short	-5436
 9311 390e C4EA     		.short	-5436
 9312 3910 C4EA     		.short	-5436
 9313 3912 C4EA     		.short	-5436
 9314 3914 C4EA     		.short	-5436
 9315 3916 C4EA     		.short	-5436
 9316 3918 C4EA     		.short	-5436
 9317 391a C4EA     		.short	-5436
 9318 391c C4EA     		.short	-5436
 9319 391e C4EA     		.short	-5436
 9320 3920 C4EA     		.short	-5436
ARM GAS  C:\Users\user\AppData\Local\Temp\ccqcwdMl.s 			page 180


 9321 3922 C4EA     		.short	-5436
 9322 3924 C4EA     		.short	-5436
 9323 3926 C4EA     		.short	-5436
 9324 3928 C4EA     		.short	-5436
 9325 392a C4EA     		.short	-5436
 9326 392c C4EA     		.short	-5436
 9327 392e C4EA     		.short	-5436
 9328 3930 C4EA     		.short	-5436
 9329 3932 C4EA     		.short	-5436
 9330 3934 C4EA     		.short	-5436
 9331 3936 C4EA     		.short	-5436
 9332 3938 C4EA     		.short	-5436
 9333 393a C4EA     		.short	-5436
 9334 393c A4E2     		.short	-7516
 9335 393e C4EA     		.short	-5436
 9336 3940 C4EA     		.short	-5436
 9337 3942 C4EA     		.short	-5436
 9338 3944 C4EA     		.short	-5436
 9339 3946 C4EA     		.short	-5436
 9340 3948 C4EA     		.short	-5436
 9341 394a C4EA     		.short	-5436
 9342 394c C4EA     		.short	-5436
 9343 394e C4EA     		.short	-5436
 9344 3950 C4EA     		.short	-5436
 9345 3952 C4EA     		.short	-5436
 9346 3954 C4EA     		.short	-5436
 9347 3956 C4EA     		.short	-5436
 9348 3958 C4EA     		.short	-5436
 9349 395a C4EA     		.short	-5436
 9350 395c C4EA     		.short	-5436
 9351 395e C4EA     		.short	-5436
 9352 3960 C4EA     		.short	-5436
 9353 3962 C4EA     		.short	-5436
 9354 3964 C4EA     		.short	-5436
 9355 3966 C4EA     		.short	-5436
 9356 3968 C4EA     		.short	-5436
 9357 396a C4EA     		.short	-5436
 9358 396c C4EA     		.short	-5436
 9359 396e C4EA     		.short	-5436
 9360 3970 C4EA     		.short	-5436
 9361 3972 C4EA     		.short	-5436
 9362 3974 C4EA     		.short	-5436
 9363 3976 C4EA     		.short	-5436
 9364 3978 C4EA     		.short	-5436
 9365 397a C4EA     		.short	-5436
 9366 397c C4EA     		.short	-5436
 9367 397e C4EA     		.short	-5436
 9368 3980 C4EA     		.short	-5436
 9369 3982 C4EA     		.short	-5436
 9370 3984 C4EA     		.short	-5436
 9371 3986 C4EA     		.short	-5436
 9372 3988 C4EA     		.short	-5436
 9373 398a C4EA     		.short	-5436
 9374 398c C4EA     		.short	-5436
 9375 398e C4EA     		.short	-5436
 9376 3990 C4EA     		.short	-5436
 9377 3992 C4EA     		.short	-5436
ARM GAS  C:\Users\user\AppData\Local\Temp\ccqcwdMl.s 			page 181


 9378 3994 C4EA     		.short	-5436
 9379 3996 C4EA     		.short	-5436
 9380 3998 C4EA     		.short	-5436
 9381 399a C4EA     		.short	-5436
 9382 399c C4EA     		.short	-5436
 9383 399e C4EA     		.short	-5436
 9384 39a0 C4EA     		.short	-5436
 9385 39a2 C4EA     		.short	-5436
 9386 39a4 C4EA     		.short	-5436
 9387 39a6 C4EA     		.short	-5436
 9388 39a8 C4EA     		.short	-5436
 9389 39aa C4EA     		.short	-5436
 9390 39ac C4EA     		.short	-5436
 9391 39ae C4EA     		.short	-5436
 9392 39b0 C4EA     		.short	-5436
 9393 39b2 C4EA     		.short	-5436
 9394 39b4 C4EA     		.short	-5436
 9395 39b6 C4EA     		.short	-5436
 9396 39b8 C4EA     		.short	-5436
 9397 39ba C4EA     		.short	-5436
 9398 39bc E5EA     		.short	-5403
 9399 39be 06EB     		.short	-5370
 9400 39c0 06EB     		.short	-5370
 9401 39c2 06EB     		.short	-5370
 9402 39c4 05EB     		.short	-5371
 9403 39c6 C4EA     		.short	-5436
 9404 39c8 C4EA     		.short	-5436
 9405 39ca C4EA     		.short	-5436
 9406 39cc C4EA     		.short	-5436
 9407 39ce C4EA     		.short	-5436
 9408 39d0 C4EA     		.short	-5436
 9409 39d2 C4EA     		.short	-5436
 9410 39d4 C4EA     		.short	-5436
 9411 39d6 C4EA     		.short	-5436
 9412 39d8 C4EA     		.short	-5436
 9413 39da C4EA     		.short	-5436
 9414 39dc C4EA     		.short	-5436
 9415 39de C4EA     		.short	-5436
 9416 39e0 C4EA     		.short	-5436
 9417 39e2 C4EA     		.short	-5436
 9418 39e4 C4EA     		.short	-5436
 9419 39e6 C4EA     		.short	-5436
 9420 39e8 C4EA     		.short	-5436
 9421 39ea C4EA     		.short	-5436
 9422 39ec C4EA     		.short	-5436
 9423 39ee C4EA     		.short	-5436
 9424 39f0 C4EA     		.short	-5436
 9425 39f2 C4EA     		.short	-5436
 9426 39f4 C4EA     		.short	-5436
 9427 39f6 C4EA     		.short	-5436
 9428 39f8 C4EA     		.short	-5436
 9429 39fa C4EA     		.short	-5436
 9430 39fc C4EA     		.short	-5436
 9431 39fe 05FB     		.short	-1275
 9432 3a00 8EF4     		.short	-2930
 9433 3a02 05FB     		.short	-1275
 9434 3a04 C4EA     		.short	-5436
ARM GAS  C:\Users\user\AppData\Local\Temp\ccqcwdMl.s 			page 182


 9435 3a06 C4EA     		.short	-5436
 9436 3a08 C4EA     		.short	-5436
 9437 3a0a C4EA     		.short	-5436
 9438 3a0c C4EA     		.short	-5436
 9439 3a0e C4EA     		.short	-5436
 9440 3a10 C4EA     		.short	-5436
 9441 3a12 C4EA     		.short	-5436
 9442 3a14 C4EA     		.short	-5436
 9443 3a16 C4EA     		.short	-5436
 9444 3a18 C4EA     		.short	-5436
 9445 3a1a C4EA     		.short	-5436
 9446 3a1c C4EA     		.short	-5436
 9447 3a1e C4EA     		.short	-5436
 9448 3a20 C4EA     		.short	-5436
 9449 3a22 C4EA     		.short	-5436
 9450 3a24 C4EA     		.short	-5436
 9451 3a26 C4EA     		.short	-5436
 9452 3a28 C4EA     		.short	-5436
 9453 3a2a C4EA     		.short	-5436
 9454 3a2c C4EA     		.short	-5436
 9455 3a2e C4EA     		.short	-5436
 9456 3a30 C4EA     		.short	-5436
 9457 3a32 C4EA     		.short	-5436
 9458 3a34 C4EA     		.short	-5436
 9459 3a36 C4EA     		.short	-5436
 9460 3a38 C4EA     		.short	-5436
 9461 3a3a C4EA     		.short	-5436
 9462 3a3c C4EA     		.short	-5436
 9463 3a3e C4EA     		.short	-5436
 9464 3a40 C4EA     		.short	-5436
 9465 3a42 C4EA     		.short	-5436
 9466 3a44 C4EA     		.short	-5436
 9467 3a46 C4EA     		.short	-5436
 9468 3a48 C4EA     		.short	-5436
 9469 3a4a C4EA     		.short	-5436
 9470 3a4c C4EA     		.short	-5436
 9471 3a4e C4EA     		.short	-5436
 9472 3a50 C4EA     		.short	-5436
 9473 3a52 C4EA     		.short	-5436
 9474 3a54 C4EA     		.short	-5436
 9475 3a56 C4EA     		.short	-5436
 9476 3a58 C4EA     		.short	-5436
 9477 3a5a C4EA     		.short	-5436
 9478 3a5c C4EA     		.short	-5436
 9479 3a5e C4EA     		.short	-5436
 9480 3a60 C4EA     		.short	-5436
 9481 3a62 C4EA     		.short	-5436
 9482 3a64 C4EA     		.short	-5436
 9483 3a66 C4EA     		.short	-5436
 9484 3a68 C4EA     		.short	-5436
 9485 3a6a C4EA     		.short	-5436
 9486 3a6c C4EA     		.short	-5436
 9487 3a6e C4EA     		.short	-5436
 9488 3a70 C4EA     		.short	-5436
 9489 3a72 C4EA     		.short	-5436
 9490 3a74 C4EA     		.short	-5436
 9491 3a76 C4EA     		.short	-5436
ARM GAS  C:\Users\user\AppData\Local\Temp\ccqcwdMl.s 			page 183


 9492 3a78 C4EA     		.short	-5436
 9493 3a7a C4EA     		.short	-5436
 9494 3a7c C4EA     		.short	-5436
 9495 3a7e C4EA     		.short	-5436
 9496 3a80 C4EA     		.short	-5436
 9497 3a82 C4EA     		.short	-5436
 9498 3a84 C4EA     		.short	-5436
 9499 3a86 C4EA     		.short	-5436
 9500 3a88 C4EA     		.short	-5436
 9501 3a8a C4EA     		.short	-5436
 9502 3a8c C4EA     		.short	-5436
 9503 3a8e C4EA     		.short	-5436
 9504 3a90 C4EA     		.short	-5436
 9505 3a92 C4EA     		.short	-5436
 9506 3a94 C4EA     		.short	-5436
 9507 3a96 C4EA     		.short	-5436
 9508 3a98 C4EA     		.short	-5436
 9509 3a9a C4EA     		.short	-5436
 9510 3a9c C4EA     		.short	-5436
 9511 3a9e C4EA     		.short	-5436
 9512 3aa0 C4EA     		.short	-5436
 9513 3aa2 C4EA     		.short	-5436
 9514 3aa4 C4EA     		.short	-5436
 9515 3aa6 C4EA     		.short	-5436
 9516 3aa8 C4EA     		.short	-5436
 9517 3aaa C4EA     		.short	-5436
 9518 3aac C4EA     		.short	-5436
 9519 3aae C4EA     		.short	-5436
 9520 3ab0 C4EA     		.short	-5436
 9521 3ab2 C4EA     		.short	-5436
 9522 3ab4 C4EA     		.short	-5436
 9523 3ab6 C4EA     		.short	-5436
 9524 3ab8 C4EA     		.short	-5436
 9525 3aba C4EA     		.short	-5436
 9526 3abc C4EA     		.short	-5436
 9527 3abe A4EA     		.short	-5468
 9528 3ac0 A4EA     		.short	-5468
 9529 3ac2 A4EA     		.short	-5468
 9530 3ac4 A4EA     		.short	-5468
 9531 3ac6 C4EA     		.short	-5436
 9532 3ac8 C4EA     		.short	-5436
 9533 3aca C4EA     		.short	-5436
 9534 3acc C4EA     		.short	-5436
 9535 3ace C4EA     		.short	-5436
 9536 3ad0 C4EA     		.short	-5436
 9537 3ad2 C4EA     		.short	-5436
 9538 3ad4 C4EA     		.short	-5436
 9539 3ad6 C4EA     		.short	-5436
 9540 3ad8 C4EA     		.short	-5436
 9541 3ada C4EA     		.short	-5436
 9542 3adc C4EA     		.short	-5436
 9543 3ade C4EA     		.short	-5436
 9544 3ae0 C4EA     		.short	-5436
 9545 3ae2 C4EA     		.short	-5436
 9546 3ae4 C4EA     		.short	-5436
 9547 3ae6 C4EA     		.short	-5436
 9548 3ae8 C4EA     		.short	-5436
ARM GAS  C:\Users\user\AppData\Local\Temp\ccqcwdMl.s 			page 184


 9549 3aea C4EA     		.short	-5436
 9550 3aec C4EA     		.short	-5436
 9551 3aee C4EA     		.short	-5436
 9552 3af0 C4EA     		.short	-5436
 9553 3af2 C4EA     		.short	-5436
 9554 3af4 C4EA     		.short	-5436
 9555 3af6 C4EA     		.short	-5436
 9556 3af8 C4EA     		.short	-5436
 9557 3afa C4EA     		.short	-5436
 9558 3afc C4EA     		.short	-5436
 9559 3afe 05FB     		.short	-1275
 9560 3b00 8EF4     		.short	-2930
 9561 3b02 05FB     		.short	-1275
 9562 3b04 C4EA     		.short	-5436
 9563 3b06 C4EA     		.short	-5436
 9564 3b08 C4EA     		.short	-5436
 9565 3b0a C4EA     		.short	-5436
 9566 3b0c C4EA     		.short	-5436
 9567 3b0e C4EA     		.short	-5436
 9568 3b10 C4EA     		.short	-5436
 9569 3b12 C4EA     		.short	-5436
 9570 3b14 C4EA     		.short	-5436
 9571 3b16 C4EA     		.short	-5436
 9572 3b18 C4EA     		.short	-5436
 9573 3b1a C4EA     		.short	-5436
 9574 3b1c C4EA     		.short	-5436
 9575 3b1e C4EA     		.short	-5436
 9576 3b20 C4EA     		.short	-5436
 9577 3b22 C4EA     		.short	-5436
 9578 3b24 C4EA     		.short	-5436
 9579 3b26 C4EA     		.short	-5436
 9580 3b28 C4EA     		.short	-5436
 9581 3b2a C4EA     		.short	-5436
 9582 3b2c C4EA     		.short	-5436
 9583 3b2e C4EA     		.short	-5436
 9584 3b30 C4EA     		.short	-5436
 9585 3b32 C4EA     		.short	-5436
 9586 3b34 C4EA     		.short	-5436
 9587 3b36 C4EA     		.short	-5436
 9588 3b38 C4EA     		.short	-5436
 9589 3b3a C4EA     		.short	-5436
 9590 3b3c C4EA     		.short	-5436
 9591 3b3e C4EA     		.short	-5436
 9592 3b40 C4EA     		.short	-5436
 9593 3b42 C4EA     		.short	-5436
 9594 3b44 C4EA     		.short	-5436
 9595 3b46 C4EA     		.short	-5436
 9596 3b48 C4EA     		.short	-5436
 9597 3b4a C4EA     		.short	-5436
 9598 3b4c C4EA     		.short	-5436
 9599 3b4e C4EA     		.short	-5436
 9600 3b50 C4EA     		.short	-5436
 9601 3b52 C4EA     		.short	-5436
 9602 3b54 C4EA     		.short	-5436
 9603 3b56 C4EA     		.short	-5436
 9604 3b58 C4EA     		.short	-5436
 9605 3b5a C4EA     		.short	-5436
ARM GAS  C:\Users\user\AppData\Local\Temp\ccqcwdMl.s 			page 185


 9606 3b5c C4EA     		.short	-5436
 9607 3b5e C4EA     		.short	-5436
 9608 3b60 C4EA     		.short	-5436
 9609 3b62 C4EA     		.short	-5436
 9610 3b64 C4EA     		.short	-5436
 9611 3b66 C4EA     		.short	-5436
 9612 3b68 C4EA     		.short	-5436
 9613 3b6a C4EA     		.short	-5436
 9614 3b6c C4EA     		.short	-5436
 9615 3b6e C4EA     		.short	-5436
 9616 3b70 C4EA     		.short	-5436
 9617 3b72 C4EA     		.short	-5436
 9618 3b74 C4EA     		.short	-5436
 9619 3b76 C4EA     		.short	-5436
 9620 3b78 C4EA     		.short	-5436
 9621 3b7a C4EA     		.short	-5436
 9622 3b7c C4EA     		.short	-5436
 9623 3b7e C4EA     		.short	-5436
 9624 3b80 C4EA     		.short	-5436
 9625 3b82 C4EA     		.short	-5436
 9626 3b84 C4EA     		.short	-5436
 9627 3b86 C4EA     		.short	-5436
 9628 3b88 C4EA     		.short	-5436
 9629 3b8a C4EA     		.short	-5436
 9630 3b8c C4EA     		.short	-5436
 9631 3b8e C4EA     		.short	-5436
 9632 3b90 C4EA     		.short	-5436
 9633 3b92 C4EA     		.short	-5436
 9634 3b94 C4EA     		.short	-5436
 9635 3b96 C4EA     		.short	-5436
 9636 3b98 C4EA     		.short	-5436
 9637 3b9a C4EA     		.short	-5436
 9638 3b9c C4EA     		.short	-5436
 9639 3b9e C4EA     		.short	-5436
 9640 3ba0 C4EA     		.short	-5436
 9641 3ba2 C4EA     		.short	-5436
 9642 3ba4 C4EA     		.short	-5436
 9643 3ba6 C4EA     		.short	-5436
 9644 3ba8 C4EA     		.short	-5436
 9645 3baa C4EA     		.short	-5436
 9646 3bac C4EA     		.short	-5436
 9647 3bae C4EA     		.short	-5436
 9648 3bb0 C4EA     		.short	-5436
 9649 3bb2 C4EA     		.short	-5436
 9650 3bb4 C4EA     		.short	-5436
 9651 3bb6 C4EA     		.short	-5436
 9652 3bb8 C4EA     		.short	-5436
 9653 3bba C4EA     		.short	-5436
 9654 3bbc C4EA     		.short	-5436
 9655 3bbe C4EA     		.short	-5436
 9656 3bc0 C4EA     		.short	-5436
 9657 3bc2 C4EA     		.short	-5436
 9658 3bc4 C4EA     		.short	-5436
 9659 3bc6 C4EA     		.short	-5436
 9660 3bc8 C4EA     		.short	-5436
 9661 3bca C4EA     		.short	-5436
 9662 3bcc C4EA     		.short	-5436
ARM GAS  C:\Users\user\AppData\Local\Temp\ccqcwdMl.s 			page 186


 9663 3bce C4EA     		.short	-5436
 9664 3bd0 C4EA     		.short	-5436
 9665 3bd2 C4EA     		.short	-5436
 9666 3bd4 C4EA     		.short	-5436
 9667 3bd6 C4EA     		.short	-5436
 9668 3bd8 C4EA     		.short	-5436
 9669 3bda C4EA     		.short	-5436
 9670 3bdc C4EA     		.short	-5436
 9671 3bde C4EA     		.short	-5436
 9672 3be0 C4EA     		.short	-5436
 9673 3be2 C4EA     		.short	-5436
 9674 3be4 C4EA     		.short	-5436
 9675 3be6 C4EA     		.short	-5436
 9676 3be8 C4EA     		.short	-5436
 9677 3bea C4EA     		.short	-5436
 9678 3bec C4EA     		.short	-5436
 9679 3bee C4EA     		.short	-5436
 9680 3bf0 C4EA     		.short	-5436
 9681 3bf2 C4EA     		.short	-5436
 9682 3bf4 C4EA     		.short	-5436
 9683 3bf6 C4EA     		.short	-5436
 9684 3bf8 C4EA     		.short	-5436
 9685 3bfa C4EA     		.short	-5436
 9686 3bfc C4EA     		.short	-5436
 9687 3bfe 05FB     		.short	-1275
 9688 3c00 8EF4     		.short	-2930
 9689 3c02 05FB     		.short	-1275
 9690 3c04 C4EA     		.short	-5436
 9691 3c06 C4EA     		.short	-5436
 9692 3c08 C4EA     		.short	-5436
 9693 3c0a C4EA     		.short	-5436
 9694 3c0c C4EA     		.short	-5436
 9695 3c0e C4EA     		.short	-5436
 9696 3c10 C4EA     		.short	-5436
 9697 3c12 C4EA     		.short	-5436
 9698 3c14 C4EA     		.short	-5436
 9699 3c16 C4EA     		.short	-5436
 9700 3c18 C4EA     		.short	-5436
 9701 3c1a C4EA     		.short	-5436
 9702 3c1c C4EA     		.short	-5436
 9703 3c1e C4EA     		.short	-5436
 9704 3c20 C4EA     		.short	-5436
 9705 3c22 C4EA     		.short	-5436
 9706 3c24 C4EA     		.short	-5436
 9707 3c26 C4EA     		.short	-5436
 9708 3c28 C4EA     		.short	-5436
 9709 3c2a C4EA     		.short	-5436
 9710 3c2c C4EA     		.short	-5436
 9711 3c2e C4EA     		.short	-5436
 9712 3c30 C4EA     		.short	-5436
 9713 3c32 C4EA     		.short	-5436
 9714 3c34 C4EA     		.short	-5436
 9715 3c36 C4EA     		.short	-5436
 9716 3c38 C4EA     		.short	-5436
 9717 3c3a C4EA     		.short	-5436
 9718 3c3c C4EA     		.short	-5436
 9719 3c3e C4EA     		.short	-5436
ARM GAS  C:\Users\user\AppData\Local\Temp\ccqcwdMl.s 			page 187


 9720 3c40 C4EA     		.short	-5436
 9721 3c42 C4EA     		.short	-5436
 9722 3c44 C4EA     		.short	-5436
 9723 3c46 C4EA     		.short	-5436
 9724 3c48 C4EA     		.short	-5436
 9725 3c4a C4EA     		.short	-5436
 9726 3c4c C4EA     		.short	-5436
 9727 3c4e C4EA     		.short	-5436
 9728 3c50 C4EA     		.short	-5436
 9729 3c52 C4EA     		.short	-5436
 9730 3c54 C4EA     		.short	-5436
 9731 3c56 C4EA     		.short	-5436
 9732 3c58 C4EA     		.short	-5436
 9733 3c5a C4EA     		.short	-5436
 9734 3c5c C4EA     		.short	-5436
 9735 3c5e C4EA     		.short	-5436
 9736 3c60 C4EA     		.short	-5436
 9737 3c62 C4EA     		.short	-5436
 9738 3c64 C4EA     		.short	-5436
 9739 3c66 C4EA     		.short	-5436
 9740 3c68 C4EA     		.short	-5436
 9741 3c6a C4EA     		.short	-5436
 9742 3c6c C4EA     		.short	-5436
 9743 3c6e C4EA     		.short	-5436
 9744 3c70 C4EA     		.short	-5436
 9745 3c72 C4EA     		.short	-5436
 9746 3c74 C4EA     		.short	-5436
 9747 3c76 C4EA     		.short	-5436
 9748 3c78 C4EA     		.short	-5436
 9749 3c7a C4EA     		.short	-5436
 9750 3c7c C4EA     		.short	-5436
 9751 3c7e C4EA     		.short	-5436
 9752 3c80 C4EA     		.short	-5436
 9753 3c82 C4EA     		.short	-5436
 9754 3c84 C4EA     		.short	-5436
 9755 3c86 C4EA     		.short	-5436
 9756 3c88 C4EA     		.short	-5436
 9757 3c8a C4EA     		.short	-5436
 9758 3c8c C4EA     		.short	-5436
 9759 3c8e C4EA     		.short	-5436
 9760 3c90 C4EA     		.short	-5436
 9761 3c92 C4EA     		.short	-5436
 9762 3c94 C4EA     		.short	-5436
 9763 3c96 C4EA     		.short	-5436
 9764 3c98 C4EA     		.short	-5436
 9765 3c9a C4EA     		.short	-5436
 9766 3c9c C4EA     		.short	-5436
 9767 3c9e C4EA     		.short	-5436
 9768 3ca0 C4EA     		.short	-5436
 9769 3ca2 C4EA     		.short	-5436
 9770 3ca4 C4EA     		.short	-5436
 9771 3ca6 C4EA     		.short	-5436
 9772 3ca8 C4EA     		.short	-5436
 9773 3caa C4EA     		.short	-5436
 9774 3cac C4EA     		.short	-5436
 9775 3cae C4EA     		.short	-5436
 9776 3cb0 C4EA     		.short	-5436
ARM GAS  C:\Users\user\AppData\Local\Temp\ccqcwdMl.s 			page 188


 9777 3cb2 C4EA     		.short	-5436
 9778 3cb4 C4EA     		.short	-5436
 9779 3cb6 C4EA     		.short	-5436
 9780 3cb8 C4EA     		.short	-5436
 9781 3cba C4EA     		.short	-5436
 9782 3cbc C4EA     		.short	-5436
 9783 3cbe C4EA     		.short	-5436
 9784 3cc0 C4EA     		.short	-5436
 9785 3cc2 C4EA     		.short	-5436
 9786 3cc4 C4EA     		.short	-5436
 9787 3cc6 C4EA     		.short	-5436
 9788 3cc8 C4EA     		.short	-5436
 9789 3cca C4EA     		.short	-5436
 9790 3ccc C4EA     		.short	-5436
 9791 3cce C4EA     		.short	-5436
 9792 3cd0 C4EA     		.short	-5436
 9793 3cd2 C4EA     		.short	-5436
 9794 3cd4 C4EA     		.short	-5436
 9795 3cd6 C4EA     		.short	-5436
 9796 3cd8 C4EA     		.short	-5436
 9797 3cda C4EA     		.short	-5436
 9798 3cdc C4EA     		.short	-5436
 9799 3cde C4EA     		.short	-5436
 9800 3ce0 C4EA     		.short	-5436
 9801 3ce2 C4EA     		.short	-5436
 9802 3ce4 C4EA     		.short	-5436
 9803 3ce6 C4EA     		.short	-5436
 9804 3ce8 C4EA     		.short	-5436
 9805 3cea C4EA     		.short	-5436
 9806 3cec C4EA     		.short	-5436
 9807 3cee C4EA     		.short	-5436
 9808 3cf0 C4EA     		.short	-5436
 9809 3cf2 C4EA     		.short	-5436
 9810 3cf4 C4EA     		.short	-5436
 9811 3cf6 C4EA     		.short	-5436
 9812 3cf8 C4EA     		.short	-5436
 9813 3cfa C4EA     		.short	-5436
 9814 3cfc C4EA     		.short	-5436
 9815 3cfe 05FB     		.short	-1275
 9816 3d00 4CEC     		.short	-5044
 9817 3d02 45FB     		.short	-1211
 9818 3d04 05FB     		.short	-1275
 9819 3d06 05FB     		.short	-1275
 9820 3d08 05FB     		.short	-1275
 9821 3d0a 05FB     		.short	-1275
 9822 3d0c 05FB     		.short	-1275
 9823 3d0e 05FB     		.short	-1275
 9824 3d10 05FB     		.short	-1275
 9825 3d12 05FB     		.short	-1275
 9826 3d14 05FB     		.short	-1275
 9827 3d16 05FB     		.short	-1275
 9828 3d18 05FB     		.short	-1275
 9829 3d1a 05FB     		.short	-1275
 9830 3d1c 05FB     		.short	-1275
 9831 3d1e 05FB     		.short	-1275
 9832 3d20 05FB     		.short	-1275
 9833 3d22 05FB     		.short	-1275
ARM GAS  C:\Users\user\AppData\Local\Temp\ccqcwdMl.s 			page 189


 9834 3d24 05FB     		.short	-1275
 9835 3d26 05FB     		.short	-1275
 9836 3d28 05FB     		.short	-1275
 9837 3d2a 05FB     		.short	-1275
 9838 3d2c 05FB     		.short	-1275
 9839 3d2e 05FB     		.short	-1275
 9840 3d30 05FB     		.short	-1275
 9841 3d32 05FB     		.short	-1275
 9842 3d34 05FB     		.short	-1275
 9843 3d36 05FB     		.short	-1275
 9844 3d38 05FB     		.short	-1275
 9845 3d3a 05FB     		.short	-1275
 9846 3d3c 05FB     		.short	-1275
 9847 3d3e 05FB     		.short	-1275
 9848 3d40 05FB     		.short	-1275
 9849 3d42 05FB     		.short	-1275
 9850 3d44 05FB     		.short	-1275
 9851 3d46 05FB     		.short	-1275
 9852 3d48 05FB     		.short	-1275
 9853 3d4a 05FB     		.short	-1275
 9854 3d4c 05FB     		.short	-1275
 9855 3d4e 05FB     		.short	-1275
 9856 3d50 05FB     		.short	-1275
 9857 3d52 05FB     		.short	-1275
 9858 3d54 05FB     		.short	-1275
 9859 3d56 05FB     		.short	-1275
 9860 3d58 05FB     		.short	-1275
 9861 3d5a 05FB     		.short	-1275
 9862 3d5c 05FB     		.short	-1275
 9863 3d5e 05FB     		.short	-1275
 9864 3d60 05FB     		.short	-1275
 9865 3d62 05FB     		.short	-1275
 9866 3d64 05FB     		.short	-1275
 9867 3d66 05FB     		.short	-1275
 9868 3d68 05FB     		.short	-1275
 9869 3d6a 05FB     		.short	-1275
 9870 3d6c 05FB     		.short	-1275
 9871 3d6e 05FB     		.short	-1275
 9872 3d70 05FB     		.short	-1275
 9873 3d72 05FB     		.short	-1275
 9874 3d74 05FB     		.short	-1275
 9875 3d76 05FB     		.short	-1275
 9876 3d78 05FB     		.short	-1275
 9877 3d7a 05FB     		.short	-1275
 9878 3d7c 05FB     		.short	-1275
 9879 3d7e 05FB     		.short	-1275
 9880 3d80 05FB     		.short	-1275
 9881 3d82 05FB     		.short	-1275
 9882 3d84 05FB     		.short	-1275
 9883 3d86 05FB     		.short	-1275
 9884 3d88 05FB     		.short	-1275
 9885 3d8a 05FB     		.short	-1275
 9886 3d8c 05FB     		.short	-1275
 9887 3d8e 05FB     		.short	-1275
 9888 3d90 05FB     		.short	-1275
 9889 3d92 05FB     		.short	-1275
 9890 3d94 05FB     		.short	-1275
ARM GAS  C:\Users\user\AppData\Local\Temp\ccqcwdMl.s 			page 190


 9891 3d96 05FB     		.short	-1275
 9892 3d98 05FB     		.short	-1275
 9893 3d9a 05FB     		.short	-1275
 9894 3d9c 05FB     		.short	-1275
 9895 3d9e 05FB     		.short	-1275
 9896 3da0 05FB     		.short	-1275
 9897 3da2 05FB     		.short	-1275
 9898 3da4 05FB     		.short	-1275
 9899 3da6 05FB     		.short	-1275
 9900 3da8 05FB     		.short	-1275
 9901 3daa 05FB     		.short	-1275
 9902 3dac 05FB     		.short	-1275
 9903 3dae 05FB     		.short	-1275
 9904 3db0 05FB     		.short	-1275
 9905 3db2 05FB     		.short	-1275
 9906 3db4 05FB     		.short	-1275
 9907 3db6 05FB     		.short	-1275
 9908 3db8 05FB     		.short	-1275
 9909 3dba 05FB     		.short	-1275
 9910 3dbc 05FB     		.short	-1275
 9911 3dbe 05FB     		.short	-1275
 9912 3dc0 05FB     		.short	-1275
 9913 3dc2 05FB     		.short	-1275
 9914 3dc4 05FB     		.short	-1275
 9915 3dc6 05FB     		.short	-1275
 9916 3dc8 05FB     		.short	-1275
 9917 3dca 05FB     		.short	-1275
 9918 3dcc 05FB     		.short	-1275
 9919 3dce 05FB     		.short	-1275
 9920 3dd0 05FB     		.short	-1275
 9921 3dd2 05FB     		.short	-1275
 9922 3dd4 05FB     		.short	-1275
 9923 3dd6 05FB     		.short	-1275
 9924 3dd8 05FB     		.short	-1275
 9925 3dda 05FB     		.short	-1275
 9926 3ddc 05FB     		.short	-1275
 9927 3dde 05FB     		.short	-1275
 9928 3de0 05FB     		.short	-1275
 9929 3de2 05FB     		.short	-1275
 9930 3de4 05FB     		.short	-1275
 9931 3de6 05FB     		.short	-1275
 9932 3de8 05FB     		.short	-1275
 9933 3dea 05FB     		.short	-1275
 9934 3dec 05FB     		.short	-1275
 9935 3dee 05FB     		.short	-1275
 9936 3df0 05FB     		.short	-1275
 9937 3df2 05FB     		.short	-1275
 9938 3df4 05FB     		.short	-1275
 9939 3df6 05FB     		.short	-1275
 9940 3df8 05FB     		.short	-1275
 9941 3dfa 05FB     		.short	-1275
 9942 3dfc 05FB     		.short	-1275
 9943 3dfe 25FB     		.short	-1243
 9944              		.text
 9945              	.Letext0:
 9946              		.file 2 "c:\\program files (x86)\\puyasde\\tool\\arm-none-eabi\\include\\machine\\_default_types.h
 9947              		.file 3 "c:\\program files (x86)\\puyasde\\tool\\arm-none-eabi\\include\\sys\\_stdint.h"
ARM GAS  C:\Users\user\AppData\Local\Temp\ccqcwdMl.s 			page 191


 9948              		.file 4 "../../../../../../Drivers/CMSIS/Device/PUYA/PY32E407/Include/py32e407xE.h"
 9949              		.file 5 "../../../../../../Drivers/PY32E407_HAL_Driver/Inc/py32e407_hal_rcc.h"
 9950              		.file 6 "../../../../../../Drivers/PY32E407_HAL_Driver/Inc/py32e407_hal_gpio.h"
 9951              		.file 7 "../../../../../../Drivers/PY32E407_HAL_Driver/Inc/py32e407_hal_def.h"
 9952              		.file 8 "../Inc/puya_logo.h"
 9953              		.file 9 "../../../../../../Drivers/PY32E407_HAL_Driver/Inc/py32e4xx_hal.h"
 9954              		.file 10 "<built-in>"
ARM GAS  C:\Users\user\AppData\Local\Temp\ccqcwdMl.s 			page 192


DEFINED SYMBOLS
                            *ABS*:00000000 main.c
C:\Users\user\AppData\Local\Temp\ccqcwdMl.s:20     .text.LCD_WriteByte:00000000 $t
C:\Users\user\AppData\Local\Temp\ccqcwdMl.s:25     .text.LCD_WriteByte:00000000 LCD_WriteByte
C:\Users\user\AppData\Local\Temp\ccqcwdMl.s:269    .text.LCD_WriteByte:000000b4 $d
C:\Users\user\AppData\Local\Temp\ccqcwdMl.s:274    .text.LCD_WritePixel:00000000 $t
C:\Users\user\AppData\Local\Temp\ccqcwdMl.s:279    .text.LCD_WritePixel:00000000 LCD_WritePixel
C:\Users\user\AppData\Local\Temp\ccqcwdMl.s:309    .text.LCD_GpioInit:00000000 $t
C:\Users\user\AppData\Local\Temp\ccqcwdMl.s:314    .text.LCD_GpioInit:00000000 LCD_GpioInit
C:\Users\user\AppData\Local\Temp\ccqcwdMl.s:423    .text.LCD_GpioInit:0000008c $d
C:\Users\user\AppData\Local\Temp\ccqcwdMl.s:429    .text.APP_GpioConfig:00000000 $t
C:\Users\user\AppData\Local\Temp\ccqcwdMl.s:434    .text.APP_GpioConfig:00000000 APP_GpioConfig
C:\Users\user\AppData\Local\Temp\ccqcwdMl.s:520    .text.APP_GpioConfig:00000058 $d
C:\Users\user\AppData\Local\Temp\ccqcwdMl.s:525    .text.LCD_DebugLedInit:00000000 $t
C:\Users\user\AppData\Local\Temp\ccqcwdMl.s:530    .text.LCD_DebugLedInit:00000000 LCD_DebugLedInit
C:\Users\user\AppData\Local\Temp\ccqcwdMl.s:604    .text.LCD_WriteCmdData:00000000 $t
C:\Users\user\AppData\Local\Temp\ccqcwdMl.s:609    .text.LCD_WriteCmdData:00000000 LCD_WriteCmdData
C:\Users\user\AppData\Local\Temp\ccqcwdMl.s:693    .text.LCD_WriteCmdData:00000050 $d
C:\Users\user\AppData\Local\Temp\ccqcwdMl.s:699    .text.LCD_SetRegion:00000000 $t
C:\Users\user\AppData\Local\Temp\ccqcwdMl.s:704    .text.LCD_SetRegion:00000000 LCD_SetRegion
C:\Users\user\AppData\Local\Temp\ccqcwdMl.s:767    .text.LCD_WriteCommand:00000000 $t
C:\Users\user\AppData\Local\Temp\ccqcwdMl.s:772    .text.LCD_WriteCommand:00000000 LCD_WriteCommand
C:\Users\user\AppData\Local\Temp\ccqcwdMl.s:818    .text.LCD_WriteCommand:00000030 $d
C:\Users\user\AppData\Local\Temp\ccqcwdMl.s:824    .text.LCD_FillScreen:00000000 $t
C:\Users\user\AppData\Local\Temp\ccqcwdMl.s:829    .text.LCD_FillScreen:00000000 LCD_FillScreen
C:\Users\user\AppData\Local\Temp\ccqcwdMl.s:911    .text.LCD_FillScreen:00000054 $d
C:\Users\user\AppData\Local\Temp\ccqcwdMl.s:917    .text.LCD_FillRect:00000000 $t
C:\Users\user\AppData\Local\Temp\ccqcwdMl.s:922    .text.LCD_FillRect:00000000 LCD_FillRect
C:\Users\user\AppData\Local\Temp\ccqcwdMl.s:1024   .text.LCD_FillRect:00000064 $d
C:\Users\user\AppData\Local\Temp\ccqcwdMl.s:1030   .text.LCD_DrawImage:00000000 $t
C:\Users\user\AppData\Local\Temp\ccqcwdMl.s:1035   .text.LCD_DrawImage:00000000 LCD_DrawImage
C:\Users\user\AppData\Local\Temp\ccqcwdMl.s:1124   .text.LCD_DrawImage:00000058 $d
C:\Users\user\AppData\Local\Temp\ccqcwdMl.s:1130   .text.LCD_DebugLedShow:00000000 $t
C:\Users\user\AppData\Local\Temp\ccqcwdMl.s:1135   .text.LCD_DebugLedShow:00000000 LCD_DebugLedShow
C:\Users\user\AppData\Local\Temp\ccqcwdMl.s:1233   .text.LCD_Init:00000000 $t
C:\Users\user\AppData\Local\Temp\ccqcwdMl.s:1238   .text.LCD_Init:00000000 LCD_Init
C:\Users\user\AppData\Local\Temp\ccqcwdMl.s:1528   .text.LCD_Init:000001c4 $d
C:\Users\user\AppData\Local\Temp\ccqcwdMl.s:1534   .text.APP_ErrorHandler:00000000 $t
C:\Users\user\AppData\Local\Temp\ccqcwdMl.s:1540   .text.APP_ErrorHandler:00000000 APP_ErrorHandler
C:\Users\user\AppData\Local\Temp\ccqcwdMl.s:1557   .text.APP_SystemClockConfig:00000000 $t
C:\Users\user\AppData\Local\Temp\ccqcwdMl.s:1562   .text.APP_SystemClockConfig:00000000 APP_SystemClockConfig
C:\Users\user\AppData\Local\Temp\ccqcwdMl.s:1668   .text.main:00000000 $t
C:\Users\user\AppData\Local\Temp\ccqcwdMl.s:1674   .text.main:00000000 main
C:\Users\user\AppData\Local\Temp\ccqcwdMl.s:1920   .text.main:00000110 $d
C:\Users\user\AppData\Local\Temp\ccqcwdMl.s:2007   .rodata.puya_logo:00000000 puya_logo
C:\Users\user\AppData\Local\Temp\ccqcwdMl.s:1926   .rodata:00000000 $d
C:\Users\user\AppData\Local\Temp\ccqcwdMl.s:2001   .bss.g_lcd_slow_spi:00000000 g_lcd_slow_spi
C:\Users\user\AppData\Local\Temp\ccqcwdMl.s:2002   .bss.g_lcd_slow_spi:00000000 $d
C:\Users\user\AppData\Local\Temp\ccqcwdMl.s:2004   .rodata.puya_logo:00000000 $d

UNDEFINED SYMBOLS
HAL_GPIO_Init
HAL_GPIO_WritePin
HAL_Delay
memset
HAL_RCC_OscConfig
HAL_RCC_ClockConfig
ARM GAS  C:\Users\user\AppData\Local\Temp\ccqcwdMl.s 			page 193


HAL_Init
