ARM GAS  C:\Users\user\AppData\Local\Temp\ccDs4wtS.s 			page 1


   1              		.cpu cortex-m4
   2              		.arch armv7e-m
   3              		.fpu fpv4-sp-d16
   4              		.eabi_attribute 27, 1
   5              		.eabi_attribute 28, 1
   6              		.eabi_attribute 20, 1
   7              		.eabi_attribute 21, 1
   8              		.eabi_attribute 23, 3
   9              		.eabi_attribute 24, 1
  10              		.eabi_attribute 25, 1
  11              		.eabi_attribute 26, 1
  12              		.eabi_attribute 30, 1
  13              		.eabi_attribute 34, 1
  14              		.eabi_attribute 18, 4
  15              		.file	"py32e407_hal_gpio.c"
  16              		.text
  17              	.Ltext0:
  18              		.cfi_sections	.debug_frame
  19              		.section	.text.HAL_GPIO_Init,"ax",%progbits
  20              		.align	1
  21              		.global	HAL_GPIO_Init
  22              		.syntax unified
  23              		.thumb
  24              		.thumb_func
  26              	HAL_GPIO_Init:
  27              	.LVL0:
  28              	.LFB136:
  29              		.file 1 "../../../../../../Drivers/PY32E407_HAL_Driver/Src/py32e407_hal_gpio.c"
   1:../../../../../../Drivers/PY32E407_HAL_Driver/Src/py32e407_hal_gpio.c **** /**
   2:../../../../../../Drivers/PY32E407_HAL_Driver/Src/py32e407_hal_gpio.c ****   ******************************************************************************
   3:../../../../../../Drivers/PY32E407_HAL_Driver/Src/py32e407_hal_gpio.c ****   * @file    py32e407_hal_gpio.c
   4:../../../../../../Drivers/PY32E407_HAL_Driver/Src/py32e407_hal_gpio.c ****   * @author  MCU Application Team
   5:../../../../../../Drivers/PY32E407_HAL_Driver/Src/py32e407_hal_gpio.c ****   * @brief   GPIO HAL module driver.
   6:../../../../../../Drivers/PY32E407_HAL_Driver/Src/py32e407_hal_gpio.c ****   *          This file provides firmware functions to manage the following
   7:../../../../../../Drivers/PY32E407_HAL_Driver/Src/py32e407_hal_gpio.c ****   *          functionalities of the General Purpose Input/Output (GPIO) peripheral:
   8:../../../../../../Drivers/PY32E407_HAL_Driver/Src/py32e407_hal_gpio.c ****   *           + Initialization and de-initialization functions
   9:../../../../../../Drivers/PY32E407_HAL_Driver/Src/py32e407_hal_gpio.c ****   *           + IO operation functions
  10:../../../../../../Drivers/PY32E407_HAL_Driver/Src/py32e407_hal_gpio.c ****   *
  11:../../../../../../Drivers/PY32E407_HAL_Driver/Src/py32e407_hal_gpio.c ****   @verbatim
  12:../../../../../../Drivers/PY32E407_HAL_Driver/Src/py32e407_hal_gpio.c ****   ==============================================================================
  13:../../../../../../Drivers/PY32E407_HAL_Driver/Src/py32e407_hal_gpio.c ****                     ##### GPIO Peripheral features #####
  14:../../../../../../Drivers/PY32E407_HAL_Driver/Src/py32e407_hal_gpio.c ****   ==============================================================================
  15:../../../../../../Drivers/PY32E407_HAL_Driver/Src/py32e407_hal_gpio.c ****   [..]
  16:../../../../../../Drivers/PY32E407_HAL_Driver/Src/py32e407_hal_gpio.c ****     (+) Each port bit of the general-purpose I/O (GPIO) ports can be individually
  17:../../../../../../Drivers/PY32E407_HAL_Driver/Src/py32e407_hal_gpio.c ****         configured by software in several modes:
  18:../../../../../../Drivers/PY32E407_HAL_Driver/Src/py32e407_hal_gpio.c ****         (++) Input mode
  19:../../../../../../Drivers/PY32E407_HAL_Driver/Src/py32e407_hal_gpio.c ****         (++) Analog mode
  20:../../../../../../Drivers/PY32E407_HAL_Driver/Src/py32e407_hal_gpio.c ****         (++) Output mode
  21:../../../../../../Drivers/PY32E407_HAL_Driver/Src/py32e407_hal_gpio.c ****         (++) Alternate function mode
  22:../../../../../../Drivers/PY32E407_HAL_Driver/Src/py32e407_hal_gpio.c ****         (++) External interrupt/event lines
  23:../../../../../../Drivers/PY32E407_HAL_Driver/Src/py32e407_hal_gpio.c **** 
  24:../../../../../../Drivers/PY32E407_HAL_Driver/Src/py32e407_hal_gpio.c ****     (+) During and just after reset, the alternate functions and external interrupt
  25:../../../../../../Drivers/PY32E407_HAL_Driver/Src/py32e407_hal_gpio.c ****         lines are not active and the I/O ports are configured in input floating mode.
  26:../../../../../../Drivers/PY32E407_HAL_Driver/Src/py32e407_hal_gpio.c **** 
  27:../../../../../../Drivers/PY32E407_HAL_Driver/Src/py32e407_hal_gpio.c ****     (+) All GPIO pins have weak internal pull-up and pull-down resistors, which can be
  28:../../../../../../Drivers/PY32E407_HAL_Driver/Src/py32e407_hal_gpio.c ****         activated or not.
  29:../../../../../../Drivers/PY32E407_HAL_Driver/Src/py32e407_hal_gpio.c **** 
ARM GAS  C:\Users\user\AppData\Local\Temp\ccDs4wtS.s 			page 2


  30:../../../../../../Drivers/PY32E407_HAL_Driver/Src/py32e407_hal_gpio.c ****     (+) In Output or Alternate mode, each IO can be configured on open-drain or push-pull
  31:../../../../../../Drivers/PY32E407_HAL_Driver/Src/py32e407_hal_gpio.c ****         type and the IO speed can be selected depending on the VDD value.
  32:../../../../../../Drivers/PY32E407_HAL_Driver/Src/py32e407_hal_gpio.c **** 
  33:../../../../../../Drivers/PY32E407_HAL_Driver/Src/py32e407_hal_gpio.c ****     (+) The microcontroller IO pins are connected to onboard peripherals/modules through a
  34:../../../../../../Drivers/PY32E407_HAL_Driver/Src/py32e407_hal_gpio.c ****         multiplexer that allows only one peripheral alternate function (AF) connected
  35:../../../../../../Drivers/PY32E407_HAL_Driver/Src/py32e407_hal_gpio.c ****        to an IO pin at a time. In this way, there can be no conflict between peripherals
  36:../../../../../../Drivers/PY32E407_HAL_Driver/Src/py32e407_hal_gpio.c ****        sharing the same IO pin.
  37:../../../../../../Drivers/PY32E407_HAL_Driver/Src/py32e407_hal_gpio.c **** 
  38:../../../../../../Drivers/PY32E407_HAL_Driver/Src/py32e407_hal_gpio.c ****     (+) All ports have external interrupt/event capability. To use external interrupt
  39:../../../../../../Drivers/PY32E407_HAL_Driver/Src/py32e407_hal_gpio.c ****         lines, the port must be configured in input mode. All available GPIO pins are
  40:../../../../../../Drivers/PY32E407_HAL_Driver/Src/py32e407_hal_gpio.c ****         connected to the 16 external interrupt/event lines from EXTI0 to EXTI15.
  41:../../../../../../Drivers/PY32E407_HAL_Driver/Src/py32e407_hal_gpio.c **** 
  42:../../../../../../Drivers/PY32E407_HAL_Driver/Src/py32e407_hal_gpio.c ****     (+) The external interrupt/event controller consists of up to 28 edge detectors
  43:../../../../../../Drivers/PY32E407_HAL_Driver/Src/py32e407_hal_gpio.c ****         (16 lines are connected to GPIO) for generating event/interrupt requests (each
  44:../../../../../../Drivers/PY32E407_HAL_Driver/Src/py32e407_hal_gpio.c ****         input line can be independently configured to select the type (interrupt or event)
  45:../../../../../../Drivers/PY32E407_HAL_Driver/Src/py32e407_hal_gpio.c ****         and the corresponding trigger event (rising or falling or both). Each line can
  46:../../../../../../Drivers/PY32E407_HAL_Driver/Src/py32e407_hal_gpio.c ****         also be masked independently.
  47:../../../../../../Drivers/PY32E407_HAL_Driver/Src/py32e407_hal_gpio.c **** 
  48:../../../../../../Drivers/PY32E407_HAL_Driver/Src/py32e407_hal_gpio.c ****                      ##### How to use this driver #####
  49:../../../../../../Drivers/PY32E407_HAL_Driver/Src/py32e407_hal_gpio.c ****   ==============================================================================
  50:../../../../../../Drivers/PY32E407_HAL_Driver/Src/py32e407_hal_gpio.c ****   [..]
  51:../../../../../../Drivers/PY32E407_HAL_Driver/Src/py32e407_hal_gpio.c ****     (#) Enable the GPIO AHB clock using the following function: __HAL_RCC_GPIOx_CLK_ENABLE().
  52:../../../../../../Drivers/PY32E407_HAL_Driver/Src/py32e407_hal_gpio.c **** 
  53:../../../../../../Drivers/PY32E407_HAL_Driver/Src/py32e407_hal_gpio.c ****     (#) Configure the GPIO pin(s) using HAL_GPIO_Init().
  54:../../../../../../Drivers/PY32E407_HAL_Driver/Src/py32e407_hal_gpio.c ****         (++) Configure the IO mode using "Mode" member from GPIO_InitTypeDef structure
  55:../../../../../../Drivers/PY32E407_HAL_Driver/Src/py32e407_hal_gpio.c ****         (++) Activate Pull-up, Pull-down resistor using "Pull" member from GPIO_InitTypeDef
  56:../../../../../../Drivers/PY32E407_HAL_Driver/Src/py32e407_hal_gpio.c ****              structure.
  57:../../../../../../Drivers/PY32E407_HAL_Driver/Src/py32e407_hal_gpio.c ****         (++) In case of Output or alternate function mode selection: the speed is
  58:../../../../../../Drivers/PY32E407_HAL_Driver/Src/py32e407_hal_gpio.c ****              configured through "Speed" member from GPIO_InitTypeDef structure.
  59:../../../../../../Drivers/PY32E407_HAL_Driver/Src/py32e407_hal_gpio.c ****         (++) In alternate mode is selection, the alternate function connected to the IO
  60:../../../../../../Drivers/PY32E407_HAL_Driver/Src/py32e407_hal_gpio.c ****              is configured through "Alternate" member from GPIO_InitTypeDef structure.
  61:../../../../../../Drivers/PY32E407_HAL_Driver/Src/py32e407_hal_gpio.c ****         (++) Analog mode is required when a pin is to be used as ADC channel
  62:../../../../../../Drivers/PY32E407_HAL_Driver/Src/py32e407_hal_gpio.c ****              or DAC output.
  63:../../../../../../Drivers/PY32E407_HAL_Driver/Src/py32e407_hal_gpio.c ****         (++) In case of external interrupt/event selection the "Mode" member from
  64:../../../../../../Drivers/PY32E407_HAL_Driver/Src/py32e407_hal_gpio.c ****              GPIO_InitTypeDef structure select the type (interrupt or event) and
  65:../../../../../../Drivers/PY32E407_HAL_Driver/Src/py32e407_hal_gpio.c ****              the corresponding trigger event (rising or falling or both).
  66:../../../../../../Drivers/PY32E407_HAL_Driver/Src/py32e407_hal_gpio.c **** 
  67:../../../../../../Drivers/PY32E407_HAL_Driver/Src/py32e407_hal_gpio.c ****     (#) In case of external interrupt/event mode selection, configure NVIC IRQ priority
  68:../../../../../../Drivers/PY32E407_HAL_Driver/Src/py32e407_hal_gpio.c ****         mapped to the EXTI line using HAL_NVIC_SetPriority() and enable it using
  69:../../../../../../Drivers/PY32E407_HAL_Driver/Src/py32e407_hal_gpio.c ****         HAL_NVIC_EnableIRQ().
  70:../../../../../../Drivers/PY32E407_HAL_Driver/Src/py32e407_hal_gpio.c **** 
  71:../../../../../../Drivers/PY32E407_HAL_Driver/Src/py32e407_hal_gpio.c ****     (#) To get the level of a pin configured in input mode use HAL_GPIO_ReadPin().
  72:../../../../../../Drivers/PY32E407_HAL_Driver/Src/py32e407_hal_gpio.c **** 
  73:../../../../../../Drivers/PY32E407_HAL_Driver/Src/py32e407_hal_gpio.c ****     (#) To set/reset the level of a pin configured in output mode use
  74:../../../../../../Drivers/PY32E407_HAL_Driver/Src/py32e407_hal_gpio.c ****         HAL_GPIO_WritePin()/HAL_GPIO_TogglePin().
  75:../../../../../../Drivers/PY32E407_HAL_Driver/Src/py32e407_hal_gpio.c **** 
  76:../../../../../../Drivers/PY32E407_HAL_Driver/Src/py32e407_hal_gpio.c ****     (#) To lock pin configuration until next reset use HAL_GPIO_LockPin().
  77:../../../../../../Drivers/PY32E407_HAL_Driver/Src/py32e407_hal_gpio.c **** 
  78:../../../../../../Drivers/PY32E407_HAL_Driver/Src/py32e407_hal_gpio.c ****     (#) During and just after reset, the alternate functions are not
  79:../../../../../../Drivers/PY32E407_HAL_Driver/Src/py32e407_hal_gpio.c ****         active and the GPIO pins are configured in input floating mode (except JTAG
  80:../../../../../../Drivers/PY32E407_HAL_Driver/Src/py32e407_hal_gpio.c ****         pins).
  81:../../../../../../Drivers/PY32E407_HAL_Driver/Src/py32e407_hal_gpio.c **** 
  82:../../../../../../Drivers/PY32E407_HAL_Driver/Src/py32e407_hal_gpio.c ****     (#) The LSE oscillator pins OSC32_IN and OSC32_OUT can be used as general purpose
  83:../../../../../../Drivers/PY32E407_HAL_Driver/Src/py32e407_hal_gpio.c ****         (PC14 and PC15, respectively) when the LSE oscillator is off. The LSE has
  84:../../../../../../Drivers/PY32E407_HAL_Driver/Src/py32e407_hal_gpio.c ****         priority over the GPIO function.
  85:../../../../../../Drivers/PY32E407_HAL_Driver/Src/py32e407_hal_gpio.c **** 
  86:../../../../../../Drivers/PY32E407_HAL_Driver/Src/py32e407_hal_gpio.c ****   @endverbatim
ARM GAS  C:\Users\user\AppData\Local\Temp\ccDs4wtS.s 			page 3


  87:../../../../../../Drivers/PY32E407_HAL_Driver/Src/py32e407_hal_gpio.c ****   ******************************************************************************
  88:../../../../../../Drivers/PY32E407_HAL_Driver/Src/py32e407_hal_gpio.c ****   * @attention
  89:../../../../../../Drivers/PY32E407_HAL_Driver/Src/py32e407_hal_gpio.c ****   *
  90:../../../../../../Drivers/PY32E407_HAL_Driver/Src/py32e407_hal_gpio.c ****   * <h2><center>&copy; Copyright (c) 2023 Puya Semiconductor Co.
  91:../../../../../../Drivers/PY32E407_HAL_Driver/Src/py32e407_hal_gpio.c ****   * All rights reserved.</center></h2>
  92:../../../../../../Drivers/PY32E407_HAL_Driver/Src/py32e407_hal_gpio.c ****   *
  93:../../../../../../Drivers/PY32E407_HAL_Driver/Src/py32e407_hal_gpio.c ****   * This software component is licensed by Puya under BSD 3-Clause license,
  94:../../../../../../Drivers/PY32E407_HAL_Driver/Src/py32e407_hal_gpio.c ****   * the "License"; You may not use this file except in compliance with the
  95:../../../../../../Drivers/PY32E407_HAL_Driver/Src/py32e407_hal_gpio.c ****   * License. You may obtain a copy of the License at:
  96:../../../../../../Drivers/PY32E407_HAL_Driver/Src/py32e407_hal_gpio.c ****   *                        opensource.org/licenses/BSD-3-Clause
  97:../../../../../../Drivers/PY32E407_HAL_Driver/Src/py32e407_hal_gpio.c ****   *
  98:../../../../../../Drivers/PY32E407_HAL_Driver/Src/py32e407_hal_gpio.c ****   ******************************************************************************
  99:../../../../../../Drivers/PY32E407_HAL_Driver/Src/py32e407_hal_gpio.c ****   * @attention
 100:../../../../../../Drivers/PY32E407_HAL_Driver/Src/py32e407_hal_gpio.c ****   *
 101:../../../../../../Drivers/PY32E407_HAL_Driver/Src/py32e407_hal_gpio.c ****   * <h2><center>&copy; Copyright (c) 2016 STMicroelectronics.
 102:../../../../../../Drivers/PY32E407_HAL_Driver/Src/py32e407_hal_gpio.c ****   * All rights reserved.</center></h2>
 103:../../../../../../Drivers/PY32E407_HAL_Driver/Src/py32e407_hal_gpio.c ****   *
 104:../../../../../../Drivers/PY32E407_HAL_Driver/Src/py32e407_hal_gpio.c ****   * This software component is licensed by ST under BSD 3-Clause license,
 105:../../../../../../Drivers/PY32E407_HAL_Driver/Src/py32e407_hal_gpio.c ****   * the "License"; You may not use this file except in compliance with the
 106:../../../../../../Drivers/PY32E407_HAL_Driver/Src/py32e407_hal_gpio.c ****   * License. You may obtain a copy of the License at:
 107:../../../../../../Drivers/PY32E407_HAL_Driver/Src/py32e407_hal_gpio.c ****   *                        opensource.org/licenses/BSD-3-Clause
 108:../../../../../../Drivers/PY32E407_HAL_Driver/Src/py32e407_hal_gpio.c ****   *
 109:../../../../../../Drivers/PY32E407_HAL_Driver/Src/py32e407_hal_gpio.c ****   ******************************************************************************
 110:../../../../../../Drivers/PY32E407_HAL_Driver/Src/py32e407_hal_gpio.c ****   */
 111:../../../../../../Drivers/PY32E407_HAL_Driver/Src/py32e407_hal_gpio.c **** 
 112:../../../../../../Drivers/PY32E407_HAL_Driver/Src/py32e407_hal_gpio.c **** /* Includes ------------------------------------------------------------------*/
 113:../../../../../../Drivers/PY32E407_HAL_Driver/Src/py32e407_hal_gpio.c **** #include "py32e4xx_hal.h"
 114:../../../../../../Drivers/PY32E407_HAL_Driver/Src/py32e407_hal_gpio.c **** 
 115:../../../../../../Drivers/PY32E407_HAL_Driver/Src/py32e407_hal_gpio.c **** /** @addtogroup PY32E407_HAL_Driver
 116:../../../../../../Drivers/PY32E407_HAL_Driver/Src/py32e407_hal_gpio.c ****   * @{
 117:../../../../../../Drivers/PY32E407_HAL_Driver/Src/py32e407_hal_gpio.c ****   */
 118:../../../../../../Drivers/PY32E407_HAL_Driver/Src/py32e407_hal_gpio.c **** 
 119:../../../../../../Drivers/PY32E407_HAL_Driver/Src/py32e407_hal_gpio.c **** /** @addtogroup GPIO
 120:../../../../../../Drivers/PY32E407_HAL_Driver/Src/py32e407_hal_gpio.c ****   * @{
 121:../../../../../../Drivers/PY32E407_HAL_Driver/Src/py32e407_hal_gpio.c ****   */
 122:../../../../../../Drivers/PY32E407_HAL_Driver/Src/py32e407_hal_gpio.c **** /** MISRA C:2012 deviation rule has been granted for following rules:
 123:../../../../../../Drivers/PY32E407_HAL_Driver/Src/py32e407_hal_gpio.c ****   * Rule-12.2 - Medium: RHS argument is in interval [0,INF] which is out of
 124:../../../../../../Drivers/PY32E407_HAL_Driver/Src/py32e407_hal_gpio.c ****   * range of the shift operator in following API :
 125:../../../../../../Drivers/PY32E407_HAL_Driver/Src/py32e407_hal_gpio.c ****   * HAL_GPIO_Init
 126:../../../../../../Drivers/PY32E407_HAL_Driver/Src/py32e407_hal_gpio.c ****   * HAL_GPIO_DeInit
 127:../../../../../../Drivers/PY32E407_HAL_Driver/Src/py32e407_hal_gpio.c ****   */
 128:../../../../../../Drivers/PY32E407_HAL_Driver/Src/py32e407_hal_gpio.c **** 
 129:../../../../../../Drivers/PY32E407_HAL_Driver/Src/py32e407_hal_gpio.c **** #ifdef HAL_GPIO_MODULE_ENABLED
 130:../../../../../../Drivers/PY32E407_HAL_Driver/Src/py32e407_hal_gpio.c **** 
 131:../../../../../../Drivers/PY32E407_HAL_Driver/Src/py32e407_hal_gpio.c **** /* Private typedef -----------------------------------------------------------*/
 132:../../../../../../Drivers/PY32E407_HAL_Driver/Src/py32e407_hal_gpio.c **** /* Private defines ------------------------------------------------------------*/
 133:../../../../../../Drivers/PY32E407_HAL_Driver/Src/py32e407_hal_gpio.c **** /** @defgroup GPIO_Private_Constants GPIO Private Constants
 134:../../../../../../Drivers/PY32E407_HAL_Driver/Src/py32e407_hal_gpio.c ****   * @{
 135:../../../../../../Drivers/PY32E407_HAL_Driver/Src/py32e407_hal_gpio.c ****   */
 136:../../../../../../Drivers/PY32E407_HAL_Driver/Src/py32e407_hal_gpio.c **** #define GPIO_MODE             (0x00000003u)
 137:../../../../../../Drivers/PY32E407_HAL_Driver/Src/py32e407_hal_gpio.c **** #define EXTI_MODE             (0x10000000u)
 138:../../../../../../Drivers/PY32E407_HAL_Driver/Src/py32e407_hal_gpio.c **** #define GPIO_MODE_IT          (0x00010000u)
 139:../../../../../../Drivers/PY32E407_HAL_Driver/Src/py32e407_hal_gpio.c **** #define GPIO_MODE_EVT         (0x00020000u)
 140:../../../../../../Drivers/PY32E407_HAL_Driver/Src/py32e407_hal_gpio.c **** #define RISING_EDGE           (0x00100000u)
 141:../../../../../../Drivers/PY32E407_HAL_Driver/Src/py32e407_hal_gpio.c **** #define FALLING_EDGE          (0x00200000u)
 142:../../../../../../Drivers/PY32E407_HAL_Driver/Src/py32e407_hal_gpio.c **** #define GPIO_OUTPUT_TYPE      (0x00000010u)
 143:../../../../../../Drivers/PY32E407_HAL_Driver/Src/py32e407_hal_gpio.c **** 
ARM GAS  C:\Users\user\AppData\Local\Temp\ccDs4wtS.s 			page 4


 144:../../../../../../Drivers/PY32E407_HAL_Driver/Src/py32e407_hal_gpio.c **** #define GPIO_NUMBER           (16u)
 145:../../../../../../Drivers/PY32E407_HAL_Driver/Src/py32e407_hal_gpio.c **** /**
 146:../../../../../../Drivers/PY32E407_HAL_Driver/Src/py32e407_hal_gpio.c ****   * @}
 147:../../../../../../Drivers/PY32E407_HAL_Driver/Src/py32e407_hal_gpio.c ****   */
 148:../../../../../../Drivers/PY32E407_HAL_Driver/Src/py32e407_hal_gpio.c **** 
 149:../../../../../../Drivers/PY32E407_HAL_Driver/Src/py32e407_hal_gpio.c **** /* Private macros ------------------------------------------------------------*/
 150:../../../../../../Drivers/PY32E407_HAL_Driver/Src/py32e407_hal_gpio.c **** /* Private variables ---------------------------------------------------------*/
 151:../../../../../../Drivers/PY32E407_HAL_Driver/Src/py32e407_hal_gpio.c **** /* Private function prototypes -----------------------------------------------*/
 152:../../../../../../Drivers/PY32E407_HAL_Driver/Src/py32e407_hal_gpio.c **** /* Exported functions --------------------------------------------------------*/
 153:../../../../../../Drivers/PY32E407_HAL_Driver/Src/py32e407_hal_gpio.c **** 
 154:../../../../../../Drivers/PY32E407_HAL_Driver/Src/py32e407_hal_gpio.c **** /** @addtogroup GPIO_Exported_Functions
 155:../../../../../../Drivers/PY32E407_HAL_Driver/Src/py32e407_hal_gpio.c ****   * @{
 156:../../../../../../Drivers/PY32E407_HAL_Driver/Src/py32e407_hal_gpio.c ****   */
 157:../../../../../../Drivers/PY32E407_HAL_Driver/Src/py32e407_hal_gpio.c **** 
 158:../../../../../../Drivers/PY32E407_HAL_Driver/Src/py32e407_hal_gpio.c **** /** @addtogroup GPIO_Exported_Functions_Group1
 159:../../../../../../Drivers/PY32E407_HAL_Driver/Src/py32e407_hal_gpio.c ****  *  @brief    Initialization and Configuration functions
 160:../../../../../../Drivers/PY32E407_HAL_Driver/Src/py32e407_hal_gpio.c ****  *
 161:../../../../../../Drivers/PY32E407_HAL_Driver/Src/py32e407_hal_gpio.c **** @verbatim
 162:../../../../../../Drivers/PY32E407_HAL_Driver/Src/py32e407_hal_gpio.c ****  ===============================================================================
 163:../../../../../../Drivers/PY32E407_HAL_Driver/Src/py32e407_hal_gpio.c ****               ##### Initialization and de-initialization functions #####
 164:../../../../../../Drivers/PY32E407_HAL_Driver/Src/py32e407_hal_gpio.c ****  ===============================================================================
 165:../../../../../../Drivers/PY32E407_HAL_Driver/Src/py32e407_hal_gpio.c **** 
 166:../../../../../../Drivers/PY32E407_HAL_Driver/Src/py32e407_hal_gpio.c **** @endverbatim
 167:../../../../../../Drivers/PY32E407_HAL_Driver/Src/py32e407_hal_gpio.c ****   * @{
 168:../../../../../../Drivers/PY32E407_HAL_Driver/Src/py32e407_hal_gpio.c ****   */
 169:../../../../../../Drivers/PY32E407_HAL_Driver/Src/py32e407_hal_gpio.c **** 
 170:../../../../../../Drivers/PY32E407_HAL_Driver/Src/py32e407_hal_gpio.c **** /**
 171:../../../../../../Drivers/PY32E407_HAL_Driver/Src/py32e407_hal_gpio.c ****   * @brief  Initialize the GPIOx peripheral according to the specified parameters in the GPIO_Init.
 172:../../../../../../Drivers/PY32E407_HAL_Driver/Src/py32e407_hal_gpio.c ****   * @param  GPIOx where x can be (A..F) to select the GPIO peripheral for PY32E4 family
 173:../../../../../../Drivers/PY32E407_HAL_Driver/Src/py32e407_hal_gpio.c ****   * @param  GPIO_Init pointer to a GPIO_InitTypeDef structure that contains
 174:../../../../../../Drivers/PY32E407_HAL_Driver/Src/py32e407_hal_gpio.c ****   *         the configuration information for the specified GPIO peripheral.
 175:../../../../../../Drivers/PY32E407_HAL_Driver/Src/py32e407_hal_gpio.c ****   * @retval None
 176:../../../../../../Drivers/PY32E407_HAL_Driver/Src/py32e407_hal_gpio.c ****   */
 177:../../../../../../Drivers/PY32E407_HAL_Driver/Src/py32e407_hal_gpio.c **** void HAL_GPIO_Init(GPIO_TypeDef  *GPIOx, GPIO_InitTypeDef *GPIO_Init)
 178:../../../../../../Drivers/PY32E407_HAL_Driver/Src/py32e407_hal_gpio.c **** {
  30              		.loc 1 178 1 view -0
  31              		.cfi_startproc
  32              		@ args = 0, pretend = 0, frame = 8
  33              		@ frame_needed = 0, uses_anonymous_args = 0
  34              		.loc 1 178 1 is_stmt 0 view .LVU1
  35 0000 F0B5     		push	{r4, r5, r6, r7, lr}
  36              	.LCFI0:
  37              		.cfi_def_cfa_offset 20
  38              		.cfi_offset 4, -20
  39              		.cfi_offset 5, -16
  40              		.cfi_offset 6, -12
  41              		.cfi_offset 7, -8
  42              		.cfi_offset 14, -4
  43 0002 83B0     		sub	sp, sp, #12
  44              	.LCFI1:
  45              		.cfi_def_cfa_offset 32
 179:../../../../../../Drivers/PY32E407_HAL_Driver/Src/py32e407_hal_gpio.c ****   uint32_t position = 0x00u;
  46              		.loc 1 179 3 is_stmt 1 view .LVU2
  47              	.LVL1:
 180:../../../../../../Drivers/PY32E407_HAL_Driver/Src/py32e407_hal_gpio.c ****   uint32_t iocurrent;
  48              		.loc 1 180 3 view .LVU3
 181:../../../../../../Drivers/PY32E407_HAL_Driver/Src/py32e407_hal_gpio.c ****   uint32_t temp;
ARM GAS  C:\Users\user\AppData\Local\Temp\ccDs4wtS.s 			page 5


  49              		.loc 1 181 3 view .LVU4
 182:../../../../../../Drivers/PY32E407_HAL_Driver/Src/py32e407_hal_gpio.c **** 
 183:../../../../../../Drivers/PY32E407_HAL_Driver/Src/py32e407_hal_gpio.c ****   /* Check the parameters */
 184:../../../../../../Drivers/PY32E407_HAL_Driver/Src/py32e407_hal_gpio.c ****   assert_param(IS_GPIO_ALL_INSTANCE(GPIOx));
  50              		.loc 1 184 3 view .LVU5
 185:../../../../../../Drivers/PY32E407_HAL_Driver/Src/py32e407_hal_gpio.c ****   assert_param(IS_GPIO_PIN(GPIO_Init->Pin));
  51              		.loc 1 185 3 view .LVU6
 186:../../../../../../Drivers/PY32E407_HAL_Driver/Src/py32e407_hal_gpio.c ****   assert_param(IS_GPIO_MODE(GPIO_Init->Mode));
  52              		.loc 1 186 3 view .LVU7
 187:../../../../../../Drivers/PY32E407_HAL_Driver/Src/py32e407_hal_gpio.c ****   assert_param(IS_GPIO_PULL(GPIO_Init->Pull));
  53              		.loc 1 187 3 view .LVU8
 188:../../../../../../Drivers/PY32E407_HAL_Driver/Src/py32e407_hal_gpio.c **** 
 189:../../../../../../Drivers/PY32E407_HAL_Driver/Src/py32e407_hal_gpio.c ****   /* Configure the port pins */
 190:../../../../../../Drivers/PY32E407_HAL_Driver/Src/py32e407_hal_gpio.c ****   while (((GPIO_Init->Pin) >> position) != 0x00u)
  54              		.loc 1 190 3 view .LVU9
 179:../../../../../../Drivers/PY32E407_HAL_Driver/Src/py32e407_hal_gpio.c ****   uint32_t iocurrent;
  55              		.loc 1 179 12 is_stmt 0 view .LVU10
  56 0004 0022     		movs	r2, #0
  57              		.loc 1 190 9 view .LVU11
  58 0006 39E0     		b	.L2
  59              	.LVL2:
  60              	.L21:
 191:../../../../../../Drivers/PY32E407_HAL_Driver/Src/py32e407_hal_gpio.c ****   {
 192:../../../../../../Drivers/PY32E407_HAL_Driver/Src/py32e407_hal_gpio.c ****     /* Get current io position */
 193:../../../../../../Drivers/PY32E407_HAL_Driver/Src/py32e407_hal_gpio.c ****     iocurrent = (GPIO_Init->Pin) & (1uL << position);
 194:../../../../../../Drivers/PY32E407_HAL_Driver/Src/py32e407_hal_gpio.c **** 
 195:../../../../../../Drivers/PY32E407_HAL_Driver/Src/py32e407_hal_gpio.c ****     if (iocurrent != 0x00u)
 196:../../../../../../Drivers/PY32E407_HAL_Driver/Src/py32e407_hal_gpio.c ****     {
 197:../../../../../../Drivers/PY32E407_HAL_Driver/Src/py32e407_hal_gpio.c ****       /*--------------------- GPIO Mode Configuration ------------------------*/
 198:../../../../../../Drivers/PY32E407_HAL_Driver/Src/py32e407_hal_gpio.c ****       /* In case of Alternate function mode selection */
 199:../../../../../../Drivers/PY32E407_HAL_Driver/Src/py32e407_hal_gpio.c ****       if ((GPIO_Init->Mode == GPIO_MODE_AF_PP) || (GPIO_Init->Mode == GPIO_MODE_AF_OD))
 200:../../../../../../Drivers/PY32E407_HAL_Driver/Src/py32e407_hal_gpio.c ****       {
 201:../../../../../../Drivers/PY32E407_HAL_Driver/Src/py32e407_hal_gpio.c ****         /* Check the Alternate function parameters */
 202:../../../../../../Drivers/PY32E407_HAL_Driver/Src/py32e407_hal_gpio.c ****         assert_param(IS_GPIO_AF_INSTANCE(GPIOx));
 203:../../../../../../Drivers/PY32E407_HAL_Driver/Src/py32e407_hal_gpio.c ****         assert_param(IS_GPIO_AF(GPIO_Init->Alternate));
 204:../../../../../../Drivers/PY32E407_HAL_Driver/Src/py32e407_hal_gpio.c **** 
 205:../../../../../../Drivers/PY32E407_HAL_Driver/Src/py32e407_hal_gpio.c ****         /* Configure Alternate function mapped with the current IO */
 206:../../../../../../Drivers/PY32E407_HAL_Driver/Src/py32e407_hal_gpio.c ****         temp = GPIOx->AFR[position >> 3u];
 207:../../../../../../Drivers/PY32E407_HAL_Driver/Src/py32e407_hal_gpio.c ****         temp &= ~(0xFu << ((position & 0x07u) * 4u));
 208:../../../../../../Drivers/PY32E407_HAL_Driver/Src/py32e407_hal_gpio.c ****         temp |= ((GPIO_Init->Alternate) << ((position & 0x07u) * 4u));
 209:../../../../../../Drivers/PY32E407_HAL_Driver/Src/py32e407_hal_gpio.c ****         GPIOx->AFR[position >> 3u] = temp;
 210:../../../../../../Drivers/PY32E407_HAL_Driver/Src/py32e407_hal_gpio.c ****       }
 211:../../../../../../Drivers/PY32E407_HAL_Driver/Src/py32e407_hal_gpio.c **** 
 212:../../../../../../Drivers/PY32E407_HAL_Driver/Src/py32e407_hal_gpio.c ****       /* Configure IO Direction mode (Input, Output, Alternate or Analog) */
 213:../../../../../../Drivers/PY32E407_HAL_Driver/Src/py32e407_hal_gpio.c ****       temp = GPIOx->MODER;
 214:../../../../../../Drivers/PY32E407_HAL_Driver/Src/py32e407_hal_gpio.c ****       temp &= ~(GPIO_MODER_MODE0 << (position * 2u));
 215:../../../../../../Drivers/PY32E407_HAL_Driver/Src/py32e407_hal_gpio.c ****       temp |= ((GPIO_Init->Mode & GPIO_MODE) << (position * 2u));
 216:../../../../../../Drivers/PY32E407_HAL_Driver/Src/py32e407_hal_gpio.c ****       GPIOx->MODER = temp;
 217:../../../../../../Drivers/PY32E407_HAL_Driver/Src/py32e407_hal_gpio.c **** 
 218:../../../../../../Drivers/PY32E407_HAL_Driver/Src/py32e407_hal_gpio.c ****       /* In case of Output or Alternate function mode selection */
 219:../../../../../../Drivers/PY32E407_HAL_Driver/Src/py32e407_hal_gpio.c ****       if ((GPIO_Init->Mode == GPIO_MODE_OUTPUT_PP) || (GPIO_Init->Mode == GPIO_MODE_AF_PP) || \
 220:../../../../../../Drivers/PY32E407_HAL_Driver/Src/py32e407_hal_gpio.c ****           (GPIO_Init->Mode == GPIO_MODE_OUTPUT_OD) || (GPIO_Init->Mode == GPIO_MODE_AF_OD))
 221:../../../../../../Drivers/PY32E407_HAL_Driver/Src/py32e407_hal_gpio.c ****       {
 222:../../../../../../Drivers/PY32E407_HAL_Driver/Src/py32e407_hal_gpio.c ****         /* Check the Speed parameter */
 223:../../../../../../Drivers/PY32E407_HAL_Driver/Src/py32e407_hal_gpio.c ****         assert_param(IS_GPIO_SPEED(GPIO_Init->Speed));
 224:../../../../../../Drivers/PY32E407_HAL_Driver/Src/py32e407_hal_gpio.c ****         /* Configure the IO Speed */
 225:../../../../../../Drivers/PY32E407_HAL_Driver/Src/py32e407_hal_gpio.c ****         temp = GPIOx->OSPEEDR;
ARM GAS  C:\Users\user\AppData\Local\Temp\ccDs4wtS.s 			page 6


 226:../../../../../../Drivers/PY32E407_HAL_Driver/Src/py32e407_hal_gpio.c ****         temp &= ~(GPIO_OSPEEDR_OSPEED0 << (position * 2u));
 227:../../../../../../Drivers/PY32E407_HAL_Driver/Src/py32e407_hal_gpio.c ****         temp |= (GPIO_Init->Speed << (position * 2u));
 228:../../../../../../Drivers/PY32E407_HAL_Driver/Src/py32e407_hal_gpio.c ****         GPIOx->OSPEEDR = temp;
 229:../../../../../../Drivers/PY32E407_HAL_Driver/Src/py32e407_hal_gpio.c **** 
 230:../../../../../../Drivers/PY32E407_HAL_Driver/Src/py32e407_hal_gpio.c ****         /* Configure the IO Output Type */
 231:../../../../../../Drivers/PY32E407_HAL_Driver/Src/py32e407_hal_gpio.c ****         temp = GPIOx->OTYPER;
 232:../../../../../../Drivers/PY32E407_HAL_Driver/Src/py32e407_hal_gpio.c ****         temp &= ~(GPIO_OTYPER_OT0 << position) ;
 233:../../../../../../Drivers/PY32E407_HAL_Driver/Src/py32e407_hal_gpio.c ****         temp |= (((GPIO_Init->Mode & GPIO_OUTPUT_TYPE) >> 4u) << position);
 234:../../../../../../Drivers/PY32E407_HAL_Driver/Src/py32e407_hal_gpio.c ****         GPIOx->OTYPER = temp;
 235:../../../../../../Drivers/PY32E407_HAL_Driver/Src/py32e407_hal_gpio.c ****       }
 236:../../../../../../Drivers/PY32E407_HAL_Driver/Src/py32e407_hal_gpio.c **** 
 237:../../../../../../Drivers/PY32E407_HAL_Driver/Src/py32e407_hal_gpio.c ****       /* Activate the Pull-up or Pull down resistor for the current IO */
 238:../../../../../../Drivers/PY32E407_HAL_Driver/Src/py32e407_hal_gpio.c ****       temp = GPIOx->PUPDR;
 239:../../../../../../Drivers/PY32E407_HAL_Driver/Src/py32e407_hal_gpio.c ****       temp &= ~(GPIO_PUPDR_PUPD0 << (position * 2u));
 240:../../../../../../Drivers/PY32E407_HAL_Driver/Src/py32e407_hal_gpio.c ****       temp |= ((GPIO_Init->Pull) << (position * 2u));
 241:../../../../../../Drivers/PY32E407_HAL_Driver/Src/py32e407_hal_gpio.c ****       GPIOx->PUPDR = temp;
 242:../../../../../../Drivers/PY32E407_HAL_Driver/Src/py32e407_hal_gpio.c **** 
 243:../../../../../../Drivers/PY32E407_HAL_Driver/Src/py32e407_hal_gpio.c ****       /*--------------------- EXTI Mode Configuration ------------------------*/
 244:../../../../../../Drivers/PY32E407_HAL_Driver/Src/py32e407_hal_gpio.c ****       /* Configure the External Interrupt or event for the current IO */
 245:../../../../../../Drivers/PY32E407_HAL_Driver/Src/py32e407_hal_gpio.c ****       if ((GPIO_Init->Mode & EXTI_MODE) == EXTI_MODE)
 246:../../../../../../Drivers/PY32E407_HAL_Driver/Src/py32e407_hal_gpio.c ****       {
 247:../../../../../../Drivers/PY32E407_HAL_Driver/Src/py32e407_hal_gpio.c ****         /* Enable SYSCFG Clock */
 248:../../../../../../Drivers/PY32E407_HAL_Driver/Src/py32e407_hal_gpio.c ****         __HAL_RCC_SYSCFG_CLK_ENABLE();
 249:../../../../../../Drivers/PY32E407_HAL_Driver/Src/py32e407_hal_gpio.c **** 
 250:../../../../../../Drivers/PY32E407_HAL_Driver/Src/py32e407_hal_gpio.c ****         temp = SYSCFG->EXTICR[position >> 2u];
 251:../../../../../../Drivers/PY32E407_HAL_Driver/Src/py32e407_hal_gpio.c ****         temp &= ~(0x0FuL << (4u * (position & 0x03u)));
 252:../../../../../../Drivers/PY32E407_HAL_Driver/Src/py32e407_hal_gpio.c ****         temp |= (GPIO_GET_INDEX(GPIOx) << (4u * (position & 0x03u)));
  61              		.loc 1 252 18 view .LVU12
  62 0008 0425     		movs	r5, #4
  63 000a 00E0     		b	.L8
  64              	.L14:
  65 000c 0025     		movs	r5, #0
  66              	.L8:
  67              		.loc 1 252 40 discriminator 20 view .LVU13
  68 000e B540     		lsls	r5, r5, r6
  69              		.loc 1 252 14 discriminator 20 view .LVU14
  70 0010 3D43     		orrs	r5, r5, r7
  71              	.LVL3:
 253:../../../../../../Drivers/PY32E407_HAL_Driver/Src/py32e407_hal_gpio.c ****         SYSCFG->EXTICR[position >> 2u] = temp;
  72              		.loc 1 253 9 is_stmt 1 discriminator 20 view .LVU15
  73              		.loc 1 253 40 is_stmt 0 discriminator 20 view .LVU16
  74 0012 0434     		adds	r4, r4, #4
  75 0014 A400     		lsls	r4, r4, #2
  76 0016 04F18044 		add	r4, r4, #1073741824
  77 001a 04F58034 		add	r4, r4, #65536
  78 001e 6560     		str	r5, [r4, #4]
 254:../../../../../../Drivers/PY32E407_HAL_Driver/Src/py32e407_hal_gpio.c **** 
 255:../../../../../../Drivers/PY32E407_HAL_Driver/Src/py32e407_hal_gpio.c ****         /* Clear EXTI line configuration */
 256:../../../../../../Drivers/PY32E407_HAL_Driver/Src/py32e407_hal_gpio.c ****         temp = EXTI->IMR1;
  79              		.loc 1 256 9 is_stmt 1 discriminator 20 view .LVU17
  80              		.loc 1 256 14 is_stmt 0 discriminator 20 view .LVU18
  81 0020 5D4C     		ldr	r4, .L22
  82 0022 2568     		ldr	r5, [r4]
  83              	.LVL4:
 257:../../../../../../Drivers/PY32E407_HAL_Driver/Src/py32e407_hal_gpio.c ****         temp &= ~(iocurrent);
  84              		.loc 1 257 9 is_stmt 1 discriminator 20 view .LVU19
  85              		.loc 1 257 17 is_stmt 0 discriminator 20 view .LVU20
ARM GAS  C:\Users\user\AppData\Local\Temp\ccDs4wtS.s 			page 7


  86 0024 DC43     		mvns	r4, r3
  87              		.loc 1 257 14 discriminator 20 view .LVU21
  88 0026 25EA0306 		bic	r6, r5, r3
  89              	.LVL5:
 258:../../../../../../Drivers/PY32E407_HAL_Driver/Src/py32e407_hal_gpio.c ****         if ((GPIO_Init->Mode & GPIO_MODE_IT) == GPIO_MODE_IT)
  90              		.loc 1 258 9 is_stmt 1 discriminator 20 view .LVU22
  91              		.loc 1 258 23 is_stmt 0 discriminator 20 view .LVU23
  92 002a 4F68     		ldr	r7, [r1, #4]
  93              		.loc 1 258 12 discriminator 20 view .LVU24
  94 002c 17F4803F 		tst	r7, #65536
  95 0030 01D0     		beq	.L9
 259:../../../../../../Drivers/PY32E407_HAL_Driver/Src/py32e407_hal_gpio.c ****         {
 260:../../../../../../Drivers/PY32E407_HAL_Driver/Src/py32e407_hal_gpio.c ****           temp |= iocurrent;
  96              		.loc 1 260 11 is_stmt 1 view .LVU25
  97              		.loc 1 260 16 is_stmt 0 view .LVU26
  98 0032 43EA0506 		orr	r6, r3, r5
  99              	.LVL6:
 100              	.L9:
 261:../../../../../../Drivers/PY32E407_HAL_Driver/Src/py32e407_hal_gpio.c ****         }
 262:../../../../../../Drivers/PY32E407_HAL_Driver/Src/py32e407_hal_gpio.c ****         EXTI->IMR1 = temp;
 101              		.loc 1 262 9 is_stmt 1 view .LVU27
 102              		.loc 1 262 20 is_stmt 0 view .LVU28
 103 0036 584D     		ldr	r5, .L22
 104 0038 2E60     		str	r6, [r5]
 263:../../../../../../Drivers/PY32E407_HAL_Driver/Src/py32e407_hal_gpio.c **** 
 264:../../../../../../Drivers/PY32E407_HAL_Driver/Src/py32e407_hal_gpio.c ****         temp = EXTI->EMR1;
 105              		.loc 1 264 9 is_stmt 1 view .LVU29
 106              		.loc 1 264 14 is_stmt 0 view .LVU30
 107 003a 6D68     		ldr	r5, [r5, #4]
 108              	.LVL7:
 265:../../../../../../Drivers/PY32E407_HAL_Driver/Src/py32e407_hal_gpio.c ****         temp &= ~(iocurrent);
 109              		.loc 1 265 9 is_stmt 1 view .LVU31
 110              		.loc 1 265 14 is_stmt 0 view .LVU32
 111 003c 04EA0506 		and	r6, r4, r5
 112              	.LVL8:
 266:../../../../../../Drivers/PY32E407_HAL_Driver/Src/py32e407_hal_gpio.c ****         if ((GPIO_Init->Mode & GPIO_MODE_EVT) == GPIO_MODE_EVT)
 113              		.loc 1 266 9 is_stmt 1 view .LVU33
 114              		.loc 1 266 23 is_stmt 0 view .LVU34
 115 0040 4F68     		ldr	r7, [r1, #4]
 116              		.loc 1 266 12 view .LVU35
 117 0042 17F4003F 		tst	r7, #131072
 118 0046 01D0     		beq	.L10
 267:../../../../../../Drivers/PY32E407_HAL_Driver/Src/py32e407_hal_gpio.c ****         {
 268:../../../../../../Drivers/PY32E407_HAL_Driver/Src/py32e407_hal_gpio.c ****           temp |= iocurrent;
 119              		.loc 1 268 11 is_stmt 1 view .LVU36
 120              		.loc 1 268 16 is_stmt 0 view .LVU37
 121 0048 43EA0506 		orr	r6, r3, r5
 122              	.LVL9:
 123              	.L10:
 269:../../../../../../Drivers/PY32E407_HAL_Driver/Src/py32e407_hal_gpio.c ****         }
 270:../../../../../../Drivers/PY32E407_HAL_Driver/Src/py32e407_hal_gpio.c ****         EXTI->EMR1 = temp;
 124              		.loc 1 270 9 is_stmt 1 view .LVU38
 125              		.loc 1 270 20 is_stmt 0 view .LVU39
 126 004c 524D     		ldr	r5, .L22
 127 004e 6E60     		str	r6, [r5, #4]
 271:../../../../../../Drivers/PY32E407_HAL_Driver/Src/py32e407_hal_gpio.c **** 
 272:../../../../../../Drivers/PY32E407_HAL_Driver/Src/py32e407_hal_gpio.c ****         /* Clear Rising Falling edge configuration */
ARM GAS  C:\Users\user\AppData\Local\Temp\ccDs4wtS.s 			page 8


 273:../../../../../../Drivers/PY32E407_HAL_Driver/Src/py32e407_hal_gpio.c ****         temp = EXTI->RTSR;
 128              		.loc 1 273 9 is_stmt 1 view .LVU40
 129              		.loc 1 273 14 is_stmt 0 view .LVU41
 130 0050 AD68     		ldr	r5, [r5, #8]
 131              	.LVL10:
 274:../../../../../../Drivers/PY32E407_HAL_Driver/Src/py32e407_hal_gpio.c ****         temp &= ~(iocurrent);
 132              		.loc 1 274 9 is_stmt 1 view .LVU42
 133              		.loc 1 274 14 is_stmt 0 view .LVU43
 134 0052 04EA0506 		and	r6, r4, r5
 135              	.LVL11:
 275:../../../../../../Drivers/PY32E407_HAL_Driver/Src/py32e407_hal_gpio.c ****         if ((GPIO_Init->Mode & RISING_EDGE) == RISING_EDGE)
 136              		.loc 1 275 9 is_stmt 1 view .LVU44
 137              		.loc 1 275 23 is_stmt 0 view .LVU45
 138 0056 4F68     		ldr	r7, [r1, #4]
 139              		.loc 1 275 12 view .LVU46
 140 0058 17F4801F 		tst	r7, #1048576
 141 005c 01D0     		beq	.L11
 276:../../../../../../Drivers/PY32E407_HAL_Driver/Src/py32e407_hal_gpio.c ****         {
 277:../../../../../../Drivers/PY32E407_HAL_Driver/Src/py32e407_hal_gpio.c ****           temp |= iocurrent;
 142              		.loc 1 277 11 is_stmt 1 view .LVU47
 143              		.loc 1 277 16 is_stmt 0 view .LVU48
 144 005e 43EA0506 		orr	r6, r3, r5
 145              	.LVL12:
 146              	.L11:
 278:../../../../../../Drivers/PY32E407_HAL_Driver/Src/py32e407_hal_gpio.c ****         }
 279:../../../../../../Drivers/PY32E407_HAL_Driver/Src/py32e407_hal_gpio.c ****         EXTI->RTSR = temp;
 147              		.loc 1 279 9 is_stmt 1 view .LVU49
 148              		.loc 1 279 20 is_stmt 0 view .LVU50
 149 0062 4D4D     		ldr	r5, .L22
 150 0064 AE60     		str	r6, [r5, #8]
 280:../../../../../../Drivers/PY32E407_HAL_Driver/Src/py32e407_hal_gpio.c **** 
 281:../../../../../../Drivers/PY32E407_HAL_Driver/Src/py32e407_hal_gpio.c ****         temp = EXTI->FTSR;
 151              		.loc 1 281 9 is_stmt 1 view .LVU51
 152              		.loc 1 281 14 is_stmt 0 view .LVU52
 153 0066 ED68     		ldr	r5, [r5, #12]
 154              	.LVL13:
 282:../../../../../../Drivers/PY32E407_HAL_Driver/Src/py32e407_hal_gpio.c ****         temp &= ~(iocurrent);
 155              		.loc 1 282 9 is_stmt 1 view .LVU53
 156              		.loc 1 282 14 is_stmt 0 view .LVU54
 157 0068 2C40     		ands	r4, r4, r5
 158              	.LVL14:
 283:../../../../../../Drivers/PY32E407_HAL_Driver/Src/py32e407_hal_gpio.c ****         if ((GPIO_Init->Mode & FALLING_EDGE) == FALLING_EDGE)
 159              		.loc 1 283 9 is_stmt 1 view .LVU55
 160              		.loc 1 283 23 is_stmt 0 view .LVU56
 161 006a 4E68     		ldr	r6, [r1, #4]
 162              		.loc 1 283 12 view .LVU57
 163 006c 16F4001F 		tst	r6, #2097152
 164 0070 01D0     		beq	.L12
 284:../../../../../../Drivers/PY32E407_HAL_Driver/Src/py32e407_hal_gpio.c ****         {
 285:../../../../../../Drivers/PY32E407_HAL_Driver/Src/py32e407_hal_gpio.c ****           temp |= iocurrent;
 165              		.loc 1 285 11 is_stmt 1 view .LVU58
 166              		.loc 1 285 16 is_stmt 0 view .LVU59
 167 0072 43EA0504 		orr	r4, r3, r5
 168              	.LVL15:
 169              	.L12:
 286:../../../../../../Drivers/PY32E407_HAL_Driver/Src/py32e407_hal_gpio.c ****         }
 287:../../../../../../Drivers/PY32E407_HAL_Driver/Src/py32e407_hal_gpio.c ****         EXTI->FTSR = temp;
ARM GAS  C:\Users\user\AppData\Local\Temp\ccDs4wtS.s 			page 9


 170              		.loc 1 287 9 is_stmt 1 view .LVU60
 171              		.loc 1 287 20 is_stmt 0 view .LVU61
 172 0076 484B     		ldr	r3, .L22
 173              	.LVL16:
 174              		.loc 1 287 20 view .LVU62
 175 0078 DC60     		str	r4, [r3, #12]
 176              	.LVL17:
 177              	.L3:
 288:../../../../../../Drivers/PY32E407_HAL_Driver/Src/py32e407_hal_gpio.c ****       }
 289:../../../../../../Drivers/PY32E407_HAL_Driver/Src/py32e407_hal_gpio.c ****     }
 290:../../../../../../Drivers/PY32E407_HAL_Driver/Src/py32e407_hal_gpio.c **** 
 291:../../../../../../Drivers/PY32E407_HAL_Driver/Src/py32e407_hal_gpio.c ****     position++;
 178              		.loc 1 291 5 is_stmt 1 view .LVU63
 179              		.loc 1 291 13 is_stmt 0 view .LVU64
 180 007a 0132     		adds	r2, r2, #1
 181              	.LVL18:
 182              	.L2:
 190:../../../../../../Drivers/PY32E407_HAL_Driver/Src/py32e407_hal_gpio.c ****   {
 183              		.loc 1 190 9 is_stmt 1 view .LVU65
 190:../../../../../../Drivers/PY32E407_HAL_Driver/Src/py32e407_hal_gpio.c ****   {
 184              		.loc 1 190 21 is_stmt 0 view .LVU66
 185 007c 0B68     		ldr	r3, [r1]
 190:../../../../../../Drivers/PY32E407_HAL_Driver/Src/py32e407_hal_gpio.c ****   {
 186              		.loc 1 190 9 view .LVU67
 187 007e 33FA02F4 		lsrs	r4, r3, r2
 188 0082 00F08680 		beq	.L20
 193:../../../../../../Drivers/PY32E407_HAL_Driver/Src/py32e407_hal_gpio.c **** 
 189              		.loc 1 193 5 is_stmt 1 view .LVU68
 193:../../../../../../Drivers/PY32E407_HAL_Driver/Src/py32e407_hal_gpio.c **** 
 190              		.loc 1 193 41 is_stmt 0 view .LVU69
 191 0086 4FF0010C 		mov	ip, #1
 192 008a 0CFA02FC 		lsl	ip, ip, r2
 193              	.LVL19:
 195:../../../../../../Drivers/PY32E407_HAL_Driver/Src/py32e407_hal_gpio.c ****     {
 194              		.loc 1 195 5 is_stmt 1 view .LVU70
 195:../../../../../../Drivers/PY32E407_HAL_Driver/Src/py32e407_hal_gpio.c ****     {
 195              		.loc 1 195 8 is_stmt 0 view .LVU71
 196 008e 1CEA0303 		ands	r3, ip, r3
 197              	.LVL20:
 195:../../../../../../Drivers/PY32E407_HAL_Driver/Src/py32e407_hal_gpio.c ****     {
 198              		.loc 1 195 8 view .LVU72
 199 0092 F2D0     		beq	.L3
 199:../../../../../../Drivers/PY32E407_HAL_Driver/Src/py32e407_hal_gpio.c ****       {
 200              		.loc 1 199 7 is_stmt 1 view .LVU73
 199:../../../../../../Drivers/PY32E407_HAL_Driver/Src/py32e407_hal_gpio.c ****       {
 201              		.loc 1 199 21 is_stmt 0 view .LVU74
 202 0094 4C68     		ldr	r4, [r1, #4]
 199:../../../../../../Drivers/PY32E407_HAL_Driver/Src/py32e407_hal_gpio.c ****       {
 203              		.loc 1 199 10 view .LVU75
 204 0096 022C     		cmp	r4, #2
 205 0098 01D0     		beq	.L4
 199:../../../../../../Drivers/PY32E407_HAL_Driver/Src/py32e407_hal_gpio.c ****       {
 206              		.loc 1 199 48 discriminator 1 view .LVU76
 207 009a 122C     		cmp	r4, #18
 208 009c 10D1     		bne	.L5
 209              	.L4:
 202:../../../../../../Drivers/PY32E407_HAL_Driver/Src/py32e407_hal_gpio.c ****         assert_param(IS_GPIO_AF(GPIO_Init->Alternate));
ARM GAS  C:\Users\user\AppData\Local\Temp\ccDs4wtS.s 			page 10


 210              		.loc 1 202 9 is_stmt 1 view .LVU77
 203:../../../../../../Drivers/PY32E407_HAL_Driver/Src/py32e407_hal_gpio.c **** 
 211              		.loc 1 203 9 view .LVU78
 206:../../../../../../Drivers/PY32E407_HAL_Driver/Src/py32e407_hal_gpio.c ****         temp &= ~(0xFu << ((position & 0x07u) * 4u));
 212              		.loc 1 206 9 view .LVU79
 206:../../../../../../Drivers/PY32E407_HAL_Driver/Src/py32e407_hal_gpio.c ****         temp &= ~(0xFu << ((position & 0x07u) * 4u));
 213              		.loc 1 206 36 is_stmt 0 view .LVU80
 214 009e D508     		lsrs	r5, r2, #3
 206:../../../../../../Drivers/PY32E407_HAL_Driver/Src/py32e407_hal_gpio.c ****         temp &= ~(0xFu << ((position & 0x07u) * 4u));
 215              		.loc 1 206 14 view .LVU81
 216 00a0 0835     		adds	r5, r5, #8
 217 00a2 50F82570 		ldr	r7, [r0, r5, lsl #2]
 218              	.LVL21:
 207:../../../../../../Drivers/PY32E407_HAL_Driver/Src/py32e407_hal_gpio.c ****         temp |= ((GPIO_Init->Alternate) << ((position & 0x07u) * 4u));
 219              		.loc 1 207 9 is_stmt 1 view .LVU82
 207:../../../../../../Drivers/PY32E407_HAL_Driver/Src/py32e407_hal_gpio.c ****         temp |= ((GPIO_Init->Alternate) << ((position & 0x07u) * 4u));
 220              		.loc 1 207 38 is_stmt 0 view .LVU83
 221 00a6 02F00704 		and	r4, r2, #7
 207:../../../../../../Drivers/PY32E407_HAL_Driver/Src/py32e407_hal_gpio.c ****         temp |= ((GPIO_Init->Alternate) << ((position & 0x07u) * 4u));
 222              		.loc 1 207 47 view .LVU84
 223 00aa A600     		lsls	r6, r4, #2
 207:../../../../../../Drivers/PY32E407_HAL_Driver/Src/py32e407_hal_gpio.c ****         temp |= ((GPIO_Init->Alternate) << ((position & 0x07u) * 4u));
 224              		.loc 1 207 24 view .LVU85
 225 00ac 0F24     		movs	r4, #15
 226 00ae B440     		lsls	r4, r4, r6
 207:../../../../../../Drivers/PY32E407_HAL_Driver/Src/py32e407_hal_gpio.c ****         temp |= ((GPIO_Init->Alternate) << ((position & 0x07u) * 4u));
 227              		.loc 1 207 14 view .LVU86
 228 00b0 27EA040E 		bic	lr, r7, r4
 229              	.LVL22:
 208:../../../../../../Drivers/PY32E407_HAL_Driver/Src/py32e407_hal_gpio.c ****         GPIOx->AFR[position >> 3u] = temp;
 230              		.loc 1 208 9 is_stmt 1 view .LVU87
 208:../../../../../../Drivers/PY32E407_HAL_Driver/Src/py32e407_hal_gpio.c ****         GPIOx->AFR[position >> 3u] = temp;
 231              		.loc 1 208 28 is_stmt 0 view .LVU88
 232 00b4 0C69     		ldr	r4, [r1, #16]
 208:../../../../../../Drivers/PY32E407_HAL_Driver/Src/py32e407_hal_gpio.c ****         GPIOx->AFR[position >> 3u] = temp;
 233              		.loc 1 208 41 view .LVU89
 234 00b6 B440     		lsls	r4, r4, r6
 208:../../../../../../Drivers/PY32E407_HAL_Driver/Src/py32e407_hal_gpio.c ****         GPIOx->AFR[position >> 3u] = temp;
 235              		.loc 1 208 14 view .LVU90
 236 00b8 44EA0E04 		orr	r4, r4, lr
 237              	.LVL23:
 209:../../../../../../Drivers/PY32E407_HAL_Driver/Src/py32e407_hal_gpio.c ****       }
 238              		.loc 1 209 9 is_stmt 1 view .LVU91
 209:../../../../../../Drivers/PY32E407_HAL_Driver/Src/py32e407_hal_gpio.c ****       }
 239              		.loc 1 209 36 is_stmt 0 view .LVU92
 240 00bc 40F82540 		str	r4, [r0, r5, lsl #2]
 241              	.LVL24:
 242              	.L5:
 213:../../../../../../Drivers/PY32E407_HAL_Driver/Src/py32e407_hal_gpio.c ****       temp &= ~(GPIO_MODER_MODE0 << (position * 2u));
 243              		.loc 1 213 7 is_stmt 1 view .LVU93
 213:../../../../../../Drivers/PY32E407_HAL_Driver/Src/py32e407_hal_gpio.c ****       temp &= ~(GPIO_MODER_MODE0 << (position * 2u));
 244              		.loc 1 213 12 is_stmt 0 view .LVU94
 245 00c0 0568     		ldr	r5, [r0]
 246              	.LVL25:
 214:../../../../../../Drivers/PY32E407_HAL_Driver/Src/py32e407_hal_gpio.c ****       temp |= ((GPIO_Init->Mode & GPIO_MODE) << (position * 2u));
 247              		.loc 1 214 7 is_stmt 1 view .LVU95
 214:../../../../../../Drivers/PY32E407_HAL_Driver/Src/py32e407_hal_gpio.c ****       temp |= ((GPIO_Init->Mode & GPIO_MODE) << (position * 2u));
ARM GAS  C:\Users\user\AppData\Local\Temp\ccDs4wtS.s 			page 11


 248              		.loc 1 214 47 is_stmt 0 view .LVU96
 249 00c2 4FEA420E 		lsl	lr, r2, #1
 214:../../../../../../Drivers/PY32E407_HAL_Driver/Src/py32e407_hal_gpio.c ****       temp |= ((GPIO_Init->Mode & GPIO_MODE) << (position * 2u));
 250              		.loc 1 214 34 view .LVU97
 251 00c6 0324     		movs	r4, #3
 252 00c8 04FA0EF4 		lsl	r4, r4, lr
 214:../../../../../../Drivers/PY32E407_HAL_Driver/Src/py32e407_hal_gpio.c ****       temp |= ((GPIO_Init->Mode & GPIO_MODE) << (position * 2u));
 253              		.loc 1 214 15 view .LVU98
 254 00cc E643     		mvns	r6, r4
 214:../../../../../../Drivers/PY32E407_HAL_Driver/Src/py32e407_hal_gpio.c ****       temp |= ((GPIO_Init->Mode & GPIO_MODE) << (position * 2u));
 255              		.loc 1 214 12 view .LVU99
 256 00ce 25EA0405 		bic	r5, r5, r4
 257              	.LVL26:
 215:../../../../../../Drivers/PY32E407_HAL_Driver/Src/py32e407_hal_gpio.c ****       GPIOx->MODER = temp;
 258              		.loc 1 215 7 is_stmt 1 view .LVU100
 215:../../../../../../Drivers/PY32E407_HAL_Driver/Src/py32e407_hal_gpio.c ****       GPIOx->MODER = temp;
 259              		.loc 1 215 26 is_stmt 0 view .LVU101
 260 00d2 4C68     		ldr	r4, [r1, #4]
 215:../../../../../../Drivers/PY32E407_HAL_Driver/Src/py32e407_hal_gpio.c ****       GPIOx->MODER = temp;
 261              		.loc 1 215 33 view .LVU102
 262 00d4 04F00304 		and	r4, r4, #3
 215:../../../../../../Drivers/PY32E407_HAL_Driver/Src/py32e407_hal_gpio.c ****       GPIOx->MODER = temp;
 263              		.loc 1 215 46 view .LVU103
 264 00d8 04FA0EF4 		lsl	r4, r4, lr
 215:../../../../../../Drivers/PY32E407_HAL_Driver/Src/py32e407_hal_gpio.c ****       GPIOx->MODER = temp;
 265              		.loc 1 215 12 view .LVU104
 266 00dc 2C43     		orrs	r4, r4, r5
 267              	.LVL27:
 216:../../../../../../Drivers/PY32E407_HAL_Driver/Src/py32e407_hal_gpio.c **** 
 268              		.loc 1 216 7 is_stmt 1 view .LVU105
 216:../../../../../../Drivers/PY32E407_HAL_Driver/Src/py32e407_hal_gpio.c **** 
 269              		.loc 1 216 20 is_stmt 0 view .LVU106
 270 00de 0460     		str	r4, [r0]
 219:../../../../../../Drivers/PY32E407_HAL_Driver/Src/py32e407_hal_gpio.c ****           (GPIO_Init->Mode == GPIO_MODE_OUTPUT_OD) || (GPIO_Init->Mode == GPIO_MODE_AF_OD))
 271              		.loc 1 219 7 is_stmt 1 view .LVU107
 219:../../../../../../Drivers/PY32E407_HAL_Driver/Src/py32e407_hal_gpio.c ****           (GPIO_Init->Mode == GPIO_MODE_OUTPUT_OD) || (GPIO_Init->Mode == GPIO_MODE_AF_OD))
 272              		.loc 1 219 21 is_stmt 0 view .LVU108
 273 00e0 4C68     		ldr	r4, [r1, #4]
 274              	.LVL28:
 219:../../../../../../Drivers/PY32E407_HAL_Driver/Src/py32e407_hal_gpio.c ****           (GPIO_Init->Mode == GPIO_MODE_OUTPUT_OD) || (GPIO_Init->Mode == GPIO_MODE_AF_OD))
 275              		.loc 1 219 52 view .LVU109
 276 00e2 651E     		subs	r5, r4, #1
 219:../../../../../../Drivers/PY32E407_HAL_Driver/Src/py32e407_hal_gpio.c ****           (GPIO_Init->Mode == GPIO_MODE_OUTPUT_OD) || (GPIO_Init->Mode == GPIO_MODE_AF_OD))
 277              		.loc 1 219 10 view .LVU110
 278 00e4 012D     		cmp	r5, #1
 279 00e6 03D9     		bls	.L6
 219:../../../../../../Drivers/PY32E407_HAL_Driver/Src/py32e407_hal_gpio.c ****           (GPIO_Init->Mode == GPIO_MODE_OUTPUT_OD) || (GPIO_Init->Mode == GPIO_MODE_AF_OD))
 280              		.loc 1 219 92 discriminator 1 view .LVU111
 281 00e8 112C     		cmp	r4, #17
 282 00ea 01D0     		beq	.L6
 220:../../../../../../Drivers/PY32E407_HAL_Driver/Src/py32e407_hal_gpio.c ****       {
 283              		.loc 1 220 52 view .LVU112
 284 00ec 122C     		cmp	r4, #18
 285 00ee 10D1     		bne	.L7
 286              	.L6:
 223:../../../../../../Drivers/PY32E407_HAL_Driver/Src/py32e407_hal_gpio.c ****         /* Configure the IO Speed */
 287              		.loc 1 223 9 is_stmt 1 view .LVU113
ARM GAS  C:\Users\user\AppData\Local\Temp\ccDs4wtS.s 			page 12


 225:../../../../../../Drivers/PY32E407_HAL_Driver/Src/py32e407_hal_gpio.c ****         temp &= ~(GPIO_OSPEEDR_OSPEED0 << (position * 2u));
 288              		.loc 1 225 9 view .LVU114
 225:../../../../../../Drivers/PY32E407_HAL_Driver/Src/py32e407_hal_gpio.c ****         temp &= ~(GPIO_OSPEEDR_OSPEED0 << (position * 2u));
 289              		.loc 1 225 14 is_stmt 0 view .LVU115
 290 00f0 8568     		ldr	r5, [r0, #8]
 291              	.LVL29:
 226:../../../../../../Drivers/PY32E407_HAL_Driver/Src/py32e407_hal_gpio.c ****         temp |= (GPIO_Init->Speed << (position * 2u));
 292              		.loc 1 226 9 is_stmt 1 view .LVU116
 226:../../../../../../Drivers/PY32E407_HAL_Driver/Src/py32e407_hal_gpio.c ****         temp |= (GPIO_Init->Speed << (position * 2u));
 293              		.loc 1 226 14 is_stmt 0 view .LVU117
 294 00f2 3540     		ands	r5, r5, r6
 295              	.LVL30:
 227:../../../../../../Drivers/PY32E407_HAL_Driver/Src/py32e407_hal_gpio.c ****         GPIOx->OSPEEDR = temp;
 296              		.loc 1 227 9 is_stmt 1 view .LVU118
 227:../../../../../../Drivers/PY32E407_HAL_Driver/Src/py32e407_hal_gpio.c ****         GPIOx->OSPEEDR = temp;
 297              		.loc 1 227 27 is_stmt 0 view .LVU119
 298 00f4 CC68     		ldr	r4, [r1, #12]
 227:../../../../../../Drivers/PY32E407_HAL_Driver/Src/py32e407_hal_gpio.c ****         GPIOx->OSPEEDR = temp;
 299              		.loc 1 227 35 view .LVU120
 300 00f6 04FA0EF4 		lsl	r4, r4, lr
 227:../../../../../../Drivers/PY32E407_HAL_Driver/Src/py32e407_hal_gpio.c ****         GPIOx->OSPEEDR = temp;
 301              		.loc 1 227 14 view .LVU121
 302 00fa 2C43     		orrs	r4, r4, r5
 303              	.LVL31:
 228:../../../../../../Drivers/PY32E407_HAL_Driver/Src/py32e407_hal_gpio.c **** 
 304              		.loc 1 228 9 is_stmt 1 view .LVU122
 228:../../../../../../Drivers/PY32E407_HAL_Driver/Src/py32e407_hal_gpio.c **** 
 305              		.loc 1 228 24 is_stmt 0 view .LVU123
 306 00fc 8460     		str	r4, [r0, #8]
 231:../../../../../../Drivers/PY32E407_HAL_Driver/Src/py32e407_hal_gpio.c ****         temp &= ~(GPIO_OTYPER_OT0 << position) ;
 307              		.loc 1 231 9 is_stmt 1 view .LVU124
 231:../../../../../../Drivers/PY32E407_HAL_Driver/Src/py32e407_hal_gpio.c ****         temp &= ~(GPIO_OTYPER_OT0 << position) ;
 308              		.loc 1 231 14 is_stmt 0 view .LVU125
 309 00fe 4568     		ldr	r5, [r0, #4]
 310              	.LVL32:
 232:../../../../../../Drivers/PY32E407_HAL_Driver/Src/py32e407_hal_gpio.c ****         temp |= (((GPIO_Init->Mode & GPIO_OUTPUT_TYPE) >> 4u) << position);
 311              		.loc 1 232 9 is_stmt 1 view .LVU126
 232:../../../../../../Drivers/PY32E407_HAL_Driver/Src/py32e407_hal_gpio.c ****         temp |= (((GPIO_Init->Mode & GPIO_OUTPUT_TYPE) >> 4u) << position);
 312              		.loc 1 232 14 is_stmt 0 view .LVU127
 313 0100 25EA0C0C 		bic	ip, r5, ip
 314              	.LVL33:
 233:../../../../../../Drivers/PY32E407_HAL_Driver/Src/py32e407_hal_gpio.c ****         GPIOx->OTYPER = temp;
 315              		.loc 1 233 9 is_stmt 1 view .LVU128
 233:../../../../../../Drivers/PY32E407_HAL_Driver/Src/py32e407_hal_gpio.c ****         GPIOx->OTYPER = temp;
 316              		.loc 1 233 29 is_stmt 0 view .LVU129
 317 0104 4D68     		ldr	r5, [r1, #4]
 233:../../../../../../Drivers/PY32E407_HAL_Driver/Src/py32e407_hal_gpio.c ****         GPIOx->OTYPER = temp;
 318              		.loc 1 233 56 view .LVU130
 319 0106 C5F30015 		ubfx	r5, r5, #4, #1
 233:../../../../../../Drivers/PY32E407_HAL_Driver/Src/py32e407_hal_gpio.c ****         GPIOx->OTYPER = temp;
 320              		.loc 1 233 63 view .LVU131
 321 010a 9540     		lsls	r5, r5, r2
 233:../../../../../../Drivers/PY32E407_HAL_Driver/Src/py32e407_hal_gpio.c ****         GPIOx->OTYPER = temp;
 322              		.loc 1 233 14 view .LVU132
 323 010c 45EA0C05 		orr	r5, r5, ip
 324              	.LVL34:
 234:../../../../../../Drivers/PY32E407_HAL_Driver/Src/py32e407_hal_gpio.c ****       }
ARM GAS  C:\Users\user\AppData\Local\Temp\ccDs4wtS.s 			page 13


 325              		.loc 1 234 9 is_stmt 1 view .LVU133
 234:../../../../../../Drivers/PY32E407_HAL_Driver/Src/py32e407_hal_gpio.c ****       }
 326              		.loc 1 234 23 is_stmt 0 view .LVU134
 327 0110 4560     		str	r5, [r0, #4]
 328              	.LVL35:
 329              	.L7:
 238:../../../../../../Drivers/PY32E407_HAL_Driver/Src/py32e407_hal_gpio.c ****       temp &= ~(GPIO_PUPDR_PUPD0 << (position * 2u));
 330              		.loc 1 238 7 is_stmt 1 view .LVU135
 238:../../../../../../Drivers/PY32E407_HAL_Driver/Src/py32e407_hal_gpio.c ****       temp &= ~(GPIO_PUPDR_PUPD0 << (position * 2u));
 331              		.loc 1 238 12 is_stmt 0 view .LVU136
 332 0112 C468     		ldr	r4, [r0, #12]
 333              	.LVL36:
 239:../../../../../../Drivers/PY32E407_HAL_Driver/Src/py32e407_hal_gpio.c ****       temp |= ((GPIO_Init->Pull) << (position * 2u));
 334              		.loc 1 239 7 is_stmt 1 view .LVU137
 239:../../../../../../Drivers/PY32E407_HAL_Driver/Src/py32e407_hal_gpio.c ****       temp |= ((GPIO_Init->Pull) << (position * 2u));
 335              		.loc 1 239 12 is_stmt 0 view .LVU138
 336 0114 2640     		ands	r6, r6, r4
 337              	.LVL37:
 240:../../../../../../Drivers/PY32E407_HAL_Driver/Src/py32e407_hal_gpio.c ****       GPIOx->PUPDR = temp;
 338              		.loc 1 240 7 is_stmt 1 view .LVU139
 240:../../../../../../Drivers/PY32E407_HAL_Driver/Src/py32e407_hal_gpio.c ****       GPIOx->PUPDR = temp;
 339              		.loc 1 240 26 is_stmt 0 view .LVU140
 340 0116 8C68     		ldr	r4, [r1, #8]
 240:../../../../../../Drivers/PY32E407_HAL_Driver/Src/py32e407_hal_gpio.c ****       GPIOx->PUPDR = temp;
 341              		.loc 1 240 34 view .LVU141
 342 0118 04FA0EF4 		lsl	r4, r4, lr
 240:../../../../../../Drivers/PY32E407_HAL_Driver/Src/py32e407_hal_gpio.c ****       GPIOx->PUPDR = temp;
 343              		.loc 1 240 12 view .LVU142
 344 011c 3443     		orrs	r4, r4, r6
 345              	.LVL38:
 241:../../../../../../Drivers/PY32E407_HAL_Driver/Src/py32e407_hal_gpio.c **** 
 346              		.loc 1 241 7 is_stmt 1 view .LVU143
 241:../../../../../../Drivers/PY32E407_HAL_Driver/Src/py32e407_hal_gpio.c **** 
 347              		.loc 1 241 20 is_stmt 0 view .LVU144
 348 011e C460     		str	r4, [r0, #12]
 245:../../../../../../Drivers/PY32E407_HAL_Driver/Src/py32e407_hal_gpio.c ****       {
 349              		.loc 1 245 7 is_stmt 1 view .LVU145
 245:../../../../../../Drivers/PY32E407_HAL_Driver/Src/py32e407_hal_gpio.c ****       {
 350              		.loc 1 245 21 is_stmt 0 view .LVU146
 351 0120 4C68     		ldr	r4, [r1, #4]
 352              	.LVL39:
 245:../../../../../../Drivers/PY32E407_HAL_Driver/Src/py32e407_hal_gpio.c ****       {
 353              		.loc 1 245 10 view .LVU147
 354 0122 14F0805F 		tst	r4, #268435456
 355 0126 A8D0     		beq	.L3
 248:../../../../../../Drivers/PY32E407_HAL_Driver/Src/py32e407_hal_gpio.c **** 
 356              		.loc 1 248 9 is_stmt 1 view .LVU148
 357              	.LBB2:
 248:../../../../../../Drivers/PY32E407_HAL_Driver/Src/py32e407_hal_gpio.c **** 
 358              		.loc 1 248 9 view .LVU149
 248:../../../../../../Drivers/PY32E407_HAL_Driver/Src/py32e407_hal_gpio.c **** 
 359              		.loc 1 248 9 view .LVU150
 360 0128 1C4C     		ldr	r4, .L22+4
 361 012a 256E     		ldr	r5, [r4, #96]
 362 012c 45F00105 		orr	r5, r5, #1
 363 0130 2566     		str	r5, [r4, #96]
 364              	.LVL40:
ARM GAS  C:\Users\user\AppData\Local\Temp\ccDs4wtS.s 			page 14


 248:../../../../../../Drivers/PY32E407_HAL_Driver/Src/py32e407_hal_gpio.c **** 
 365              		.loc 1 248 9 view .LVU151
 366 0132 246E     		ldr	r4, [r4, #96]
 367 0134 04F00104 		and	r4, r4, #1
 368 0138 0194     		str	r4, [sp, #4]
 248:../../../../../../Drivers/PY32E407_HAL_Driver/Src/py32e407_hal_gpio.c **** 
 369              		.loc 1 248 9 view .LVU152
 370 013a 019C     		ldr	r4, [sp, #4]
 371              	.LBE2:
 248:../../../../../../Drivers/PY32E407_HAL_Driver/Src/py32e407_hal_gpio.c **** 
 372              		.loc 1 248 9 view .LVU153
 250:../../../../../../Drivers/PY32E407_HAL_Driver/Src/py32e407_hal_gpio.c ****         temp &= ~(0x0FuL << (4u * (position & 0x03u)));
 373              		.loc 1 250 9 view .LVU154
 250:../../../../../../Drivers/PY32E407_HAL_Driver/Src/py32e407_hal_gpio.c ****         temp &= ~(0x0FuL << (4u * (position & 0x03u)));
 374              		.loc 1 250 40 is_stmt 0 view .LVU155
 375 013c 9408     		lsrs	r4, r2, #2
 250:../../../../../../Drivers/PY32E407_HAL_Driver/Src/py32e407_hal_gpio.c ****         temp &= ~(0x0FuL << (4u * (position & 0x03u)));
 376              		.loc 1 250 14 view .LVU156
 377 013e 251D     		adds	r5, r4, #4
 378 0140 AD00     		lsls	r5, r5, #2
 379 0142 05F18045 		add	r5, r5, #1073741824
 380 0146 05F58035 		add	r5, r5, #65536
 381 014a 6F68     		ldr	r7, [r5, #4]
 382              	.LVL41:
 251:../../../../../../Drivers/PY32E407_HAL_Driver/Src/py32e407_hal_gpio.c ****         temp |= (GPIO_GET_INDEX(GPIOx) << (4u * (position & 0x03u)));
 383              		.loc 1 251 9 is_stmt 1 view .LVU157
 251:../../../../../../Drivers/PY32E407_HAL_Driver/Src/py32e407_hal_gpio.c ****         temp |= (GPIO_GET_INDEX(GPIOx) << (4u * (position & 0x03u)));
 384              		.loc 1 251 45 is_stmt 0 view .LVU158
 385 014c 02F00305 		and	r5, r2, #3
 251:../../../../../../Drivers/PY32E407_HAL_Driver/Src/py32e407_hal_gpio.c ****         temp |= (GPIO_GET_INDEX(GPIOx) << (4u * (position & 0x03u)));
 386              		.loc 1 251 33 view .LVU159
 387 0150 AE00     		lsls	r6, r5, #2
 251:../../../../../../Drivers/PY32E407_HAL_Driver/Src/py32e407_hal_gpio.c ****         temp |= (GPIO_GET_INDEX(GPIOx) << (4u * (position & 0x03u)));
 388              		.loc 1 251 26 view .LVU160
 389 0152 0F25     		movs	r5, #15
 390 0154 B540     		lsls	r5, r5, r6
 251:../../../../../../Drivers/PY32E407_HAL_Driver/Src/py32e407_hal_gpio.c ****         temp |= (GPIO_GET_INDEX(GPIOx) << (4u * (position & 0x03u)));
 391              		.loc 1 251 14 view .LVU161
 392 0156 27EA0507 		bic	r7, r7, r5
 393              	.LVL42:
 252:../../../../../../Drivers/PY32E407_HAL_Driver/Src/py32e407_hal_gpio.c ****         SYSCFG->EXTICR[position >> 2u] = temp;
 394              		.loc 1 252 9 is_stmt 1 view .LVU162
 252:../../../../../../Drivers/PY32E407_HAL_Driver/Src/py32e407_hal_gpio.c ****         SYSCFG->EXTICR[position >> 2u] = temp;
 395              		.loc 1 252 18 is_stmt 0 view .LVU163
 396 015a B0F1904F 		cmp	r0, #1207959552
 397 015e 3FF455AF 		beq	.L14
 252:../../../../../../Drivers/PY32E407_HAL_Driver/Src/py32e407_hal_gpio.c ****         SYSCFG->EXTICR[position >> 2u] = temp;
 398              		.loc 1 252 18 discriminator 1 view .LVU164
 399 0162 0F4D     		ldr	r5, .L22+8
 400 0164 A842     		cmp	r0, r5
 401 0166 0ED0     		beq	.L15
 252:../../../../../../Drivers/PY32E407_HAL_Driver/Src/py32e407_hal_gpio.c ****         SYSCFG->EXTICR[position >> 2u] = temp;
 402              		.loc 1 252 18 discriminator 3 view .LVU165
 403 0168 05F58065 		add	r5, r5, #1024
 404 016c A842     		cmp	r0, r5
 405 016e 0CD0     		beq	.L16
 252:../../../../../../Drivers/PY32E407_HAL_Driver/Src/py32e407_hal_gpio.c ****         SYSCFG->EXTICR[position >> 2u] = temp;
ARM GAS  C:\Users\user\AppData\Local\Temp\ccDs4wtS.s 			page 15


 406              		.loc 1 252 18 discriminator 5 view .LVU166
 407 0170 05F58065 		add	r5, r5, #1024
 408 0174 A842     		cmp	r0, r5
 409 0176 0AD0     		beq	.L17
 252:../../../../../../Drivers/PY32E407_HAL_Driver/Src/py32e407_hal_gpio.c ****         SYSCFG->EXTICR[position >> 2u] = temp;
 410              		.loc 1 252 18 discriminator 7 view .LVU167
 411 0178 05F58065 		add	r5, r5, #1024
 412 017c A842     		cmp	r0, r5
 413 017e 3FF443AF 		beq	.L21
 252:../../../../../../Drivers/PY32E407_HAL_Driver/Src/py32e407_hal_gpio.c ****         SYSCFG->EXTICR[position >> 2u] = temp;
 414              		.loc 1 252 18 view .LVU168
 415 0182 0525     		movs	r5, #5
 416 0184 43E7     		b	.L8
 417              	.L15:
 418 0186 0125     		movs	r5, #1
 419 0188 41E7     		b	.L8
 420              	.L16:
 421 018a 0225     		movs	r5, #2
 422 018c 3FE7     		b	.L8
 423              	.L17:
 424 018e 0325     		movs	r5, #3
 425 0190 3DE7     		b	.L8
 426              	.LVL43:
 427              	.L20:
 292:../../../../../../Drivers/PY32E407_HAL_Driver/Src/py32e407_hal_gpio.c ****   }
 293:../../../../../../Drivers/PY32E407_HAL_Driver/Src/py32e407_hal_gpio.c **** }
 428              		.loc 1 293 1 view .LVU169
 429 0192 03B0     		add	sp, sp, #12
 430              	.LCFI2:
 431              		.cfi_def_cfa_offset 20
 432              		@ sp needed
 433 0194 F0BD     		pop	{r4, r5, r6, r7, pc}
 434              	.L23:
 435 0196 00BF     		.align	2
 436              	.L22:
 437 0198 00040140 		.word	1073808384
 438 019c 00100240 		.word	1073876992
 439 01a0 00040048 		.word	1207960576
 440              		.cfi_endproc
 441              	.LFE136:
 443              		.section	.text.HAL_GPIO_DeInit,"ax",%progbits
 444              		.align	1
 445              		.global	HAL_GPIO_DeInit
 446              		.syntax unified
 447              		.thumb
 448              		.thumb_func
 450              	HAL_GPIO_DeInit:
 451              	.LVL44:
 452              	.LFB137:
 294:../../../../../../Drivers/PY32E407_HAL_Driver/Src/py32e407_hal_gpio.c **** 
 295:../../../../../../Drivers/PY32E407_HAL_Driver/Src/py32e407_hal_gpio.c **** /**
 296:../../../../../../Drivers/PY32E407_HAL_Driver/Src/py32e407_hal_gpio.c ****   * @brief  De-initialize the GPIOx peripheral registers to their default reset values.
 297:../../../../../../Drivers/PY32E407_HAL_Driver/Src/py32e407_hal_gpio.c ****   * @param  GPIOx where x can be (A..F) to select the GPIO peripheral for PY32E4 family
 298:../../../../../../Drivers/PY32E407_HAL_Driver/Src/py32e407_hal_gpio.c ****   * @param  GPIO_Pin specifies the port bit to be written.
 299:../../../../../../Drivers/PY32E407_HAL_Driver/Src/py32e407_hal_gpio.c ****   *         This parameter can be any combination of GPIO_Pin_x where x can be (0..15).
 300:../../../../../../Drivers/PY32E407_HAL_Driver/Src/py32e407_hal_gpio.c ****   * @retval None
 301:../../../../../../Drivers/PY32E407_HAL_Driver/Src/py32e407_hal_gpio.c ****   */
ARM GAS  C:\Users\user\AppData\Local\Temp\ccDs4wtS.s 			page 16


 302:../../../../../../Drivers/PY32E407_HAL_Driver/Src/py32e407_hal_gpio.c **** void HAL_GPIO_DeInit(GPIO_TypeDef  *GPIOx, uint32_t GPIO_Pin)
 303:../../../../../../Drivers/PY32E407_HAL_Driver/Src/py32e407_hal_gpio.c **** {
 453              		.loc 1 303 1 is_stmt 1 view -0
 454              		.cfi_startproc
 455              		@ args = 0, pretend = 0, frame = 0
 456              		@ frame_needed = 0, uses_anonymous_args = 0
 304:../../../../../../Drivers/PY32E407_HAL_Driver/Src/py32e407_hal_gpio.c ****   uint32_t position = 0x00u;
 457              		.loc 1 304 3 view .LVU171
 305:../../../../../../Drivers/PY32E407_HAL_Driver/Src/py32e407_hal_gpio.c ****   uint32_t iocurrent;
 458              		.loc 1 305 3 view .LVU172
 306:../../../../../../Drivers/PY32E407_HAL_Driver/Src/py32e407_hal_gpio.c ****   uint32_t tmp;
 459              		.loc 1 306 3 view .LVU173
 307:../../../../../../Drivers/PY32E407_HAL_Driver/Src/py32e407_hal_gpio.c **** 
 308:../../../../../../Drivers/PY32E407_HAL_Driver/Src/py32e407_hal_gpio.c ****   /* Check the parameters */
 309:../../../../../../Drivers/PY32E407_HAL_Driver/Src/py32e407_hal_gpio.c ****   assert_param(IS_GPIO_ALL_INSTANCE(GPIOx));
 460              		.loc 1 309 3 view .LVU174
 310:../../../../../../Drivers/PY32E407_HAL_Driver/Src/py32e407_hal_gpio.c ****   assert_param(IS_GPIO_PIN(GPIO_Pin));
 461              		.loc 1 310 3 view .LVU175
 311:../../../../../../Drivers/PY32E407_HAL_Driver/Src/py32e407_hal_gpio.c **** 
 312:../../../../../../Drivers/PY32E407_HAL_Driver/Src/py32e407_hal_gpio.c ****   /* Configure the port pins */
 313:../../../../../../Drivers/PY32E407_HAL_Driver/Src/py32e407_hal_gpio.c ****   while ((GPIO_Pin >> position) != 0x00u)
 462              		.loc 1 313 3 view .LVU176
 304:../../../../../../Drivers/PY32E407_HAL_Driver/Src/py32e407_hal_gpio.c ****   uint32_t iocurrent;
 463              		.loc 1 304 12 is_stmt 0 view .LVU177
 464 0000 0023     		movs	r3, #0
 465              	.LVL45:
 466              		.loc 1 313 9 is_stmt 1 view .LVU178
 467 0002 31FA03F2 		lsrs	r2, r1, r3
 468 0006 00F08580 		beq	.L38
 303:../../../../../../Drivers/PY32E407_HAL_Driver/Src/py32e407_hal_gpio.c ****   uint32_t position = 0x00u;
 469              		.loc 1 303 1 is_stmt 0 view .LVU179
 470 000a F0B5     		push	{r4, r5, r6, r7, lr}
 471              	.LCFI3:
 472              		.cfi_def_cfa_offset 20
 473              		.cfi_offset 4, -20
 474              		.cfi_offset 5, -16
 475              		.cfi_offset 6, -12
 476              		.cfi_offset 7, -8
 477              		.cfi_offset 14, -4
 478 000c 2EE0     		b	.L29
 479              	.LVL46:
 480              	.L41:
 314:../../../../../../Drivers/PY32E407_HAL_Driver/Src/py32e407_hal_gpio.c ****   {
 315:../../../../../../Drivers/PY32E407_HAL_Driver/Src/py32e407_hal_gpio.c ****     /* Get current io position */
 316:../../../../../../Drivers/PY32E407_HAL_Driver/Src/py32e407_hal_gpio.c ****     iocurrent = (GPIO_Pin) & (1uL << position);
 317:../../../../../../Drivers/PY32E407_HAL_Driver/Src/py32e407_hal_gpio.c **** 
 318:../../../../../../Drivers/PY32E407_HAL_Driver/Src/py32e407_hal_gpio.c ****     if (iocurrent != 0x00u)
 319:../../../../../../Drivers/PY32E407_HAL_Driver/Src/py32e407_hal_gpio.c ****     {
 320:../../../../../../Drivers/PY32E407_HAL_Driver/Src/py32e407_hal_gpio.c ****       /*------------------------- EXTI Mode Configuration --------------------*/
 321:../../../../../../Drivers/PY32E407_HAL_Driver/Src/py32e407_hal_gpio.c ****       /* Clear the External Interrupt or Event for the current IO */
 322:../../../../../../Drivers/PY32E407_HAL_Driver/Src/py32e407_hal_gpio.c **** 
 323:../../../../../../Drivers/PY32E407_HAL_Driver/Src/py32e407_hal_gpio.c ****       tmp = SYSCFG->EXTICR[position >> 2u];
 324:../../../../../../Drivers/PY32E407_HAL_Driver/Src/py32e407_hal_gpio.c ****       tmp &= (0x0FuL << (4u * (position & 0x03u)));
 325:../../../../../../Drivers/PY32E407_HAL_Driver/Src/py32e407_hal_gpio.c ****       if (tmp == (GPIO_GET_INDEX(GPIOx) << (4u * (position & 0x03u)))) 
 481              		.loc 1 325 19 view .LVU180
 482 000e 0426     		movs	r6, #4
 483 0010 00E0     		b	.L27
ARM GAS  C:\Users\user\AppData\Local\Temp\ccDs4wtS.s 			page 17


 484              	.L30:
 485 0012 0026     		movs	r6, #0
 486              	.L27:
 487              		.loc 1 325 41 discriminator 20 view .LVU181
 488 0014 06FA0CFC 		lsl	ip, r6, ip
 489              		.loc 1 325 10 discriminator 20 view .LVU182
 490 0018 AC45     		cmp	ip, r5
 491 001a 5AD0     		beq	.L39
 492              	.LVL47:
 493              	.L28:
 326:../../../../../../Drivers/PY32E407_HAL_Driver/Src/py32e407_hal_gpio.c ****       {
 327:../../../../../../Drivers/PY32E407_HAL_Driver/Src/py32e407_hal_gpio.c ****         /* Clear EXTI line configuration */
 328:../../../../../../Drivers/PY32E407_HAL_Driver/Src/py32e407_hal_gpio.c ****         EXTI->IMR1 &= ~(iocurrent);
 329:../../../../../../Drivers/PY32E407_HAL_Driver/Src/py32e407_hal_gpio.c ****         EXTI->EMR1 &= ~(iocurrent);
 330:../../../../../../Drivers/PY32E407_HAL_Driver/Src/py32e407_hal_gpio.c **** 
 331:../../../../../../Drivers/PY32E407_HAL_Driver/Src/py32e407_hal_gpio.c ****         /* Clear Rising Falling edge configuration */
 332:../../../../../../Drivers/PY32E407_HAL_Driver/Src/py32e407_hal_gpio.c ****         EXTI->RTSR &= ~(iocurrent);
 333:../../../../../../Drivers/PY32E407_HAL_Driver/Src/py32e407_hal_gpio.c ****         EXTI->FTSR &= ~(iocurrent);
 334:../../../../../../Drivers/PY32E407_HAL_Driver/Src/py32e407_hal_gpio.c **** 
 335:../../../../../../Drivers/PY32E407_HAL_Driver/Src/py32e407_hal_gpio.c ****         tmp = 0x0FuL << (4u * (position & 0x03u));              
 336:../../../../../../Drivers/PY32E407_HAL_Driver/Src/py32e407_hal_gpio.c ****         SYSCFG->EXTICR[position >> 2u] &= ~tmp;
 337:../../../../../../Drivers/PY32E407_HAL_Driver/Src/py32e407_hal_gpio.c ****       }
 338:../../../../../../Drivers/PY32E407_HAL_Driver/Src/py32e407_hal_gpio.c **** 
 339:../../../../../../Drivers/PY32E407_HAL_Driver/Src/py32e407_hal_gpio.c ****       /*------------------------- GPIO Mode Configuration --------------------*/
 340:../../../../../../Drivers/PY32E407_HAL_Driver/Src/py32e407_hal_gpio.c ****       /* Configure IO in Analog Mode */
 341:../../../../../../Drivers/PY32E407_HAL_Driver/Src/py32e407_hal_gpio.c ****       GPIOx->MODER |= (GPIO_MODER_MODE0 << (position * 2u));
 494              		.loc 1 341 7 is_stmt 1 view .LVU183
 495              		.loc 1 341 20 is_stmt 0 view .LVU184
 496 001c 0468     		ldr	r4, [r0]
 497              		.loc 1 341 54 view .LVU185
 498 001e 5D00     		lsls	r5, r3, #1
 499              		.loc 1 341 41 view .LVU186
 500 0020 4FF0030C 		mov	ip, #3
 501 0024 0CFA05FC 		lsl	ip, ip, r5
 502              		.loc 1 341 20 view .LVU187
 503 0028 44EA0C04 		orr	r4, r4, ip
 504 002c 0460     		str	r4, [r0]
 342:../../../../../../Drivers/PY32E407_HAL_Driver/Src/py32e407_hal_gpio.c **** 
 343:../../../../../../Drivers/PY32E407_HAL_Driver/Src/py32e407_hal_gpio.c ****       /* Configure the default Alternate Function in current IO */
 344:../../../../../../Drivers/PY32E407_HAL_Driver/Src/py32e407_hal_gpio.c ****       GPIOx->AFR[position >> 3u] &= ~(0xFu << ((position & 0x07u) * 4u)) ;
 505              		.loc 1 344 7 is_stmt 1 view .LVU188
 506              		.loc 1 344 34 is_stmt 0 view .LVU189
 507 002e 4FEAD30E 		lsr	lr, r3, #3
 508 0032 0EF1080E 		add	lr, lr, #8
 509 0036 50F82E40 		ldr	r4, [r0, lr, lsl #2]
 510              		.loc 1 344 58 view .LVU190
 511 003a 03F00705 		and	r5, r3, #7
 512              		.loc 1 344 67 view .LVU191
 513 003e AE00     		lsls	r6, r5, #2
 514              		.loc 1 344 44 view .LVU192
 515 0040 0F25     		movs	r5, #15
 516 0042 B540     		lsls	r5, r5, r6
 517              		.loc 1 344 34 view .LVU193
 518 0044 24EA0504 		bic	r4, r4, r5
 519 0048 40F82E40 		str	r4, [r0, lr, lsl #2]
 345:../../../../../../Drivers/PY32E407_HAL_Driver/Src/py32e407_hal_gpio.c **** 
 346:../../../../../../Drivers/PY32E407_HAL_Driver/Src/py32e407_hal_gpio.c ****       /* Configure the default value for IO Speed */
ARM GAS  C:\Users\user\AppData\Local\Temp\ccDs4wtS.s 			page 18


 347:../../../../../../Drivers/PY32E407_HAL_Driver/Src/py32e407_hal_gpio.c ****       GPIOx->OSPEEDR &= ~(GPIO_OSPEEDR_OSPEED0 << (position * 2u));
 520              		.loc 1 347 7 is_stmt 1 view .LVU194
 521              		.loc 1 347 22 is_stmt 0 view .LVU195
 522 004c 8468     		ldr	r4, [r0, #8]
 523 004e 24EA0C04 		bic	r4, r4, ip
 524 0052 8460     		str	r4, [r0, #8]
 348:../../../../../../Drivers/PY32E407_HAL_Driver/Src/py32e407_hal_gpio.c **** 
 349:../../../../../../Drivers/PY32E407_HAL_Driver/Src/py32e407_hal_gpio.c ****       /* Configure the default value IO Output Type */
 350:../../../../../../Drivers/PY32E407_HAL_Driver/Src/py32e407_hal_gpio.c ****       GPIOx->OTYPER  &= ~(GPIO_OTYPER_OT0 << position) ;
 525              		.loc 1 350 7 is_stmt 1 view .LVU196
 526              		.loc 1 350 22 is_stmt 0 view .LVU197
 527 0054 4468     		ldr	r4, [r0, #4]
 528 0056 24EA0202 		bic	r2, r4, r2
 529              	.LVL48:
 530              		.loc 1 350 22 view .LVU198
 531 005a 4260     		str	r2, [r0, #4]
 351:../../../../../../Drivers/PY32E407_HAL_Driver/Src/py32e407_hal_gpio.c **** 
 352:../../../../../../Drivers/PY32E407_HAL_Driver/Src/py32e407_hal_gpio.c ****       /* Deactivate the Pull-up and Pull-down resistor for the current IO */
 353:../../../../../../Drivers/PY32E407_HAL_Driver/Src/py32e407_hal_gpio.c ****       GPIOx->PUPDR &= ~(GPIO_PUPDR_PUPD0 << (position * 2u));
 532              		.loc 1 353 7 is_stmt 1 view .LVU199
 533              		.loc 1 353 20 is_stmt 0 view .LVU200
 534 005c C268     		ldr	r2, [r0, #12]
 535 005e 22EA0C02 		bic	r2, r2, ip
 536 0062 C260     		str	r2, [r0, #12]
 537              	.L26:
 354:../../../../../../Drivers/PY32E407_HAL_Driver/Src/py32e407_hal_gpio.c ****     }
 355:../../../../../../Drivers/PY32E407_HAL_Driver/Src/py32e407_hal_gpio.c **** 
 356:../../../../../../Drivers/PY32E407_HAL_Driver/Src/py32e407_hal_gpio.c ****     position++;
 538              		.loc 1 356 5 is_stmt 1 view .LVU201
 539              		.loc 1 356 13 is_stmt 0 view .LVU202
 540 0064 0133     		adds	r3, r3, #1
 541              	.LVL49:
 313:../../../../../../Drivers/PY32E407_HAL_Driver/Src/py32e407_hal_gpio.c ****   {
 542              		.loc 1 313 9 is_stmt 1 view .LVU203
 543 0066 31FA03F2 		lsrs	r2, r1, r3
 544 006a 52D0     		beq	.L40
 545              	.LVL50:
 546              	.L29:
 316:../../../../../../Drivers/PY32E407_HAL_Driver/Src/py32e407_hal_gpio.c **** 
 547              		.loc 1 316 5 view .LVU204
 316:../../../../../../Drivers/PY32E407_HAL_Driver/Src/py32e407_hal_gpio.c **** 
 548              		.loc 1 316 35 is_stmt 0 view .LVU205
 549 006c 0122     		movs	r2, #1
 550 006e 9A40     		lsls	r2, r2, r3
 551              	.LVL51:
 318:../../../../../../Drivers/PY32E407_HAL_Driver/Src/py32e407_hal_gpio.c ****     {
 552              		.loc 1 318 5 is_stmt 1 view .LVU206
 318:../../../../../../Drivers/PY32E407_HAL_Driver/Src/py32e407_hal_gpio.c ****     {
 553              		.loc 1 318 8 is_stmt 0 view .LVU207
 554 0070 12EA0107 		ands	r7, r2, r1
 555              	.LVL52:
 318:../../../../../../Drivers/PY32E407_HAL_Driver/Src/py32e407_hal_gpio.c ****     {
 556              		.loc 1 318 8 view .LVU208
 557 0074 F6D0     		beq	.L26
 323:../../../../../../Drivers/PY32E407_HAL_Driver/Src/py32e407_hal_gpio.c ****       tmp &= (0x0FuL << (4u * (position & 0x03u)));
 558              		.loc 1 323 7 is_stmt 1 view .LVU209
 323:../../../../../../Drivers/PY32E407_HAL_Driver/Src/py32e407_hal_gpio.c ****       tmp &= (0x0FuL << (4u * (position & 0x03u)));
ARM GAS  C:\Users\user\AppData\Local\Temp\ccDs4wtS.s 			page 19


 559              		.loc 1 323 37 is_stmt 0 view .LVU210
 560 0076 4FEA930E 		lsr	lr, r3, #2
 323:../../../../../../Drivers/PY32E407_HAL_Driver/Src/py32e407_hal_gpio.c ****       tmp &= (0x0FuL << (4u * (position & 0x03u)));
 561              		.loc 1 323 11 view .LVU211
 562 007a 0EF1040C 		add	ip, lr, #4
 563 007e 4FEA8C0C 		lsl	ip, ip, #2
 564 0082 0CF1804C 		add	ip, ip, #1073741824
 565 0086 0CF5803C 		add	ip, ip, #65536
 566 008a DCF80450 		ldr	r5, [ip, #4]
 567              	.LVL53:
 324:../../../../../../Drivers/PY32E407_HAL_Driver/Src/py32e407_hal_gpio.c ****       if (tmp == (GPIO_GET_INDEX(GPIOx) << (4u * (position & 0x03u)))) 
 568              		.loc 1 324 7 is_stmt 1 view .LVU212
 324:../../../../../../Drivers/PY32E407_HAL_Driver/Src/py32e407_hal_gpio.c ****       if (tmp == (GPIO_GET_INDEX(GPIOx) << (4u * (position & 0x03u)))) 
 569              		.loc 1 324 41 is_stmt 0 view .LVU213
 570 008e 03F0030C 		and	ip, r3, #3
 324:../../../../../../Drivers/PY32E407_HAL_Driver/Src/py32e407_hal_gpio.c ****       if (tmp == (GPIO_GET_INDEX(GPIOx) << (4u * (position & 0x03u)))) 
 571              		.loc 1 324 29 view .LVU214
 572 0092 4FEA8C0C 		lsl	ip, ip, #2
 324:../../../../../../Drivers/PY32E407_HAL_Driver/Src/py32e407_hal_gpio.c ****       if (tmp == (GPIO_GET_INDEX(GPIOx) << (4u * (position & 0x03u)))) 
 573              		.loc 1 324 22 view .LVU215
 574 0096 0F24     		movs	r4, #15
 575 0098 04FA0CF4 		lsl	r4, r4, ip
 324:../../../../../../Drivers/PY32E407_HAL_Driver/Src/py32e407_hal_gpio.c ****       if (tmp == (GPIO_GET_INDEX(GPIOx) << (4u * (position & 0x03u)))) 
 576              		.loc 1 324 11 view .LVU216
 577 009c 2540     		ands	r5, r5, r4
 578              	.LVL54:
 325:../../../../../../Drivers/PY32E407_HAL_Driver/Src/py32e407_hal_gpio.c ****       {
 579              		.loc 1 325 7 is_stmt 1 view .LVU217
 325:../../../../../../Drivers/PY32E407_HAL_Driver/Src/py32e407_hal_gpio.c ****       {
 580              		.loc 1 325 19 is_stmt 0 view .LVU218
 581 009e B0F1904F 		cmp	r0, #1207959552
 582 00a2 B6D0     		beq	.L30
 325:../../../../../../Drivers/PY32E407_HAL_Driver/Src/py32e407_hal_gpio.c ****       {
 583              		.loc 1 325 19 discriminator 1 view .LVU219
 584 00a4 1C4E     		ldr	r6, .L42
 585 00a6 B042     		cmp	r0, r6
 586 00a8 0DD0     		beq	.L31
 325:../../../../../../Drivers/PY32E407_HAL_Driver/Src/py32e407_hal_gpio.c ****       {
 587              		.loc 1 325 19 discriminator 3 view .LVU220
 588 00aa 06F58066 		add	r6, r6, #1024
 589 00ae B042     		cmp	r0, r6
 590 00b0 0BD0     		beq	.L32
 325:../../../../../../Drivers/PY32E407_HAL_Driver/Src/py32e407_hal_gpio.c ****       {
 591              		.loc 1 325 19 discriminator 5 view .LVU221
 592 00b2 06F58066 		add	r6, r6, #1024
 593 00b6 B042     		cmp	r0, r6
 594 00b8 09D0     		beq	.L33
 325:../../../../../../Drivers/PY32E407_HAL_Driver/Src/py32e407_hal_gpio.c ****       {
 595              		.loc 1 325 19 discriminator 7 view .LVU222
 596 00ba 06F58066 		add	r6, r6, #1024
 597 00be B042     		cmp	r0, r6
 598 00c0 A5D0     		beq	.L41
 325:../../../../../../Drivers/PY32E407_HAL_Driver/Src/py32e407_hal_gpio.c ****       {
 599              		.loc 1 325 19 view .LVU223
 600 00c2 0526     		movs	r6, #5
 601 00c4 A6E7     		b	.L27
 602              	.L31:
ARM GAS  C:\Users\user\AppData\Local\Temp\ccDs4wtS.s 			page 20


 603 00c6 0126     		movs	r6, #1
 604 00c8 A4E7     		b	.L27
 605              	.L32:
 606 00ca 0226     		movs	r6, #2
 607 00cc A2E7     		b	.L27
 608              	.L33:
 609 00ce 0326     		movs	r6, #3
 610 00d0 A0E7     		b	.L27
 611              	.L39:
 328:../../../../../../Drivers/PY32E407_HAL_Driver/Src/py32e407_hal_gpio.c ****         EXTI->EMR1 &= ~(iocurrent);
 612              		.loc 1 328 9 is_stmt 1 view .LVU224
 328:../../../../../../Drivers/PY32E407_HAL_Driver/Src/py32e407_hal_gpio.c ****         EXTI->EMR1 &= ~(iocurrent);
 613              		.loc 1 328 20 is_stmt 0 view .LVU225
 614 00d2 124D     		ldr	r5, .L42+4
 615              	.LVL55:
 328:../../../../../../Drivers/PY32E407_HAL_Driver/Src/py32e407_hal_gpio.c ****         EXTI->EMR1 &= ~(iocurrent);
 616              		.loc 1 328 20 view .LVU226
 617 00d4 2E68     		ldr	r6, [r5]
 618 00d6 26EA0706 		bic	r6, r6, r7
 619 00da 2E60     		str	r6, [r5]
 329:../../../../../../Drivers/PY32E407_HAL_Driver/Src/py32e407_hal_gpio.c **** 
 620              		.loc 1 329 9 is_stmt 1 view .LVU227
 329:../../../../../../Drivers/PY32E407_HAL_Driver/Src/py32e407_hal_gpio.c **** 
 621              		.loc 1 329 20 is_stmt 0 view .LVU228
 622 00dc 6E68     		ldr	r6, [r5, #4]
 623 00de 26EA0706 		bic	r6, r6, r7
 624 00e2 6E60     		str	r6, [r5, #4]
 332:../../../../../../Drivers/PY32E407_HAL_Driver/Src/py32e407_hal_gpio.c ****         EXTI->FTSR &= ~(iocurrent);
 625              		.loc 1 332 9 is_stmt 1 view .LVU229
 332:../../../../../../Drivers/PY32E407_HAL_Driver/Src/py32e407_hal_gpio.c ****         EXTI->FTSR &= ~(iocurrent);
 626              		.loc 1 332 20 is_stmt 0 view .LVU230
 627 00e4 AE68     		ldr	r6, [r5, #8]
 628 00e6 26EA0706 		bic	r6, r6, r7
 629 00ea AE60     		str	r6, [r5, #8]
 333:../../../../../../Drivers/PY32E407_HAL_Driver/Src/py32e407_hal_gpio.c **** 
 630              		.loc 1 333 9 is_stmt 1 view .LVU231
 333:../../../../../../Drivers/PY32E407_HAL_Driver/Src/py32e407_hal_gpio.c **** 
 631              		.loc 1 333 20 is_stmt 0 view .LVU232
 632 00ec EE68     		ldr	r6, [r5, #12]
 633 00ee 26EA0707 		bic	r7, r6, r7
 634              	.LVL56:
 333:../../../../../../Drivers/PY32E407_HAL_Driver/Src/py32e407_hal_gpio.c **** 
 635              		.loc 1 333 20 view .LVU233
 636 00f2 EF60     		str	r7, [r5, #12]
 335:../../../../../../Drivers/PY32E407_HAL_Driver/Src/py32e407_hal_gpio.c ****         SYSCFG->EXTICR[position >> 2u] &= ~tmp;
 637              		.loc 1 335 9 is_stmt 1 view .LVU234
 638              	.LVL57:
 336:../../../../../../Drivers/PY32E407_HAL_Driver/Src/py32e407_hal_gpio.c ****       }
 639              		.loc 1 336 9 view .LVU235
 336:../../../../../../Drivers/PY32E407_HAL_Driver/Src/py32e407_hal_gpio.c ****       }
 640              		.loc 1 336 40 is_stmt 0 view .LVU236
 641 00f4 0EF1040E 		add	lr, lr, #4
 642 00f8 4FEA8E0E 		lsl	lr, lr, #2
 643 00fc 0EF1804E 		add	lr, lr, #1073741824
 644 0100 0EF5803E 		add	lr, lr, #65536
 645 0104 DEF80450 		ldr	r5, [lr, #4]
 646 0108 25EA0404 		bic	r4, r5, r4
ARM GAS  C:\Users\user\AppData\Local\Temp\ccDs4wtS.s 			page 21


 647              	.LVL58:
 336:../../../../../../Drivers/PY32E407_HAL_Driver/Src/py32e407_hal_gpio.c ****       }
 648              		.loc 1 336 40 view .LVU237
 649 010c CEF80440 		str	r4, [lr, #4]
 650 0110 84E7     		b	.L28
 651              	.LVL59:
 652              	.L40:
 357:../../../../../../Drivers/PY32E407_HAL_Driver/Src/py32e407_hal_gpio.c ****   }
 358:../../../../../../Drivers/PY32E407_HAL_Driver/Src/py32e407_hal_gpio.c **** }
 653              		.loc 1 358 1 view .LVU238
 654 0112 F0BD     		pop	{r4, r5, r6, r7, pc}
 655              	.LVL60:
 656              	.L38:
 657              	.LCFI4:
 658              		.cfi_def_cfa_offset 0
 659              		.cfi_restore 4
 660              		.cfi_restore 5
 661              		.cfi_restore 6
 662              		.cfi_restore 7
 663              		.cfi_restore 14
 664              		.loc 1 358 1 view .LVU239
 665 0114 7047     		bx	lr
 666              	.L43:
 667 0116 00BF     		.align	2
 668              	.L42:
 669 0118 00040048 		.word	1207960576
 670 011c 00040140 		.word	1073808384
 671              		.cfi_endproc
 672              	.LFE137:
 674              		.section	.text.HAL_GPIO_ReadPin,"ax",%progbits
 675              		.align	1
 676              		.global	HAL_GPIO_ReadPin
 677              		.syntax unified
 678              		.thumb
 679              		.thumb_func
 681              	HAL_GPIO_ReadPin:
 682              	.LVL61:
 683              	.LFB138:
 359:../../../../../../Drivers/PY32E407_HAL_Driver/Src/py32e407_hal_gpio.c **** 
 360:../../../../../../Drivers/PY32E407_HAL_Driver/Src/py32e407_hal_gpio.c **** /**
 361:../../../../../../Drivers/PY32E407_HAL_Driver/Src/py32e407_hal_gpio.c ****   * @}
 362:../../../../../../Drivers/PY32E407_HAL_Driver/Src/py32e407_hal_gpio.c ****   */
 363:../../../../../../Drivers/PY32E407_HAL_Driver/Src/py32e407_hal_gpio.c **** 
 364:../../../../../../Drivers/PY32E407_HAL_Driver/Src/py32e407_hal_gpio.c **** /** @addtogroup GPIO_Exported_Functions_Group2
 365:../../../../../../Drivers/PY32E407_HAL_Driver/Src/py32e407_hal_gpio.c ****  *  @brief GPIO Read, Write, Toggle, Lock and EXTI management functions.
 366:../../../../../../Drivers/PY32E407_HAL_Driver/Src/py32e407_hal_gpio.c ****  *
 367:../../../../../../Drivers/PY32E407_HAL_Driver/Src/py32e407_hal_gpio.c **** @verbatim
 368:../../../../../../Drivers/PY32E407_HAL_Driver/Src/py32e407_hal_gpio.c ****  ===============================================================================
 369:../../../../../../Drivers/PY32E407_HAL_Driver/Src/py32e407_hal_gpio.c ****                        ##### IO operation functions #####
 370:../../../../../../Drivers/PY32E407_HAL_Driver/Src/py32e407_hal_gpio.c ****  ===============================================================================
 371:../../../../../../Drivers/PY32E407_HAL_Driver/Src/py32e407_hal_gpio.c **** 
 372:../../../../../../Drivers/PY32E407_HAL_Driver/Src/py32e407_hal_gpio.c **** @endverbatim
 373:../../../../../../Drivers/PY32E407_HAL_Driver/Src/py32e407_hal_gpio.c ****   * @{
 374:../../../../../../Drivers/PY32E407_HAL_Driver/Src/py32e407_hal_gpio.c ****   */
 375:../../../../../../Drivers/PY32E407_HAL_Driver/Src/py32e407_hal_gpio.c **** 
 376:../../../../../../Drivers/PY32E407_HAL_Driver/Src/py32e407_hal_gpio.c **** /**
 377:../../../../../../Drivers/PY32E407_HAL_Driver/Src/py32e407_hal_gpio.c ****   * @brief  Read the specified input port pin.
ARM GAS  C:\Users\user\AppData\Local\Temp\ccDs4wtS.s 			page 22


 378:../../../../../../Drivers/PY32E407_HAL_Driver/Src/py32e407_hal_gpio.c ****   * @param  GPIOx where x can be (A..F) to select the GPIO peripheral for PY32E4 family
 379:../../../../../../Drivers/PY32E407_HAL_Driver/Src/py32e407_hal_gpio.c ****   * @param  GPIO_Pin specifies the port bit to read.
 380:../../../../../../Drivers/PY32E407_HAL_Driver/Src/py32e407_hal_gpio.c ****   *         This parameter can be any combination of GPIO_Pin_x where x can be (0..15).
 381:../../../../../../Drivers/PY32E407_HAL_Driver/Src/py32e407_hal_gpio.c ****   * @retval The input port pin value.
 382:../../../../../../Drivers/PY32E407_HAL_Driver/Src/py32e407_hal_gpio.c ****   */
 383:../../../../../../Drivers/PY32E407_HAL_Driver/Src/py32e407_hal_gpio.c **** GPIO_PinState HAL_GPIO_ReadPin(GPIO_TypeDef *GPIOx, uint16_t GPIO_Pin)
 384:../../../../../../Drivers/PY32E407_HAL_Driver/Src/py32e407_hal_gpio.c **** {
 684              		.loc 1 384 1 is_stmt 1 view -0
 685              		.cfi_startproc
 686              		@ args = 0, pretend = 0, frame = 0
 687              		@ frame_needed = 0, uses_anonymous_args = 0
 688              		@ link register save eliminated.
 385:../../../../../../Drivers/PY32E407_HAL_Driver/Src/py32e407_hal_gpio.c ****   GPIO_PinState bitstatus;
 689              		.loc 1 385 3 view .LVU241
 386:../../../../../../Drivers/PY32E407_HAL_Driver/Src/py32e407_hal_gpio.c **** 
 387:../../../../../../Drivers/PY32E407_HAL_Driver/Src/py32e407_hal_gpio.c ****   /* Check the parameters */
 388:../../../../../../Drivers/PY32E407_HAL_Driver/Src/py32e407_hal_gpio.c ****   assert_param(IS_GPIO_PIN(GPIO_Pin));
 690              		.loc 1 388 3 view .LVU242
 389:../../../../../../Drivers/PY32E407_HAL_Driver/Src/py32e407_hal_gpio.c **** 
 390:../../../../../../Drivers/PY32E407_HAL_Driver/Src/py32e407_hal_gpio.c ****   if ((GPIOx->IDR & GPIO_Pin) != 0x00u)
 691              		.loc 1 390 3 view .LVU243
 692              		.loc 1 390 13 is_stmt 0 view .LVU244
 693 0000 0369     		ldr	r3, [r0, #16]
 694              		.loc 1 390 6 view .LVU245
 695 0002 1942     		tst	r1, r3
 696 0004 01D0     		beq	.L46
 391:../../../../../../Drivers/PY32E407_HAL_Driver/Src/py32e407_hal_gpio.c ****   {
 392:../../../../../../Drivers/PY32E407_HAL_Driver/Src/py32e407_hal_gpio.c ****     bitstatus = GPIO_PIN_SET;
 697              		.loc 1 392 15 view .LVU246
 698 0006 0120     		movs	r0, #1
 699              	.LVL62:
 700              		.loc 1 392 15 view .LVU247
 701 0008 7047     		bx	lr
 702              	.LVL63:
 703              	.L46:
 393:../../../../../../Drivers/PY32E407_HAL_Driver/Src/py32e407_hal_gpio.c ****   }
 394:../../../../../../Drivers/PY32E407_HAL_Driver/Src/py32e407_hal_gpio.c ****   else
 395:../../../../../../Drivers/PY32E407_HAL_Driver/Src/py32e407_hal_gpio.c ****   {
 396:../../../../../../Drivers/PY32E407_HAL_Driver/Src/py32e407_hal_gpio.c ****     bitstatus = GPIO_PIN_RESET;
 704              		.loc 1 396 15 view .LVU248
 705 000a 0020     		movs	r0, #0
 706              	.LVL64:
 397:../../../../../../Drivers/PY32E407_HAL_Driver/Src/py32e407_hal_gpio.c ****   }
 398:../../../../../../Drivers/PY32E407_HAL_Driver/Src/py32e407_hal_gpio.c ****   return bitstatus;
 707              		.loc 1 398 3 is_stmt 1 view .LVU249
 399:../../../../../../Drivers/PY32E407_HAL_Driver/Src/py32e407_hal_gpio.c **** }
 708              		.loc 1 399 1 is_stmt 0 view .LVU250
 709 000c 7047     		bx	lr
 710              		.cfi_endproc
 711              	.LFE138:
 713              		.section	.text.HAL_GPIO_WritePin,"ax",%progbits
 714              		.align	1
 715              		.global	HAL_GPIO_WritePin
 716              		.syntax unified
 717              		.thumb
 718              		.thumb_func
 720              	HAL_GPIO_WritePin:
ARM GAS  C:\Users\user\AppData\Local\Temp\ccDs4wtS.s 			page 23


 721              	.LVL65:
 722              	.LFB139:
 400:../../../../../../Drivers/PY32E407_HAL_Driver/Src/py32e407_hal_gpio.c **** 
 401:../../../../../../Drivers/PY32E407_HAL_Driver/Src/py32e407_hal_gpio.c **** /**
 402:../../../../../../Drivers/PY32E407_HAL_Driver/Src/py32e407_hal_gpio.c ****   * @brief  Set or clear the selected data port bit.
 403:../../../../../../Drivers/PY32E407_HAL_Driver/Src/py32e407_hal_gpio.c ****   * @note   This function uses GPIOx_BSRR and GPIOx_BRR registers to allow atomic read/modify
 404:../../../../../../Drivers/PY32E407_HAL_Driver/Src/py32e407_hal_gpio.c ****   *         accesses. In this way, there is no risk of an IRQ occurring between
 405:../../../../../../Drivers/PY32E407_HAL_Driver/Src/py32e407_hal_gpio.c ****   *         the read and the modify access.
 406:../../../../../../Drivers/PY32E407_HAL_Driver/Src/py32e407_hal_gpio.c ****   * @param  GPIOx where x can be (A..F) to select the GPIO peripheral for PY32E4 family
 407:../../../../../../Drivers/PY32E407_HAL_Driver/Src/py32e407_hal_gpio.c ****   * @param  GPIO_Pin specifies the port bit to be written.
 408:../../../../../../Drivers/PY32E407_HAL_Driver/Src/py32e407_hal_gpio.c ****   *         This parameter can be any combination of GPIO_Pin_x where x can be (0..15).
 409:../../../../../../Drivers/PY32E407_HAL_Driver/Src/py32e407_hal_gpio.c ****   * @param  PinState specifies the value to be written to the selected bit.
 410:../../../../../../Drivers/PY32E407_HAL_Driver/Src/py32e407_hal_gpio.c ****   *         This parameter can be one of the GPIO_PinState enum values:
 411:../../../../../../Drivers/PY32E407_HAL_Driver/Src/py32e407_hal_gpio.c ****   *            @arg GPIO_PIN_RESET: to clear the port pin
 412:../../../../../../Drivers/PY32E407_HAL_Driver/Src/py32e407_hal_gpio.c ****   *            @arg GPIO_PIN_SET: to set the port pin
 413:../../../../../../Drivers/PY32E407_HAL_Driver/Src/py32e407_hal_gpio.c ****   * @retval None
 414:../../../../../../Drivers/PY32E407_HAL_Driver/Src/py32e407_hal_gpio.c ****   */
 415:../../../../../../Drivers/PY32E407_HAL_Driver/Src/py32e407_hal_gpio.c **** void HAL_GPIO_WritePin(GPIO_TypeDef *GPIOx, uint16_t GPIO_Pin, GPIO_PinState PinState)
 416:../../../../../../Drivers/PY32E407_HAL_Driver/Src/py32e407_hal_gpio.c **** {
 723              		.loc 1 416 1 is_stmt 1 view -0
 724              		.cfi_startproc
 725              		@ args = 0, pretend = 0, frame = 0
 726              		@ frame_needed = 0, uses_anonymous_args = 0
 727              		@ link register save eliminated.
 417:../../../../../../Drivers/PY32E407_HAL_Driver/Src/py32e407_hal_gpio.c ****   /* Check the parameters */
 418:../../../../../../Drivers/PY32E407_HAL_Driver/Src/py32e407_hal_gpio.c ****   assert_param(IS_GPIO_PIN(GPIO_Pin));
 728              		.loc 1 418 3 view .LVU252
 419:../../../../../../Drivers/PY32E407_HAL_Driver/Src/py32e407_hal_gpio.c ****   assert_param(IS_GPIO_PIN_ACTION(PinState));
 729              		.loc 1 419 3 view .LVU253
 420:../../../../../../Drivers/PY32E407_HAL_Driver/Src/py32e407_hal_gpio.c **** 
 421:../../../../../../Drivers/PY32E407_HAL_Driver/Src/py32e407_hal_gpio.c ****   if (PinState != GPIO_PIN_RESET)
 730              		.loc 1 421 3 view .LVU254
 731              		.loc 1 421 6 is_stmt 0 view .LVU255
 732 0000 0AB1     		cbz	r2, .L48
 422:../../../../../../Drivers/PY32E407_HAL_Driver/Src/py32e407_hal_gpio.c ****   {
 423:../../../../../../Drivers/PY32E407_HAL_Driver/Src/py32e407_hal_gpio.c ****     GPIOx->BSRR = (uint32_t)GPIO_Pin;
 733              		.loc 1 423 5 is_stmt 1 view .LVU256
 734              		.loc 1 423 17 is_stmt 0 view .LVU257
 735 0002 8161     		str	r1, [r0, #24]
 736 0004 7047     		bx	lr
 737              	.L48:
 424:../../../../../../Drivers/PY32E407_HAL_Driver/Src/py32e407_hal_gpio.c ****   }
 425:../../../../../../Drivers/PY32E407_HAL_Driver/Src/py32e407_hal_gpio.c ****   else
 426:../../../../../../Drivers/PY32E407_HAL_Driver/Src/py32e407_hal_gpio.c ****   {
 427:../../../../../../Drivers/PY32E407_HAL_Driver/Src/py32e407_hal_gpio.c ****     GPIOx->BRR = (uint32_t)GPIO_Pin;
 738              		.loc 1 427 5 is_stmt 1 view .LVU258
 739              		.loc 1 427 16 is_stmt 0 view .LVU259
 740 0006 8162     		str	r1, [r0, #40]
 428:../../../../../../Drivers/PY32E407_HAL_Driver/Src/py32e407_hal_gpio.c ****   }
 429:../../../../../../Drivers/PY32E407_HAL_Driver/Src/py32e407_hal_gpio.c **** }
 741              		.loc 1 429 1 view .LVU260
 742 0008 7047     		bx	lr
 743              		.cfi_endproc
 744              	.LFE139:
 746              		.section	.text.HAL_GPIO_TogglePin,"ax",%progbits
 747              		.align	1
 748              		.global	HAL_GPIO_TogglePin
ARM GAS  C:\Users\user\AppData\Local\Temp\ccDs4wtS.s 			page 24


 749              		.syntax unified
 750              		.thumb
 751              		.thumb_func
 753              	HAL_GPIO_TogglePin:
 754              	.LVL66:
 755              	.LFB140:
 430:../../../../../../Drivers/PY32E407_HAL_Driver/Src/py32e407_hal_gpio.c **** 
 431:../../../../../../Drivers/PY32E407_HAL_Driver/Src/py32e407_hal_gpio.c **** /**
 432:../../../../../../Drivers/PY32E407_HAL_Driver/Src/py32e407_hal_gpio.c ****   * @brief  Toggle the specified GPIO pin.
 433:../../../../../../Drivers/PY32E407_HAL_Driver/Src/py32e407_hal_gpio.c ****   * @param  GPIOx where x can be (A..F) to select the GPIO peripheral for PY32E4 family
 434:../../../../../../Drivers/PY32E407_HAL_Driver/Src/py32e407_hal_gpio.c ****   * @param  GPIO_Pin specifies the pin to be toggled.
 435:../../../../../../Drivers/PY32E407_HAL_Driver/Src/py32e407_hal_gpio.c ****   *         This parameter can be any combination of GPIO_Pin_x where x can be (0..15).
 436:../../../../../../Drivers/PY32E407_HAL_Driver/Src/py32e407_hal_gpio.c ****   * @retval None
 437:../../../../../../Drivers/PY32E407_HAL_Driver/Src/py32e407_hal_gpio.c ****   */
 438:../../../../../../Drivers/PY32E407_HAL_Driver/Src/py32e407_hal_gpio.c **** void HAL_GPIO_TogglePin(GPIO_TypeDef *GPIOx, uint16_t GPIO_Pin)
 439:../../../../../../Drivers/PY32E407_HAL_Driver/Src/py32e407_hal_gpio.c **** {
 756              		.loc 1 439 1 is_stmt 1 view -0
 757              		.cfi_startproc
 758              		@ args = 0, pretend = 0, frame = 0
 759              		@ frame_needed = 0, uses_anonymous_args = 0
 760              		@ link register save eliminated.
 440:../../../../../../Drivers/PY32E407_HAL_Driver/Src/py32e407_hal_gpio.c ****   /* Check the parameters */
 441:../../../../../../Drivers/PY32E407_HAL_Driver/Src/py32e407_hal_gpio.c ****   assert_param(IS_GPIO_PIN(GPIO_Pin));
 761              		.loc 1 441 3 view .LVU262
 442:../../../../../../Drivers/PY32E407_HAL_Driver/Src/py32e407_hal_gpio.c **** 
 443:../../../../../../Drivers/PY32E407_HAL_Driver/Src/py32e407_hal_gpio.c ****   if ((GPIOx->ODR & GPIO_Pin) != 0x00u)
 762              		.loc 1 443 3 view .LVU263
 763              		.loc 1 443 13 is_stmt 0 view .LVU264
 764 0000 4369     		ldr	r3, [r0, #20]
 765              		.loc 1 443 6 view .LVU265
 766 0002 0B42     		tst	r3, r1
 767 0004 01D0     		beq	.L51
 444:../../../../../../Drivers/PY32E407_HAL_Driver/Src/py32e407_hal_gpio.c ****   {
 445:../../../../../../Drivers/PY32E407_HAL_Driver/Src/py32e407_hal_gpio.c ****     GPIOx->BRR = (uint32_t)GPIO_Pin;
 768              		.loc 1 445 5 is_stmt 1 view .LVU266
 769              		.loc 1 445 16 is_stmt 0 view .LVU267
 770 0006 8162     		str	r1, [r0, #40]
 771 0008 7047     		bx	lr
 772              	.L51:
 446:../../../../../../Drivers/PY32E407_HAL_Driver/Src/py32e407_hal_gpio.c ****   }
 447:../../../../../../Drivers/PY32E407_HAL_Driver/Src/py32e407_hal_gpio.c ****   else
 448:../../../../../../Drivers/PY32E407_HAL_Driver/Src/py32e407_hal_gpio.c ****   {
 449:../../../../../../Drivers/PY32E407_HAL_Driver/Src/py32e407_hal_gpio.c ****     GPIOx->BSRR = (uint32_t)GPIO_Pin;
 773              		.loc 1 449 5 is_stmt 1 view .LVU268
 774              		.loc 1 449 17 is_stmt 0 view .LVU269
 775 000a 8161     		str	r1, [r0, #24]
 450:../../../../../../Drivers/PY32E407_HAL_Driver/Src/py32e407_hal_gpio.c ****   }
 451:../../../../../../Drivers/PY32E407_HAL_Driver/Src/py32e407_hal_gpio.c **** }
 776              		.loc 1 451 1 view .LVU270
 777 000c 7047     		bx	lr
 778              		.cfi_endproc
 779              	.LFE140:
 781              		.section	.text.HAL_GPIO_LockPin,"ax",%progbits
 782              		.align	1
 783              		.global	HAL_GPIO_LockPin
 784              		.syntax unified
 785              		.thumb
ARM GAS  C:\Users\user\AppData\Local\Temp\ccDs4wtS.s 			page 25


 786              		.thumb_func
 788              	HAL_GPIO_LockPin:
 789              	.LVL67:
 790              	.LFB141:
 452:../../../../../../Drivers/PY32E407_HAL_Driver/Src/py32e407_hal_gpio.c **** 
 453:../../../../../../Drivers/PY32E407_HAL_Driver/Src/py32e407_hal_gpio.c **** /**
 454:../../../../../../Drivers/PY32E407_HAL_Driver/Src/py32e407_hal_gpio.c ****   * @brief  Lock GPIO Pins configuration registers.
 455:../../../../../../Drivers/PY32E407_HAL_Driver/Src/py32e407_hal_gpio.c ****   * @note   The locked registers are GPIOx_MODER, GPIOx_OTYPER, GPIOx_OSPEEDR,
 456:../../../../../../Drivers/PY32E407_HAL_Driver/Src/py32e407_hal_gpio.c ****   *         GPIOx_PUPDR, GPIOx_AFRL and GPIOx_AFRH.
 457:../../../../../../Drivers/PY32E407_HAL_Driver/Src/py32e407_hal_gpio.c ****   * @note   The configuration of the locked GPIO pins can no longer be modified
 458:../../../../../../Drivers/PY32E407_HAL_Driver/Src/py32e407_hal_gpio.c ****   *         until the next reset.
 459:../../../../../../Drivers/PY32E407_HAL_Driver/Src/py32e407_hal_gpio.c ****   * @param  GPIOx where x can be (A..F) to select the GPIO peripheral for PY32E4 family
 460:../../../../../../Drivers/PY32E407_HAL_Driver/Src/py32e407_hal_gpio.c ****   * @param  GPIO_Pin specifies the port bits to be locked.
 461:../../../../../../Drivers/PY32E407_HAL_Driver/Src/py32e407_hal_gpio.c ****   *         This parameter can be any combination of GPIO_Pin_x where x can be (0..15).
 462:../../../../../../Drivers/PY32E407_HAL_Driver/Src/py32e407_hal_gpio.c ****   * @retval None
 463:../../../../../../Drivers/PY32E407_HAL_Driver/Src/py32e407_hal_gpio.c ****   */
 464:../../../../../../Drivers/PY32E407_HAL_Driver/Src/py32e407_hal_gpio.c **** HAL_StatusTypeDef HAL_GPIO_LockPin(GPIO_TypeDef *GPIOx, uint16_t GPIO_Pin)
 465:../../../../../../Drivers/PY32E407_HAL_Driver/Src/py32e407_hal_gpio.c **** {
 791              		.loc 1 465 1 is_stmt 1 view -0
 792              		.cfi_startproc
 793              		@ args = 0, pretend = 0, frame = 8
 794              		@ frame_needed = 0, uses_anonymous_args = 0
 795              		@ link register save eliminated.
 796              		.loc 1 465 1 is_stmt 0 view .LVU272
 797 0000 82B0     		sub	sp, sp, #8
 798              	.LCFI5:
 799              		.cfi_def_cfa_offset 8
 466:../../../../../../Drivers/PY32E407_HAL_Driver/Src/py32e407_hal_gpio.c ****   __IO uint32_t tmp = GPIO_LCKR_LCKK;
 800              		.loc 1 466 3 is_stmt 1 view .LVU273
 801              		.loc 1 466 17 is_stmt 0 view .LVU274
 802 0002 4FF48033 		mov	r3, #65536
 803 0006 0193     		str	r3, [sp, #4]
 467:../../../../../../Drivers/PY32E407_HAL_Driver/Src/py32e407_hal_gpio.c **** 
 468:../../../../../../Drivers/PY32E407_HAL_Driver/Src/py32e407_hal_gpio.c ****   /* Check the parameters */
 469:../../../../../../Drivers/PY32E407_HAL_Driver/Src/py32e407_hal_gpio.c ****   assert_param(IS_GPIO_LOCK_INSTANCE(GPIOx));
 804              		.loc 1 469 3 is_stmt 1 view .LVU275
 470:../../../../../../Drivers/PY32E407_HAL_Driver/Src/py32e407_hal_gpio.c ****   assert_param(IS_GPIO_PIN(GPIO_Pin));
 805              		.loc 1 470 3 view .LVU276
 471:../../../../../../Drivers/PY32E407_HAL_Driver/Src/py32e407_hal_gpio.c **** 
 472:../../../../../../Drivers/PY32E407_HAL_Driver/Src/py32e407_hal_gpio.c ****   /* Apply lock key write sequence */
 473:../../../../../../Drivers/PY32E407_HAL_Driver/Src/py32e407_hal_gpio.c ****   tmp |= GPIO_Pin;
 806              		.loc 1 473 3 view .LVU277
 807              		.loc 1 473 7 is_stmt 0 view .LVU278
 808 0008 019B     		ldr	r3, [sp, #4]
 809 000a 0B43     		orrs	r3, r3, r1
 810 000c 0193     		str	r3, [sp, #4]
 474:../../../../../../Drivers/PY32E407_HAL_Driver/Src/py32e407_hal_gpio.c ****   /* Set LCKx bit(s): LCKK='1' + LCK[15-0] */
 475:../../../../../../Drivers/PY32E407_HAL_Driver/Src/py32e407_hal_gpio.c ****   GPIOx->LCKR = tmp;
 811              		.loc 1 475 3 is_stmt 1 view .LVU279
 812              		.loc 1 475 15 is_stmt 0 view .LVU280
 813 000e 019B     		ldr	r3, [sp, #4]
 814 0010 C361     		str	r3, [r0, #28]
 476:../../../../../../Drivers/PY32E407_HAL_Driver/Src/py32e407_hal_gpio.c ****   /* Reset LCKx bit(s): LCKK='0' + LCK[15-0] */
 477:../../../../../../Drivers/PY32E407_HAL_Driver/Src/py32e407_hal_gpio.c ****   GPIOx->LCKR = GPIO_Pin;
 815              		.loc 1 477 3 is_stmt 1 view .LVU281
 816              		.loc 1 477 15 is_stmt 0 view .LVU282
 817 0012 C161     		str	r1, [r0, #28]
ARM GAS  C:\Users\user\AppData\Local\Temp\ccDs4wtS.s 			page 26


 478:../../../../../../Drivers/PY32E407_HAL_Driver/Src/py32e407_hal_gpio.c ****   /* Set LCKx bit(s): LCKK='1' + LCK[15-0] */
 479:../../../../../../Drivers/PY32E407_HAL_Driver/Src/py32e407_hal_gpio.c ****   GPIOx->LCKR = tmp;
 818              		.loc 1 479 3 is_stmt 1 view .LVU283
 819              		.loc 1 479 15 is_stmt 0 view .LVU284
 820 0014 019B     		ldr	r3, [sp, #4]
 821 0016 C361     		str	r3, [r0, #28]
 480:../../../../../../Drivers/PY32E407_HAL_Driver/Src/py32e407_hal_gpio.c ****   /* Read LCKK register. This read is mandatory to complete key lock sequence */
 481:../../../../../../Drivers/PY32E407_HAL_Driver/Src/py32e407_hal_gpio.c ****   tmp = GPIOx->LCKR;
 822              		.loc 1 481 3 is_stmt 1 view .LVU285
 823              		.loc 1 481 14 is_stmt 0 view .LVU286
 824 0018 C369     		ldr	r3, [r0, #28]
 825              		.loc 1 481 7 view .LVU287
 826 001a 0193     		str	r3, [sp, #4]
 482:../../../../../../Drivers/PY32E407_HAL_Driver/Src/py32e407_hal_gpio.c **** 
 483:../../../../../../Drivers/PY32E407_HAL_Driver/Src/py32e407_hal_gpio.c ****   /* read again in order to confirm lock is active */
 484:../../../../../../Drivers/PY32E407_HAL_Driver/Src/py32e407_hal_gpio.c ****   if ((GPIOx->LCKR & GPIO_LCKR_LCKK) != 0x00u)
 827              		.loc 1 484 3 is_stmt 1 view .LVU288
 828              		.loc 1 484 13 is_stmt 0 view .LVU289
 829 001c C369     		ldr	r3, [r0, #28]
 830              		.loc 1 484 6 view .LVU290
 831 001e 13F4803F 		tst	r3, #65536
 832 0022 02D0     		beq	.L55
 485:../../../../../../Drivers/PY32E407_HAL_Driver/Src/py32e407_hal_gpio.c ****   {
 486:../../../../../../Drivers/PY32E407_HAL_Driver/Src/py32e407_hal_gpio.c ****     return HAL_OK;
 833              		.loc 1 486 12 view .LVU291
 834 0024 0020     		movs	r0, #0
 835              	.LVL68:
 836              	.L54:
 487:../../../../../../Drivers/PY32E407_HAL_Driver/Src/py32e407_hal_gpio.c ****   }
 488:../../../../../../Drivers/PY32E407_HAL_Driver/Src/py32e407_hal_gpio.c ****   else
 489:../../../../../../Drivers/PY32E407_HAL_Driver/Src/py32e407_hal_gpio.c ****   {
 490:../../../../../../Drivers/PY32E407_HAL_Driver/Src/py32e407_hal_gpio.c ****     return HAL_ERROR;
 491:../../../../../../Drivers/PY32E407_HAL_Driver/Src/py32e407_hal_gpio.c ****   }
 492:../../../../../../Drivers/PY32E407_HAL_Driver/Src/py32e407_hal_gpio.c **** }
 837              		.loc 1 492 1 view .LVU292
 838 0026 02B0     		add	sp, sp, #8
 839              	.LCFI6:
 840              		.cfi_remember_state
 841              		.cfi_def_cfa_offset 0
 842              		@ sp needed
 843 0028 7047     		bx	lr
 844              	.LVL69:
 845              	.L55:
 846              	.LCFI7:
 847              		.cfi_restore_state
 490:../../../../../../Drivers/PY32E407_HAL_Driver/Src/py32e407_hal_gpio.c ****   }
 848              		.loc 1 490 12 view .LVU293
 849 002a 0120     		movs	r0, #1
 850              	.LVL70:
 490:../../../../../../Drivers/PY32E407_HAL_Driver/Src/py32e407_hal_gpio.c ****   }
 851              		.loc 1 490 12 view .LVU294
 852 002c FBE7     		b	.L54
 853              		.cfi_endproc
 854              	.LFE141:
 856              		.section	.text.HAL_GPIO_EXTI_Callback,"ax",%progbits
 857              		.align	1
 858              		.weak	HAL_GPIO_EXTI_Callback
ARM GAS  C:\Users\user\AppData\Local\Temp\ccDs4wtS.s 			page 27


 859              		.syntax unified
 860              		.thumb
 861              		.thumb_func
 863              	HAL_GPIO_EXTI_Callback:
 864              	.LVL71:
 865              	.LFB142:
 493:../../../../../../Drivers/PY32E407_HAL_Driver/Src/py32e407_hal_gpio.c **** 
 494:../../../../../../Drivers/PY32E407_HAL_Driver/Src/py32e407_hal_gpio.c **** __weak void HAL_GPIO_EXTI_Callback(uint16_t GPIO_Pin)
 495:../../../../../../Drivers/PY32E407_HAL_Driver/Src/py32e407_hal_gpio.c **** {
 866              		.loc 1 495 1 is_stmt 1 view -0
 867              		.cfi_startproc
 868              		@ args = 0, pretend = 0, frame = 0
 869              		@ frame_needed = 0, uses_anonymous_args = 0
 870              		@ link register save eliminated.
 496:../../../../../../Drivers/PY32E407_HAL_Driver/Src/py32e407_hal_gpio.c ****   /* Prevent unused argument(s) compilation warning */
 497:../../../../../../Drivers/PY32E407_HAL_Driver/Src/py32e407_hal_gpio.c ****   UNUSED(GPIO_Pin);
 871              		.loc 1 497 3 view .LVU296
 498:../../../../../../Drivers/PY32E407_HAL_Driver/Src/py32e407_hal_gpio.c **** 
 499:../../../../../../Drivers/PY32E407_HAL_Driver/Src/py32e407_hal_gpio.c ****   /* NOTE: This function should not be modified, when the callback is needed,
 500:../../../../../../Drivers/PY32E407_HAL_Driver/Src/py32e407_hal_gpio.c ****            the HAL_GPIO_EXTI_Callback could be implemented in the user file
 501:../../../../../../Drivers/PY32E407_HAL_Driver/Src/py32e407_hal_gpio.c ****    */
 502:../../../../../../Drivers/PY32E407_HAL_Driver/Src/py32e407_hal_gpio.c **** }
 872              		.loc 1 502 1 is_stmt 0 view .LVU297
 873 0000 7047     		bx	lr
 874              		.cfi_endproc
 875              	.LFE142:
 877              		.section	.text.HAL_GPIO_EXTI_IRQHandler,"ax",%progbits
 878              		.align	1
 879              		.global	HAL_GPIO_EXTI_IRQHandler
 880              		.syntax unified
 881              		.thumb
 882              		.thumb_func
 884              	HAL_GPIO_EXTI_IRQHandler:
 885              	.LVL72:
 886              	.LFB143:
 503:../../../../../../Drivers/PY32E407_HAL_Driver/Src/py32e407_hal_gpio.c **** 
 504:../../../../../../Drivers/PY32E407_HAL_Driver/Src/py32e407_hal_gpio.c **** /**
 505:../../../../../../Drivers/PY32E407_HAL_Driver/Src/py32e407_hal_gpio.c ****   * @brief  Handle EXTI interrupt request.
 506:../../../../../../Drivers/PY32E407_HAL_Driver/Src/py32e407_hal_gpio.c ****   * @param  GPIO_Pin Specifies the port pin connected to corresponding EXTI line.
 507:../../../../../../Drivers/PY32E407_HAL_Driver/Src/py32e407_hal_gpio.c ****   * @retval None
 508:../../../../../../Drivers/PY32E407_HAL_Driver/Src/py32e407_hal_gpio.c ****   */
 509:../../../../../../Drivers/PY32E407_HAL_Driver/Src/py32e407_hal_gpio.c **** void HAL_GPIO_EXTI_IRQHandler(uint16_t GPIO_Pin)
 510:../../../../../../Drivers/PY32E407_HAL_Driver/Src/py32e407_hal_gpio.c **** {
 887              		.loc 1 510 1 is_stmt 1 view -0
 888              		.cfi_startproc
 889              		@ args = 0, pretend = 0, frame = 0
 890              		@ frame_needed = 0, uses_anonymous_args = 0
 891              		.loc 1 510 1 is_stmt 0 view .LVU299
 892 0000 08B5     		push	{r3, lr}
 893              	.LCFI8:
 894              		.cfi_def_cfa_offset 8
 895              		.cfi_offset 3, -8
 896              		.cfi_offset 14, -4
 511:../../../../../../Drivers/PY32E407_HAL_Driver/Src/py32e407_hal_gpio.c ****   /* EXTI line interrupt detected */
 512:../../../../../../Drivers/PY32E407_HAL_Driver/Src/py32e407_hal_gpio.c ****   if(__HAL_GPIO_EXTI_GET_IT(GPIO_Pin) != 0x00u)
 897              		.loc 1 512 3 is_stmt 1 view .LVU300
 898              		.loc 1 512 6 is_stmt 0 view .LVU301
ARM GAS  C:\Users\user\AppData\Local\Temp\ccDs4wtS.s 			page 28


 899 0002 054B     		ldr	r3, .L62
 900 0004 5B69     		ldr	r3, [r3, #20]
 901              		.loc 1 512 5 view .LVU302
 902 0006 0342     		tst	r3, r0
 903 0008 00D1     		bne	.L61
 904              	.LVL73:
 905              	.L58:
 513:../../../../../../Drivers/PY32E407_HAL_Driver/Src/py32e407_hal_gpio.c ****   {
 514:../../../../../../Drivers/PY32E407_HAL_Driver/Src/py32e407_hal_gpio.c ****     __HAL_GPIO_EXTI_CLEAR_IT(GPIO_Pin);
 515:../../../../../../Drivers/PY32E407_HAL_Driver/Src/py32e407_hal_gpio.c ****     HAL_GPIO_EXTI_Callback(GPIO_Pin);
 516:../../../../../../Drivers/PY32E407_HAL_Driver/Src/py32e407_hal_gpio.c ****   }
 517:../../../../../../Drivers/PY32E407_HAL_Driver/Src/py32e407_hal_gpio.c **** }
 906              		.loc 1 517 1 view .LVU303
 907 000a 08BD     		pop	{r3, pc}
 908              	.LVL74:
 909              	.L61:
 514:../../../../../../Drivers/PY32E407_HAL_Driver/Src/py32e407_hal_gpio.c ****     HAL_GPIO_EXTI_Callback(GPIO_Pin);
 910              		.loc 1 514 5 is_stmt 1 view .LVU304
 911 000c 024B     		ldr	r3, .L62
 912 000e 5861     		str	r0, [r3, #20]
 515:../../../../../../Drivers/PY32E407_HAL_Driver/Src/py32e407_hal_gpio.c ****   }
 913              		.loc 1 515 5 view .LVU305
 914 0010 FFF7FEFF 		bl	HAL_GPIO_EXTI_Callback
 915              	.LVL75:
 916              		.loc 1 517 1 is_stmt 0 view .LVU306
 917 0014 F9E7     		b	.L58
 918              	.L63:
 919 0016 00BF     		.align	2
 920              	.L62:
 921 0018 00040140 		.word	1073808384
 922              		.cfi_endproc
 923              	.LFE143:
 925              		.section	.text.HAL_GPIO_EXTI_Rising_Callback,"ax",%progbits
 926              		.align	1
 927              		.weak	HAL_GPIO_EXTI_Rising_Callback
 928              		.syntax unified
 929              		.thumb
 930              		.thumb_func
 932              	HAL_GPIO_EXTI_Rising_Callback:
 933              	.LVL76:
 934              	.LFB144:
 518:../../../../../../Drivers/PY32E407_HAL_Driver/Src/py32e407_hal_gpio.c **** 
 519:../../../../../../Drivers/PY32E407_HAL_Driver/Src/py32e407_hal_gpio.c **** /**
 520:../../../../../../Drivers/PY32E407_HAL_Driver/Src/py32e407_hal_gpio.c ****   * @brief  EXTI line detection callback.
 521:../../../../../../Drivers/PY32E407_HAL_Driver/Src/py32e407_hal_gpio.c ****   * @param  GPIO_Pin Specifies the port pin connected to corresponding EXTI line.
 522:../../../../../../Drivers/PY32E407_HAL_Driver/Src/py32e407_hal_gpio.c ****   * @retval None
 523:../../../../../../Drivers/PY32E407_HAL_Driver/Src/py32e407_hal_gpio.c ****   */
 524:../../../../../../Drivers/PY32E407_HAL_Driver/Src/py32e407_hal_gpio.c **** __weak void HAL_GPIO_EXTI_Rising_Callback(uint16_t GPIO_Pin)
 525:../../../../../../Drivers/PY32E407_HAL_Driver/Src/py32e407_hal_gpio.c **** {
 935              		.loc 1 525 1 is_stmt 1 view -0
 936              		.cfi_startproc
 937              		@ args = 0, pretend = 0, frame = 0
 938              		@ frame_needed = 0, uses_anonymous_args = 0
 939              		@ link register save eliminated.
 526:../../../../../../Drivers/PY32E407_HAL_Driver/Src/py32e407_hal_gpio.c ****   /* Prevent unused argument(s) compilation warning */
 527:../../../../../../Drivers/PY32E407_HAL_Driver/Src/py32e407_hal_gpio.c ****   UNUSED(GPIO_Pin);
 940              		.loc 1 527 3 view .LVU308
ARM GAS  C:\Users\user\AppData\Local\Temp\ccDs4wtS.s 			page 29


 528:../../../../../../Drivers/PY32E407_HAL_Driver/Src/py32e407_hal_gpio.c **** 
 529:../../../../../../Drivers/PY32E407_HAL_Driver/Src/py32e407_hal_gpio.c ****   /* NOTE: This function should not be modified, when the callback is needed,
 530:../../../../../../Drivers/PY32E407_HAL_Driver/Src/py32e407_hal_gpio.c ****            the HAL_GPIO_EXTI_Rising_Callback could be implemented in the user file
 531:../../../../../../Drivers/PY32E407_HAL_Driver/Src/py32e407_hal_gpio.c ****    */
 532:../../../../../../Drivers/PY32E407_HAL_Driver/Src/py32e407_hal_gpio.c **** }
 941              		.loc 1 532 1 is_stmt 0 view .LVU309
 942 0000 7047     		bx	lr
 943              		.cfi_endproc
 944              	.LFE144:
 946              		.section	.text.HAL_GPIO_EXTI_Falling_Callback,"ax",%progbits
 947              		.align	1
 948              		.weak	HAL_GPIO_EXTI_Falling_Callback
 949              		.syntax unified
 950              		.thumb
 951              		.thumb_func
 953              	HAL_GPIO_EXTI_Falling_Callback:
 954              	.LVL77:
 955              	.LFB145:
 533:../../../../../../Drivers/PY32E407_HAL_Driver/Src/py32e407_hal_gpio.c **** 
 534:../../../../../../Drivers/PY32E407_HAL_Driver/Src/py32e407_hal_gpio.c **** /**
 535:../../../../../../Drivers/PY32E407_HAL_Driver/Src/py32e407_hal_gpio.c ****   * @brief  EXTI line detection callback.
 536:../../../../../../Drivers/PY32E407_HAL_Driver/Src/py32e407_hal_gpio.c ****   * @param  GPIO_Pin Specifies the port pin connected to corresponding EXTI line.
 537:../../../../../../Drivers/PY32E407_HAL_Driver/Src/py32e407_hal_gpio.c ****   * @retval None
 538:../../../../../../Drivers/PY32E407_HAL_Driver/Src/py32e407_hal_gpio.c ****   */
 539:../../../../../../Drivers/PY32E407_HAL_Driver/Src/py32e407_hal_gpio.c **** __weak void HAL_GPIO_EXTI_Falling_Callback(uint16_t GPIO_Pin)
 540:../../../../../../Drivers/PY32E407_HAL_Driver/Src/py32e407_hal_gpio.c **** {
 956              		.loc 1 540 1 is_stmt 1 view -0
 957              		.cfi_startproc
 958              		@ args = 0, pretend = 0, frame = 0
 959              		@ frame_needed = 0, uses_anonymous_args = 0
 960              		@ link register save eliminated.
 541:../../../../../../Drivers/PY32E407_HAL_Driver/Src/py32e407_hal_gpio.c ****   /* Prevent unused argument(s) compilation warning */
 542:../../../../../../Drivers/PY32E407_HAL_Driver/Src/py32e407_hal_gpio.c ****   UNUSED(GPIO_Pin);
 961              		.loc 1 542 3 view .LVU311
 543:../../../../../../Drivers/PY32E407_HAL_Driver/Src/py32e407_hal_gpio.c **** 
 544:../../../../../../Drivers/PY32E407_HAL_Driver/Src/py32e407_hal_gpio.c ****   /* NOTE: This function should not be modified, when the callback is needed,
 545:../../../../../../Drivers/PY32E407_HAL_Driver/Src/py32e407_hal_gpio.c ****            the HAL_GPIO_EXTI_Falling_Callback could be implemented in the user file
 546:../../../../../../Drivers/PY32E407_HAL_Driver/Src/py32e407_hal_gpio.c ****    */
 547:../../../../../../Drivers/PY32E407_HAL_Driver/Src/py32e407_hal_gpio.c **** }
 962              		.loc 1 547 1 is_stmt 0 view .LVU312
 963 0000 7047     		bx	lr
 964              		.cfi_endproc
 965              	.LFE145:
 967              		.text
 968              	.Letext0:
 969              		.file 2 "c:\\program files (x86)\\puyasde\\tool\\arm-none-eabi\\include\\machine\\_default_types.h
 970              		.file 3 "c:\\program files (x86)\\puyasde\\tool\\arm-none-eabi\\include\\sys\\_stdint.h"
 971              		.file 4 "../../../../../../Drivers/CMSIS/Device/PUYA/PY32E407/Include/py32e407xE.h"
 972              		.file 5 "../../../../../../Drivers/PY32E407_HAL_Driver/Inc/py32e407_hal_def.h"
 973              		.file 6 "../../../../../../Drivers/PY32E407_HAL_Driver/Inc/py32e407_hal_gpio.h"
ARM GAS  C:\Users\user\AppData\Local\Temp\ccDs4wtS.s 			page 30


DEFINED SYMBOLS
                            *ABS*:00000000 py32e407_hal_gpio.c
C:\Users\user\AppData\Local\Temp\ccDs4wtS.s:20     .text.HAL_GPIO_Init:00000000 $t
C:\Users\user\AppData\Local\Temp\ccDs4wtS.s:26     .text.HAL_GPIO_Init:00000000 HAL_GPIO_Init
C:\Users\user\AppData\Local\Temp\ccDs4wtS.s:437    .text.HAL_GPIO_Init:00000198 $d
C:\Users\user\AppData\Local\Temp\ccDs4wtS.s:444    .text.HAL_GPIO_DeInit:00000000 $t
C:\Users\user\AppData\Local\Temp\ccDs4wtS.s:450    .text.HAL_GPIO_DeInit:00000000 HAL_GPIO_DeInit
C:\Users\user\AppData\Local\Temp\ccDs4wtS.s:669    .text.HAL_GPIO_DeInit:00000118 $d
C:\Users\user\AppData\Local\Temp\ccDs4wtS.s:675    .text.HAL_GPIO_ReadPin:00000000 $t
C:\Users\user\AppData\Local\Temp\ccDs4wtS.s:681    .text.HAL_GPIO_ReadPin:00000000 HAL_GPIO_ReadPin
C:\Users\user\AppData\Local\Temp\ccDs4wtS.s:714    .text.HAL_GPIO_WritePin:00000000 $t
C:\Users\user\AppData\Local\Temp\ccDs4wtS.s:720    .text.HAL_GPIO_WritePin:00000000 HAL_GPIO_WritePin
C:\Users\user\AppData\Local\Temp\ccDs4wtS.s:747    .text.HAL_GPIO_TogglePin:00000000 $t
C:\Users\user\AppData\Local\Temp\ccDs4wtS.s:753    .text.HAL_GPIO_TogglePin:00000000 HAL_GPIO_TogglePin
C:\Users\user\AppData\Local\Temp\ccDs4wtS.s:782    .text.HAL_GPIO_LockPin:00000000 $t
C:\Users\user\AppData\Local\Temp\ccDs4wtS.s:788    .text.HAL_GPIO_LockPin:00000000 HAL_GPIO_LockPin
C:\Users\user\AppData\Local\Temp\ccDs4wtS.s:857    .text.HAL_GPIO_EXTI_Callback:00000000 $t
C:\Users\user\AppData\Local\Temp\ccDs4wtS.s:863    .text.HAL_GPIO_EXTI_Callback:00000000 HAL_GPIO_EXTI_Callback
C:\Users\user\AppData\Local\Temp\ccDs4wtS.s:878    .text.HAL_GPIO_EXTI_IRQHandler:00000000 $t
C:\Users\user\AppData\Local\Temp\ccDs4wtS.s:884    .text.HAL_GPIO_EXTI_IRQHandler:00000000 HAL_GPIO_EXTI_IRQHandler
C:\Users\user\AppData\Local\Temp\ccDs4wtS.s:921    .text.HAL_GPIO_EXTI_IRQHandler:00000018 $d
C:\Users\user\AppData\Local\Temp\ccDs4wtS.s:926    .text.HAL_GPIO_EXTI_Rising_Callback:00000000 $t
C:\Users\user\AppData\Local\Temp\ccDs4wtS.s:932    .text.HAL_GPIO_EXTI_Rising_Callback:00000000 HAL_GPIO_EXTI_Rising_Callback
C:\Users\user\AppData\Local\Temp\ccDs4wtS.s:947    .text.HAL_GPIO_EXTI_Falling_Callback:00000000 $t
C:\Users\user\AppData\Local\Temp\ccDs4wtS.s:953    .text.HAL_GPIO_EXTI_Falling_Callback:00000000 HAL_GPIO_EXTI_Falling_Callback

NO UNDEFINED SYMBOLS
