ARM GAS  C:\Users\user\AppData\Local\Temp\cci4XqOd.s 			page 1


   1              		.cpu cortex-m4
   2              		.arch armv7e-m
   3              		.fpu fpv4-sp-d16
   4              		.eabi_attribute 27, 1
   5              		.eabi_attribute 28, 1
   6              		.eabi_attribute 20, 1
   7              		.eabi_attribute 21, 1
   8              		.eabi_attribute 23, 3
   9              		.eabi_attribute 24, 1
  10              		.eabi_attribute 25, 1
  11              		.eabi_attribute 26, 1
  12              		.eabi_attribute 30, 1
  13              		.eabi_attribute 34, 1
  14              		.eabi_attribute 18, 4
  15              		.file	"py32e407_hal_dma.c"
  16              		.text
  17              	.Ltext0:
  18              		.cfi_sections	.debug_frame
  19              		.section	.text.DMA_SetConfig,"ax",%progbits
  20              		.align	1
  21              		.syntax unified
  22              		.thumb
  23              		.thumb_func
  25              	DMA_SetConfig:
  26              	.LVL0:
  27              	.LFB149:
  28              		.file 1 "../../../../../../Drivers/PY32E407_HAL_Driver/Src/py32e407_hal_dma.c"
   1:../../../../../../Drivers/PY32E407_HAL_Driver/Src/py32e407_hal_dma.c **** /**
   2:../../../../../../Drivers/PY32E407_HAL_Driver/Src/py32e407_hal_dma.c ****   ******************************************************************************
   3:../../../../../../Drivers/PY32E407_HAL_Driver/Src/py32e407_hal_dma.c ****   * @file    py32e407_hal_dma.c
   4:../../../../../../Drivers/PY32E407_HAL_Driver/Src/py32e407_hal_dma.c ****   * @author  MCU Application Team
   5:../../../../../../Drivers/PY32E407_HAL_Driver/Src/py32e407_hal_dma.c ****   * @brief   DMA HAL module driver.
   6:../../../../../../Drivers/PY32E407_HAL_Driver/Src/py32e407_hal_dma.c ****   *         This file provides firmware functions to manage the following
   7:../../../../../../Drivers/PY32E407_HAL_Driver/Src/py32e407_hal_dma.c ****   *         functionalities of the Direct Memory Access (DMA) peripheral:
   8:../../../../../../Drivers/PY32E407_HAL_Driver/Src/py32e407_hal_dma.c ****   *           + Initialization and de-initialization functions
   9:../../../../../../Drivers/PY32E407_HAL_Driver/Src/py32e407_hal_dma.c ****   *           + IO operation functions
  10:../../../../../../Drivers/PY32E407_HAL_Driver/Src/py32e407_hal_dma.c ****   *           + Peripheral State and errors functions
  11:../../../../../../Drivers/PY32E407_HAL_Driver/Src/py32e407_hal_dma.c ****   ******************************************************************************
  12:../../../../../../Drivers/PY32E407_HAL_Driver/Src/py32e407_hal_dma.c ****   * @attention
  13:../../../../../../Drivers/PY32E407_HAL_Driver/Src/py32e407_hal_dma.c ****   *
  14:../../../../../../Drivers/PY32E407_HAL_Driver/Src/py32e407_hal_dma.c ****   * <h2><center>&copy; Copyright (c) 2023 Puya Semiconductor Co.
  15:../../../../../../Drivers/PY32E407_HAL_Driver/Src/py32e407_hal_dma.c ****   * All rights reserved.</center></h2>
  16:../../../../../../Drivers/PY32E407_HAL_Driver/Src/py32e407_hal_dma.c ****   *
  17:../../../../../../Drivers/PY32E407_HAL_Driver/Src/py32e407_hal_dma.c ****   * This software component is licensed by Puya under BSD 3-Clause license,
  18:../../../../../../Drivers/PY32E407_HAL_Driver/Src/py32e407_hal_dma.c ****   * the "License"; You may not use this file except in compliance with the
  19:../../../../../../Drivers/PY32E407_HAL_Driver/Src/py32e407_hal_dma.c ****   * License. You may obtain a copy of the License at:
  20:../../../../../../Drivers/PY32E407_HAL_Driver/Src/py32e407_hal_dma.c ****   *                        opensource.org/licenses/BSD-3-Clause
  21:../../../../../../Drivers/PY32E407_HAL_Driver/Src/py32e407_hal_dma.c ****   *
  22:../../../../../../Drivers/PY32E407_HAL_Driver/Src/py32e407_hal_dma.c ****   ******************************************************************************
  23:../../../../../../Drivers/PY32E407_HAL_Driver/Src/py32e407_hal_dma.c ****   * @attention
  24:../../../../../../Drivers/PY32E407_HAL_Driver/Src/py32e407_hal_dma.c ****   *
  25:../../../../../../Drivers/PY32E407_HAL_Driver/Src/py32e407_hal_dma.c ****   * <h2><center>&copy; Copyright (c) 2016 STMicroelectronics.
  26:../../../../../../Drivers/PY32E407_HAL_Driver/Src/py32e407_hal_dma.c ****   * All rights reserved.</center></h2>
  27:../../../../../../Drivers/PY32E407_HAL_Driver/Src/py32e407_hal_dma.c ****   *
  28:../../../../../../Drivers/PY32E407_HAL_Driver/Src/py32e407_hal_dma.c ****   * This software component is licensed by ST under BSD 3-Clause license,
  29:../../../../../../Drivers/PY32E407_HAL_Driver/Src/py32e407_hal_dma.c ****   * the "License"; You may not use this file except in compliance with the
  30:../../../../../../Drivers/PY32E407_HAL_Driver/Src/py32e407_hal_dma.c ****   * License. You may obtain a copy of the License at:
ARM GAS  C:\Users\user\AppData\Local\Temp\cci4XqOd.s 			page 2


  31:../../../../../../Drivers/PY32E407_HAL_Driver/Src/py32e407_hal_dma.c ****   *                        opensource.org/licenses/BSD-3-Clause
  32:../../../../../../Drivers/PY32E407_HAL_Driver/Src/py32e407_hal_dma.c ****   *
  33:../../../../../../Drivers/PY32E407_HAL_Driver/Src/py32e407_hal_dma.c ****   ******************************************************************************
  34:../../../../../../Drivers/PY32E407_HAL_Driver/Src/py32e407_hal_dma.c ****   */
  35:../../../../../../Drivers/PY32E407_HAL_Driver/Src/py32e407_hal_dma.c **** 
  36:../../../../../../Drivers/PY32E407_HAL_Driver/Src/py32e407_hal_dma.c **** /* Includes ------------------------------------------------------------------*/
  37:../../../../../../Drivers/PY32E407_HAL_Driver/Src/py32e407_hal_dma.c **** #include "py32e4xx_hal.h"
  38:../../../../../../Drivers/PY32E407_HAL_Driver/Src/py32e407_hal_dma.c **** 
  39:../../../../../../Drivers/PY32E407_HAL_Driver/Src/py32e407_hal_dma.c **** /** @addtogroup PY32E407_HAL_Driver
  40:../../../../../../Drivers/PY32E407_HAL_Driver/Src/py32e407_hal_dma.c ****   * @{
  41:../../../../../../Drivers/PY32E407_HAL_Driver/Src/py32e407_hal_dma.c ****   */
  42:../../../../../../Drivers/PY32E407_HAL_Driver/Src/py32e407_hal_dma.c **** 
  43:../../../../../../Drivers/PY32E407_HAL_Driver/Src/py32e407_hal_dma.c **** /** @defgroup DMA DMA
  44:../../../../../../Drivers/PY32E407_HAL_Driver/Src/py32e407_hal_dma.c ****   * @brief DMA HAL module driver
  45:../../../../../../Drivers/PY32E407_HAL_Driver/Src/py32e407_hal_dma.c ****   * @{
  46:../../../../../../Drivers/PY32E407_HAL_Driver/Src/py32e407_hal_dma.c ****   */
  47:../../../../../../Drivers/PY32E407_HAL_Driver/Src/py32e407_hal_dma.c **** 
  48:../../../../../../Drivers/PY32E407_HAL_Driver/Src/py32e407_hal_dma.c **** #ifdef HAL_DMA_MODULE_ENABLED
  49:../../../../../../Drivers/PY32E407_HAL_Driver/Src/py32e407_hal_dma.c **** 
  50:../../../../../../Drivers/PY32E407_HAL_Driver/Src/py32e407_hal_dma.c **** /* Private typedef -----------------------------------------------------------*/
  51:../../../../../../Drivers/PY32E407_HAL_Driver/Src/py32e407_hal_dma.c **** /* Private define ------------------------------------------------------------*/
  52:../../../../../../Drivers/PY32E407_HAL_Driver/Src/py32e407_hal_dma.c **** /** @addtogroup DMA_Private_Define DMA Private Define
  53:../../../../../../Drivers/PY32E407_HAL_Driver/Src/py32e407_hal_dma.c ****   * @{
  54:../../../../../../Drivers/PY32E407_HAL_Driver/Src/py32e407_hal_dma.c ****   */
  55:../../../../../../Drivers/PY32E407_HAL_Driver/Src/py32e407_hal_dma.c **** #define DMA_ABORT_TIMEOUT     2000U  /* DMA abort timeout */
  56:../../../../../../Drivers/PY32E407_HAL_Driver/Src/py32e407_hal_dma.c **** /**
  57:../../../../../../Drivers/PY32E407_HAL_Driver/Src/py32e407_hal_dma.c ****   * @}
  58:../../../../../../Drivers/PY32E407_HAL_Driver/Src/py32e407_hal_dma.c ****   */
  59:../../../../../../Drivers/PY32E407_HAL_Driver/Src/py32e407_hal_dma.c **** /* Private macro -------------------------------------------------------------*/
  60:../../../../../../Drivers/PY32E407_HAL_Driver/Src/py32e407_hal_dma.c **** /* Private variables ---------------------------------------------------------*/
  61:../../../../../../Drivers/PY32E407_HAL_Driver/Src/py32e407_hal_dma.c **** /* Private function prototypes -----------------------------------------------*/
  62:../../../../../../Drivers/PY32E407_HAL_Driver/Src/py32e407_hal_dma.c **** /** @defgroup DMA_Private_Functions DMA Private Functions
  63:../../../../../../Drivers/PY32E407_HAL_Driver/Src/py32e407_hal_dma.c ****   * @{
  64:../../../../../../Drivers/PY32E407_HAL_Driver/Src/py32e407_hal_dma.c ****   */
  65:../../../../../../Drivers/PY32E407_HAL_Driver/Src/py32e407_hal_dma.c **** static void DMA_SetConfig(DMA_HandleTypeDef *hdma, uint32_t SrcAddress, uint32_t DstAddress, uint32
  66:../../../../../../Drivers/PY32E407_HAL_Driver/Src/py32e407_hal_dma.c **** static void DMA_BlockTransferComplete(DMA_HandleTypeDef *hdma);
  67:../../../../../../Drivers/PY32E407_HAL_Driver/Src/py32e407_hal_dma.c **** /**
  68:../../../../../../Drivers/PY32E407_HAL_Driver/Src/py32e407_hal_dma.c ****   * @}
  69:../../../../../../Drivers/PY32E407_HAL_Driver/Src/py32e407_hal_dma.c ****   */
  70:../../../../../../Drivers/PY32E407_HAL_Driver/Src/py32e407_hal_dma.c **** /* Exported functions ---------------------------------------------------------*/
  71:../../../../../../Drivers/PY32E407_HAL_Driver/Src/py32e407_hal_dma.c **** 
  72:../../../../../../Drivers/PY32E407_HAL_Driver/Src/py32e407_hal_dma.c **** /** @defgroup DMA_Exported_Functions DMA Exported Functions
  73:../../../../../../Drivers/PY32E407_HAL_Driver/Src/py32e407_hal_dma.c ****   * @{
  74:../../../../../../Drivers/PY32E407_HAL_Driver/Src/py32e407_hal_dma.c ****   */
  75:../../../../../../Drivers/PY32E407_HAL_Driver/Src/py32e407_hal_dma.c **** 
  76:../../../../../../Drivers/PY32E407_HAL_Driver/Src/py32e407_hal_dma.c **** /** @defgroup DMA_Exported_Functions_Group1 Initialization and de-initialization functions
  77:../../../../../../Drivers/PY32E407_HAL_Driver/Src/py32e407_hal_dma.c ****   *  @brief   Initialization and de-initialization functions 
  78:../../../../../../Drivers/PY32E407_HAL_Driver/Src/py32e407_hal_dma.c ****   *
  79:../../../../../../Drivers/PY32E407_HAL_Driver/Src/py32e407_hal_dma.c **** @verbatim
  80:../../../../../../Drivers/PY32E407_HAL_Driver/Src/py32e407_hal_dma.c ****  ===============================================================================
  81:../../../../../../Drivers/PY32E407_HAL_Driver/Src/py32e407_hal_dma.c ****              ##### Initialization and de-initialization functions  #####
  82:../../../../../../Drivers/PY32E407_HAL_Driver/Src/py32e407_hal_dma.c ****  ===============================================================================
  83:../../../../../../Drivers/PY32E407_HAL_Driver/Src/py32e407_hal_dma.c ****     [..]
  84:../../../../../../Drivers/PY32E407_HAL_Driver/Src/py32e407_hal_dma.c ****     This section provides functions allowing to initialize the DMA Channel source
  85:../../../../../../Drivers/PY32E407_HAL_Driver/Src/py32e407_hal_dma.c ****     and destination addresses, incrementation and data sizes, transfer direction, 
  86:../../../../../../Drivers/PY32E407_HAL_Driver/Src/py32e407_hal_dma.c ****     transfer type, Channel priority value.
  87:../../../../../../Drivers/PY32E407_HAL_Driver/Src/py32e407_hal_dma.c ****     [..]
ARM GAS  C:\Users\user\AppData\Local\Temp\cci4XqOd.s 			page 3


  88:../../../../../../Drivers/PY32E407_HAL_Driver/Src/py32e407_hal_dma.c ****     The HAL_DMA_Init() function follows the DMA configuration procedures as described in
  89:../../../../../../Drivers/PY32E407_HAL_Driver/Src/py32e407_hal_dma.c ****     reference manual.  
  90:../../../../../../Drivers/PY32E407_HAL_Driver/Src/py32e407_hal_dma.c **** 
  91:../../../../../../Drivers/PY32E407_HAL_Driver/Src/py32e407_hal_dma.c **** @endverbatim
  92:../../../../../../Drivers/PY32E407_HAL_Driver/Src/py32e407_hal_dma.c ****   * @{
  93:../../../../../../Drivers/PY32E407_HAL_Driver/Src/py32e407_hal_dma.c ****   */
  94:../../../../../../Drivers/PY32E407_HAL_Driver/Src/py32e407_hal_dma.c **** 
  95:../../../../../../Drivers/PY32E407_HAL_Driver/Src/py32e407_hal_dma.c **** /**
  96:../../../../../../Drivers/PY32E407_HAL_Driver/Src/py32e407_hal_dma.c ****   * @brief  Initialize the DMA according to the specified
  97:../../../../../../Drivers/PY32E407_HAL_Driver/Src/py32e407_hal_dma.c ****   *         parameters in the DMA_InitTypeDef and initialize the associated handle.
  98:../../../../../../Drivers/PY32E407_HAL_Driver/Src/py32e407_hal_dma.c ****   * @param  hdma: Pointer to a DMA_HandleTypeDef structure that contains
  99:../../../../../../Drivers/PY32E407_HAL_Driver/Src/py32e407_hal_dma.c ****   *               the configuration information for the specified DMA Channel.
 100:../../../../../../Drivers/PY32E407_HAL_Driver/Src/py32e407_hal_dma.c ****   * @retval HAL status
 101:../../../../../../Drivers/PY32E407_HAL_Driver/Src/py32e407_hal_dma.c ****   */
 102:../../../../../../Drivers/PY32E407_HAL_Driver/Src/py32e407_hal_dma.c **** HAL_StatusTypeDef HAL_DMA_Init(DMA_HandleTypeDef *hdma)
 103:../../../../../../Drivers/PY32E407_HAL_Driver/Src/py32e407_hal_dma.c **** {
 104:../../../../../../Drivers/PY32E407_HAL_Driver/Src/py32e407_hal_dma.c ****   /* Check the DMA handle allocation */
 105:../../../../../../Drivers/PY32E407_HAL_Driver/Src/py32e407_hal_dma.c ****   if(hdma == NULL)
 106:../../../../../../Drivers/PY32E407_HAL_Driver/Src/py32e407_hal_dma.c ****   {
 107:../../../../../../Drivers/PY32E407_HAL_Driver/Src/py32e407_hal_dma.c ****     return HAL_ERROR;
 108:../../../../../../Drivers/PY32E407_HAL_Driver/Src/py32e407_hal_dma.c ****   }
 109:../../../../../../Drivers/PY32E407_HAL_Driver/Src/py32e407_hal_dma.c ****   
 110:../../../../../../Drivers/PY32E407_HAL_Driver/Src/py32e407_hal_dma.c ****   /* Check the parameters */
 111:../../../../../../Drivers/PY32E407_HAL_Driver/Src/py32e407_hal_dma.c ****   assert_param(IS_DMA_ALL_INSTANCE(hdma->Instance));
 112:../../../../../../Drivers/PY32E407_HAL_Driver/Src/py32e407_hal_dma.c ****   assert_param(IS_DMA_DIRECTION(hdma->Init.Direction));
 113:../../../../../../Drivers/PY32E407_HAL_Driver/Src/py32e407_hal_dma.c ****   assert_param(IS_DMA_SRC_WIDTH(hdma->Init.SrcWidth));
 114:../../../../../../Drivers/PY32E407_HAL_Driver/Src/py32e407_hal_dma.c ****   assert_param(IS_DMA_DST_WIDTH(hdma->Init.DstWidth));
 115:../../../../../../Drivers/PY32E407_HAL_Driver/Src/py32e407_hal_dma.c ****   assert_param(IS_DMA_SRC_INC(hdma->Init.SrcInc));
 116:../../../../../../Drivers/PY32E407_HAL_Driver/Src/py32e407_hal_dma.c ****   assert_param(IS_DMA_DST_INC(hdma->Init.DstInc));
 117:../../../../../../Drivers/PY32E407_HAL_Driver/Src/py32e407_hal_dma.c ****   assert_param(IS_DMA_MODE(hdma->Init.Mode));
 118:../../../../../../Drivers/PY32E407_HAL_Driver/Src/py32e407_hal_dma.c ****   assert_param(IS_DMA_PRIORITY(hdma->Init.Priority));
 119:../../../../../../Drivers/PY32E407_HAL_Driver/Src/py32e407_hal_dma.c ****   assert_param(IS_DMA_BLOCK_MAX_LEN(hdma->Init.BlockMaxLen));
 120:../../../../../../Drivers/PY32E407_HAL_Driver/Src/py32e407_hal_dma.c ****   
 121:../../../../../../Drivers/PY32E407_HAL_Driver/Src/py32e407_hal_dma.c ****   #if defined (DMA2)
 122:../../../../../../Drivers/PY32E407_HAL_Driver/Src/py32e407_hal_dma.c ****   /* calculation of the channel index */
 123:../../../../../../Drivers/PY32E407_HAL_Driver/Src/py32e407_hal_dma.c ****   if ((uint32_t)(hdma->Instance) < (uint32_t)(DMA2_Channel1))
 124:../../../../../../Drivers/PY32E407_HAL_Driver/Src/py32e407_hal_dma.c ****   {
 125:../../../../../../Drivers/PY32E407_HAL_Driver/Src/py32e407_hal_dma.c ****     /* DMA1 */
 126:../../../../../../Drivers/PY32E407_HAL_Driver/Src/py32e407_hal_dma.c ****     hdma->ChannelIndex = (((uint32_t)hdma->Instance - (uint32_t)DMA1_Channel1) / ((uint32_t)DMA1_Ch
 127:../../../../../../Drivers/PY32E407_HAL_Driver/Src/py32e407_hal_dma.c ****     hdma->DmaBaseAddress = DMA1;
 128:../../../../../../Drivers/PY32E407_HAL_Driver/Src/py32e407_hal_dma.c ****   }
 129:../../../../../../Drivers/PY32E407_HAL_Driver/Src/py32e407_hal_dma.c ****   else 
 130:../../../../../../Drivers/PY32E407_HAL_Driver/Src/py32e407_hal_dma.c ****   {
 131:../../../../../../Drivers/PY32E407_HAL_Driver/Src/py32e407_hal_dma.c ****     /* DMA2 */
 132:../../../../../../Drivers/PY32E407_HAL_Driver/Src/py32e407_hal_dma.c ****     hdma->ChannelIndex = (((uint32_t)hdma->Instance - (uint32_t)DMA2_Channel1) / ((uint32_t)DMA2_Ch
 133:../../../../../../Drivers/PY32E407_HAL_Driver/Src/py32e407_hal_dma.c ****     hdma->DmaBaseAddress = DMA2;
 134:../../../../../../Drivers/PY32E407_HAL_Driver/Src/py32e407_hal_dma.c ****   }
 135:../../../../../../Drivers/PY32E407_HAL_Driver/Src/py32e407_hal_dma.c **** #else
 136:../../../../../../Drivers/PY32E407_HAL_Driver/Src/py32e407_hal_dma.c ****   /* DMA1 */
 137:../../../../../../Drivers/PY32E407_HAL_Driver/Src/py32e407_hal_dma.c ****   hdma->ChannelIndex = (((uint32_t)hdma->Instance - (uint32_t)DMA1_Channel1) / ((uint32_t)DMA1_Chan
 138:../../../../../../Drivers/PY32E407_HAL_Driver/Src/py32e407_hal_dma.c ****   hdma->DmaBaseAddress = DMA1;
 139:../../../../../../Drivers/PY32E407_HAL_Driver/Src/py32e407_hal_dma.c **** #endif /* DMA2 */
 140:../../../../../../Drivers/PY32E407_HAL_Driver/Src/py32e407_hal_dma.c ****   
 141:../../../../../../Drivers/PY32E407_HAL_Driver/Src/py32e407_hal_dma.c ****   /* Change DMA peripheral state */
 142:../../../../../../Drivers/PY32E407_HAL_Driver/Src/py32e407_hal_dma.c ****   hdma->State = HAL_DMA_STATE_BUSY;
 143:../../../../../../Drivers/PY32E407_HAL_Driver/Src/py32e407_hal_dma.c ****   
 144:../../../../../../Drivers/PY32E407_HAL_Driver/Src/py32e407_hal_dma.c ****   /* configuration DMA_CH_CTRLLx register */
ARM GAS  C:\Users\user\AppData\Local\Temp\cci4XqOd.s 			page 4


 145:../../../../../../Drivers/PY32E407_HAL_Driver/Src/py32e407_hal_dma.c ****   MODIFY_REG(hdma->Instance->CH_CTRLL, (DMA_CH_CTRLL_TT | DMA_CH_CTRLL_SINC | DMA_CH_CTRLL_DINC | D
 146:../../../../../../Drivers/PY32E407_HAL_Driver/Src/py32e407_hal_dma.c ****                                        (hdma->Init.Direction | hdma->Init.SrcInc | hdma->Init.DstIn
 147:../../../../../../Drivers/PY32E407_HAL_Driver/Src/py32e407_hal_dma.c ****   
 148:../../../../../../Drivers/PY32E407_HAL_Driver/Src/py32e407_hal_dma.c ****   /* configuration DMA_CH_CFGLx register */
 149:../../../../../../Drivers/PY32E407_HAL_Driver/Src/py32e407_hal_dma.c ****   MODIFY_REG(hdma->Instance->CH_CFGL, DMA_CH_CFGL_CH_PRIOR, hdma->Init.Priority);
 150:../../../../../../Drivers/PY32E407_HAL_Driver/Src/py32e407_hal_dma.c ****   
 151:../../../../../../Drivers/PY32E407_HAL_Driver/Src/py32e407_hal_dma.c ****   if (hdma->Init.Mode == DMA_CIRCULAR)
 152:../../../../../../Drivers/PY32E407_HAL_Driver/Src/py32e407_hal_dma.c ****   {
 153:../../../../../../Drivers/PY32E407_HAL_Driver/Src/py32e407_hal_dma.c ****     assert_param(IS_DMA_SRC_RELOAD(hdma->Init.SrcReload));
 154:../../../../../../Drivers/PY32E407_HAL_Driver/Src/py32e407_hal_dma.c ****     assert_param(IS_DMA_DST_RELOAD(hdma->Init.DstReload));
 155:../../../../../../Drivers/PY32E407_HAL_Driver/Src/py32e407_hal_dma.c ****     
 156:../../../../../../Drivers/PY32E407_HAL_Driver/Src/py32e407_hal_dma.c ****     MODIFY_REG(hdma->Instance->CH_CFGL, (DMA_CH_CFGL_RELOAD_DST | DMA_CH_CFGL_RELOAD_SRC), \
 157:../../../../../../Drivers/PY32E407_HAL_Driver/Src/py32e407_hal_dma.c ****                                       (hdma->Init.DstReload | hdma->Init.SrcReload));
 158:../../../../../../Drivers/PY32E407_HAL_Driver/Src/py32e407_hal_dma.c ****   }
 159:../../../../../../Drivers/PY32E407_HAL_Driver/Src/py32e407_hal_dma.c ****   
 160:../../../../../../Drivers/PY32E407_HAL_Driver/Src/py32e407_hal_dma.c ****   /* Configure burst transaction length and handshake */
 161:../../../../../../Drivers/PY32E407_HAL_Driver/Src/py32e407_hal_dma.c ****   if (hdma->Init.Direction == DMA_PERIPH_TO_PERIPH)
 162:../../../../../../Drivers/PY32E407_HAL_Driver/Src/py32e407_hal_dma.c ****   {
 163:../../../../../../Drivers/PY32E407_HAL_Driver/Src/py32e407_hal_dma.c ****     /* Check the parameters */
 164:../../../../../../Drivers/PY32E407_HAL_Driver/Src/py32e407_hal_dma.c ****     assert_param(IS_DMA_SRC_BURST_LEN(hdma->Init.SrcBurstLen));
 165:../../../../../../Drivers/PY32E407_HAL_Driver/Src/py32e407_hal_dma.c ****     assert_param(IS_DMA_DST_BURST_LEN(hdma->Init.DstBurstLen));
 166:../../../../../../Drivers/PY32E407_HAL_Driver/Src/py32e407_hal_dma.c ****     
 167:../../../../../../Drivers/PY32E407_HAL_Driver/Src/py32e407_hal_dma.c ****     assert_param(IS_DMA_SRC_HS(hdma->Init.SrcHandshakeType));
 168:../../../../../../Drivers/PY32E407_HAL_Driver/Src/py32e407_hal_dma.c ****     assert_param(IS_DMA_DST_HS(hdma->Init.DstHandshakeType));
 169:../../../../../../Drivers/PY32E407_HAL_Driver/Src/py32e407_hal_dma.c ****     
 170:../../../../../../Drivers/PY32E407_HAL_Driver/Src/py32e407_hal_dma.c ****     MODIFY_REG(hdma->Instance->CH_CTRLL, (DMA_CH_CTRLL_SRC_MSIZE | DMA_CH_CTRLL_DST_MSIZE), (hdma->
 171:../../../../../../Drivers/PY32E407_HAL_Driver/Src/py32e407_hal_dma.c ****     
 172:../../../../../../Drivers/PY32E407_HAL_Driver/Src/py32e407_hal_dma.c ****     MODIFY_REG(hdma->Instance->CH_CFGL, (DMA_CH_CFGL_HS_SEL_SRC | DMA_CH_CFGL_HS_SEL_DST), \
 173:../../../../../../Drivers/PY32E407_HAL_Driver/Src/py32e407_hal_dma.c ****                                       (hdma->Init.SrcHandshakeType | hdma->Init.DstHandshakeType));
 174:../../../../../../Drivers/PY32E407_HAL_Driver/Src/py32e407_hal_dma.c ****   }
 175:../../../../../../Drivers/PY32E407_HAL_Driver/Src/py32e407_hal_dma.c ****   else if (hdma->Init.Direction == DMA_PERIPH_TO_MEMORY)
 176:../../../../../../Drivers/PY32E407_HAL_Driver/Src/py32e407_hal_dma.c ****   {
 177:../../../../../../Drivers/PY32E407_HAL_Driver/Src/py32e407_hal_dma.c ****     /* Check the parameters */
 178:../../../../../../Drivers/PY32E407_HAL_Driver/Src/py32e407_hal_dma.c ****     assert_param(IS_DMA_SRC_BURST_LEN(hdma->Init.SrcBurstLen));
 179:../../../../../../Drivers/PY32E407_HAL_Driver/Src/py32e407_hal_dma.c ****     
 180:../../../../../../Drivers/PY32E407_HAL_Driver/Src/py32e407_hal_dma.c ****     assert_param(IS_DMA_SRC_HS(hdma->Init.SrcHandshakeType));
 181:../../../../../../Drivers/PY32E407_HAL_Driver/Src/py32e407_hal_dma.c ****     
 182:../../../../../../Drivers/PY32E407_HAL_Driver/Src/py32e407_hal_dma.c ****     MODIFY_REG(hdma->Instance->CH_CTRLL, DMA_CH_CTRLL_SRC_MSIZE, hdma->Init.SrcBurstLen);
 183:../../../../../../Drivers/PY32E407_HAL_Driver/Src/py32e407_hal_dma.c ****     
 184:../../../../../../Drivers/PY32E407_HAL_Driver/Src/py32e407_hal_dma.c ****     MODIFY_REG(hdma->Instance->CH_CFGL, DMA_CH_CFGL_HS_SEL_SRC, hdma->Init.SrcHandshakeType);
 185:../../../../../../Drivers/PY32E407_HAL_Driver/Src/py32e407_hal_dma.c ****   }
 186:../../../../../../Drivers/PY32E407_HAL_Driver/Src/py32e407_hal_dma.c ****   else if (hdma->Init.Direction == DMA_MEMORY_TO_PERIPH)
 187:../../../../../../Drivers/PY32E407_HAL_Driver/Src/py32e407_hal_dma.c ****   {
 188:../../../../../../Drivers/PY32E407_HAL_Driver/Src/py32e407_hal_dma.c ****     /* Check the parameters */
 189:../../../../../../Drivers/PY32E407_HAL_Driver/Src/py32e407_hal_dma.c ****     assert_param(IS_DMA_DST_BURST_LEN(hdma->Init.DstBurstLen));
 190:../../../../../../Drivers/PY32E407_HAL_Driver/Src/py32e407_hal_dma.c ****     
 191:../../../../../../Drivers/PY32E407_HAL_Driver/Src/py32e407_hal_dma.c ****     assert_param(IS_DMA_DST_HS(hdma->Init.DstHandshakeType));
 192:../../../../../../Drivers/PY32E407_HAL_Driver/Src/py32e407_hal_dma.c ****     
 193:../../../../../../Drivers/PY32E407_HAL_Driver/Src/py32e407_hal_dma.c ****     MODIFY_REG(hdma->Instance->CH_CTRLL, DMA_CH_CTRLL_DST_MSIZE, hdma->Init.DstBurstLen);
 194:../../../../../../Drivers/PY32E407_HAL_Driver/Src/py32e407_hal_dma.c ****     
 195:../../../../../../Drivers/PY32E407_HAL_Driver/Src/py32e407_hal_dma.c ****     MODIFY_REG(hdma->Instance->CH_CFGL, DMA_CH_CFGL_HS_SEL_DST, hdma->Init.DstHandshakeType);
 196:../../../../../../Drivers/PY32E407_HAL_Driver/Src/py32e407_hal_dma.c ****   }
 197:../../../../../../Drivers/PY32E407_HAL_Driver/Src/py32e407_hal_dma.c ****   
 198:../../../../../../Drivers/PY32E407_HAL_Driver/Src/py32e407_hal_dma.c ****   /* Initialise the error code */
 199:../../../../../../Drivers/PY32E407_HAL_Driver/Src/py32e407_hal_dma.c ****   hdma->ErrorCode = HAL_DMA_ERROR_NONE;
 200:../../../../../../Drivers/PY32E407_HAL_Driver/Src/py32e407_hal_dma.c **** 
 201:../../../../../../Drivers/PY32E407_HAL_Driver/Src/py32e407_hal_dma.c ****   /* Initialize the DMA state*/
ARM GAS  C:\Users\user\AppData\Local\Temp\cci4XqOd.s 			page 5


 202:../../../../../../Drivers/PY32E407_HAL_Driver/Src/py32e407_hal_dma.c ****   hdma->State = HAL_DMA_STATE_READY;
 203:../../../../../../Drivers/PY32E407_HAL_Driver/Src/py32e407_hal_dma.c ****   /* Allocate lock resource and initialize it */
 204:../../../../../../Drivers/PY32E407_HAL_Driver/Src/py32e407_hal_dma.c ****   hdma->Lock = HAL_UNLOCKED;
 205:../../../../../../Drivers/PY32E407_HAL_Driver/Src/py32e407_hal_dma.c **** 
 206:../../../../../../Drivers/PY32E407_HAL_Driver/Src/py32e407_hal_dma.c ****   return HAL_OK;
 207:../../../../../../Drivers/PY32E407_HAL_Driver/Src/py32e407_hal_dma.c **** }
 208:../../../../../../Drivers/PY32E407_HAL_Driver/Src/py32e407_hal_dma.c **** 
 209:../../../../../../Drivers/PY32E407_HAL_Driver/Src/py32e407_hal_dma.c **** /**
 210:../../../../../../Drivers/PY32E407_HAL_Driver/Src/py32e407_hal_dma.c ****   * @brief  DeInitialize the DMA peripheral.
 211:../../../../../../Drivers/PY32E407_HAL_Driver/Src/py32e407_hal_dma.c ****   * @param  hdma: pointer to a DMA_HandleTypeDef structure that contains
 212:../../../../../../Drivers/PY32E407_HAL_Driver/Src/py32e407_hal_dma.c ****   *               the configuration information for the specified DMA Channel.
 213:../../../../../../Drivers/PY32E407_HAL_Driver/Src/py32e407_hal_dma.c ****   * @retval HAL status
 214:../../../../../../Drivers/PY32E407_HAL_Driver/Src/py32e407_hal_dma.c ****   */
 215:../../../../../../Drivers/PY32E407_HAL_Driver/Src/py32e407_hal_dma.c **** HAL_StatusTypeDef HAL_DMA_DeInit(DMA_HandleTypeDef *hdma)
 216:../../../../../../Drivers/PY32E407_HAL_Driver/Src/py32e407_hal_dma.c **** {
 217:../../../../../../Drivers/PY32E407_HAL_Driver/Src/py32e407_hal_dma.c ****   /* Check the DMA handle allocation */
 218:../../../../../../Drivers/PY32E407_HAL_Driver/Src/py32e407_hal_dma.c ****   if(hdma == NULL)
 219:../../../../../../Drivers/PY32E407_HAL_Driver/Src/py32e407_hal_dma.c ****   {
 220:../../../../../../Drivers/PY32E407_HAL_Driver/Src/py32e407_hal_dma.c ****     return HAL_ERROR;
 221:../../../../../../Drivers/PY32E407_HAL_Driver/Src/py32e407_hal_dma.c ****   }
 222:../../../../../../Drivers/PY32E407_HAL_Driver/Src/py32e407_hal_dma.c ****   
 223:../../../../../../Drivers/PY32E407_HAL_Driver/Src/py32e407_hal_dma.c ****   /* Check the parameters */
 224:../../../../../../Drivers/PY32E407_HAL_Driver/Src/py32e407_hal_dma.c ****   assert_param(IS_DMA_ALL_INSTANCE(hdma->Instance));
 225:../../../../../../Drivers/PY32E407_HAL_Driver/Src/py32e407_hal_dma.c ****   
 226:../../../../../../Drivers/PY32E407_HAL_Driver/Src/py32e407_hal_dma.c ****   #if defined (DMA2)
 227:../../../../../../Drivers/PY32E407_HAL_Driver/Src/py32e407_hal_dma.c ****   /* calculation of the channel index */
 228:../../../../../../Drivers/PY32E407_HAL_Driver/Src/py32e407_hal_dma.c ****   if ((uint32_t)(hdma->Instance) < (uint32_t)(DMA2_Channel1))
 229:../../../../../../Drivers/PY32E407_HAL_Driver/Src/py32e407_hal_dma.c ****   {
 230:../../../../../../Drivers/PY32E407_HAL_Driver/Src/py32e407_hal_dma.c ****     /* DMA1 */
 231:../../../../../../Drivers/PY32E407_HAL_Driver/Src/py32e407_hal_dma.c ****     hdma->ChannelIndex = (((uint32_t)hdma->Instance - (uint32_t)DMA1_Channel1) / ((uint32_t)DMA1_Ch
 232:../../../../../../Drivers/PY32E407_HAL_Driver/Src/py32e407_hal_dma.c ****     hdma->DmaBaseAddress = DMA1;
 233:../../../../../../Drivers/PY32E407_HAL_Driver/Src/py32e407_hal_dma.c ****   }
 234:../../../../../../Drivers/PY32E407_HAL_Driver/Src/py32e407_hal_dma.c ****   else 
 235:../../../../../../Drivers/PY32E407_HAL_Driver/Src/py32e407_hal_dma.c ****   {
 236:../../../../../../Drivers/PY32E407_HAL_Driver/Src/py32e407_hal_dma.c ****     /* DMA2 */
 237:../../../../../../Drivers/PY32E407_HAL_Driver/Src/py32e407_hal_dma.c ****     hdma->ChannelIndex = (((uint32_t)hdma->Instance - (uint32_t)DMA2_Channel1) / ((uint32_t)DMA2_Ch
 238:../../../../../../Drivers/PY32E407_HAL_Driver/Src/py32e407_hal_dma.c ****     hdma->DmaBaseAddress = DMA2;
 239:../../../../../../Drivers/PY32E407_HAL_Driver/Src/py32e407_hal_dma.c ****   }
 240:../../../../../../Drivers/PY32E407_HAL_Driver/Src/py32e407_hal_dma.c **** #else
 241:../../../../../../Drivers/PY32E407_HAL_Driver/Src/py32e407_hal_dma.c ****   /* DMA1 */
 242:../../../../../../Drivers/PY32E407_HAL_Driver/Src/py32e407_hal_dma.c ****   hdma->ChannelIndex = (((uint32_t)hdma->Instance - (uint32_t)DMA1_Channel1) / ((uint32_t)DMA1_Chan
 243:../../../../../../Drivers/PY32E407_HAL_Driver/Src/py32e407_hal_dma.c ****   hdma->DmaBaseAddress = DMA1;
 244:../../../../../../Drivers/PY32E407_HAL_Driver/Src/py32e407_hal_dma.c **** #endif /* DMA2 */
 245:../../../../../../Drivers/PY32E407_HAL_Driver/Src/py32e407_hal_dma.c ****   
 246:../../../../../../Drivers/PY32E407_HAL_Driver/Src/py32e407_hal_dma.c ****   /* Disable the specified DMA Channel */
 247:../../../../../../Drivers/PY32E407_HAL_Driver/Src/py32e407_hal_dma.c ****   MODIFY_REG(hdma->DmaBaseAddress->CH_EN, ((DMA_CH_EN_CH_EN_0 | DMA_CH_EN_CH_EN_WE_0) << hdma->Chan
 248:../../../../../../Drivers/PY32E407_HAL_Driver/Src/py32e407_hal_dma.c ****   
 249:../../../../../../Drivers/PY32E407_HAL_Driver/Src/py32e407_hal_dma.c ****   /* Reset register */
 250:../../../../../../Drivers/PY32E407_HAL_Driver/Src/py32e407_hal_dma.c ****   hdma->Instance->CH_CTRLL  = 0x00304801U;
 251:../../../../../../Drivers/PY32E407_HAL_Driver/Src/py32e407_hal_dma.c ****   hdma->Instance->CH_CTRLH  = 0x00000002U;
 252:../../../../../../Drivers/PY32E407_HAL_Driver/Src/py32e407_hal_dma.c ****   hdma->Instance->CH_CFGL   = 0x00000e10U | (hdma->ChannelIndex << DMA_CH_CFGL_CH_PRIOR_Pos);
 253:../../../../../../Drivers/PY32E407_HAL_Driver/Src/py32e407_hal_dma.c ****   hdma->Instance->CH_CFGH  = 0x00000004U;
 254:../../../../../../Drivers/PY32E407_HAL_Driver/Src/py32e407_hal_dma.c ****   hdma->Instance->SA        = 0x00000000U;
 255:../../../../../../Drivers/PY32E407_HAL_Driver/Src/py32e407_hal_dma.c ****   hdma->Instance->DA        = 0x00000000U;
 256:../../../../../../Drivers/PY32E407_HAL_Driver/Src/py32e407_hal_dma.c ****   
 257:../../../../../../Drivers/PY32E407_HAL_Driver/Src/py32e407_hal_dma.c ****   MODIFY_REG(hdma->DmaBaseAddress->MASKHALFBLOCK, ((DMA_MASKHALFBLOCK_INT_MASK_0 | DMA_MASKHALFBLOC
 258:../../../../../../Drivers/PY32E407_HAL_Driver/Src/py32e407_hal_dma.c ****              (DMA_MASKHALFBLOCK_INT_MASK_WE_0 << hdma->ChannelIndex));
ARM GAS  C:\Users\user\AppData\Local\Temp\cci4XqOd.s 			page 6


 259:../../../../../../Drivers/PY32E407_HAL_Driver/Src/py32e407_hal_dma.c ****   MODIFY_REG(hdma->DmaBaseAddress->MASKTFR, ((DMA_MASKTFR_INT_MASK_0 | DMA_MASKTFR_INT_MASK_WE_0) <
 260:../../../../../../Drivers/PY32E407_HAL_Driver/Src/py32e407_hal_dma.c ****              (DMA_MASKTFR_INT_MASK_WE_0 << hdma->ChannelIndex));
 261:../../../../../../Drivers/PY32E407_HAL_Driver/Src/py32e407_hal_dma.c ****   MODIFY_REG(hdma->DmaBaseAddress->MASKBLOCK, ((DMA_MASKBLOCK_INT_MASK_0 | DMA_MASKBLOCK_INT_MASK_W
 262:../../../../../../Drivers/PY32E407_HAL_Driver/Src/py32e407_hal_dma.c ****              (DMA_MASKBLOCK_INT_MASK_WE_0 << hdma->ChannelIndex));
 263:../../../../../../Drivers/PY32E407_HAL_Driver/Src/py32e407_hal_dma.c ****   MODIFY_REG(hdma->DmaBaseAddress->MASKSRCTRAN, ((DMA_MASKSRCTRAN_INT_MASK_0 | DMA_MASKSRCTRAN_INT_
 264:../../../../../../Drivers/PY32E407_HAL_Driver/Src/py32e407_hal_dma.c ****              (DMA_MASKSRCTRAN_INT_MASK_WE_0 << hdma->ChannelIndex));
 265:../../../../../../Drivers/PY32E407_HAL_Driver/Src/py32e407_hal_dma.c ****   MODIFY_REG(hdma->DmaBaseAddress->MASKDSTTRAN, ((DMA_MASKDSTTRAN_INT_MASK_0 | DMA_MASKDSTTRAN_INT_
 266:../../../../../../Drivers/PY32E407_HAL_Driver/Src/py32e407_hal_dma.c ****              (DMA_MASKDSTTRAN_INT_MASK_WE_0 << hdma->ChannelIndex));
 267:../../../../../../Drivers/PY32E407_HAL_Driver/Src/py32e407_hal_dma.c ****   MODIFY_REG(hdma->DmaBaseAddress->MASKERR, ((DMA_MASKERR_INT_MASK_0 | DMA_MASKERR_INT_MASK_WE_0) <
 268:../../../../../../Drivers/PY32E407_HAL_Driver/Src/py32e407_hal_dma.c ****              (DMA_MASKERR_INT_MASK_WE_0 << hdma->ChannelIndex));
 269:../../../../../../Drivers/PY32E407_HAL_Driver/Src/py32e407_hal_dma.c **** 
 270:../../../../../../Drivers/PY32E407_HAL_Driver/Src/py32e407_hal_dma.c ****   hdma->DmaBaseAddress->CLEARHALFBLOCK = (DMA_CLEARHALFBLOCK_CLEAR_0 << hdma->ChannelIndex);
 271:../../../../../../Drivers/PY32E407_HAL_Driver/Src/py32e407_hal_dma.c ****   hdma->DmaBaseAddress->CLEARTFR       = (DMA_CLEARTFR_CLEAR_0 << hdma->ChannelIndex);
 272:../../../../../../Drivers/PY32E407_HAL_Driver/Src/py32e407_hal_dma.c ****   hdma->DmaBaseAddress->CLEARBLOCK     = (DMA_CLEARBLOCK_CLEAR_0 << hdma->ChannelIndex);
 273:../../../../../../Drivers/PY32E407_HAL_Driver/Src/py32e407_hal_dma.c ****   hdma->DmaBaseAddress->CLEARSRCTRAN   = (DMA_CLEARSRCTRAN_CLEAR_0 << hdma->ChannelIndex);
 274:../../../../../../Drivers/PY32E407_HAL_Driver/Src/py32e407_hal_dma.c ****   hdma->DmaBaseAddress->CLEARDSTTRAN   = (DMA_CLEARDSTTRAN_CLEAR_0 << hdma->ChannelIndex);
 275:../../../../../../Drivers/PY32E407_HAL_Driver/Src/py32e407_hal_dma.c ****   hdma->DmaBaseAddress->CLEARERR       = (DMA_CLEARERR_CLEAR_0 << hdma->ChannelIndex);
 276:../../../../../../Drivers/PY32E407_HAL_Driver/Src/py32e407_hal_dma.c ****   
 277:../../../../../../Drivers/PY32E407_HAL_Driver/Src/py32e407_hal_dma.c ****   MODIFY_REG(hdma->DmaBaseAddress->REQSRC, ((DMA_REQSRC_SRC_REQ_0 | DMA_REQSRC_SRC_REQ_WE_0) << hdm
 278:../../../../../../Drivers/PY32E407_HAL_Driver/Src/py32e407_hal_dma.c ****              (DMA_REQSRC_SRC_REQ_WE_0 << hdma->ChannelIndex));
 279:../../../../../../Drivers/PY32E407_HAL_Driver/Src/py32e407_hal_dma.c ****   MODIFY_REG(hdma->DmaBaseAddress->REQDST, ((DMA_REQDST_DST_REQ_0 | DMA_REQDST_DST_REQ_WE_0) << hdm
 280:../../../../../../Drivers/PY32E407_HAL_Driver/Src/py32e407_hal_dma.c ****              (DMA_REQDST_DST_REQ_WE_0 << hdma->ChannelIndex));
 281:../../../../../../Drivers/PY32E407_HAL_Driver/Src/py32e407_hal_dma.c ****   MODIFY_REG(hdma->DmaBaseAddress->SGLRQSRC, ((DMA_SGLRQSRC_SRC_SGLREQ_0 | DMA_SGLRQSRC_SRC_SGLREQ_
 282:../../../../../../Drivers/PY32E407_HAL_Driver/Src/py32e407_hal_dma.c ****              (DMA_SGLRQSRC_SRC_SGLREQ_WE_0 << hdma->ChannelIndex));
 283:../../../../../../Drivers/PY32E407_HAL_Driver/Src/py32e407_hal_dma.c ****   MODIFY_REG(hdma->DmaBaseAddress->SGLRQDST, ((DMA_SGLRQDST_DST_SGLREQ_0 | DMA_SGLRQDST_DST_SGLREQ_
 284:../../../../../../Drivers/PY32E407_HAL_Driver/Src/py32e407_hal_dma.c ****              (DMA_SGLRQDST_DST_SGLREQ_WE_0 << hdma->ChannelIndex));
 285:../../../../../../Drivers/PY32E407_HAL_Driver/Src/py32e407_hal_dma.c ****   
 286:../../../../../../Drivers/PY32E407_HAL_Driver/Src/py32e407_hal_dma.c ****   /* Clean all callbacks */
 287:../../../../../../Drivers/PY32E407_HAL_Driver/Src/py32e407_hal_dma.c ****   hdma->XferCpltCallback = NULL;
 288:../../../../../../Drivers/PY32E407_HAL_Driver/Src/py32e407_hal_dma.c ****   hdma->XferBlockCpltCallback = NULL;
 289:../../../../../../Drivers/PY32E407_HAL_Driver/Src/py32e407_hal_dma.c ****   hdma->XferHalfBlockCpltCallback = NULL;
 290:../../../../../../Drivers/PY32E407_HAL_Driver/Src/py32e407_hal_dma.c ****   hdma->XferSrcTranCpltCallback = NULL;
 291:../../../../../../Drivers/PY32E407_HAL_Driver/Src/py32e407_hal_dma.c ****   hdma->XferDstTranCpltCallback = NULL;
 292:../../../../../../Drivers/PY32E407_HAL_Driver/Src/py32e407_hal_dma.c ****   hdma->XferErrorCallback = NULL;
 293:../../../../../../Drivers/PY32E407_HAL_Driver/Src/py32e407_hal_dma.c ****   hdma->XferAbortCallback = NULL;
 294:../../../../../../Drivers/PY32E407_HAL_Driver/Src/py32e407_hal_dma.c **** 
 295:../../../../../../Drivers/PY32E407_HAL_Driver/Src/py32e407_hal_dma.c ****   /* Reset the error code */
 296:../../../../../../Drivers/PY32E407_HAL_Driver/Src/py32e407_hal_dma.c ****   hdma->ErrorCode = HAL_DMA_ERROR_NONE;
 297:../../../../../../Drivers/PY32E407_HAL_Driver/Src/py32e407_hal_dma.c **** 
 298:../../../../../../Drivers/PY32E407_HAL_Driver/Src/py32e407_hal_dma.c ****   /* Reset the DMA state */
 299:../../../../../../Drivers/PY32E407_HAL_Driver/Src/py32e407_hal_dma.c ****   hdma->State = HAL_DMA_STATE_RESET;
 300:../../../../../../Drivers/PY32E407_HAL_Driver/Src/py32e407_hal_dma.c **** 
 301:../../../../../../Drivers/PY32E407_HAL_Driver/Src/py32e407_hal_dma.c ****   /* Release Lock */
 302:../../../../../../Drivers/PY32E407_HAL_Driver/Src/py32e407_hal_dma.c ****   __HAL_UNLOCK(hdma);
 303:../../../../../../Drivers/PY32E407_HAL_Driver/Src/py32e407_hal_dma.c **** 
 304:../../../../../../Drivers/PY32E407_HAL_Driver/Src/py32e407_hal_dma.c ****   return HAL_OK;
 305:../../../../../../Drivers/PY32E407_HAL_Driver/Src/py32e407_hal_dma.c **** }
 306:../../../../../../Drivers/PY32E407_HAL_Driver/Src/py32e407_hal_dma.c **** 
 307:../../../../../../Drivers/PY32E407_HAL_Driver/Src/py32e407_hal_dma.c **** 
 308:../../../../../../Drivers/PY32E407_HAL_Driver/Src/py32e407_hal_dma.c **** /**
 309:../../../../../../Drivers/PY32E407_HAL_Driver/Src/py32e407_hal_dma.c ****   * @}
 310:../../../../../../Drivers/PY32E407_HAL_Driver/Src/py32e407_hal_dma.c ****   */
 311:../../../../../../Drivers/PY32E407_HAL_Driver/Src/py32e407_hal_dma.c **** 
 312:../../../../../../Drivers/PY32E407_HAL_Driver/Src/py32e407_hal_dma.c **** /** @defgroup DMA_Exported_Functions_Group2 Input and Output operation functions
 313:../../../../../../Drivers/PY32E407_HAL_Driver/Src/py32e407_hal_dma.c ****   *  @brief   Input and Output operation functions
 314:../../../../../../Drivers/PY32E407_HAL_Driver/Src/py32e407_hal_dma.c ****   *
 315:../../../../../../Drivers/PY32E407_HAL_Driver/Src/py32e407_hal_dma.c **** @verbatim
ARM GAS  C:\Users\user\AppData\Local\Temp\cci4XqOd.s 			page 7


 316:../../../../../../Drivers/PY32E407_HAL_Driver/Src/py32e407_hal_dma.c ****  ===============================================================================
 317:../../../../../../Drivers/PY32E407_HAL_Driver/Src/py32e407_hal_dma.c ****                       #####  IO operation functions  #####
 318:../../../../../../Drivers/PY32E407_HAL_Driver/Src/py32e407_hal_dma.c ****  ===============================================================================
 319:../../../../../../Drivers/PY32E407_HAL_Driver/Src/py32e407_hal_dma.c ****     [..]  This section provides functions allowing to:
 320:../../../../../../Drivers/PY32E407_HAL_Driver/Src/py32e407_hal_dma.c ****       (+) Configure the source, destination address and data length and Start DMA transfer
 321:../../../../../../Drivers/PY32E407_HAL_Driver/Src/py32e407_hal_dma.c ****       (+) Configure the source, destination address and data length and
 322:../../../../../../Drivers/PY32E407_HAL_Driver/Src/py32e407_hal_dma.c ****           Start DMA transfer with interrupt
 323:../../../../../../Drivers/PY32E407_HAL_Driver/Src/py32e407_hal_dma.c ****       (+) Abort DMA transfer
 324:../../../../../../Drivers/PY32E407_HAL_Driver/Src/py32e407_hal_dma.c ****       (+) Poll for transfer complete
 325:../../../../../../Drivers/PY32E407_HAL_Driver/Src/py32e407_hal_dma.c ****       (+) Handle DMA interrupt request
 326:../../../../../../Drivers/PY32E407_HAL_Driver/Src/py32e407_hal_dma.c **** 
 327:../../../../../../Drivers/PY32E407_HAL_Driver/Src/py32e407_hal_dma.c **** @endverbatim
 328:../../../../../../Drivers/PY32E407_HAL_Driver/Src/py32e407_hal_dma.c ****   * @{
 329:../../../../../../Drivers/PY32E407_HAL_Driver/Src/py32e407_hal_dma.c ****   */
 330:../../../../../../Drivers/PY32E407_HAL_Driver/Src/py32e407_hal_dma.c **** /**
 331:../../../../../../Drivers/PY32E407_HAL_Driver/Src/py32e407_hal_dma.c ****   * @brief  Start the DMA Transfer.
 332:../../../../../../Drivers/PY32E407_HAL_Driver/Src/py32e407_hal_dma.c ****   * @param  hdma: pointer to a DMA_HandleTypeDef structure that contains
 333:../../../../../../Drivers/PY32E407_HAL_Driver/Src/py32e407_hal_dma.c ****   *               the configuration information for the specified DMA Channel.
 334:../../../../../../Drivers/PY32E407_HAL_Driver/Src/py32e407_hal_dma.c ****   * @param  SrcAddress: The source memory Buffer address
 335:../../../../../../Drivers/PY32E407_HAL_Driver/Src/py32e407_hal_dma.c ****   * @param  DstAddress: The destination memory Buffer address
 336:../../../../../../Drivers/PY32E407_HAL_Driver/Src/py32e407_hal_dma.c ****   * @param  DataLength: The length of data to be transferred from source to destination
 337:../../../../../../Drivers/PY32E407_HAL_Driver/Src/py32e407_hal_dma.c ****   * @note   In circular mode, the maximum circular transfer length does not exceed 4095.
 338:../../../../../../Drivers/PY32E407_HAL_Driver/Src/py32e407_hal_dma.c ****   * @retval HAL status
 339:../../../../../../Drivers/PY32E407_HAL_Driver/Src/py32e407_hal_dma.c ****   */
 340:../../../../../../Drivers/PY32E407_HAL_Driver/Src/py32e407_hal_dma.c **** HAL_StatusTypeDef HAL_DMA_Start(DMA_HandleTypeDef *hdma, uint32_t SrcAddress, uint32_t DstAddress, 
 341:../../../../../../Drivers/PY32E407_HAL_Driver/Src/py32e407_hal_dma.c **** {
 342:../../../../../../Drivers/PY32E407_HAL_Driver/Src/py32e407_hal_dma.c ****   HAL_StatusTypeDef status = HAL_OK;
 343:../../../../../../Drivers/PY32E407_HAL_Driver/Src/py32e407_hal_dma.c **** 
 344:../../../../../../Drivers/PY32E407_HAL_Driver/Src/py32e407_hal_dma.c ****   /* Process locked */
 345:../../../../../../Drivers/PY32E407_HAL_Driver/Src/py32e407_hal_dma.c ****   __HAL_LOCK(hdma);
 346:../../../../../../Drivers/PY32E407_HAL_Driver/Src/py32e407_hal_dma.c **** 
 347:../../../../../../Drivers/PY32E407_HAL_Driver/Src/py32e407_hal_dma.c ****   if(HAL_DMA_STATE_READY == hdma->State)
 348:../../../../../../Drivers/PY32E407_HAL_Driver/Src/py32e407_hal_dma.c ****   {
 349:../../../../../../Drivers/PY32E407_HAL_Driver/Src/py32e407_hal_dma.c ****     /* Change DMA peripheral state */
 350:../../../../../../Drivers/PY32E407_HAL_Driver/Src/py32e407_hal_dma.c ****     hdma->State = HAL_DMA_STATE_BUSY;
 351:../../../../../../Drivers/PY32E407_HAL_Driver/Src/py32e407_hal_dma.c ****     hdma->ErrorCode = HAL_DMA_ERROR_NONE;
 352:../../../../../../Drivers/PY32E407_HAL_Driver/Src/py32e407_hal_dma.c ****             
 353:../../../../../../Drivers/PY32E407_HAL_Driver/Src/py32e407_hal_dma.c ****     /* Disable the specified DMA Channel */
 354:../../../../../../Drivers/PY32E407_HAL_Driver/Src/py32e407_hal_dma.c ****     MODIFY_REG(hdma->DmaBaseAddress->CH_EN, ((DMA_CH_EN_CH_EN_0 | DMA_CH_EN_CH_EN_WE_0) << hdma->Ch
 355:../../../../../../Drivers/PY32E407_HAL_Driver/Src/py32e407_hal_dma.c ****     
 356:../../../../../../Drivers/PY32E407_HAL_Driver/Src/py32e407_hal_dma.c ****     /* Configure the source, destination address and the data length & clear flags*/
 357:../../../../../../Drivers/PY32E407_HAL_Driver/Src/py32e407_hal_dma.c ****     DMA_SetConfig(hdma, SrcAddress, DstAddress, DataLength);
 358:../../../../../../Drivers/PY32E407_HAL_Driver/Src/py32e407_hal_dma.c ****     
 359:../../../../../../Drivers/PY32E407_HAL_Driver/Src/py32e407_hal_dma.c ****     /* DMA transfer from the source is not suspended */
 360:../../../../../../Drivers/PY32E407_HAL_Driver/Src/py32e407_hal_dma.c ****     CLEAR_BIT(hdma->Instance->CH_CFGL, DMA_CH_CFGL_CH_SUSP);
 361:../../../../../../Drivers/PY32E407_HAL_Driver/Src/py32e407_hal_dma.c ****     
 362:../../../../../../Drivers/PY32E407_HAL_Driver/Src/py32e407_hal_dma.c ****     /* To set the flag bit, enable interrupt */
 363:../../../../../../Drivers/PY32E407_HAL_Driver/Src/py32e407_hal_dma.c ****     SET_BIT(hdma->DmaBaseAddress->MASKHALFBLOCK, ((DMA_MASKHALFBLOCK_INT_MASK_WE_0 | DMA_MASKHALFBL
 364:../../../../../../Drivers/PY32E407_HAL_Driver/Src/py32e407_hal_dma.c ****     
 365:../../../../../../Drivers/PY32E407_HAL_Driver/Src/py32e407_hal_dma.c ****     SET_BIT(hdma->DmaBaseAddress->MASKBLOCK, ((DMA_MASKBLOCK_INT_MASK_WE_0 | DMA_MASKBLOCK_INT_MASK
 366:../../../../../../Drivers/PY32E407_HAL_Driver/Src/py32e407_hal_dma.c ****     SET_BIT(hdma->DmaBaseAddress->MASKSRCTRAN, ((DMA_MASKSRCTRAN_INT_MASK_WE_0 | DMA_MASKSRCTRAN_IN
 367:../../../../../../Drivers/PY32E407_HAL_Driver/Src/py32e407_hal_dma.c ****     SET_BIT(hdma->DmaBaseAddress->MASKDSTTRAN, ((DMA_MASKDSTTRAN_INT_MASK_WE_0 | DMA_MASKDSTTRAN_IN
 368:../../../../../../Drivers/PY32E407_HAL_Driver/Src/py32e407_hal_dma.c ****     SET_BIT(hdma->DmaBaseAddress->MASKERR, ((DMA_MASKERR_INT_MASK_WE_0 | DMA_MASKERR_INT_MASK_0) <<
 369:../../../../../../Drivers/PY32E407_HAL_Driver/Src/py32e407_hal_dma.c ****     
 370:../../../../../../Drivers/PY32E407_HAL_Driver/Src/py32e407_hal_dma.c ****     __HAL_DMA_ENABLE_IT(hdma);
 371:../../../../../../Drivers/PY32E407_HAL_Driver/Src/py32e407_hal_dma.c ****     
 372:../../../../../../Drivers/PY32E407_HAL_Driver/Src/py32e407_hal_dma.c ****     /* Enable the specified DMA */
ARM GAS  C:\Users\user\AppData\Local\Temp\cci4XqOd.s 			page 8


 373:../../../../../../Drivers/PY32E407_HAL_Driver/Src/py32e407_hal_dma.c ****     __HAL_DMA_ENABLE(hdma);
 374:../../../../../../Drivers/PY32E407_HAL_Driver/Src/py32e407_hal_dma.c ****     
 375:../../../../../../Drivers/PY32E407_HAL_Driver/Src/py32e407_hal_dma.c ****     /* Enable the specified DMA Channel */
 376:../../../../../../Drivers/PY32E407_HAL_Driver/Src/py32e407_hal_dma.c ****     SET_BIT(hdma->DmaBaseAddress->CH_EN, ((DMA_CH_EN_CH_EN_WE_0 | DMA_CH_EN_CH_EN_0) << hdma->Chann
 377:../../../../../../Drivers/PY32E407_HAL_Driver/Src/py32e407_hal_dma.c ****   }
 378:../../../../../../Drivers/PY32E407_HAL_Driver/Src/py32e407_hal_dma.c ****   else
 379:../../../../../../Drivers/PY32E407_HAL_Driver/Src/py32e407_hal_dma.c ****   {
 380:../../../../../../Drivers/PY32E407_HAL_Driver/Src/py32e407_hal_dma.c ****    /* Process Unlocked */
 381:../../../../../../Drivers/PY32E407_HAL_Driver/Src/py32e407_hal_dma.c ****    __HAL_UNLOCK(hdma);  
 382:../../../../../../Drivers/PY32E407_HAL_Driver/Src/py32e407_hal_dma.c ****    status = HAL_BUSY;
 383:../../../../../../Drivers/PY32E407_HAL_Driver/Src/py32e407_hal_dma.c ****   }  
 384:../../../../../../Drivers/PY32E407_HAL_Driver/Src/py32e407_hal_dma.c ****   return status;
 385:../../../../../../Drivers/PY32E407_HAL_Driver/Src/py32e407_hal_dma.c **** }
 386:../../../../../../Drivers/PY32E407_HAL_Driver/Src/py32e407_hal_dma.c **** /**
 387:../../../../../../Drivers/PY32E407_HAL_Driver/Src/py32e407_hal_dma.c ****   * @brief  Start the DMA Transfer with interrupt enabled.
 388:../../../../../../Drivers/PY32E407_HAL_Driver/Src/py32e407_hal_dma.c ****   * @param  hdma: pointer to a DMA_HandleTypeDef structure that contains
 389:../../../../../../Drivers/PY32E407_HAL_Driver/Src/py32e407_hal_dma.c ****   *               the configuration information for the specified DMA Channel.
 390:../../../../../../Drivers/PY32E407_HAL_Driver/Src/py32e407_hal_dma.c ****   * @param  SrcAddress: The source memory Buffer address
 391:../../../../../../Drivers/PY32E407_HAL_Driver/Src/py32e407_hal_dma.c ****   * @param  DstAddress: The destination memory Buffer address
 392:../../../../../../Drivers/PY32E407_HAL_Driver/Src/py32e407_hal_dma.c ****   * @param  DataLength: The length of data to be transferred from source to destination
 393:../../../../../../Drivers/PY32E407_HAL_Driver/Src/py32e407_hal_dma.c ****   * @note   In circular mode, the maximum circular transfer length does not exceed 4095.
 394:../../../../../../Drivers/PY32E407_HAL_Driver/Src/py32e407_hal_dma.c ****   * @retval HAL status
 395:../../../../../../Drivers/PY32E407_HAL_Driver/Src/py32e407_hal_dma.c ****   */
 396:../../../../../../Drivers/PY32E407_HAL_Driver/Src/py32e407_hal_dma.c **** HAL_StatusTypeDef HAL_DMA_Start_IT(DMA_HandleTypeDef *hdma, uint32_t SrcAddress, uint32_t DstAddres
 397:../../../../../../Drivers/PY32E407_HAL_Driver/Src/py32e407_hal_dma.c **** {
 398:../../../../../../Drivers/PY32E407_HAL_Driver/Src/py32e407_hal_dma.c ****   HAL_StatusTypeDef status = HAL_OK;
 399:../../../../../../Drivers/PY32E407_HAL_Driver/Src/py32e407_hal_dma.c **** 
 400:../../../../../../Drivers/PY32E407_HAL_Driver/Src/py32e407_hal_dma.c ****   /* Process locked */
 401:../../../../../../Drivers/PY32E407_HAL_Driver/Src/py32e407_hal_dma.c ****   __HAL_LOCK(hdma);
 402:../../../../../../Drivers/PY32E407_HAL_Driver/Src/py32e407_hal_dma.c ****   
 403:../../../../../../Drivers/PY32E407_HAL_Driver/Src/py32e407_hal_dma.c ****   if(HAL_DMA_STATE_READY == hdma->State)
 404:../../../../../../Drivers/PY32E407_HAL_Driver/Src/py32e407_hal_dma.c ****   {
 405:../../../../../../Drivers/PY32E407_HAL_Driver/Src/py32e407_hal_dma.c ****     /* Change DMA peripheral state */
 406:../../../../../../Drivers/PY32E407_HAL_Driver/Src/py32e407_hal_dma.c ****     hdma->State = HAL_DMA_STATE_BUSY;
 407:../../../../../../Drivers/PY32E407_HAL_Driver/Src/py32e407_hal_dma.c ****     hdma->ErrorCode = HAL_DMA_ERROR_NONE;
 408:../../../../../../Drivers/PY32E407_HAL_Driver/Src/py32e407_hal_dma.c ****     
 409:../../../../../../Drivers/PY32E407_HAL_Driver/Src/py32e407_hal_dma.c ****     /* Disable the specified DMA Channel */
 410:../../../../../../Drivers/PY32E407_HAL_Driver/Src/py32e407_hal_dma.c ****     MODIFY_REG(hdma->DmaBaseAddress->CH_EN, ((DMA_CH_EN_CH_EN_0 | DMA_CH_EN_CH_EN_WE_0) << hdma->Ch
 411:../../../../../../Drivers/PY32E407_HAL_Driver/Src/py32e407_hal_dma.c ****     
 412:../../../../../../Drivers/PY32E407_HAL_Driver/Src/py32e407_hal_dma.c ****     /* Configure the source, destination address and the data length & clear flags*/
 413:../../../../../../Drivers/PY32E407_HAL_Driver/Src/py32e407_hal_dma.c ****     DMA_SetConfig(hdma, SrcAddress, DstAddress, DataLength);
 414:../../../../../../Drivers/PY32E407_HAL_Driver/Src/py32e407_hal_dma.c ****     
 415:../../../../../../Drivers/PY32E407_HAL_Driver/Src/py32e407_hal_dma.c ****     /* DMA transfer from the source is not suspended */
 416:../../../../../../Drivers/PY32E407_HAL_Driver/Src/py32e407_hal_dma.c ****     CLEAR_BIT(hdma->Instance->CH_CFGL, DMA_CH_CFGL_CH_SUSP);
 417:../../../../../../Drivers/PY32E407_HAL_Driver/Src/py32e407_hal_dma.c ****     
 418:../../../../../../Drivers/PY32E407_HAL_Driver/Src/py32e407_hal_dma.c ****     /* Enable the interrupt */
 419:../../../../../../Drivers/PY32E407_HAL_Driver/Src/py32e407_hal_dma.c ****     if(NULL != hdma->XferHalfBlockCpltCallback)
 420:../../../../../../Drivers/PY32E407_HAL_Driver/Src/py32e407_hal_dma.c ****     {
 421:../../../../../../Drivers/PY32E407_HAL_Driver/Src/py32e407_hal_dma.c ****       /* Enable the Half transfer complete interrupt as well */
 422:../../../../../../Drivers/PY32E407_HAL_Driver/Src/py32e407_hal_dma.c ****       SET_BIT(hdma->DmaBaseAddress->MASKHALFBLOCK, ((DMA_MASKHALFBLOCK_INT_MASK_WE_0 | DMA_MASKHALF
 423:../../../../../../Drivers/PY32E407_HAL_Driver/Src/py32e407_hal_dma.c ****       
 424:../../../../../../Drivers/PY32E407_HAL_Driver/Src/py32e407_hal_dma.c ****       SET_BIT(hdma->DmaBaseAddress->MASKBLOCK, ((DMA_MASKBLOCK_INT_MASK_WE_0 | DMA_MASKBLOCK_INT_MA
 425:../../../../../../Drivers/PY32E407_HAL_Driver/Src/py32e407_hal_dma.c ****       SET_BIT(hdma->DmaBaseAddress->MASKSRCTRAN, ((DMA_MASKSRCTRAN_INT_MASK_WE_0 | DMA_MASKSRCTRAN_
 426:../../../../../../Drivers/PY32E407_HAL_Driver/Src/py32e407_hal_dma.c ****       SET_BIT(hdma->DmaBaseAddress->MASKDSTTRAN, ((DMA_MASKDSTTRAN_INT_MASK_WE_0 | DMA_MASKDSTTRAN_
 427:../../../../../../Drivers/PY32E407_HAL_Driver/Src/py32e407_hal_dma.c ****       SET_BIT(hdma->DmaBaseAddress->MASKERR, ((DMA_MASKERR_INT_MASK_WE_0 | DMA_MASKERR_INT_MASK_0) 
 428:../../../../../../Drivers/PY32E407_HAL_Driver/Src/py32e407_hal_dma.c ****     }
 429:../../../../../../Drivers/PY32E407_HAL_Driver/Src/py32e407_hal_dma.c ****     else
ARM GAS  C:\Users\user\AppData\Local\Temp\cci4XqOd.s 			page 9


 430:../../../../../../Drivers/PY32E407_HAL_Driver/Src/py32e407_hal_dma.c ****     {
 431:../../../../../../Drivers/PY32E407_HAL_Driver/Src/py32e407_hal_dma.c ****       MODIFY_REG(hdma->DmaBaseAddress->MASKHALFBLOCK, ((DMA_MASKHALFBLOCK_INT_MASK_0 | DMA_MASKHALF
 432:../../../../../../Drivers/PY32E407_HAL_Driver/Src/py32e407_hal_dma.c ****              (DMA_MASKHALFBLOCK_INT_MASK_WE_0 << hdma->ChannelIndex));
 433:../../../../../../Drivers/PY32E407_HAL_Driver/Src/py32e407_hal_dma.c ****       
 434:../../../../../../Drivers/PY32E407_HAL_Driver/Src/py32e407_hal_dma.c ****       SET_BIT(hdma->DmaBaseAddress->MASKBLOCK, ((DMA_MASKBLOCK_INT_MASK_WE_0 | DMA_MASKBLOCK_INT_MA
 435:../../../../../../Drivers/PY32E407_HAL_Driver/Src/py32e407_hal_dma.c ****       SET_BIT(hdma->DmaBaseAddress->MASKSRCTRAN, ((DMA_MASKSRCTRAN_INT_MASK_WE_0 | DMA_MASKSRCTRAN_
 436:../../../../../../Drivers/PY32E407_HAL_Driver/Src/py32e407_hal_dma.c ****       SET_BIT(hdma->DmaBaseAddress->MASKDSTTRAN, ((DMA_MASKDSTTRAN_INT_MASK_WE_0 | DMA_MASKDSTTRAN_
 437:../../../../../../Drivers/PY32E407_HAL_Driver/Src/py32e407_hal_dma.c ****       SET_BIT(hdma->DmaBaseAddress->MASKERR, ((DMA_MASKERR_INT_MASK_WE_0 | DMA_MASKERR_INT_MASK_0) 
 438:../../../../../../Drivers/PY32E407_HAL_Driver/Src/py32e407_hal_dma.c ****     }
 439:../../../../../../Drivers/PY32E407_HAL_Driver/Src/py32e407_hal_dma.c ****     
 440:../../../../../../Drivers/PY32E407_HAL_Driver/Src/py32e407_hal_dma.c ****     __HAL_DMA_ENABLE_IT(hdma);
 441:../../../../../../Drivers/PY32E407_HAL_Driver/Src/py32e407_hal_dma.c ****     
 442:../../../../../../Drivers/PY32E407_HAL_Driver/Src/py32e407_hal_dma.c ****     /* Enable the specified DMA */
 443:../../../../../../Drivers/PY32E407_HAL_Driver/Src/py32e407_hal_dma.c ****     __HAL_DMA_ENABLE(hdma);
 444:../../../../../../Drivers/PY32E407_HAL_Driver/Src/py32e407_hal_dma.c ****     
 445:../../../../../../Drivers/PY32E407_HAL_Driver/Src/py32e407_hal_dma.c ****     /* Enable the specified DMA Channel */
 446:../../../../../../Drivers/PY32E407_HAL_Driver/Src/py32e407_hal_dma.c ****     SET_BIT(hdma->DmaBaseAddress->CH_EN, ((DMA_CH_EN_CH_EN_WE_0 | DMA_CH_EN_CH_EN_0) << hdma->Chann
 447:../../../../../../Drivers/PY32E407_HAL_Driver/Src/py32e407_hal_dma.c ****   }
 448:../../../../../../Drivers/PY32E407_HAL_Driver/Src/py32e407_hal_dma.c ****   else
 449:../../../../../../Drivers/PY32E407_HAL_Driver/Src/py32e407_hal_dma.c ****   {      
 450:../../../../../../Drivers/PY32E407_HAL_Driver/Src/py32e407_hal_dma.c ****     /* Process Unlocked */
 451:../../../../../../Drivers/PY32E407_HAL_Driver/Src/py32e407_hal_dma.c ****     __HAL_UNLOCK(hdma); 
 452:../../../../../../Drivers/PY32E407_HAL_Driver/Src/py32e407_hal_dma.c **** 
 453:../../../../../../Drivers/PY32E407_HAL_Driver/Src/py32e407_hal_dma.c ****     /* Remain BUSY */
 454:../../../../../../Drivers/PY32E407_HAL_Driver/Src/py32e407_hal_dma.c ****     status = HAL_BUSY;
 455:../../../../../../Drivers/PY32E407_HAL_Driver/Src/py32e407_hal_dma.c ****   }    
 456:../../../../../../Drivers/PY32E407_HAL_Driver/Src/py32e407_hal_dma.c ****   return status;
 457:../../../../../../Drivers/PY32E407_HAL_Driver/Src/py32e407_hal_dma.c **** }
 458:../../../../../../Drivers/PY32E407_HAL_Driver/Src/py32e407_hal_dma.c **** 
 459:../../../../../../Drivers/PY32E407_HAL_Driver/Src/py32e407_hal_dma.c **** /**
 460:../../../../../../Drivers/PY32E407_HAL_Driver/Src/py32e407_hal_dma.c ****   * @brief  Abort the DMA Transfer.
 461:../../../../../../Drivers/PY32E407_HAL_Driver/Src/py32e407_hal_dma.c ****   * @param  hdma: pointer to a DMA_HandleTypeDef structure that contains
 462:../../../../../../Drivers/PY32E407_HAL_Driver/Src/py32e407_hal_dma.c ****   *               the configuration information for the specified DMA Channel.
 463:../../../../../../Drivers/PY32E407_HAL_Driver/Src/py32e407_hal_dma.c ****   * @retval HAL status
 464:../../../../../../Drivers/PY32E407_HAL_Driver/Src/py32e407_hal_dma.c ****   */
 465:../../../../../../Drivers/PY32E407_HAL_Driver/Src/py32e407_hal_dma.c **** HAL_StatusTypeDef HAL_DMA_Abort(DMA_HandleTypeDef *hdma)
 466:../../../../../../Drivers/PY32E407_HAL_Driver/Src/py32e407_hal_dma.c **** {
 467:../../../../../../Drivers/PY32E407_HAL_Driver/Src/py32e407_hal_dma.c ****   uint32_t tickstart;
 468:../../../../../../Drivers/PY32E407_HAL_Driver/Src/py32e407_hal_dma.c ****   HAL_StatusTypeDef status = HAL_OK;
 469:../../../../../../Drivers/PY32E407_HAL_Driver/Src/py32e407_hal_dma.c ****   
 470:../../../../../../Drivers/PY32E407_HAL_Driver/Src/py32e407_hal_dma.c ****   if(hdma->State != HAL_DMA_STATE_BUSY)
 471:../../../../../../Drivers/PY32E407_HAL_Driver/Src/py32e407_hal_dma.c ****   {
 472:../../../../../../Drivers/PY32E407_HAL_Driver/Src/py32e407_hal_dma.c ****     /* no transfer ongoing */
 473:../../../../../../Drivers/PY32E407_HAL_Driver/Src/py32e407_hal_dma.c ****     hdma->ErrorCode = HAL_DMA_ERROR_NO_XFER;
 474:../../../../../../Drivers/PY32E407_HAL_Driver/Src/py32e407_hal_dma.c ****     
 475:../../../../../../Drivers/PY32E407_HAL_Driver/Src/py32e407_hal_dma.c ****     /* Process Unlocked */
 476:../../../../../../Drivers/PY32E407_HAL_Driver/Src/py32e407_hal_dma.c ****     __HAL_UNLOCK(hdma);
 477:../../../../../../Drivers/PY32E407_HAL_Driver/Src/py32e407_hal_dma.c ****     
 478:../../../../../../Drivers/PY32E407_HAL_Driver/Src/py32e407_hal_dma.c ****     return HAL_ERROR;
 479:../../../../../../Drivers/PY32E407_HAL_Driver/Src/py32e407_hal_dma.c ****   }
 480:../../../../../../Drivers/PY32E407_HAL_Driver/Src/py32e407_hal_dma.c ****   else
 481:../../../../../../Drivers/PY32E407_HAL_Driver/Src/py32e407_hal_dma.c ****   {
 482:../../../../../../Drivers/PY32E407_HAL_Driver/Src/py32e407_hal_dma.c ****     /* DMA transfer from the source is suspended */
 483:../../../../../../Drivers/PY32E407_HAL_Driver/Src/py32e407_hal_dma.c ****     SET_BIT(hdma->Instance->CH_CFGL, DMA_CH_CFGL_CH_SUSP);
 484:../../../../../../Drivers/PY32E407_HAL_Driver/Src/py32e407_hal_dma.c ****     
 485:../../../../../../Drivers/PY32E407_HAL_Driver/Src/py32e407_hal_dma.c ****     tickstart = HAL_GetTick();
 486:../../../../../../Drivers/PY32E407_HAL_Driver/Src/py32e407_hal_dma.c ****     
ARM GAS  C:\Users\user\AppData\Local\Temp\cci4XqOd.s 			page 10


 487:../../../../../../Drivers/PY32E407_HAL_Driver/Src/py32e407_hal_dma.c ****     /* Wait for FIFO to empty */
 488:../../../../../../Drivers/PY32E407_HAL_Driver/Src/py32e407_hal_dma.c ****     while(READ_BIT(hdma->Instance->CH_CFGL, DMA_CH_CFGL_FIFO_EMPTY) == RESET)
 489:../../../../../../Drivers/PY32E407_HAL_Driver/Src/py32e407_hal_dma.c ****     {
 490:../../../../../../Drivers/PY32E407_HAL_Driver/Src/py32e407_hal_dma.c ****       /* Timeout management */
 491:../../../../../../Drivers/PY32E407_HAL_Driver/Src/py32e407_hal_dma.c ****       if ((HAL_GetTick() - tickstart) >=  DMA_ABORT_TIMEOUT)
 492:../../../../../../Drivers/PY32E407_HAL_Driver/Src/py32e407_hal_dma.c ****       {
 493:../../../../../../Drivers/PY32E407_HAL_Driver/Src/py32e407_hal_dma.c ****         return HAL_ERROR;
 494:../../../../../../Drivers/PY32E407_HAL_Driver/Src/py32e407_hal_dma.c ****       }
 495:../../../../../../Drivers/PY32E407_HAL_Driver/Src/py32e407_hal_dma.c ****     }
 496:../../../../../../Drivers/PY32E407_HAL_Driver/Src/py32e407_hal_dma.c ****     
 497:../../../../../../Drivers/PY32E407_HAL_Driver/Src/py32e407_hal_dma.c ****     /* Disable DMA IT */
 498:../../../../../../Drivers/PY32E407_HAL_Driver/Src/py32e407_hal_dma.c ****     MODIFY_REG(hdma->DmaBaseAddress->MASKTFR, ((DMA_MASKTFR_INT_MASK_0 | DMA_MASKTFR_INT_MASK_WE_0)
 499:../../../../../../Drivers/PY32E407_HAL_Driver/Src/py32e407_hal_dma.c ****                (DMA_MASKTFR_INT_MASK_WE_0 << hdma->ChannelIndex));
 500:../../../../../../Drivers/PY32E407_HAL_Driver/Src/py32e407_hal_dma.c ****     MODIFY_REG(hdma->DmaBaseAddress->MASKBLOCK, ((DMA_MASKBLOCK_INT_MASK_0 | DMA_MASKBLOCK_INT_MASK
 501:../../../../../../Drivers/PY32E407_HAL_Driver/Src/py32e407_hal_dma.c ****                (DMA_MASKBLOCK_INT_MASK_WE_0 << hdma->ChannelIndex));
 502:../../../../../../Drivers/PY32E407_HAL_Driver/Src/py32e407_hal_dma.c ****     MODIFY_REG(hdma->DmaBaseAddress->MASKHALFBLOCK, ((DMA_MASKHALFBLOCK_INT_MASK_0 | DMA_MASKHALFBL
 503:../../../../../../Drivers/PY32E407_HAL_Driver/Src/py32e407_hal_dma.c ****              (DMA_MASKHALFBLOCK_INT_MASK_WE_0 << hdma->ChannelIndex));
 504:../../../../../../Drivers/PY32E407_HAL_Driver/Src/py32e407_hal_dma.c ****     MODIFY_REG(hdma->DmaBaseAddress->MASKSRCTRAN, ((DMA_MASKSRCTRAN_INT_MASK_0 | DMA_MASKSRCTRAN_IN
 505:../../../../../../Drivers/PY32E407_HAL_Driver/Src/py32e407_hal_dma.c ****                (DMA_MASKSRCTRAN_INT_MASK_WE_0 << hdma->ChannelIndex));
 506:../../../../../../Drivers/PY32E407_HAL_Driver/Src/py32e407_hal_dma.c ****     MODIFY_REG(hdma->DmaBaseAddress->MASKDSTTRAN, ((DMA_MASKDSTTRAN_INT_MASK_0 | DMA_MASKDSTTRAN_IN
 507:../../../../../../Drivers/PY32E407_HAL_Driver/Src/py32e407_hal_dma.c ****                (DMA_MASKDSTTRAN_INT_MASK_WE_0 << hdma->ChannelIndex));
 508:../../../../../../Drivers/PY32E407_HAL_Driver/Src/py32e407_hal_dma.c ****     MODIFY_REG(hdma->DmaBaseAddress->MASKERR, ((DMA_MASKERR_INT_MASK_0 | DMA_MASKERR_INT_MASK_WE_0)
 509:../../../../../../Drivers/PY32E407_HAL_Driver/Src/py32e407_hal_dma.c ****                (DMA_MASKERR_INT_MASK_WE_0 << hdma->ChannelIndex));
 510:../../../../../../Drivers/PY32E407_HAL_Driver/Src/py32e407_hal_dma.c ****     
 511:../../../../../../Drivers/PY32E407_HAL_Driver/Src/py32e407_hal_dma.c ****     __HAL_DMA_DISABLE_IT(hdma);
 512:../../../../../../Drivers/PY32E407_HAL_Driver/Src/py32e407_hal_dma.c ****       
 513:../../../../../../Drivers/PY32E407_HAL_Driver/Src/py32e407_hal_dma.c ****     /* Disable the channel */
 514:../../../../../../Drivers/PY32E407_HAL_Driver/Src/py32e407_hal_dma.c ****     MODIFY_REG(hdma->DmaBaseAddress->CH_EN, ((DMA_CH_EN_CH_EN_0 | DMA_CH_EN_CH_EN_WE_0) << hdma->Ch
 515:../../../../../../Drivers/PY32E407_HAL_Driver/Src/py32e407_hal_dma.c ****                (DMA_CH_EN_CH_EN_WE_0 << hdma->ChannelIndex));
 516:../../../../../../Drivers/PY32E407_HAL_Driver/Src/py32e407_hal_dma.c ****       
 517:../../../../../../Drivers/PY32E407_HAL_Driver/Src/py32e407_hal_dma.c ****     /* Clear all flags */
 518:../../../../../../Drivers/PY32E407_HAL_Driver/Src/py32e407_hal_dma.c ****     hdma->DmaBaseAddress->CLEARTFR = (DMA_CLEARTFR_CLEAR_0 << hdma->ChannelIndex);
 519:../../../../../../Drivers/PY32E407_HAL_Driver/Src/py32e407_hal_dma.c ****     hdma->DmaBaseAddress->CLEARBLOCK = (DMA_CLEARBLOCK_CLEAR_0 << hdma->ChannelIndex);
 520:../../../../../../Drivers/PY32E407_HAL_Driver/Src/py32e407_hal_dma.c ****     hdma->DmaBaseAddress->CLEARHALFBLOCK = (DMA_CLEARHALFBLOCK_CLEAR_0 << hdma->ChannelIndex);
 521:../../../../../../Drivers/PY32E407_HAL_Driver/Src/py32e407_hal_dma.c ****     hdma->DmaBaseAddress->CLEARSRCTRAN = (DMA_CLEARSRCTRAN_CLEAR_0 << hdma->ChannelIndex);
 522:../../../../../../Drivers/PY32E407_HAL_Driver/Src/py32e407_hal_dma.c ****     hdma->DmaBaseAddress->CLEARDSTTRAN = (DMA_CLEARDSTTRAN_CLEAR_0 << hdma->ChannelIndex);
 523:../../../../../../Drivers/PY32E407_HAL_Driver/Src/py32e407_hal_dma.c ****     hdma->DmaBaseAddress->CLEARERR = (DMA_CLEARERR_CLEAR_0 << hdma->ChannelIndex);
 524:../../../../../../Drivers/PY32E407_HAL_Driver/Src/py32e407_hal_dma.c ****   }
 525:../../../../../../Drivers/PY32E407_HAL_Driver/Src/py32e407_hal_dma.c ****   /* Change the DMA state */
 526:../../../../../../Drivers/PY32E407_HAL_Driver/Src/py32e407_hal_dma.c ****   hdma->State = HAL_DMA_STATE_READY;
 527:../../../../../../Drivers/PY32E407_HAL_Driver/Src/py32e407_hal_dma.c **** 
 528:../../../../../../Drivers/PY32E407_HAL_Driver/Src/py32e407_hal_dma.c ****   /* Process Unlocked */
 529:../../../../../../Drivers/PY32E407_HAL_Driver/Src/py32e407_hal_dma.c ****   __HAL_UNLOCK(hdma);      
 530:../../../../../../Drivers/PY32E407_HAL_Driver/Src/py32e407_hal_dma.c ****   
 531:../../../../../../Drivers/PY32E407_HAL_Driver/Src/py32e407_hal_dma.c ****   return status; 
 532:../../../../../../Drivers/PY32E407_HAL_Driver/Src/py32e407_hal_dma.c **** }
 533:../../../../../../Drivers/PY32E407_HAL_Driver/Src/py32e407_hal_dma.c **** 
 534:../../../../../../Drivers/PY32E407_HAL_Driver/Src/py32e407_hal_dma.c **** /**
 535:../../../../../../Drivers/PY32E407_HAL_Driver/Src/py32e407_hal_dma.c ****   * @brief  Aborts the DMA Transfer in Interrupt mode.
 536:../../../../../../Drivers/PY32E407_HAL_Driver/Src/py32e407_hal_dma.c ****   * @param  hdma  : pointer to a DMA_HandleTypeDef structure that contains
 537:../../../../../../Drivers/PY32E407_HAL_Driver/Src/py32e407_hal_dma.c ****   *                 the configuration information for the specified DMA Channel.
 538:../../../../../../Drivers/PY32E407_HAL_Driver/Src/py32e407_hal_dma.c ****   * @retval HAL status
 539:../../../../../../Drivers/PY32E407_HAL_Driver/Src/py32e407_hal_dma.c ****   */
 540:../../../../../../Drivers/PY32E407_HAL_Driver/Src/py32e407_hal_dma.c **** HAL_StatusTypeDef HAL_DMA_Abort_IT(DMA_HandleTypeDef *hdma)
 541:../../../../../../Drivers/PY32E407_HAL_Driver/Src/py32e407_hal_dma.c **** {
 542:../../../../../../Drivers/PY32E407_HAL_Driver/Src/py32e407_hal_dma.c ****   uint32_t tickstart;
 543:../../../../../../Drivers/PY32E407_HAL_Driver/Src/py32e407_hal_dma.c ****   HAL_StatusTypeDef status = HAL_OK;
ARM GAS  C:\Users\user\AppData\Local\Temp\cci4XqOd.s 			page 11


 544:../../../../../../Drivers/PY32E407_HAL_Driver/Src/py32e407_hal_dma.c ****   
 545:../../../../../../Drivers/PY32E407_HAL_Driver/Src/py32e407_hal_dma.c ****   if(HAL_DMA_STATE_BUSY != hdma->State)
 546:../../../../../../Drivers/PY32E407_HAL_Driver/Src/py32e407_hal_dma.c ****   {
 547:../../../../../../Drivers/PY32E407_HAL_Driver/Src/py32e407_hal_dma.c ****     /* no transfer ongoing */
 548:../../../../../../Drivers/PY32E407_HAL_Driver/Src/py32e407_hal_dma.c ****     hdma->ErrorCode = HAL_DMA_ERROR_NO_XFER;
 549:../../../../../../Drivers/PY32E407_HAL_Driver/Src/py32e407_hal_dma.c ****         
 550:../../../../../../Drivers/PY32E407_HAL_Driver/Src/py32e407_hal_dma.c ****     status = HAL_ERROR;
 551:../../../../../../Drivers/PY32E407_HAL_Driver/Src/py32e407_hal_dma.c ****   }
 552:../../../../../../Drivers/PY32E407_HAL_Driver/Src/py32e407_hal_dma.c ****   else
 553:../../../../../../Drivers/PY32E407_HAL_Driver/Src/py32e407_hal_dma.c ****   { 
 554:../../../../../../Drivers/PY32E407_HAL_Driver/Src/py32e407_hal_dma.c ****     /* DMA transfer from the source is suspended */
 555:../../../../../../Drivers/PY32E407_HAL_Driver/Src/py32e407_hal_dma.c ****     SET_BIT(hdma->Instance->CH_CFGL, DMA_CH_CFGL_CH_SUSP);
 556:../../../../../../Drivers/PY32E407_HAL_Driver/Src/py32e407_hal_dma.c ****     
 557:../../../../../../Drivers/PY32E407_HAL_Driver/Src/py32e407_hal_dma.c ****     tickstart = HAL_GetTick();
 558:../../../../../../Drivers/PY32E407_HAL_Driver/Src/py32e407_hal_dma.c ****     
 559:../../../../../../Drivers/PY32E407_HAL_Driver/Src/py32e407_hal_dma.c ****     /* Wait for FIFO to empty */
 560:../../../../../../Drivers/PY32E407_HAL_Driver/Src/py32e407_hal_dma.c ****     while(READ_BIT(hdma->Instance->CH_CFGL, DMA_CH_CFGL_FIFO_EMPTY) == RESET)
 561:../../../../../../Drivers/PY32E407_HAL_Driver/Src/py32e407_hal_dma.c ****     {
 562:../../../../../../Drivers/PY32E407_HAL_Driver/Src/py32e407_hal_dma.c ****       /* Timeout management */
 563:../../../../../../Drivers/PY32E407_HAL_Driver/Src/py32e407_hal_dma.c ****       if ((HAL_GetTick() - tickstart) >=  DMA_ABORT_TIMEOUT)
 564:../../../../../../Drivers/PY32E407_HAL_Driver/Src/py32e407_hal_dma.c ****       {
 565:../../../../../../Drivers/PY32E407_HAL_Driver/Src/py32e407_hal_dma.c ****         return HAL_ERROR;
 566:../../../../../../Drivers/PY32E407_HAL_Driver/Src/py32e407_hal_dma.c ****       }
 567:../../../../../../Drivers/PY32E407_HAL_Driver/Src/py32e407_hal_dma.c ****     }
 568:../../../../../../Drivers/PY32E407_HAL_Driver/Src/py32e407_hal_dma.c ****     
 569:../../../../../../Drivers/PY32E407_HAL_Driver/Src/py32e407_hal_dma.c ****     /* Disable DMA IT */
 570:../../../../../../Drivers/PY32E407_HAL_Driver/Src/py32e407_hal_dma.c ****     MODIFY_REG(hdma->DmaBaseAddress->MASKTFR, ((DMA_MASKTFR_INT_MASK_0 | DMA_MASKTFR_INT_MASK_WE_0)
 571:../../../../../../Drivers/PY32E407_HAL_Driver/Src/py32e407_hal_dma.c ****                (DMA_MASKTFR_INT_MASK_WE_0 << hdma->ChannelIndex));
 572:../../../../../../Drivers/PY32E407_HAL_Driver/Src/py32e407_hal_dma.c ****     MODIFY_REG(hdma->DmaBaseAddress->MASKBLOCK, ((DMA_MASKBLOCK_INT_MASK_0 | DMA_MASKBLOCK_INT_MASK
 573:../../../../../../Drivers/PY32E407_HAL_Driver/Src/py32e407_hal_dma.c ****                (DMA_MASKBLOCK_INT_MASK_WE_0 << hdma->ChannelIndex));
 574:../../../../../../Drivers/PY32E407_HAL_Driver/Src/py32e407_hal_dma.c ****     MODIFY_REG(hdma->DmaBaseAddress->MASKHALFBLOCK, ((DMA_MASKHALFBLOCK_INT_MASK_0 | DMA_MASKHALFBL
 575:../../../../../../Drivers/PY32E407_HAL_Driver/Src/py32e407_hal_dma.c ****              (DMA_MASKHALFBLOCK_INT_MASK_WE_0 << hdma->ChannelIndex));
 576:../../../../../../Drivers/PY32E407_HAL_Driver/Src/py32e407_hal_dma.c ****     MODIFY_REG(hdma->DmaBaseAddress->MASKSRCTRAN, ((DMA_MASKSRCTRAN_INT_MASK_0 | DMA_MASKSRCTRAN_IN
 577:../../../../../../Drivers/PY32E407_HAL_Driver/Src/py32e407_hal_dma.c ****                (DMA_MASKSRCTRAN_INT_MASK_WE_0 << hdma->ChannelIndex));
 578:../../../../../../Drivers/PY32E407_HAL_Driver/Src/py32e407_hal_dma.c ****     MODIFY_REG(hdma->DmaBaseAddress->MASKDSTTRAN, ((DMA_MASKDSTTRAN_INT_MASK_0 | DMA_MASKDSTTRAN_IN
 579:../../../../../../Drivers/PY32E407_HAL_Driver/Src/py32e407_hal_dma.c ****                (DMA_MASKDSTTRAN_INT_MASK_WE_0 << hdma->ChannelIndex));
 580:../../../../../../Drivers/PY32E407_HAL_Driver/Src/py32e407_hal_dma.c ****     MODIFY_REG(hdma->DmaBaseAddress->MASKERR, ((DMA_MASKERR_INT_MASK_0 | DMA_MASKERR_INT_MASK_WE_0)
 581:../../../../../../Drivers/PY32E407_HAL_Driver/Src/py32e407_hal_dma.c ****                (DMA_MASKERR_INT_MASK_WE_0 << hdma->ChannelIndex));
 582:../../../../../../Drivers/PY32E407_HAL_Driver/Src/py32e407_hal_dma.c ****     
 583:../../../../../../Drivers/PY32E407_HAL_Driver/Src/py32e407_hal_dma.c ****     __HAL_DMA_DISABLE_IT(hdma);
 584:../../../../../../Drivers/PY32E407_HAL_Driver/Src/py32e407_hal_dma.c **** 
 585:../../../../../../Drivers/PY32E407_HAL_Driver/Src/py32e407_hal_dma.c ****     /* Disable the channel */
 586:../../../../../../Drivers/PY32E407_HAL_Driver/Src/py32e407_hal_dma.c ****     MODIFY_REG(hdma->DmaBaseAddress->CH_EN, ((DMA_CH_EN_CH_EN_0 | DMA_CH_EN_CH_EN_WE_0) << hdma->Ch
 587:../../../../../../Drivers/PY32E407_HAL_Driver/Src/py32e407_hal_dma.c ****                (DMA_CH_EN_CH_EN_WE_0 << hdma->ChannelIndex));
 588:../../../../../../Drivers/PY32E407_HAL_Driver/Src/py32e407_hal_dma.c **** 
 589:../../../../../../Drivers/PY32E407_HAL_Driver/Src/py32e407_hal_dma.c ****     /* Clear all flags */
 590:../../../../../../Drivers/PY32E407_HAL_Driver/Src/py32e407_hal_dma.c ****     hdma->DmaBaseAddress->CLEARTFR = (DMA_CLEARTFR_CLEAR_0 << hdma->ChannelIndex);
 591:../../../../../../Drivers/PY32E407_HAL_Driver/Src/py32e407_hal_dma.c ****     hdma->DmaBaseAddress->CLEARBLOCK = (DMA_CLEARBLOCK_CLEAR_0 << hdma->ChannelIndex);
 592:../../../../../../Drivers/PY32E407_HAL_Driver/Src/py32e407_hal_dma.c ****     hdma->DmaBaseAddress->CLEARHALFBLOCK = (DMA_CLEARHALFBLOCK_CLEAR_0 << hdma->ChannelIndex);
 593:../../../../../../Drivers/PY32E407_HAL_Driver/Src/py32e407_hal_dma.c ****     hdma->DmaBaseAddress->CLEARSRCTRAN = (DMA_CLEARSRCTRAN_CLEAR_0 << hdma->ChannelIndex);
 594:../../../../../../Drivers/PY32E407_HAL_Driver/Src/py32e407_hal_dma.c ****     hdma->DmaBaseAddress->CLEARDSTTRAN = (DMA_CLEARDSTTRAN_CLEAR_0 << hdma->ChannelIndex);
 595:../../../../../../Drivers/PY32E407_HAL_Driver/Src/py32e407_hal_dma.c ****     hdma->DmaBaseAddress->CLEARERR = (DMA_CLEARERR_CLEAR_0 << hdma->ChannelIndex);
 596:../../../../../../Drivers/PY32E407_HAL_Driver/Src/py32e407_hal_dma.c **** 
 597:../../../../../../Drivers/PY32E407_HAL_Driver/Src/py32e407_hal_dma.c ****     /* Change the DMA state */
 598:../../../../../../Drivers/PY32E407_HAL_Driver/Src/py32e407_hal_dma.c ****     hdma->State = HAL_DMA_STATE_READY;
 599:../../../../../../Drivers/PY32E407_HAL_Driver/Src/py32e407_hal_dma.c **** 
 600:../../../../../../Drivers/PY32E407_HAL_Driver/Src/py32e407_hal_dma.c ****     /* Process Unlocked */
ARM GAS  C:\Users\user\AppData\Local\Temp\cci4XqOd.s 			page 12


 601:../../../../../../Drivers/PY32E407_HAL_Driver/Src/py32e407_hal_dma.c ****     __HAL_UNLOCK(hdma);
 602:../../../../../../Drivers/PY32E407_HAL_Driver/Src/py32e407_hal_dma.c **** 
 603:../../../../../../Drivers/PY32E407_HAL_Driver/Src/py32e407_hal_dma.c ****     /* Call User Abort callback */
 604:../../../../../../Drivers/PY32E407_HAL_Driver/Src/py32e407_hal_dma.c ****     if(hdma->XferAbortCallback != NULL)
 605:../../../../../../Drivers/PY32E407_HAL_Driver/Src/py32e407_hal_dma.c ****     {
 606:../../../../../../Drivers/PY32E407_HAL_Driver/Src/py32e407_hal_dma.c ****       hdma->XferAbortCallback(hdma);
 607:../../../../../../Drivers/PY32E407_HAL_Driver/Src/py32e407_hal_dma.c ****     } 
 608:../../../../../../Drivers/PY32E407_HAL_Driver/Src/py32e407_hal_dma.c ****   }
 609:../../../../../../Drivers/PY32E407_HAL_Driver/Src/py32e407_hal_dma.c ****   return status;
 610:../../../../../../Drivers/PY32E407_HAL_Driver/Src/py32e407_hal_dma.c **** }
 611:../../../../../../Drivers/PY32E407_HAL_Driver/Src/py32e407_hal_dma.c **** 
 612:../../../../../../Drivers/PY32E407_HAL_Driver/Src/py32e407_hal_dma.c **** /**
 613:../../../../../../Drivers/PY32E407_HAL_Driver/Src/py32e407_hal_dma.c ****   * @brief  Polling for transfer complete.
 614:../../../../../../Drivers/PY32E407_HAL_Driver/Src/py32e407_hal_dma.c ****   * @param  hdma:    pointer to a DMA_HandleTypeDef structure that contains
 615:../../../../../../Drivers/PY32E407_HAL_Driver/Src/py32e407_hal_dma.c ****   *                  the configuration information for the specified DMA Channel.
 616:../../../../../../Drivers/PY32E407_HAL_Driver/Src/py32e407_hal_dma.c ****   * @param  CompleteLevel: Specifies the DMA level complete.
 617:../../../../../../Drivers/PY32E407_HAL_Driver/Src/py32e407_hal_dma.c ****   * @param  Timeout:       Timeout duration.
 618:../../../../../../Drivers/PY32E407_HAL_Driver/Src/py32e407_hal_dma.c ****   * @retval HAL status
 619:../../../../../../Drivers/PY32E407_HAL_Driver/Src/py32e407_hal_dma.c ****   */
 620:../../../../../../Drivers/PY32E407_HAL_Driver/Src/py32e407_hal_dma.c **** HAL_StatusTypeDef HAL_DMA_PollForTransfer(DMA_HandleTypeDef *hdma, uint32_t CompleteLevel, uint32_t
 621:../../../../../../Drivers/PY32E407_HAL_Driver/Src/py32e407_hal_dma.c **** {
 622:../../../../../../Drivers/PY32E407_HAL_Driver/Src/py32e407_hal_dma.c ****   __IO uint32_t *statusReg = NULL;
 623:../../../../../../Drivers/PY32E407_HAL_Driver/Src/py32e407_hal_dma.c ****   uint32_t temp = 0;
 624:../../../../../../Drivers/PY32E407_HAL_Driver/Src/py32e407_hal_dma.c ****   uint32_t tickstart = 0U;
 625:../../../../../../Drivers/PY32E407_HAL_Driver/Src/py32e407_hal_dma.c **** 
 626:../../../../../../Drivers/PY32E407_HAL_Driver/Src/py32e407_hal_dma.c ****   if(HAL_DMA_STATE_BUSY != hdma->State)
 627:../../../../../../Drivers/PY32E407_HAL_Driver/Src/py32e407_hal_dma.c ****   {
 628:../../../../../../Drivers/PY32E407_HAL_Driver/Src/py32e407_hal_dma.c ****     /* no transfer ongoing */
 629:../../../../../../Drivers/PY32E407_HAL_Driver/Src/py32e407_hal_dma.c ****     hdma->ErrorCode = HAL_DMA_ERROR_NO_XFER;
 630:../../../../../../Drivers/PY32E407_HAL_Driver/Src/py32e407_hal_dma.c ****     __HAL_UNLOCK(hdma);
 631:../../../../../../Drivers/PY32E407_HAL_Driver/Src/py32e407_hal_dma.c ****     return HAL_ERROR;
 632:../../../../../../Drivers/PY32E407_HAL_Driver/Src/py32e407_hal_dma.c ****   }
 633:../../../../../../Drivers/PY32E407_HAL_Driver/Src/py32e407_hal_dma.c ****   
 634:../../../../../../Drivers/PY32E407_HAL_Driver/Src/py32e407_hal_dma.c ****   /* Polling mode not supported in circular mode */
 635:../../../../../../Drivers/PY32E407_HAL_Driver/Src/py32e407_hal_dma.c ****   if (hdma->Init.Mode == DMA_CIRCULAR)
 636:../../../../../../Drivers/PY32E407_HAL_Driver/Src/py32e407_hal_dma.c ****   {
 637:../../../../../../Drivers/PY32E407_HAL_Driver/Src/py32e407_hal_dma.c ****     hdma->ErrorCode = HAL_DMA_ERROR_NOT_SUPPORTED;
 638:../../../../../../Drivers/PY32E407_HAL_Driver/Src/py32e407_hal_dma.c ****     return HAL_ERROR;
 639:../../../../../../Drivers/PY32E407_HAL_Driver/Src/py32e407_hal_dma.c ****   }
 640:../../../../../../Drivers/PY32E407_HAL_Driver/Src/py32e407_hal_dma.c **** 
 641:../../../../../../Drivers/PY32E407_HAL_Driver/Src/py32e407_hal_dma.c ****   /* Get the level transfer complete flag */
 642:../../../../../../Drivers/PY32E407_HAL_Driver/Src/py32e407_hal_dma.c ****   if(CompleteLevel == HAL_DMA_FULL_TRANSFER)
 643:../../../../../../Drivers/PY32E407_HAL_Driver/Src/py32e407_hal_dma.c ****   {
 644:../../../../../../Drivers/PY32E407_HAL_Driver/Src/py32e407_hal_dma.c ****     statusReg = &(hdma->DmaBaseAddress->STATUSTFR);
 645:../../../../../../Drivers/PY32E407_HAL_Driver/Src/py32e407_hal_dma.c ****     
 646:../../../../../../Drivers/PY32E407_HAL_Driver/Src/py32e407_hal_dma.c ****     /* Transfer Complete flag */
 647:../../../../../../Drivers/PY32E407_HAL_Driver/Src/py32e407_hal_dma.c ****     temp = (DMA_STATUSTFR_STATUS_0 << hdma->ChannelIndex);
 648:../../../../../../Drivers/PY32E407_HAL_Driver/Src/py32e407_hal_dma.c ****   }
 649:../../../../../../Drivers/PY32E407_HAL_Driver/Src/py32e407_hal_dma.c ****   else
 650:../../../../../../Drivers/PY32E407_HAL_Driver/Src/py32e407_hal_dma.c ****   {
 651:../../../../../../Drivers/PY32E407_HAL_Driver/Src/py32e407_hal_dma.c ****     statusReg = &(hdma->DmaBaseAddress->STATUSHALFBLOCK);
 652:../../../../../../Drivers/PY32E407_HAL_Driver/Src/py32e407_hal_dma.c ****     
 653:../../../../../../Drivers/PY32E407_HAL_Driver/Src/py32e407_hal_dma.c ****     /* Half block Transfer Complete flag */
 654:../../../../../../Drivers/PY32E407_HAL_Driver/Src/py32e407_hal_dma.c ****     temp = (DMA_STATUSHALFBLOCK_STATUS_0 << hdma->ChannelIndex);
 655:../../../../../../Drivers/PY32E407_HAL_Driver/Src/py32e407_hal_dma.c ****   }
 656:../../../../../../Drivers/PY32E407_HAL_Driver/Src/py32e407_hal_dma.c ****   
 657:../../../../../../Drivers/PY32E407_HAL_Driver/Src/py32e407_hal_dma.c ****   /* Get tick */
ARM GAS  C:\Users\user\AppData\Local\Temp\cci4XqOd.s 			page 13


 658:../../../../../../Drivers/PY32E407_HAL_Driver/Src/py32e407_hal_dma.c ****   tickstart = HAL_GetTick();
 659:../../../../../../Drivers/PY32E407_HAL_Driver/Src/py32e407_hal_dma.c ****   
 660:../../../../../../Drivers/PY32E407_HAL_Driver/Src/py32e407_hal_dma.c ****   while(((*statusReg) & temp) == RESET)
 661:../../../../../../Drivers/PY32E407_HAL_Driver/Src/py32e407_hal_dma.c ****   {
 662:../../../../../../Drivers/PY32E407_HAL_Driver/Src/py32e407_hal_dma.c ****     if(CompleteLevel == HAL_DMA_FULL_TRANSFER)
 663:../../../../../../Drivers/PY32E407_HAL_Driver/Src/py32e407_hal_dma.c ****     {
 664:../../../../../../Drivers/PY32E407_HAL_Driver/Src/py32e407_hal_dma.c ****       if ((hdma->DmaBaseAddress->STATUSBLOCK & (DMA_STATUSBLOCK_STATUS_0 << hdma->ChannelIndex)) !=
 665:../../../../../../Drivers/PY32E407_HAL_Driver/Src/py32e407_hal_dma.c ****       {
 666:../../../../../../Drivers/PY32E407_HAL_Driver/Src/py32e407_hal_dma.c ****         /* Block transfer completion processing*/
 667:../../../../../../Drivers/PY32E407_HAL_Driver/Src/py32e407_hal_dma.c ****         DMA_BlockTransferComplete(hdma);
 668:../../../../../../Drivers/PY32E407_HAL_Driver/Src/py32e407_hal_dma.c ****       }
 669:../../../../../../Drivers/PY32E407_HAL_Driver/Src/py32e407_hal_dma.c ****     }
 670:../../../../../../Drivers/PY32E407_HAL_Driver/Src/py32e407_hal_dma.c ****     
 671:../../../../../../Drivers/PY32E407_HAL_Driver/Src/py32e407_hal_dma.c ****     if ((hdma->DmaBaseAddress->STATUSERR & (DMA_STATUSERR_STATUS_0 << hdma->ChannelIndex)) != RESET
 672:../../../../../../Drivers/PY32E407_HAL_Driver/Src/py32e407_hal_dma.c ****     {
 673:../../../../../../Drivers/PY32E407_HAL_Driver/Src/py32e407_hal_dma.c ****       /* When a DMA transfer error occurs */
 674:../../../../../../Drivers/PY32E407_HAL_Driver/Src/py32e407_hal_dma.c ****       /* A hardware clear of its CH_EN bits is performed */
 675:../../../../../../Drivers/PY32E407_HAL_Driver/Src/py32e407_hal_dma.c ****       /* Clear all flags */
 676:../../../../../../Drivers/PY32E407_HAL_Driver/Src/py32e407_hal_dma.c ****       hdma->DmaBaseAddress->CLEARTFR = (DMA_CLEARTFR_CLEAR_0 << hdma->ChannelIndex);
 677:../../../../../../Drivers/PY32E407_HAL_Driver/Src/py32e407_hal_dma.c ****       hdma->DmaBaseAddress->CLEARBLOCK = (DMA_CLEARBLOCK_CLEAR_0 << hdma->ChannelIndex);
 678:../../../../../../Drivers/PY32E407_HAL_Driver/Src/py32e407_hal_dma.c ****       hdma->DmaBaseAddress->CLEARHALFBLOCK = (DMA_CLEARHALFBLOCK_CLEAR_0 << hdma->ChannelIndex);
 679:../../../../../../Drivers/PY32E407_HAL_Driver/Src/py32e407_hal_dma.c ****       hdma->DmaBaseAddress->CLEARSRCTRAN = (DMA_CLEARSRCTRAN_CLEAR_0 << hdma->ChannelIndex);
 680:../../../../../../Drivers/PY32E407_HAL_Driver/Src/py32e407_hal_dma.c ****       hdma->DmaBaseAddress->CLEARDSTTRAN = (DMA_CLEARDSTTRAN_CLEAR_0 << hdma->ChannelIndex);
 681:../../../../../../Drivers/PY32E407_HAL_Driver/Src/py32e407_hal_dma.c ****       hdma->DmaBaseAddress->CLEARERR = (DMA_CLEARERR_CLEAR_0 << hdma->ChannelIndex);
 682:../../../../../../Drivers/PY32E407_HAL_Driver/Src/py32e407_hal_dma.c ****       
 683:../../../../../../Drivers/PY32E407_HAL_Driver/Src/py32e407_hal_dma.c ****       /* Update error code */
 684:../../../../../../Drivers/PY32E407_HAL_Driver/Src/py32e407_hal_dma.c ****       SET_BIT(hdma->ErrorCode, HAL_DMA_ERROR_TE);
 685:../../../../../../Drivers/PY32E407_HAL_Driver/Src/py32e407_hal_dma.c **** 
 686:../../../../../../Drivers/PY32E407_HAL_Driver/Src/py32e407_hal_dma.c ****       /* Change the DMA state */
 687:../../../../../../Drivers/PY32E407_HAL_Driver/Src/py32e407_hal_dma.c ****       hdma->State= HAL_DMA_STATE_READY;
 688:../../../../../../Drivers/PY32E407_HAL_Driver/Src/py32e407_hal_dma.c **** 
 689:../../../../../../Drivers/PY32E407_HAL_Driver/Src/py32e407_hal_dma.c ****       /* Process Unlocked */
 690:../../../../../../Drivers/PY32E407_HAL_Driver/Src/py32e407_hal_dma.c ****       __HAL_UNLOCK(hdma);
 691:../../../../../../Drivers/PY32E407_HAL_Driver/Src/py32e407_hal_dma.c **** 
 692:../../../../../../Drivers/PY32E407_HAL_Driver/Src/py32e407_hal_dma.c ****       return HAL_ERROR;
 693:../../../../../../Drivers/PY32E407_HAL_Driver/Src/py32e407_hal_dma.c ****     }
 694:../../../../../../Drivers/PY32E407_HAL_Driver/Src/py32e407_hal_dma.c ****     
 695:../../../../../../Drivers/PY32E407_HAL_Driver/Src/py32e407_hal_dma.c ****     /* Check for the Timeout */
 696:../../../../../../Drivers/PY32E407_HAL_Driver/Src/py32e407_hal_dma.c ****     if(Timeout != HAL_MAX_DELAY)
 697:../../../../../../Drivers/PY32E407_HAL_Driver/Src/py32e407_hal_dma.c ****     {
 698:../../../../../../Drivers/PY32E407_HAL_Driver/Src/py32e407_hal_dma.c ****       if((Timeout == 0U) || ((HAL_GetTick() - tickstart) > Timeout))
 699:../../../../../../Drivers/PY32E407_HAL_Driver/Src/py32e407_hal_dma.c ****       {
 700:../../../../../../Drivers/PY32E407_HAL_Driver/Src/py32e407_hal_dma.c ****         /* Update error code */
 701:../../../../../../Drivers/PY32E407_HAL_Driver/Src/py32e407_hal_dma.c ****         SET_BIT(hdma->ErrorCode, HAL_DMA_ERROR_TIMEOUT);
 702:../../../../../../Drivers/PY32E407_HAL_Driver/Src/py32e407_hal_dma.c **** 
 703:../../../../../../Drivers/PY32E407_HAL_Driver/Src/py32e407_hal_dma.c ****         /* Change the DMA state */
 704:../../../../../../Drivers/PY32E407_HAL_Driver/Src/py32e407_hal_dma.c ****         hdma->State = HAL_DMA_STATE_READY;
 705:../../../../../../Drivers/PY32E407_HAL_Driver/Src/py32e407_hal_dma.c **** 
 706:../../../../../../Drivers/PY32E407_HAL_Driver/Src/py32e407_hal_dma.c ****         /* Process Unlocked */
 707:../../../../../../Drivers/PY32E407_HAL_Driver/Src/py32e407_hal_dma.c ****         __HAL_UNLOCK(hdma);
 708:../../../../../../Drivers/PY32E407_HAL_Driver/Src/py32e407_hal_dma.c **** 
 709:../../../../../../Drivers/PY32E407_HAL_Driver/Src/py32e407_hal_dma.c ****         return HAL_ERROR;
 710:../../../../../../Drivers/PY32E407_HAL_Driver/Src/py32e407_hal_dma.c ****       }
 711:../../../../../../Drivers/PY32E407_HAL_Driver/Src/py32e407_hal_dma.c ****     }
 712:../../../../../../Drivers/PY32E407_HAL_Driver/Src/py32e407_hal_dma.c ****   }
 713:../../../../../../Drivers/PY32E407_HAL_Driver/Src/py32e407_hal_dma.c ****   
 714:../../../../../../Drivers/PY32E407_HAL_Driver/Src/py32e407_hal_dma.c ****   if(CompleteLevel == HAL_DMA_FULL_TRANSFER)
ARM GAS  C:\Users\user\AppData\Local\Temp\cci4XqOd.s 			page 14


 715:../../../../../../Drivers/PY32E407_HAL_Driver/Src/py32e407_hal_dma.c ****   {
 716:../../../../../../Drivers/PY32E407_HAL_Driver/Src/py32e407_hal_dma.c ****     /* To do not set the flag bit, disable interrupt */
 717:../../../../../../Drivers/PY32E407_HAL_Driver/Src/py32e407_hal_dma.c ****     MODIFY_REG(hdma->DmaBaseAddress->MASKTFR, ((DMA_MASKTFR_INT_MASK_0 | DMA_MASKTFR_INT_MASK_WE_0)
 718:../../../../../../Drivers/PY32E407_HAL_Driver/Src/py32e407_hal_dma.c ****                (DMA_MASKTFR_INT_MASK_WE_0 << hdma->ChannelIndex));
 719:../../../../../../Drivers/PY32E407_HAL_Driver/Src/py32e407_hal_dma.c ****     MODIFY_REG(hdma->DmaBaseAddress->MASKBLOCK, ((DMA_MASKBLOCK_INT_MASK_0 | DMA_MASKBLOCK_INT_MASK
 720:../../../../../../Drivers/PY32E407_HAL_Driver/Src/py32e407_hal_dma.c ****                (DMA_MASKBLOCK_INT_MASK_WE_0 << hdma->ChannelIndex));
 721:../../../../../../Drivers/PY32E407_HAL_Driver/Src/py32e407_hal_dma.c ****     MODIFY_REG(hdma->DmaBaseAddress->MASKHALFBLOCK, ((DMA_MASKHALFBLOCK_INT_MASK_0 | DMA_MASKHALFBL
 722:../../../../../../Drivers/PY32E407_HAL_Driver/Src/py32e407_hal_dma.c ****              (DMA_MASKHALFBLOCK_INT_MASK_WE_0 << hdma->ChannelIndex));
 723:../../../../../../Drivers/PY32E407_HAL_Driver/Src/py32e407_hal_dma.c ****     MODIFY_REG(hdma->DmaBaseAddress->MASKSRCTRAN, ((DMA_MASKSRCTRAN_INT_MASK_0 | DMA_MASKSRCTRAN_IN
 724:../../../../../../Drivers/PY32E407_HAL_Driver/Src/py32e407_hal_dma.c ****                (DMA_MASKSRCTRAN_INT_MASK_WE_0 << hdma->ChannelIndex));
 725:../../../../../../Drivers/PY32E407_HAL_Driver/Src/py32e407_hal_dma.c ****     MODIFY_REG(hdma->DmaBaseAddress->MASKDSTTRAN, ((DMA_MASKDSTTRAN_INT_MASK_0 | DMA_MASKDSTTRAN_IN
 726:../../../../../../Drivers/PY32E407_HAL_Driver/Src/py32e407_hal_dma.c ****                (DMA_MASKDSTTRAN_INT_MASK_WE_0 << hdma->ChannelIndex));
 727:../../../../../../Drivers/PY32E407_HAL_Driver/Src/py32e407_hal_dma.c ****     MODIFY_REG(hdma->DmaBaseAddress->MASKERR, ((DMA_MASKERR_INT_MASK_0 | DMA_MASKERR_INT_MASK_WE_0)
 728:../../../../../../Drivers/PY32E407_HAL_Driver/Src/py32e407_hal_dma.c ****                (DMA_MASKERR_INT_MASK_WE_0 << hdma->ChannelIndex));
 729:../../../../../../Drivers/PY32E407_HAL_Driver/Src/py32e407_hal_dma.c ****     
 730:../../../../../../Drivers/PY32E407_HAL_Driver/Src/py32e407_hal_dma.c ****     __HAL_DMA_DISABLE_IT(hdma);
 731:../../../../../../Drivers/PY32E407_HAL_Driver/Src/py32e407_hal_dma.c ****     
 732:../../../../../../Drivers/PY32E407_HAL_Driver/Src/py32e407_hal_dma.c ****     /* Clear the transfer complete flag */
 733:../../../../../../Drivers/PY32E407_HAL_Driver/Src/py32e407_hal_dma.c ****     hdma->DmaBaseAddress->CLEARTFR = (DMA_CLEARTFR_CLEAR_0 << hdma->ChannelIndex);
 734:../../../../../../Drivers/PY32E407_HAL_Driver/Src/py32e407_hal_dma.c **** 
 735:../../../../../../Drivers/PY32E407_HAL_Driver/Src/py32e407_hal_dma.c ****     /* The selected Channelx CH_EN bit is cleared (DMA is disabled and
 736:../../../../../../Drivers/PY32E407_HAL_Driver/Src/py32e407_hal_dma.c ****     all transfers are complete) */
 737:../../../../../../Drivers/PY32E407_HAL_Driver/Src/py32e407_hal_dma.c ****     hdma->State = HAL_DMA_STATE_READY;
 738:../../../../../../Drivers/PY32E407_HAL_Driver/Src/py32e407_hal_dma.c ****   }
 739:../../../../../../Drivers/PY32E407_HAL_Driver/Src/py32e407_hal_dma.c ****   else
 740:../../../../../../Drivers/PY32E407_HAL_Driver/Src/py32e407_hal_dma.c ****   {
 741:../../../../../../Drivers/PY32E407_HAL_Driver/Src/py32e407_hal_dma.c ****     /* Clear the half block transfer complete flag */
 742:../../../../../../Drivers/PY32E407_HAL_Driver/Src/py32e407_hal_dma.c ****     hdma->DmaBaseAddress->CLEARHALFBLOCK = (DMA_CLEARHALFBLOCK_CLEAR_0 << hdma->ChannelIndex);
 743:../../../../../../Drivers/PY32E407_HAL_Driver/Src/py32e407_hal_dma.c ****   }
 744:../../../../../../Drivers/PY32E407_HAL_Driver/Src/py32e407_hal_dma.c ****   
 745:../../../../../../Drivers/PY32E407_HAL_Driver/Src/py32e407_hal_dma.c ****   /* Process unlocked */
 746:../../../../../../Drivers/PY32E407_HAL_Driver/Src/py32e407_hal_dma.c ****   __HAL_UNLOCK(hdma);
 747:../../../../../../Drivers/PY32E407_HAL_Driver/Src/py32e407_hal_dma.c **** 
 748:../../../../../../Drivers/PY32E407_HAL_Driver/Src/py32e407_hal_dma.c ****   return HAL_OK;
 749:../../../../../../Drivers/PY32E407_HAL_Driver/Src/py32e407_hal_dma.c **** }
 750:../../../../../../Drivers/PY32E407_HAL_Driver/Src/py32e407_hal_dma.c **** 
 751:../../../../../../Drivers/PY32E407_HAL_Driver/Src/py32e407_hal_dma.c **** /**
 752:../../../../../../Drivers/PY32E407_HAL_Driver/Src/py32e407_hal_dma.c ****   * @brief  Handles DMA interrupt request.
 753:../../../../../../Drivers/PY32E407_HAL_Driver/Src/py32e407_hal_dma.c ****   * @param  hdma: pointer to a DMA_HandleTypeDef structure that contains
 754:../../../../../../Drivers/PY32E407_HAL_Driver/Src/py32e407_hal_dma.c ****   *               the configuration information for the specified DMA Channel.  
 755:../../../../../../Drivers/PY32E407_HAL_Driver/Src/py32e407_hal_dma.c ****   * @retval None
 756:../../../../../../Drivers/PY32E407_HAL_Driver/Src/py32e407_hal_dma.c ****   */
 757:../../../../../../Drivers/PY32E407_HAL_Driver/Src/py32e407_hal_dma.c **** void HAL_DMA_IRQHandler(DMA_HandleTypeDef *hdma)
 758:../../../../../../Drivers/PY32E407_HAL_Driver/Src/py32e407_hal_dma.c **** {
 759:../../../../../../Drivers/PY32E407_HAL_Driver/Src/py32e407_hal_dma.c ****   /* Source transaction completion interrupt management ******************************/
 760:../../../../../../Drivers/PY32E407_HAL_Driver/Src/py32e407_hal_dma.c ****   if (((hdma->DmaBaseAddress->STATUSSRCTRAN & (DMA_STATUSSRCTRAN_STATUS_0 << hdma->ChannelIndex)) !
 761:../../../../../../Drivers/PY32E407_HAL_Driver/Src/py32e407_hal_dma.c ****       ((hdma->DmaBaseAddress->MASKSRCTRAN & (DMA_MASKSRCTRAN_INT_MASK_0 << hdma->ChannelIndex)) != 
 762:../../../../../../Drivers/PY32E407_HAL_Driver/Src/py32e407_hal_dma.c ****   {
 763:../../../../../../Drivers/PY32E407_HAL_Driver/Src/py32e407_hal_dma.c ****     /* Clear source transaction completion interrupt flag */
 764:../../../../../../Drivers/PY32E407_HAL_Driver/Src/py32e407_hal_dma.c ****     hdma->DmaBaseAddress->CLEARSRCTRAN = (DMA_CLEARSRCTRAN_CLEAR_0 << hdma->ChannelIndex);
 765:../../../../../../Drivers/PY32E407_HAL_Driver/Src/py32e407_hal_dma.c ****     
 766:../../../../../../Drivers/PY32E407_HAL_Driver/Src/py32e407_hal_dma.c ****     if (hdma->XferSrcTranCpltCallback != NULL)
 767:../../../../../../Drivers/PY32E407_HAL_Driver/Src/py32e407_hal_dma.c ****     {
 768:../../../../../../Drivers/PY32E407_HAL_Driver/Src/py32e407_hal_dma.c ****       /* DMA source transaction complete callback */
 769:../../../../../../Drivers/PY32E407_HAL_Driver/Src/py32e407_hal_dma.c ****       hdma->XferSrcTranCpltCallback(hdma);
 770:../../../../../../Drivers/PY32E407_HAL_Driver/Src/py32e407_hal_dma.c ****     }
 771:../../../../../../Drivers/PY32E407_HAL_Driver/Src/py32e407_hal_dma.c ****   }
ARM GAS  C:\Users\user\AppData\Local\Temp\cci4XqOd.s 			page 15


 772:../../../../../../Drivers/PY32E407_HAL_Driver/Src/py32e407_hal_dma.c ****   /* Destination transaction completion interrupt management ******************************/
 773:../../../../../../Drivers/PY32E407_HAL_Driver/Src/py32e407_hal_dma.c ****   else if (((hdma->DmaBaseAddress->STATUSDSTTRAN & (DMA_STATUSDSTTRAN_STATUS_0 << hdma->ChannelInde
 774:../../../../../../Drivers/PY32E407_HAL_Driver/Src/py32e407_hal_dma.c ****       ((hdma->DmaBaseAddress->MASKDSTTRAN & (DMA_MASKDSTTRAN_INT_MASK_0 << hdma->ChannelIndex)) != 
 775:../../../../../../Drivers/PY32E407_HAL_Driver/Src/py32e407_hal_dma.c ****   {
 776:../../../../../../Drivers/PY32E407_HAL_Driver/Src/py32e407_hal_dma.c ****     /* Clear Destination transaction completion interrupt flag */
 777:../../../../../../Drivers/PY32E407_HAL_Driver/Src/py32e407_hal_dma.c ****     hdma->DmaBaseAddress->CLEARDSTTRAN = (DMA_CLEARDSTTRAN_CLEAR_0 << hdma->ChannelIndex);
 778:../../../../../../Drivers/PY32E407_HAL_Driver/Src/py32e407_hal_dma.c ****     
 779:../../../../../../Drivers/PY32E407_HAL_Driver/Src/py32e407_hal_dma.c ****     if (hdma->XferDstTranCpltCallback != NULL)
 780:../../../../../../Drivers/PY32E407_HAL_Driver/Src/py32e407_hal_dma.c ****     {
 781:../../../../../../Drivers/PY32E407_HAL_Driver/Src/py32e407_hal_dma.c ****       /* DMA  destination  transaction complete callback */
 782:../../../../../../Drivers/PY32E407_HAL_Driver/Src/py32e407_hal_dma.c ****       hdma->XferDstTranCpltCallback(hdma);
 783:../../../../../../Drivers/PY32E407_HAL_Driver/Src/py32e407_hal_dma.c ****     }
 784:../../../../../../Drivers/PY32E407_HAL_Driver/Src/py32e407_hal_dma.c ****   }
 785:../../../../../../Drivers/PY32E407_HAL_Driver/Src/py32e407_hal_dma.c ****   /* Half-block transfer completion interrupt management ******************************/
 786:../../../../../../Drivers/PY32E407_HAL_Driver/Src/py32e407_hal_dma.c ****   else if (((hdma->DmaBaseAddress->STATUSHALFBLOCK & (DMA_STATUSHALFBLOCK_STATUS_0 << hdma->Channel
 787:../../../../../../Drivers/PY32E407_HAL_Driver/Src/py32e407_hal_dma.c ****       ((hdma->DmaBaseAddress->MASKHALFBLOCK & (DMA_MASKHALFBLOCK_INT_MASK_0 << hdma->ChannelIndex))
 788:../../../../../../Drivers/PY32E407_HAL_Driver/Src/py32e407_hal_dma.c ****   {
 789:../../../../../../Drivers/PY32E407_HAL_Driver/Src/py32e407_hal_dma.c ****     /* Clear Half-block transfer completion interrupt flag */
 790:../../../../../../Drivers/PY32E407_HAL_Driver/Src/py32e407_hal_dma.c ****     hdma->DmaBaseAddress->CLEARHALFBLOCK = (DMA_CLEARHALFBLOCK_CLEAR_0 << hdma->ChannelIndex);
 791:../../../../../../Drivers/PY32E407_HAL_Driver/Src/py32e407_hal_dma.c ****     
 792:../../../../../../Drivers/PY32E407_HAL_Driver/Src/py32e407_hal_dma.c ****     if (hdma->XferHalfBlockCpltCallback != NULL)
 793:../../../../../../Drivers/PY32E407_HAL_Driver/Src/py32e407_hal_dma.c ****     {
 794:../../../../../../Drivers/PY32E407_HAL_Driver/Src/py32e407_hal_dma.c ****       /* DMA half block transfer complete callback */
 795:../../../../../../Drivers/PY32E407_HAL_Driver/Src/py32e407_hal_dma.c ****       hdma->XferHalfBlockCpltCallback(hdma);
 796:../../../../../../Drivers/PY32E407_HAL_Driver/Src/py32e407_hal_dma.c ****     }
 797:../../../../../../Drivers/PY32E407_HAL_Driver/Src/py32e407_hal_dma.c ****   }
 798:../../../../../../Drivers/PY32E407_HAL_Driver/Src/py32e407_hal_dma.c ****   /* Block transfer completion interrupt management ******************************/
 799:../../../../../../Drivers/PY32E407_HAL_Driver/Src/py32e407_hal_dma.c ****   else if (((hdma->DmaBaseAddress->STATUSBLOCK & (DMA_STATUSBLOCK_STATUS_0 << hdma->ChannelIndex)) 
 800:../../../../../../Drivers/PY32E407_HAL_Driver/Src/py32e407_hal_dma.c ****       ((hdma->DmaBaseAddress->MASKBLOCK & (DMA_MASKBLOCK_INT_MASK_0 << hdma->ChannelIndex)) != RESE
 801:../../../../../../Drivers/PY32E407_HAL_Driver/Src/py32e407_hal_dma.c ****   {
 802:../../../../../../Drivers/PY32E407_HAL_Driver/Src/py32e407_hal_dma.c ****     DMA_BlockTransferComplete(hdma);
 803:../../../../../../Drivers/PY32E407_HAL_Driver/Src/py32e407_hal_dma.c ****   }
 804:../../../../../../Drivers/PY32E407_HAL_Driver/Src/py32e407_hal_dma.c ****   /* Transfer Complete Interrupt management ******************************/
 805:../../../../../../Drivers/PY32E407_HAL_Driver/Src/py32e407_hal_dma.c ****   else if (((hdma->DmaBaseAddress->STATUSTFR & (DMA_STATUSTFR_STATUS_0 << hdma->ChannelIndex)) != R
 806:../../../../../../Drivers/PY32E407_HAL_Driver/Src/py32e407_hal_dma.c ****       ((hdma->DmaBaseAddress->MASKTFR & (DMA_MASKTFR_INT_MASK_0 << hdma->ChannelIndex)) != RESET))
 807:../../../../../../Drivers/PY32E407_HAL_Driver/Src/py32e407_hal_dma.c ****   {
 808:../../../../../../Drivers/PY32E407_HAL_Driver/Src/py32e407_hal_dma.c ****     /* Disable interrupts */
 809:../../../../../../Drivers/PY32E407_HAL_Driver/Src/py32e407_hal_dma.c ****     MODIFY_REG(hdma->DmaBaseAddress->MASKTFR, ((DMA_MASKTFR_INT_MASK_0 | DMA_MASKTFR_INT_MASK_WE_0)
 810:../../../../../../Drivers/PY32E407_HAL_Driver/Src/py32e407_hal_dma.c ****                (DMA_MASKTFR_INT_MASK_WE_0 << hdma->ChannelIndex));
 811:../../../../../../Drivers/PY32E407_HAL_Driver/Src/py32e407_hal_dma.c ****     MODIFY_REG(hdma->DmaBaseAddress->MASKBLOCK, ((DMA_MASKBLOCK_INT_MASK_0 | DMA_MASKBLOCK_INT_MASK
 812:../../../../../../Drivers/PY32E407_HAL_Driver/Src/py32e407_hal_dma.c ****                (DMA_MASKBLOCK_INT_MASK_WE_0 << hdma->ChannelIndex));
 813:../../../../../../Drivers/PY32E407_HAL_Driver/Src/py32e407_hal_dma.c ****     MODIFY_REG(hdma->DmaBaseAddress->MASKHALFBLOCK, ((DMA_MASKHALFBLOCK_INT_MASK_0 | DMA_MASKHALFBL
 814:../../../../../../Drivers/PY32E407_HAL_Driver/Src/py32e407_hal_dma.c ****              (DMA_MASKHALFBLOCK_INT_MASK_WE_0 << hdma->ChannelIndex));
 815:../../../../../../Drivers/PY32E407_HAL_Driver/Src/py32e407_hal_dma.c ****     MODIFY_REG(hdma->DmaBaseAddress->MASKSRCTRAN, ((DMA_MASKSRCTRAN_INT_MASK_0 | DMA_MASKSRCTRAN_IN
 816:../../../../../../Drivers/PY32E407_HAL_Driver/Src/py32e407_hal_dma.c ****                (DMA_MASKSRCTRAN_INT_MASK_WE_0 << hdma->ChannelIndex));
 817:../../../../../../Drivers/PY32E407_HAL_Driver/Src/py32e407_hal_dma.c ****     MODIFY_REG(hdma->DmaBaseAddress->MASKDSTTRAN, ((DMA_MASKDSTTRAN_INT_MASK_0 | DMA_MASKDSTTRAN_IN
 818:../../../../../../Drivers/PY32E407_HAL_Driver/Src/py32e407_hal_dma.c ****                (DMA_MASKDSTTRAN_INT_MASK_WE_0 << hdma->ChannelIndex));
 819:../../../../../../Drivers/PY32E407_HAL_Driver/Src/py32e407_hal_dma.c ****     MODIFY_REG(hdma->DmaBaseAddress->MASKERR, ((DMA_MASKERR_INT_MASK_0 | DMA_MASKERR_INT_MASK_WE_0)
 820:../../../../../../Drivers/PY32E407_HAL_Driver/Src/py32e407_hal_dma.c ****                (DMA_MASKERR_INT_MASK_WE_0 << hdma->ChannelIndex));
 821:../../../../../../Drivers/PY32E407_HAL_Driver/Src/py32e407_hal_dma.c ****     
 822:../../../../../../Drivers/PY32E407_HAL_Driver/Src/py32e407_hal_dma.c ****     __HAL_DMA_DISABLE_IT(hdma);
 823:../../../../../../Drivers/PY32E407_HAL_Driver/Src/py32e407_hal_dma.c ****     
 824:../../../../../../Drivers/PY32E407_HAL_Driver/Src/py32e407_hal_dma.c ****     /* Change the DMA state */
 825:../../../../../../Drivers/PY32E407_HAL_Driver/Src/py32e407_hal_dma.c ****     hdma->State = HAL_DMA_STATE_READY;
 826:../../../../../../Drivers/PY32E407_HAL_Driver/Src/py32e407_hal_dma.c ****     
 827:../../../../../../Drivers/PY32E407_HAL_Driver/Src/py32e407_hal_dma.c ****     /* Clear the transfer complete flag */
 828:../../../../../../Drivers/PY32E407_HAL_Driver/Src/py32e407_hal_dma.c ****     hdma->DmaBaseAddress->CLEARTFR = (DMA_CLEARTFR_CLEAR_0 << hdma->ChannelIndex);
ARM GAS  C:\Users\user\AppData\Local\Temp\cci4XqOd.s 			page 16


 829:../../../../../../Drivers/PY32E407_HAL_Driver/Src/py32e407_hal_dma.c ****     
 830:../../../../../../Drivers/PY32E407_HAL_Driver/Src/py32e407_hal_dma.c ****     /* Process Unlocked */
 831:../../../../../../Drivers/PY32E407_HAL_Driver/Src/py32e407_hal_dma.c ****     __HAL_UNLOCK(hdma);
 832:../../../../../../Drivers/PY32E407_HAL_Driver/Src/py32e407_hal_dma.c **** 
 833:../../../../../../Drivers/PY32E407_HAL_Driver/Src/py32e407_hal_dma.c ****     if(hdma->XferCpltCallback != NULL)
 834:../../../../../../Drivers/PY32E407_HAL_Driver/Src/py32e407_hal_dma.c ****     {
 835:../../../../../../Drivers/PY32E407_HAL_Driver/Src/py32e407_hal_dma.c ****       /* Transfer complete callback */
 836:../../../../../../Drivers/PY32E407_HAL_Driver/Src/py32e407_hal_dma.c ****       hdma->XferCpltCallback(hdma);
 837:../../../../../../Drivers/PY32E407_HAL_Driver/Src/py32e407_hal_dma.c ****     }
 838:../../../../../../Drivers/PY32E407_HAL_Driver/Src/py32e407_hal_dma.c ****   }
 839:../../../../../../Drivers/PY32E407_HAL_Driver/Src/py32e407_hal_dma.c ****   /* Transfer Error Interrupt management ******************************/
 840:../../../../../../Drivers/PY32E407_HAL_Driver/Src/py32e407_hal_dma.c ****   else if (((hdma->DmaBaseAddress->STATUSERR & (DMA_STATUSERR_STATUS_0 << hdma->ChannelIndex)) != R
 841:../../../../../../Drivers/PY32E407_HAL_Driver/Src/py32e407_hal_dma.c ****       ((hdma->DmaBaseAddress->MASKERR & (DMA_MASKERR_INT_MASK_0 << hdma->ChannelIndex)) != RESET))
 842:../../../../../../Drivers/PY32E407_HAL_Driver/Src/py32e407_hal_dma.c ****   {
 843:../../../../../../Drivers/PY32E407_HAL_Driver/Src/py32e407_hal_dma.c ****     /* When a DMA transfer error occurs */
 844:../../../../../../Drivers/PY32E407_HAL_Driver/Src/py32e407_hal_dma.c ****     /* A hardware clear of its CH_EN bits is performed */
 845:../../../../../../Drivers/PY32E407_HAL_Driver/Src/py32e407_hal_dma.c ****     /* Disable ALL DMA IT */
 846:../../../../../../Drivers/PY32E407_HAL_Driver/Src/py32e407_hal_dma.c ****     MODIFY_REG(hdma->DmaBaseAddress->MASKTFR, ((DMA_MASKTFR_INT_MASK_0 | DMA_MASKTFR_INT_MASK_WE_0)
 847:../../../../../../Drivers/PY32E407_HAL_Driver/Src/py32e407_hal_dma.c ****                (DMA_MASKTFR_INT_MASK_WE_0 << hdma->ChannelIndex));
 848:../../../../../../Drivers/PY32E407_HAL_Driver/Src/py32e407_hal_dma.c ****     MODIFY_REG(hdma->DmaBaseAddress->MASKBLOCK, ((DMA_MASKBLOCK_INT_MASK_0 | DMA_MASKBLOCK_INT_MASK
 849:../../../../../../Drivers/PY32E407_HAL_Driver/Src/py32e407_hal_dma.c ****                (DMA_MASKBLOCK_INT_MASK_WE_0 << hdma->ChannelIndex));
 850:../../../../../../Drivers/PY32E407_HAL_Driver/Src/py32e407_hal_dma.c ****     MODIFY_REG(hdma->DmaBaseAddress->MASKHALFBLOCK, ((DMA_MASKHALFBLOCK_INT_MASK_0 | DMA_MASKHALFBL
 851:../../../../../../Drivers/PY32E407_HAL_Driver/Src/py32e407_hal_dma.c ****              (DMA_MASKHALFBLOCK_INT_MASK_WE_0 << hdma->ChannelIndex));
 852:../../../../../../Drivers/PY32E407_HAL_Driver/Src/py32e407_hal_dma.c ****     MODIFY_REG(hdma->DmaBaseAddress->MASKSRCTRAN, ((DMA_MASKSRCTRAN_INT_MASK_0 | DMA_MASKSRCTRAN_IN
 853:../../../../../../Drivers/PY32E407_HAL_Driver/Src/py32e407_hal_dma.c ****                (DMA_MASKSRCTRAN_INT_MASK_WE_0 << hdma->ChannelIndex));
 854:../../../../../../Drivers/PY32E407_HAL_Driver/Src/py32e407_hal_dma.c ****     MODIFY_REG(hdma->DmaBaseAddress->MASKDSTTRAN, ((DMA_MASKDSTTRAN_INT_MASK_0 | DMA_MASKDSTTRAN_IN
 855:../../../../../../Drivers/PY32E407_HAL_Driver/Src/py32e407_hal_dma.c ****                (DMA_MASKDSTTRAN_INT_MASK_WE_0 << hdma->ChannelIndex));
 856:../../../../../../Drivers/PY32E407_HAL_Driver/Src/py32e407_hal_dma.c ****     MODIFY_REG(hdma->DmaBaseAddress->MASKERR, ((DMA_MASKERR_INT_MASK_0 | DMA_MASKERR_INT_MASK_WE_0)
 857:../../../../../../Drivers/PY32E407_HAL_Driver/Src/py32e407_hal_dma.c ****                (DMA_MASKERR_INT_MASK_WE_0 << hdma->ChannelIndex));
 858:../../../../../../Drivers/PY32E407_HAL_Driver/Src/py32e407_hal_dma.c ****     
 859:../../../../../../Drivers/PY32E407_HAL_Driver/Src/py32e407_hal_dma.c ****     __HAL_DMA_DISABLE_IT(hdma);
 860:../../../../../../Drivers/PY32E407_HAL_Driver/Src/py32e407_hal_dma.c **** 
 861:../../../../../../Drivers/PY32E407_HAL_Driver/Src/py32e407_hal_dma.c ****     /* Clear all flags */
 862:../../../../../../Drivers/PY32E407_HAL_Driver/Src/py32e407_hal_dma.c ****     hdma->DmaBaseAddress->CLEARTFR = (DMA_CLEARTFR_CLEAR_0 << hdma->ChannelIndex);
 863:../../../../../../Drivers/PY32E407_HAL_Driver/Src/py32e407_hal_dma.c ****     hdma->DmaBaseAddress->CLEARBLOCK = (DMA_CLEARBLOCK_CLEAR_0 << hdma->ChannelIndex);
 864:../../../../../../Drivers/PY32E407_HAL_Driver/Src/py32e407_hal_dma.c ****     hdma->DmaBaseAddress->CLEARHALFBLOCK = (DMA_CLEARHALFBLOCK_CLEAR_0 << hdma->ChannelIndex);
 865:../../../../../../Drivers/PY32E407_HAL_Driver/Src/py32e407_hal_dma.c ****     hdma->DmaBaseAddress->CLEARSRCTRAN = (DMA_CLEARSRCTRAN_CLEAR_0 << hdma->ChannelIndex);
 866:../../../../../../Drivers/PY32E407_HAL_Driver/Src/py32e407_hal_dma.c ****     hdma->DmaBaseAddress->CLEARDSTTRAN = (DMA_CLEARDSTTRAN_CLEAR_0 << hdma->ChannelIndex);
 867:../../../../../../Drivers/PY32E407_HAL_Driver/Src/py32e407_hal_dma.c ****     hdma->DmaBaseAddress->CLEARERR = (DMA_CLEARERR_CLEAR_0 << hdma->ChannelIndex);
 868:../../../../../../Drivers/PY32E407_HAL_Driver/Src/py32e407_hal_dma.c **** 
 869:../../../../../../Drivers/PY32E407_HAL_Driver/Src/py32e407_hal_dma.c ****     /* Update error code */
 870:../../../../../../Drivers/PY32E407_HAL_Driver/Src/py32e407_hal_dma.c ****     hdma->ErrorCode = HAL_DMA_ERROR_TE;
 871:../../../../../../Drivers/PY32E407_HAL_Driver/Src/py32e407_hal_dma.c **** 
 872:../../../../../../Drivers/PY32E407_HAL_Driver/Src/py32e407_hal_dma.c ****     /* Change the DMA state */
 873:../../../../../../Drivers/PY32E407_HAL_Driver/Src/py32e407_hal_dma.c ****     hdma->State = HAL_DMA_STATE_READY;
 874:../../../../../../Drivers/PY32E407_HAL_Driver/Src/py32e407_hal_dma.c **** 
 875:../../../../../../Drivers/PY32E407_HAL_Driver/Src/py32e407_hal_dma.c ****     /* Process Unlocked */
 876:../../../../../../Drivers/PY32E407_HAL_Driver/Src/py32e407_hal_dma.c ****     __HAL_UNLOCK(hdma);
 877:../../../../../../Drivers/PY32E407_HAL_Driver/Src/py32e407_hal_dma.c **** 
 878:../../../../../../Drivers/PY32E407_HAL_Driver/Src/py32e407_hal_dma.c ****     if (hdma->XferErrorCallback != NULL)
 879:../../../../../../Drivers/PY32E407_HAL_Driver/Src/py32e407_hal_dma.c ****     {
 880:../../../../../../Drivers/PY32E407_HAL_Driver/Src/py32e407_hal_dma.c ****       /* Transfer error callback */
 881:../../../../../../Drivers/PY32E407_HAL_Driver/Src/py32e407_hal_dma.c ****       hdma->XferErrorCallback(hdma);
 882:../../../../../../Drivers/PY32E407_HAL_Driver/Src/py32e407_hal_dma.c ****     }
 883:../../../../../../Drivers/PY32E407_HAL_Driver/Src/py32e407_hal_dma.c ****   }
 884:../../../../../../Drivers/PY32E407_HAL_Driver/Src/py32e407_hal_dma.c ****   return;
 885:../../../../../../Drivers/PY32E407_HAL_Driver/Src/py32e407_hal_dma.c **** }
ARM GAS  C:\Users\user\AppData\Local\Temp\cci4XqOd.s 			page 17


 886:../../../../../../Drivers/PY32E407_HAL_Driver/Src/py32e407_hal_dma.c **** 
 887:../../../../../../Drivers/PY32E407_HAL_Driver/Src/py32e407_hal_dma.c **** /**
 888:../../../../../../Drivers/PY32E407_HAL_Driver/Src/py32e407_hal_dma.c ****   * @brief Register callbacks
 889:../../../../../../Drivers/PY32E407_HAL_Driver/Src/py32e407_hal_dma.c ****   * @param hdma: pointer to a DMA_HandleTypeDef structure that contains
 890:../../../../../../Drivers/PY32E407_HAL_Driver/Src/py32e407_hal_dma.c ****   *              the configuration information for the specified DMA Channel.
 891:../../../../../../Drivers/PY32E407_HAL_Driver/Src/py32e407_hal_dma.c ****   * @param CallbackID: User Callback identifer
 892:../../../../../../Drivers/PY32E407_HAL_Driver/Src/py32e407_hal_dma.c ****   *                    a HAL_DMA_CallbackIDTypeDef ENUM as parameter.
 893:../../../../../../Drivers/PY32E407_HAL_Driver/Src/py32e407_hal_dma.c ****   * @param pCallback: pointer to private callbacsk function which has pointer to 
 894:../../../../../../Drivers/PY32E407_HAL_Driver/Src/py32e407_hal_dma.c ****   *                   a DMA_HandleTypeDef structure as parameter.
 895:../../../../../../Drivers/PY32E407_HAL_Driver/Src/py32e407_hal_dma.c ****   * @retval HAL status
 896:../../../../../../Drivers/PY32E407_HAL_Driver/Src/py32e407_hal_dma.c ****   */                          
 897:../../../../../../Drivers/PY32E407_HAL_Driver/Src/py32e407_hal_dma.c **** HAL_StatusTypeDef HAL_DMA_RegisterCallback(DMA_HandleTypeDef *hdma, HAL_DMA_CallbackIDTypeDef Callb
 898:../../../../../../Drivers/PY32E407_HAL_Driver/Src/py32e407_hal_dma.c **** {
 899:../../../../../../Drivers/PY32E407_HAL_Driver/Src/py32e407_hal_dma.c ****   HAL_StatusTypeDef status = HAL_OK;
 900:../../../../../../Drivers/PY32E407_HAL_Driver/Src/py32e407_hal_dma.c ****   
 901:../../../../../../Drivers/PY32E407_HAL_Driver/Src/py32e407_hal_dma.c ****   /* Process locked */
 902:../../../../../../Drivers/PY32E407_HAL_Driver/Src/py32e407_hal_dma.c ****   __HAL_LOCK(hdma);
 903:../../../../../../Drivers/PY32E407_HAL_Driver/Src/py32e407_hal_dma.c ****   
 904:../../../../../../Drivers/PY32E407_HAL_Driver/Src/py32e407_hal_dma.c ****   if(HAL_DMA_STATE_READY == hdma->State)
 905:../../../../../../Drivers/PY32E407_HAL_Driver/Src/py32e407_hal_dma.c ****   {
 906:../../../../../../Drivers/PY32E407_HAL_Driver/Src/py32e407_hal_dma.c ****     switch (CallbackID)
 907:../../../../../../Drivers/PY32E407_HAL_Driver/Src/py32e407_hal_dma.c ****     {
 908:../../../../../../Drivers/PY32E407_HAL_Driver/Src/py32e407_hal_dma.c ****     case  HAL_DMA_XFER_CPLT_CB_ID:
 909:../../../../../../Drivers/PY32E407_HAL_Driver/Src/py32e407_hal_dma.c ****       hdma->XferCpltCallback = pCallback;
 910:../../../../../../Drivers/PY32E407_HAL_Driver/Src/py32e407_hal_dma.c ****       break;
 911:../../../../../../Drivers/PY32E407_HAL_Driver/Src/py32e407_hal_dma.c ****       
 912:../../../../../../Drivers/PY32E407_HAL_Driver/Src/py32e407_hal_dma.c ****     case  HAL_DMA_XFER_BLOCK_CPLT_CB_ID:
 913:../../../../../../Drivers/PY32E407_HAL_Driver/Src/py32e407_hal_dma.c ****       hdma->XferBlockCpltCallback = pCallback;
 914:../../../../../../Drivers/PY32E407_HAL_Driver/Src/py32e407_hal_dma.c ****       break;
 915:../../../../../../Drivers/PY32E407_HAL_Driver/Src/py32e407_hal_dma.c ****     
 916:../../../../../../Drivers/PY32E407_HAL_Driver/Src/py32e407_hal_dma.c ****     case  HAL_DMA_XFER_HALFBLOCK_CPLT_CB_ID:
 917:../../../../../../Drivers/PY32E407_HAL_Driver/Src/py32e407_hal_dma.c ****       hdma->XferHalfBlockCpltCallback = pCallback;
 918:../../../../../../Drivers/PY32E407_HAL_Driver/Src/py32e407_hal_dma.c ****       break;
 919:../../../../../../Drivers/PY32E407_HAL_Driver/Src/py32e407_hal_dma.c ****     
 920:../../../../../../Drivers/PY32E407_HAL_Driver/Src/py32e407_hal_dma.c ****     case  HAL_DMA_XFER_SRCTRAN_CPLT_CB_ID:
 921:../../../../../../Drivers/PY32E407_HAL_Driver/Src/py32e407_hal_dma.c ****       hdma->XferSrcTranCpltCallback = pCallback;
 922:../../../../../../Drivers/PY32E407_HAL_Driver/Src/py32e407_hal_dma.c ****       break;
 923:../../../../../../Drivers/PY32E407_HAL_Driver/Src/py32e407_hal_dma.c ****     
 924:../../../../../../Drivers/PY32E407_HAL_Driver/Src/py32e407_hal_dma.c ****     case  HAL_DMA_XFER_DSTTRAN_CPLT_CB_ID:
 925:../../../../../../Drivers/PY32E407_HAL_Driver/Src/py32e407_hal_dma.c ****       hdma->XferDstTranCpltCallback = pCallback;
 926:../../../../../../Drivers/PY32E407_HAL_Driver/Src/py32e407_hal_dma.c ****       break;
 927:../../../../../../Drivers/PY32E407_HAL_Driver/Src/py32e407_hal_dma.c **** 
 928:../../../../../../Drivers/PY32E407_HAL_Driver/Src/py32e407_hal_dma.c ****     case  HAL_DMA_XFER_ERROR_CB_ID:
 929:../../../../../../Drivers/PY32E407_HAL_Driver/Src/py32e407_hal_dma.c ****       hdma->XferErrorCallback = pCallback;
 930:../../../../../../Drivers/PY32E407_HAL_Driver/Src/py32e407_hal_dma.c ****       break;         
 931:../../../../../../Drivers/PY32E407_HAL_Driver/Src/py32e407_hal_dma.c ****       
 932:../../../../../../Drivers/PY32E407_HAL_Driver/Src/py32e407_hal_dma.c ****     case  HAL_DMA_XFER_ABORT_CB_ID:
 933:../../../../../../Drivers/PY32E407_HAL_Driver/Src/py32e407_hal_dma.c ****       hdma->XferAbortCallback = pCallback;
 934:../../../../../../Drivers/PY32E407_HAL_Driver/Src/py32e407_hal_dma.c ****       break; 
 935:../../../../../../Drivers/PY32E407_HAL_Driver/Src/py32e407_hal_dma.c ****       
 936:../../../../../../Drivers/PY32E407_HAL_Driver/Src/py32e407_hal_dma.c ****     default:
 937:../../../../../../Drivers/PY32E407_HAL_Driver/Src/py32e407_hal_dma.c ****       status = HAL_ERROR;
 938:../../../../../../Drivers/PY32E407_HAL_Driver/Src/py32e407_hal_dma.c ****       break;
 939:../../../../../../Drivers/PY32E407_HAL_Driver/Src/py32e407_hal_dma.c ****     }
 940:../../../../../../Drivers/PY32E407_HAL_Driver/Src/py32e407_hal_dma.c ****   }
 941:../../../../../../Drivers/PY32E407_HAL_Driver/Src/py32e407_hal_dma.c ****   else
 942:../../../../../../Drivers/PY32E407_HAL_Driver/Src/py32e407_hal_dma.c ****   {
ARM GAS  C:\Users\user\AppData\Local\Temp\cci4XqOd.s 			page 18


 943:../../../../../../Drivers/PY32E407_HAL_Driver/Src/py32e407_hal_dma.c ****     status = HAL_ERROR;
 944:../../../../../../Drivers/PY32E407_HAL_Driver/Src/py32e407_hal_dma.c ****   } 
 945:../../../../../../Drivers/PY32E407_HAL_Driver/Src/py32e407_hal_dma.c ****   
 946:../../../../../../Drivers/PY32E407_HAL_Driver/Src/py32e407_hal_dma.c ****   /* Release Lock */
 947:../../../../../../Drivers/PY32E407_HAL_Driver/Src/py32e407_hal_dma.c ****   __HAL_UNLOCK(hdma);
 948:../../../../../../Drivers/PY32E407_HAL_Driver/Src/py32e407_hal_dma.c ****   
 949:../../../../../../Drivers/PY32E407_HAL_Driver/Src/py32e407_hal_dma.c ****   return status;
 950:../../../../../../Drivers/PY32E407_HAL_Driver/Src/py32e407_hal_dma.c **** }
 951:../../../../../../Drivers/PY32E407_HAL_Driver/Src/py32e407_hal_dma.c **** 
 952:../../../../../../Drivers/PY32E407_HAL_Driver/Src/py32e407_hal_dma.c **** /**
 953:../../../../../../Drivers/PY32E407_HAL_Driver/Src/py32e407_hal_dma.c ****   * @brief UnRegister callbacks
 954:../../../../../../Drivers/PY32E407_HAL_Driver/Src/py32e407_hal_dma.c ****   * @param hdma: pointer to a DMA_HandleTypeDef structure that contains
 955:../../../../../../Drivers/PY32E407_HAL_Driver/Src/py32e407_hal_dma.c ****   *              the configuration information for the specified DMA Channel.
 956:../../../../../../Drivers/PY32E407_HAL_Driver/Src/py32e407_hal_dma.c ****   * @param CallbackID: User Callback identifer
 957:../../../../../../Drivers/PY32E407_HAL_Driver/Src/py32e407_hal_dma.c ****   *                    a HAL_DMA_CallbackIDTypeDef ENUM as parameter.
 958:../../../../../../Drivers/PY32E407_HAL_Driver/Src/py32e407_hal_dma.c ****   * @retval HAL status
 959:../../../../../../Drivers/PY32E407_HAL_Driver/Src/py32e407_hal_dma.c ****   */              
 960:../../../../../../Drivers/PY32E407_HAL_Driver/Src/py32e407_hal_dma.c **** HAL_StatusTypeDef HAL_DMA_UnRegisterCallback(DMA_HandleTypeDef *hdma, HAL_DMA_CallbackIDTypeDef Cal
 961:../../../../../../Drivers/PY32E407_HAL_Driver/Src/py32e407_hal_dma.c **** {
 962:../../../../../../Drivers/PY32E407_HAL_Driver/Src/py32e407_hal_dma.c ****   HAL_StatusTypeDef status = HAL_OK;
 963:../../../../../../Drivers/PY32E407_HAL_Driver/Src/py32e407_hal_dma.c **** 
 964:../../../../../../Drivers/PY32E407_HAL_Driver/Src/py32e407_hal_dma.c ****   /* Process locked */
 965:../../../../../../Drivers/PY32E407_HAL_Driver/Src/py32e407_hal_dma.c ****   __HAL_LOCK(hdma);
 966:../../../../../../Drivers/PY32E407_HAL_Driver/Src/py32e407_hal_dma.c ****   
 967:../../../../../../Drivers/PY32E407_HAL_Driver/Src/py32e407_hal_dma.c ****   if(HAL_DMA_STATE_READY == hdma->State)
 968:../../../../../../Drivers/PY32E407_HAL_Driver/Src/py32e407_hal_dma.c ****   {
 969:../../../../../../Drivers/PY32E407_HAL_Driver/Src/py32e407_hal_dma.c ****     switch (CallbackID)
 970:../../../../../../Drivers/PY32E407_HAL_Driver/Src/py32e407_hal_dma.c ****     {
 971:../../../../../../Drivers/PY32E407_HAL_Driver/Src/py32e407_hal_dma.c ****     case  HAL_DMA_XFER_CPLT_CB_ID:
 972:../../../../../../Drivers/PY32E407_HAL_Driver/Src/py32e407_hal_dma.c ****       hdma->XferCpltCallback = NULL;
 973:../../../../../../Drivers/PY32E407_HAL_Driver/Src/py32e407_hal_dma.c ****       break;
 974:../../../../../../Drivers/PY32E407_HAL_Driver/Src/py32e407_hal_dma.c ****       
 975:../../../../../../Drivers/PY32E407_HAL_Driver/Src/py32e407_hal_dma.c ****     case  HAL_DMA_XFER_BLOCK_CPLT_CB_ID:
 976:../../../../../../Drivers/PY32E407_HAL_Driver/Src/py32e407_hal_dma.c ****       hdma->XferBlockCpltCallback = NULL;
 977:../../../../../../Drivers/PY32E407_HAL_Driver/Src/py32e407_hal_dma.c ****       break;
 978:../../../../../../Drivers/PY32E407_HAL_Driver/Src/py32e407_hal_dma.c ****     
 979:../../../../../../Drivers/PY32E407_HAL_Driver/Src/py32e407_hal_dma.c ****     case  HAL_DMA_XFER_HALFBLOCK_CPLT_CB_ID:
 980:../../../../../../Drivers/PY32E407_HAL_Driver/Src/py32e407_hal_dma.c ****       hdma->XferHalfBlockCpltCallback = NULL;
 981:../../../../../../Drivers/PY32E407_HAL_Driver/Src/py32e407_hal_dma.c ****       break;
 982:../../../../../../Drivers/PY32E407_HAL_Driver/Src/py32e407_hal_dma.c ****     
 983:../../../../../../Drivers/PY32E407_HAL_Driver/Src/py32e407_hal_dma.c ****     case  HAL_DMA_XFER_SRCTRAN_CPLT_CB_ID:
 984:../../../../../../Drivers/PY32E407_HAL_Driver/Src/py32e407_hal_dma.c ****       hdma->XferSrcTranCpltCallback = NULL;
 985:../../../../../../Drivers/PY32E407_HAL_Driver/Src/py32e407_hal_dma.c ****       break;
 986:../../../../../../Drivers/PY32E407_HAL_Driver/Src/py32e407_hal_dma.c ****     
 987:../../../../../../Drivers/PY32E407_HAL_Driver/Src/py32e407_hal_dma.c ****     case  HAL_DMA_XFER_DSTTRAN_CPLT_CB_ID:
 988:../../../../../../Drivers/PY32E407_HAL_Driver/Src/py32e407_hal_dma.c ****       hdma->XferDstTranCpltCallback = NULL;
 989:../../../../../../Drivers/PY32E407_HAL_Driver/Src/py32e407_hal_dma.c ****       break;
 990:../../../../../../Drivers/PY32E407_HAL_Driver/Src/py32e407_hal_dma.c **** 
 991:../../../../../../Drivers/PY32E407_HAL_Driver/Src/py32e407_hal_dma.c ****     case  HAL_DMA_XFER_ERROR_CB_ID:
 992:../../../../../../Drivers/PY32E407_HAL_Driver/Src/py32e407_hal_dma.c ****       hdma->XferErrorCallback = NULL;
 993:../../../../../../Drivers/PY32E407_HAL_Driver/Src/py32e407_hal_dma.c ****       break;         
 994:../../../../../../Drivers/PY32E407_HAL_Driver/Src/py32e407_hal_dma.c **** 
 995:../../../../../../Drivers/PY32E407_HAL_Driver/Src/py32e407_hal_dma.c ****     case  HAL_DMA_XFER_ABORT_CB_ID:
 996:../../../../../../Drivers/PY32E407_HAL_Driver/Src/py32e407_hal_dma.c ****       hdma->XferAbortCallback = NULL;
 997:../../../../../../Drivers/PY32E407_HAL_Driver/Src/py32e407_hal_dma.c ****       break; 
 998:../../../../../../Drivers/PY32E407_HAL_Driver/Src/py32e407_hal_dma.c **** 
 999:../../../../../../Drivers/PY32E407_HAL_Driver/Src/py32e407_hal_dma.c ****     case   HAL_DMA_XFER_ALL_CB_ID:
ARM GAS  C:\Users\user\AppData\Local\Temp\cci4XqOd.s 			page 19


1000:../../../../../../Drivers/PY32E407_HAL_Driver/Src/py32e407_hal_dma.c ****       hdma->XferCpltCallback = NULL;
1001:../../../../../../Drivers/PY32E407_HAL_Driver/Src/py32e407_hal_dma.c ****       hdma->XferBlockCpltCallback = NULL;
1002:../../../../../../Drivers/PY32E407_HAL_Driver/Src/py32e407_hal_dma.c ****       hdma->XferHalfBlockCpltCallback = NULL;
1003:../../../../../../Drivers/PY32E407_HAL_Driver/Src/py32e407_hal_dma.c ****       hdma->XferSrcTranCpltCallback = NULL;
1004:../../../../../../Drivers/PY32E407_HAL_Driver/Src/py32e407_hal_dma.c ****       hdma->XferDstTranCpltCallback = NULL;
1005:../../../../../../Drivers/PY32E407_HAL_Driver/Src/py32e407_hal_dma.c ****       hdma->XferErrorCallback = NULL;
1006:../../../../../../Drivers/PY32E407_HAL_Driver/Src/py32e407_hal_dma.c ****       hdma->XferAbortCallback = NULL;
1007:../../../../../../Drivers/PY32E407_HAL_Driver/Src/py32e407_hal_dma.c ****       break; 
1008:../../../../../../Drivers/PY32E407_HAL_Driver/Src/py32e407_hal_dma.c **** 
1009:../../../../../../Drivers/PY32E407_HAL_Driver/Src/py32e407_hal_dma.c ****     default:
1010:../../../../../../Drivers/PY32E407_HAL_Driver/Src/py32e407_hal_dma.c ****       status = HAL_ERROR;
1011:../../../../../../Drivers/PY32E407_HAL_Driver/Src/py32e407_hal_dma.c ****       break;
1012:../../../../../../Drivers/PY32E407_HAL_Driver/Src/py32e407_hal_dma.c ****     }
1013:../../../../../../Drivers/PY32E407_HAL_Driver/Src/py32e407_hal_dma.c ****   }
1014:../../../../../../Drivers/PY32E407_HAL_Driver/Src/py32e407_hal_dma.c ****   else
1015:../../../../../../Drivers/PY32E407_HAL_Driver/Src/py32e407_hal_dma.c ****   {
1016:../../../../../../Drivers/PY32E407_HAL_Driver/Src/py32e407_hal_dma.c ****     status = HAL_ERROR;
1017:../../../../../../Drivers/PY32E407_HAL_Driver/Src/py32e407_hal_dma.c ****   } 
1018:../../../../../../Drivers/PY32E407_HAL_Driver/Src/py32e407_hal_dma.c ****   
1019:../../../../../../Drivers/PY32E407_HAL_Driver/Src/py32e407_hal_dma.c ****   /* Release Lock */
1020:../../../../../../Drivers/PY32E407_HAL_Driver/Src/py32e407_hal_dma.c ****   __HAL_UNLOCK(hdma);
1021:../../../../../../Drivers/PY32E407_HAL_Driver/Src/py32e407_hal_dma.c ****   
1022:../../../../../../Drivers/PY32E407_HAL_Driver/Src/py32e407_hal_dma.c ****   return status;
1023:../../../../../../Drivers/PY32E407_HAL_Driver/Src/py32e407_hal_dma.c **** }
1024:../../../../../../Drivers/PY32E407_HAL_Driver/Src/py32e407_hal_dma.c **** 
1025:../../../../../../Drivers/PY32E407_HAL_Driver/Src/py32e407_hal_dma.c **** /**
1026:../../../../../../Drivers/PY32E407_HAL_Driver/Src/py32e407_hal_dma.c ****   * @brief  Set DMA Channel Request.
1027:../../../../../../Drivers/PY32E407_HAL_Driver/Src/py32e407_hal_dma.c ****   * @param  hdma: pointer to a DMA_HandleTypeDef structure that contains
1028:../../../../../../Drivers/PY32E407_HAL_Driver/Src/py32e407_hal_dma.c ****   *               the configuration information for the specified DMA Channel.
1029:../../../../../../Drivers/PY32E407_HAL_Driver/Src/py32e407_hal_dma.c ****   * @param  ReqType: DMA request type
1030:../../../../../../Drivers/PY32E407_HAL_Driver/Src/py32e407_hal_dma.c ****             This parameter can be a value of @arg DMA_Req_Tpye.
1031:../../../../../../Drivers/PY32E407_HAL_Driver/Src/py32e407_hal_dma.c ****   * @param  ReqNum: DMA request number
1032:../../../../../../Drivers/PY32E407_HAL_Driver/Src/py32e407_hal_dma.c ****             This parameter can be a value of @arg DMA_Req_Num.
1033:../../../../../../Drivers/PY32E407_HAL_Driver/Src/py32e407_hal_dma.c ****   * @param  ReqFunc: DMA request function
1034:../../../../../../Drivers/PY32E407_HAL_Driver/Src/py32e407_hal_dma.c ****             This parameter can be a value of @arg DMA_Req_Func.
1035:../../../../../../Drivers/PY32E407_HAL_Driver/Src/py32e407_hal_dma.c ****   * @note   This function needs to be called to configure DMA requests 
1036:../../../../../../Drivers/PY32E407_HAL_Driver/Src/py32e407_hal_dma.c ****   *         only when the peripheral (non memory) is configured as hardware handshake.
1037:../../../../../../Drivers/PY32E407_HAL_Driver/Src/py32e407_hal_dma.c ****   * @retval None
1038:../../../../../../Drivers/PY32E407_HAL_Driver/Src/py32e407_hal_dma.c ****   */
1039:../../../../../../Drivers/PY32E407_HAL_Driver/Src/py32e407_hal_dma.c **** void HAL_DMA_ChannelReq(DMA_HandleTypeDef *hdma, uint32_t ReqType, uint32_t ReqNum, uint32_t ReqFun
1040:../../../../../../Drivers/PY32E407_HAL_Driver/Src/py32e407_hal_dma.c **** {
1041:../../../../../../Drivers/PY32E407_HAL_Driver/Src/py32e407_hal_dma.c ****   uint32_t position = 0;
1042:../../../../../../Drivers/PY32E407_HAL_Driver/Src/py32e407_hal_dma.c ****   
1043:../../../../../../Drivers/PY32E407_HAL_Driver/Src/py32e407_hal_dma.c ****   assert_param(IS_DMA_REQ_TYPE(ReqType));
1044:../../../../../../Drivers/PY32E407_HAL_Driver/Src/py32e407_hal_dma.c ****   assert_param(IS_DMA_REQ_NUM(ReqNum));
1045:../../../../../../Drivers/PY32E407_HAL_Driver/Src/py32e407_hal_dma.c ****   assert_param(IS_DMA_REQ_FUNC(ReqFunc));
1046:../../../../../../Drivers/PY32E407_HAL_Driver/Src/py32e407_hal_dma.c ****   
1047:../../../../../../Drivers/PY32E407_HAL_Driver/Src/py32e407_hal_dma.c ****   /* Configuration request number */
1048:../../../../../../Drivers/PY32E407_HAL_Driver/Src/py32e407_hal_dma.c ****   if(ReqType == DMA_REQ_TYPE_SRC)
1049:../../../../../../Drivers/PY32E407_HAL_Driver/Src/py32e407_hal_dma.c ****   {
1050:../../../../../../Drivers/PY32E407_HAL_Driver/Src/py32e407_hal_dma.c ****     MODIFY_REG(hdma->Instance->CH_CFGH, DMA_CH_CFGH_SRC_PER, (ReqNum << DMA_CH_CFGH_SRC_PER_Pos));
1051:../../../../../../Drivers/PY32E407_HAL_Driver/Src/py32e407_hal_dma.c ****   }
1052:../../../../../../Drivers/PY32E407_HAL_Driver/Src/py32e407_hal_dma.c ****   else
1053:../../../../../../Drivers/PY32E407_HAL_Driver/Src/py32e407_hal_dma.c ****   {
1054:../../../../../../Drivers/PY32E407_HAL_Driver/Src/py32e407_hal_dma.c ****     MODIFY_REG(hdma->Instance->CH_CFGH, DMA_CH_CFGH_DST_PER, (ReqNum << DMA_CH_CFGH_DST_PER_Pos));
1055:../../../../../../Drivers/PY32E407_HAL_Driver/Src/py32e407_hal_dma.c ****   }
1056:../../../../../../Drivers/PY32E407_HAL_Driver/Src/py32e407_hal_dma.c ****   
ARM GAS  C:\Users\user\AppData\Local\Temp\cci4XqOd.s 			page 20


1057:../../../../../../Drivers/PY32E407_HAL_Driver/Src/py32e407_hal_dma.c ****   /* Configure the requested functionality */
1058:../../../../../../Drivers/PY32E407_HAL_Driver/Src/py32e407_hal_dma.c ****   if ((uint32_t)(hdma->Instance) < (uint32_t)(DMA2_Channel1))
1059:../../../../../../Drivers/PY32E407_HAL_Driver/Src/py32e407_hal_dma.c ****   {
1060:../../../../../../Drivers/PY32E407_HAL_Driver/Src/py32e407_hal_dma.c ****     position = ReqNum;
1061:../../../../../../Drivers/PY32E407_HAL_Driver/Src/py32e407_hal_dma.c ****   }
1062:../../../../../../Drivers/PY32E407_HAL_Driver/Src/py32e407_hal_dma.c ****   else 
1063:../../../../../../Drivers/PY32E407_HAL_Driver/Src/py32e407_hal_dma.c ****   {
1064:../../../../../../Drivers/PY32E407_HAL_Driver/Src/py32e407_hal_dma.c ****     position = ReqNum + 6;
1065:../../../../../../Drivers/PY32E407_HAL_Driver/Src/py32e407_hal_dma.c ****   }
1066:../../../../../../Drivers/PY32E407_HAL_Driver/Src/py32e407_hal_dma.c ****   
1067:../../../../../../Drivers/PY32E407_HAL_Driver/Src/py32e407_hal_dma.c ****   __HAL_RCC_SYSCFG_CLK_ENABLE();
1068:../../../../../../Drivers/PY32E407_HAL_Driver/Src/py32e407_hal_dma.c ****   
1069:../../../../../../Drivers/PY32E407_HAL_Driver/Src/py32e407_hal_dma.c ****   MODIFY_REG((SYSCFG->CFGR[2 + (position >> 2)]), (0x7F << (8u * (position & 0x03u))), (ReqFunc << 
1070:../../../../../../Drivers/PY32E407_HAL_Driver/Src/py32e407_hal_dma.c **** }
1071:../../../../../../Drivers/PY32E407_HAL_Driver/Src/py32e407_hal_dma.c **** 
1072:../../../../../../Drivers/PY32E407_HAL_Driver/Src/py32e407_hal_dma.c **** 
1073:../../../../../../Drivers/PY32E407_HAL_Driver/Src/py32e407_hal_dma.c **** 
1074:../../../../../../Drivers/PY32E407_HAL_Driver/Src/py32e407_hal_dma.c **** /**
1075:../../../../../../Drivers/PY32E407_HAL_Driver/Src/py32e407_hal_dma.c ****   * @}
1076:../../../../../../Drivers/PY32E407_HAL_Driver/Src/py32e407_hal_dma.c ****   */
1077:../../../../../../Drivers/PY32E407_HAL_Driver/Src/py32e407_hal_dma.c **** 
1078:../../../../../../Drivers/PY32E407_HAL_Driver/Src/py32e407_hal_dma.c **** /** @defgroup DMA_Exported_Functions_Group3 Peripheral State and Errors functions
1079:../../../../../../Drivers/PY32E407_HAL_Driver/Src/py32e407_hal_dma.c ****   *  @brief    Peripheral State and Errors functions
1080:../../../../../../Drivers/PY32E407_HAL_Driver/Src/py32e407_hal_dma.c ****   *
1081:../../../../../../Drivers/PY32E407_HAL_Driver/Src/py32e407_hal_dma.c **** @verbatim
1082:../../../../../../Drivers/PY32E407_HAL_Driver/Src/py32e407_hal_dma.c ****  ===============================================================================
1083:../../../../../../Drivers/PY32E407_HAL_Driver/Src/py32e407_hal_dma.c ****             ##### Peripheral State and Errors functions #####
1084:../../../../../../Drivers/PY32E407_HAL_Driver/Src/py32e407_hal_dma.c ****  ===============================================================================  
1085:../../../../../../Drivers/PY32E407_HAL_Driver/Src/py32e407_hal_dma.c ****     [..]
1086:../../../../../../Drivers/PY32E407_HAL_Driver/Src/py32e407_hal_dma.c ****     This subsection provides functions allowing to
1087:../../../../../../Drivers/PY32E407_HAL_Driver/Src/py32e407_hal_dma.c ****       (+) Check the DMA state
1088:../../../../../../Drivers/PY32E407_HAL_Driver/Src/py32e407_hal_dma.c ****       (+) Get error code
1089:../../../../../../Drivers/PY32E407_HAL_Driver/Src/py32e407_hal_dma.c **** 
1090:../../../../../../Drivers/PY32E407_HAL_Driver/Src/py32e407_hal_dma.c **** @endverbatim
1091:../../../../../../Drivers/PY32E407_HAL_Driver/Src/py32e407_hal_dma.c ****   * @{
1092:../../../../../../Drivers/PY32E407_HAL_Driver/Src/py32e407_hal_dma.c ****   */
1093:../../../../../../Drivers/PY32E407_HAL_Driver/Src/py32e407_hal_dma.c **** 
1094:../../../../../../Drivers/PY32E407_HAL_Driver/Src/py32e407_hal_dma.c **** /**
1095:../../../../../../Drivers/PY32E407_HAL_Driver/Src/py32e407_hal_dma.c ****   * @brief  Return the DMA hande state.
1096:../../../../../../Drivers/PY32E407_HAL_Driver/Src/py32e407_hal_dma.c ****   * @param  hdma: pointer to a DMA_HandleTypeDef structure that contains
1097:../../../../../../Drivers/PY32E407_HAL_Driver/Src/py32e407_hal_dma.c ****   *               the configuration information for the specified DMA Channel.
1098:../../../../../../Drivers/PY32E407_HAL_Driver/Src/py32e407_hal_dma.c ****   * @retval HAL state
1099:../../../../../../Drivers/PY32E407_HAL_Driver/Src/py32e407_hal_dma.c ****   */
1100:../../../../../../Drivers/PY32E407_HAL_Driver/Src/py32e407_hal_dma.c **** HAL_DMA_StateTypeDef HAL_DMA_GetState(DMA_HandleTypeDef *hdma)
1101:../../../../../../Drivers/PY32E407_HAL_Driver/Src/py32e407_hal_dma.c **** {
1102:../../../../../../Drivers/PY32E407_HAL_Driver/Src/py32e407_hal_dma.c ****   /* Return DMA handle state */
1103:../../../../../../Drivers/PY32E407_HAL_Driver/Src/py32e407_hal_dma.c ****   return hdma->State;
1104:../../../../../../Drivers/PY32E407_HAL_Driver/Src/py32e407_hal_dma.c **** }
1105:../../../../../../Drivers/PY32E407_HAL_Driver/Src/py32e407_hal_dma.c **** 
1106:../../../../../../Drivers/PY32E407_HAL_Driver/Src/py32e407_hal_dma.c **** /**
1107:../../../../../../Drivers/PY32E407_HAL_Driver/Src/py32e407_hal_dma.c ****   * @brief  Return the DMA error code.
1108:../../../../../../Drivers/PY32E407_HAL_Driver/Src/py32e407_hal_dma.c ****   * @param  hdma : pointer to a DMA_HandleTypeDef structure that contains
1109:../../../../../../Drivers/PY32E407_HAL_Driver/Src/py32e407_hal_dma.c ****   *              the configuration information for the specified DMA Channel.
1110:../../../../../../Drivers/PY32E407_HAL_Driver/Src/py32e407_hal_dma.c ****   * @retval DMA Error Code
1111:../../../../../../Drivers/PY32E407_HAL_Driver/Src/py32e407_hal_dma.c ****   */
1112:../../../../../../Drivers/PY32E407_HAL_Driver/Src/py32e407_hal_dma.c **** uint32_t HAL_DMA_GetError(DMA_HandleTypeDef *hdma)
1113:../../../../../../Drivers/PY32E407_HAL_Driver/Src/py32e407_hal_dma.c **** {
ARM GAS  C:\Users\user\AppData\Local\Temp\cci4XqOd.s 			page 21


1114:../../../../../../Drivers/PY32E407_HAL_Driver/Src/py32e407_hal_dma.c ****   return hdma->ErrorCode;
1115:../../../../../../Drivers/PY32E407_HAL_Driver/Src/py32e407_hal_dma.c **** }
1116:../../../../../../Drivers/PY32E407_HAL_Driver/Src/py32e407_hal_dma.c **** 
1117:../../../../../../Drivers/PY32E407_HAL_Driver/Src/py32e407_hal_dma.c **** /**
1118:../../../../../../Drivers/PY32E407_HAL_Driver/Src/py32e407_hal_dma.c ****   * @}
1119:../../../../../../Drivers/PY32E407_HAL_Driver/Src/py32e407_hal_dma.c ****   */
1120:../../../../../../Drivers/PY32E407_HAL_Driver/Src/py32e407_hal_dma.c **** 
1121:../../../../../../Drivers/PY32E407_HAL_Driver/Src/py32e407_hal_dma.c **** /**
1122:../../../../../../Drivers/PY32E407_HAL_Driver/Src/py32e407_hal_dma.c ****   * @}
1123:../../../../../../Drivers/PY32E407_HAL_Driver/Src/py32e407_hal_dma.c ****   */
1124:../../../../../../Drivers/PY32E407_HAL_Driver/Src/py32e407_hal_dma.c **** 
1125:../../../../../../Drivers/PY32E407_HAL_Driver/Src/py32e407_hal_dma.c **** /** @addtogroup DMA_Private_Functions
1126:../../../../../../Drivers/PY32E407_HAL_Driver/Src/py32e407_hal_dma.c ****   * @{
1127:../../../../../../Drivers/PY32E407_HAL_Driver/Src/py32e407_hal_dma.c ****   */
1128:../../../../../../Drivers/PY32E407_HAL_Driver/Src/py32e407_hal_dma.c **** 
1129:../../../../../../Drivers/PY32E407_HAL_Driver/Src/py32e407_hal_dma.c **** /**
1130:../../../../../../Drivers/PY32E407_HAL_Driver/Src/py32e407_hal_dma.c ****   * @brief  Sets the DMA Transfer parameter.
1131:../../../../../../Drivers/PY32E407_HAL_Driver/Src/py32e407_hal_dma.c ****   * @param  hdma:       pointer to a DMA_HandleTypeDef structure that contains
1132:../../../../../../Drivers/PY32E407_HAL_Driver/Src/py32e407_hal_dma.c ****   *                     the configuration information for the specified DMA Channel.
1133:../../../../../../Drivers/PY32E407_HAL_Driver/Src/py32e407_hal_dma.c ****   * @param  SrcAddress: The source memory Buffer address
1134:../../../../../../Drivers/PY32E407_HAL_Driver/Src/py32e407_hal_dma.c ****   * @param  DstAddress: The destination memory Buffer address
1135:../../../../../../Drivers/PY32E407_HAL_Driver/Src/py32e407_hal_dma.c ****   * @param  DataLength: The length of data to be transferred from source to destination
1136:../../../../../../Drivers/PY32E407_HAL_Driver/Src/py32e407_hal_dma.c ****   * @retval None
1137:../../../../../../Drivers/PY32E407_HAL_Driver/Src/py32e407_hal_dma.c ****   */
1138:../../../../../../Drivers/PY32E407_HAL_Driver/Src/py32e407_hal_dma.c **** static void DMA_SetConfig(DMA_HandleTypeDef *hdma, uint32_t SrcAddress, uint32_t DstAddress, uint32
1139:../../../../../../Drivers/PY32E407_HAL_Driver/Src/py32e407_hal_dma.c **** {
  29              		.loc 1 1139 1 view -0
  30              		.cfi_startproc
  31              		@ args = 0, pretend = 0, frame = 0
  32              		@ frame_needed = 0, uses_anonymous_args = 0
  33              		@ link register save eliminated.
  34              		.loc 1 1139 1 is_stmt 0 view .LVU1
  35 0000 70B4     		push	{r4, r5, r6}
  36              	.LCFI0:
  37              		.cfi_def_cfa_offset 12
  38              		.cfi_offset 4, -12
  39              		.cfi_offset 5, -8
  40              		.cfi_offset 6, -4
1140:../../../../../../Drivers/PY32E407_HAL_Driver/Src/py32e407_hal_dma.c ****   /* Clear all flags */
1141:../../../../../../Drivers/PY32E407_HAL_Driver/Src/py32e407_hal_dma.c ****   hdma->DmaBaseAddress->CLEARTFR = (DMA_CLEARTFR_CLEAR_0 << hdma->ChannelIndex);
  41              		.loc 1 1141 3 is_stmt 1 view .LVU2
  42              		.loc 1 1141 65 is_stmt 0 view .LVU3
  43 0002 846E     		ldr	r4, [r0, #104]
  44              		.loc 1 1141 58 view .LVU4
  45 0004 4FF0010C 		mov	ip, #1
  46 0008 0CFA04F4 		lsl	r4, ip, r4
  47              		.loc 1 1141 34 view .LVU5
  48 000c 456E     		ldr	r5, [r0, #100]
  49 000e C5F83843 		str	r4, [r5, #824]
1142:../../../../../../Drivers/PY32E407_HAL_Driver/Src/py32e407_hal_dma.c ****   hdma->DmaBaseAddress->CLEARBLOCK = (DMA_CLEARBLOCK_CLEAR_0 << hdma->ChannelIndex);
  50              		.loc 1 1142 3 is_stmt 1 view .LVU6
  51              		.loc 1 1142 69 is_stmt 0 view .LVU7
  52 0012 846E     		ldr	r4, [r0, #104]
  53              		.loc 1 1142 62 view .LVU8
  54 0014 0CFA04F4 		lsl	r4, ip, r4
  55              		.loc 1 1142 36 view .LVU9
  56 0018 456E     		ldr	r5, [r0, #100]
ARM GAS  C:\Users\user\AppData\Local\Temp\cci4XqOd.s 			page 22


  57 001a C5F84043 		str	r4, [r5, #832]
1143:../../../../../../Drivers/PY32E407_HAL_Driver/Src/py32e407_hal_dma.c ****   hdma->DmaBaseAddress->CLEARHALFBLOCK = (DMA_CLEARHALFBLOCK_CLEAR_0 << hdma->ChannelIndex);
  58              		.loc 1 1143 3 is_stmt 1 view .LVU10
  59              		.loc 1 1143 77 is_stmt 0 view .LVU11
  60 001e 846E     		ldr	r4, [r0, #104]
  61              		.loc 1 1143 70 view .LVU12
  62 0020 0CFA04F4 		lsl	r4, ip, r4
  63              		.loc 1 1143 40 view .LVU13
  64 0024 456E     		ldr	r5, [r0, #100]
  65 0026 C5F8B842 		str	r4, [r5, #696]
1144:../../../../../../Drivers/PY32E407_HAL_Driver/Src/py32e407_hal_dma.c ****   hdma->DmaBaseAddress->CLEARSRCTRAN = (DMA_CLEARSRCTRAN_CLEAR_0 << hdma->ChannelIndex);
  66              		.loc 1 1144 3 is_stmt 1 view .LVU14
  67              		.loc 1 1144 73 is_stmt 0 view .LVU15
  68 002a 846E     		ldr	r4, [r0, #104]
  69              		.loc 1 1144 66 view .LVU16
  70 002c 0CFA04F4 		lsl	r4, ip, r4
  71              		.loc 1 1144 38 view .LVU17
  72 0030 456E     		ldr	r5, [r0, #100]
  73 0032 C5F84843 		str	r4, [r5, #840]
1145:../../../../../../Drivers/PY32E407_HAL_Driver/Src/py32e407_hal_dma.c ****   hdma->DmaBaseAddress->CLEARDSTTRAN = (DMA_CLEARDSTTRAN_CLEAR_0 << hdma->ChannelIndex);
  74              		.loc 1 1145 3 is_stmt 1 view .LVU18
  75              		.loc 1 1145 73 is_stmt 0 view .LVU19
  76 0036 846E     		ldr	r4, [r0, #104]
  77              		.loc 1 1145 66 view .LVU20
  78 0038 0CFA04F4 		lsl	r4, ip, r4
  79              		.loc 1 1145 38 view .LVU21
  80 003c 456E     		ldr	r5, [r0, #100]
  81 003e C5F85043 		str	r4, [r5, #848]
1146:../../../../../../Drivers/PY32E407_HAL_Driver/Src/py32e407_hal_dma.c ****   hdma->DmaBaseAddress->CLEARERR = (DMA_CLEARERR_CLEAR_0 << hdma->ChannelIndex);
  82              		.loc 1 1146 3 is_stmt 1 view .LVU22
  83              		.loc 1 1146 65 is_stmt 0 view .LVU23
  84 0042 846E     		ldr	r4, [r0, #104]
  85              		.loc 1 1146 58 view .LVU24
  86 0044 0CFA04F4 		lsl	r4, ip, r4
  87              		.loc 1 1146 34 view .LVU25
  88 0048 456E     		ldr	r5, [r0, #100]
  89 004a C5F85843 		str	r4, [r5, #856]
1147:../../../../../../Drivers/PY32E407_HAL_Driver/Src/py32e407_hal_dma.c **** 
1148:../../../../../../Drivers/PY32E407_HAL_Driver/Src/py32e407_hal_dma.c ****   if (hdma->Init.Mode == DMA_CIRCULAR)
  90              		.loc 1 1148 3 is_stmt 1 view .LVU26
  91              		.loc 1 1148 17 is_stmt 0 view .LVU27
  92 004e 046A     		ldr	r4, [r0, #32]
  93              		.loc 1 1148 6 view .LVU28
  94 0050 6445     		cmp	r4, ip
  95 0052 14D0     		beq	.L12
1149:../../../../../../Drivers/PY32E407_HAL_Driver/Src/py32e407_hal_dma.c ****   {
1150:../../../../../../Drivers/PY32E407_HAL_Driver/Src/py32e407_hal_dma.c ****     MODIFY_REG(hdma->Instance->CH_CTRLH, DMA_CH_CTRLH_BLOCK_TS, DataLength); /* Set block length */
1151:../../../../../../Drivers/PY32E407_HAL_Driver/Src/py32e407_hal_dma.c ****   }
1152:../../../../../../Drivers/PY32E407_HAL_Driver/Src/py32e407_hal_dma.c ****   else
1153:../../../../../../Drivers/PY32E407_HAL_Driver/Src/py32e407_hal_dma.c ****   {
1154:../../../../../../Drivers/PY32E407_HAL_Driver/Src/py32e407_hal_dma.c ****     /* Transferred in 1 single block */
1155:../../../../../../Drivers/PY32E407_HAL_Driver/Src/py32e407_hal_dma.c ****     if (DataLength <= hdma->Init.BlockMaxLen)
  96              		.loc 1 1155 5 is_stmt 1 view .LVU29
  97              		.loc 1 1155 33 is_stmt 0 view .LVU30
  98 0054 846B     		ldr	r4, [r0, #56]
  99              		.loc 1 1155 8 view .LVU31
 100 0056 9C42     		cmp	r4, r3
ARM GAS  C:\Users\user\AppData\Local\Temp\cci4XqOd.s 			page 23


 101 0058 1FD3     		bcc	.L4
1156:../../../../../../Drivers/PY32E407_HAL_Driver/Src/py32e407_hal_dma.c ****     {
1157:../../../../../../Drivers/PY32E407_HAL_Driver/Src/py32e407_hal_dma.c ****       CLEAR_BIT(hdma->Instance->CH_CFGL, (DMA_CH_CFGL_RELOAD_DST | DMA_CH_CFGL_RELOAD_SRC));
 102              		.loc 1 1157 7 is_stmt 1 view .LVU32
 103 005a 0568     		ldr	r5, [r0]
 104 005c AC68     		ldr	r4, [r5, #8]
 105 005e 24F04044 		bic	r4, r4, #-1073741824
 106 0062 AC60     		str	r4, [r5, #8]
1158:../../../../../../Drivers/PY32E407_HAL_Driver/Src/py32e407_hal_dma.c ****       
1159:../../../../../../Drivers/PY32E407_HAL_Driver/Src/py32e407_hal_dma.c ****       MODIFY_REG(hdma->Instance->CH_CTRLH, DMA_CH_CTRLH_BLOCK_TS, DataLength); /* Set block length 
 107              		.loc 1 1159 7 view .LVU33
 108 0064 0568     		ldr	r5, [r0]
 109 0066 6C68     		ldr	r4, [r5, #4]
 110 0068 24F47F64 		bic	r4, r4, #4080
 111 006c 24F00F04 		bic	r4, r4, #15
 112 0070 2343     		orrs	r3, r3, r4
 113              	.LVL1:
 114              		.loc 1 1159 7 is_stmt 0 view .LVU34
 115 0072 6B60     		str	r3, [r5, #4]
1160:../../../../../../Drivers/PY32E407_HAL_Driver/Src/py32e407_hal_dma.c ****       hdma->BlockNum = 1;  /* Number of blocks to be transfered */
 116              		.loc 1 1160 7 is_stmt 1 view .LVU35
 117              		.loc 1 1160 22 is_stmt 0 view .LVU36
 118 0074 0123     		movs	r3, #1
 119 0076 C366     		str	r3, [r0, #108]
1161:../../../../../../Drivers/PY32E407_HAL_Driver/Src/py32e407_hal_dma.c ****       hdma->RemainLen = 0; /* Length remaining to be transfered (not enough for one block length) *
 120              		.loc 1 1161 7 is_stmt 1 view .LVU37
 121              		.loc 1 1161 23 is_stmt 0 view .LVU38
 122 0078 0023     		movs	r3, #0
 123 007a 0367     		str	r3, [r0, #112]
 124 007c 07E0     		b	.L3
 125              	.LVL2:
 126              	.L12:
1150:../../../../../../Drivers/PY32E407_HAL_Driver/Src/py32e407_hal_dma.c ****   }
 127              		.loc 1 1150 5 is_stmt 1 view .LVU39
 128 007e 0568     		ldr	r5, [r0]
 129 0080 6C68     		ldr	r4, [r5, #4]
 130 0082 24F47F64 		bic	r4, r4, #4080
 131 0086 24F00F04 		bic	r4, r4, #15
 132 008a 2343     		orrs	r3, r3, r4
 133              	.LVL3:
1150:../../../../../../Drivers/PY32E407_HAL_Driver/Src/py32e407_hal_dma.c ****   }
 134              		.loc 1 1150 5 is_stmt 0 view .LVU40
 135 008c 6B60     		str	r3, [r5, #4]
 136              	.L3:
1162:../../../../../../Drivers/PY32E407_HAL_Driver/Src/py32e407_hal_dma.c ****     }
1163:../../../../../../Drivers/PY32E407_HAL_Driver/Src/py32e407_hal_dma.c ****     /* Transferred in 2 single blocks */
1164:../../../../../../Drivers/PY32E407_HAL_Driver/Src/py32e407_hal_dma.c ****     else if (DataLength < (hdma->Init.BlockMaxLen * 2))
1165:../../../../../../Drivers/PY32E407_HAL_Driver/Src/py32e407_hal_dma.c ****     {
1166:../../../../../../Drivers/PY32E407_HAL_Driver/Src/py32e407_hal_dma.c ****       CLEAR_BIT(hdma->Instance->CH_CFGL, (DMA_CH_CFGL_RELOAD_DST | DMA_CH_CFGL_RELOAD_SRC));
1167:../../../../../../Drivers/PY32E407_HAL_Driver/Src/py32e407_hal_dma.c ****       
1168:../../../../../../Drivers/PY32E407_HAL_Driver/Src/py32e407_hal_dma.c ****       MODIFY_REG(hdma->Instance->CH_CTRLH, DMA_CH_CTRLH_BLOCK_TS, hdma->Init.BlockMaxLen); /* Set b
1169:../../../../../../Drivers/PY32E407_HAL_Driver/Src/py32e407_hal_dma.c ****       hdma->BlockNum = 1;                                    /* Number of blocks to be transfered *
1170:../../../../../../Drivers/PY32E407_HAL_Driver/Src/py32e407_hal_dma.c ****       hdma->RemainLen = DataLength % hdma->Init.BlockMaxLen;  /* Length remaining to be transfered 
1171:../../../../../../Drivers/PY32E407_HAL_Driver/Src/py32e407_hal_dma.c ****     }
1172:../../../../../../Drivers/PY32E407_HAL_Driver/Src/py32e407_hal_dma.c ****     else
1173:../../../../../../Drivers/PY32E407_HAL_Driver/Src/py32e407_hal_dma.c ****     {
1174:../../../../../../Drivers/PY32E407_HAL_Driver/Src/py32e407_hal_dma.c ****       /* If the source address increment and the destination address increment are not fixed,
ARM GAS  C:\Users\user\AppData\Local\Temp\cci4XqOd.s 			page 24


1175:../../../../../../Drivers/PY32E407_HAL_Driver/Src/py32e407_hal_dma.c ****             the transfer is carried out according to multiple single blocks. */
1176:../../../../../../Drivers/PY32E407_HAL_Driver/Src/py32e407_hal_dma.c ****       if ((hdma->Init.SrcInc != DMA_SRC_ADDR_FIX) && (hdma->Init.DstInc != DMA_DST_ADDR_FIX))
1177:../../../../../../Drivers/PY32E407_HAL_Driver/Src/py32e407_hal_dma.c ****       {
1178:../../../../../../Drivers/PY32E407_HAL_Driver/Src/py32e407_hal_dma.c ****         CLEAR_BIT(hdma->Instance->CH_CFGL, (DMA_CH_CFGL_RELOAD_DST | DMA_CH_CFGL_RELOAD_SRC));
1179:../../../../../../Drivers/PY32E407_HAL_Driver/Src/py32e407_hal_dma.c ****       }
1180:../../../../../../Drivers/PY32E407_HAL_Driver/Src/py32e407_hal_dma.c ****       /*  Transferred in multiple blocks  */
1181:../../../../../../Drivers/PY32E407_HAL_Driver/Src/py32e407_hal_dma.c ****       else
1182:../../../../../../Drivers/PY32E407_HAL_Driver/Src/py32e407_hal_dma.c ****       {
1183:../../../../../../Drivers/PY32E407_HAL_Driver/Src/py32e407_hal_dma.c ****         if (hdma->Init.SrcInc != DMA_SRC_ADDR_FIX)
1184:../../../../../../Drivers/PY32E407_HAL_Driver/Src/py32e407_hal_dma.c ****         {
1185:../../../../../../Drivers/PY32E407_HAL_Driver/Src/py32e407_hal_dma.c ****           /* Address increment is not fixed, address configuration is continuous */
1186:../../../../../../Drivers/PY32E407_HAL_Driver/Src/py32e407_hal_dma.c ****           CLEAR_BIT(hdma->Instance->CH_CFGL, DMA_CH_CFGL_RELOAD_SRC);
1187:../../../../../../Drivers/PY32E407_HAL_Driver/Src/py32e407_hal_dma.c ****         }
1188:../../../../../../Drivers/PY32E407_HAL_Driver/Src/py32e407_hal_dma.c ****         else
1189:../../../../../../Drivers/PY32E407_HAL_Driver/Src/py32e407_hal_dma.c ****         {
1190:../../../../../../Drivers/PY32E407_HAL_Driver/Src/py32e407_hal_dma.c ****           /* Address increment is fixed, address configuration is reloaded */
1191:../../../../../../Drivers/PY32E407_HAL_Driver/Src/py32e407_hal_dma.c ****           SET_BIT(hdma->Instance->CH_CFGL, DMA_CH_CFGL_RELOAD_SRC);
1192:../../../../../../Drivers/PY32E407_HAL_Driver/Src/py32e407_hal_dma.c ****         }
1193:../../../../../../Drivers/PY32E407_HAL_Driver/Src/py32e407_hal_dma.c ****         
1194:../../../../../../Drivers/PY32E407_HAL_Driver/Src/py32e407_hal_dma.c ****         if (hdma->Init.DstInc != DMA_DST_ADDR_FIX)
1195:../../../../../../Drivers/PY32E407_HAL_Driver/Src/py32e407_hal_dma.c ****         {
1196:../../../../../../Drivers/PY32E407_HAL_Driver/Src/py32e407_hal_dma.c ****           /* Address increment is not fixed, address configuration is continuous */
1197:../../../../../../Drivers/PY32E407_HAL_Driver/Src/py32e407_hal_dma.c ****           CLEAR_BIT(hdma->Instance->CH_CFGL, DMA_CH_CFGL_RELOAD_DST);
1198:../../../../../../Drivers/PY32E407_HAL_Driver/Src/py32e407_hal_dma.c ****         }
1199:../../../../../../Drivers/PY32E407_HAL_Driver/Src/py32e407_hal_dma.c ****         else
1200:../../../../../../Drivers/PY32E407_HAL_Driver/Src/py32e407_hal_dma.c ****         {
1201:../../../../../../Drivers/PY32E407_HAL_Driver/Src/py32e407_hal_dma.c ****           /* Address increment is fixed, address configuration is reloaded */
1202:../../../../../../Drivers/PY32E407_HAL_Driver/Src/py32e407_hal_dma.c ****           SET_BIT(hdma->Instance->CH_CFGL, DMA_CH_CFGL_RELOAD_DST);
1203:../../../../../../Drivers/PY32E407_HAL_Driver/Src/py32e407_hal_dma.c ****         }
1204:../../../../../../Drivers/PY32E407_HAL_Driver/Src/py32e407_hal_dma.c ****       }
1205:../../../../../../Drivers/PY32E407_HAL_Driver/Src/py32e407_hal_dma.c ****       
1206:../../../../../../Drivers/PY32E407_HAL_Driver/Src/py32e407_hal_dma.c ****       
1207:../../../../../../Drivers/PY32E407_HAL_Driver/Src/py32e407_hal_dma.c ****       MODIFY_REG(hdma->Instance->CH_CTRLH, DMA_CH_CTRLH_BLOCK_TS, hdma->Init.BlockMaxLen); /* Set b
1208:../../../../../../Drivers/PY32E407_HAL_Driver/Src/py32e407_hal_dma.c ****       hdma->BlockNum = DataLength / hdma->Init.BlockMaxLen;   /* Number of blocks to be transfered 
1209:../../../../../../Drivers/PY32E407_HAL_Driver/Src/py32e407_hal_dma.c ****       hdma->RemainLen = DataLength % hdma->Init.BlockMaxLen;  /* Length remaining to be transfered 
1210:../../../../../../Drivers/PY32E407_HAL_Driver/Src/py32e407_hal_dma.c ****     }
1211:../../../../../../Drivers/PY32E407_HAL_Driver/Src/py32e407_hal_dma.c ****   }
1212:../../../../../../Drivers/PY32E407_HAL_Driver/Src/py32e407_hal_dma.c ****   
1213:../../../../../../Drivers/PY32E407_HAL_Driver/Src/py32e407_hal_dma.c ****   /* Configure DMA Channel source and destination address */
1214:../../../../../../Drivers/PY32E407_HAL_Driver/Src/py32e407_hal_dma.c ****   hdma->Instance->SA = SrcAddress;
 137              		.loc 1 1214 3 is_stmt 1 view .LVU41
 138              		.loc 1 1214 7 is_stmt 0 view .LVU42
 139 008e 0368     		ldr	r3, [r0]
 140              		.loc 1 1214 22 view .LVU43
 141 0090 1961     		str	r1, [r3, #16]
1215:../../../../../../Drivers/PY32E407_HAL_Driver/Src/py32e407_hal_dma.c ****   hdma->Instance->DA = DstAddress;
 142              		.loc 1 1215 3 is_stmt 1 view .LVU44
 143              		.loc 1 1215 7 is_stmt 0 view .LVU45
 144 0092 0368     		ldr	r3, [r0]
 145              		.loc 1 1215 22 view .LVU46
 146 0094 9A61     		str	r2, [r3, #24]
1216:../../../../../../Drivers/PY32E407_HAL_Driver/Src/py32e407_hal_dma.c **** }
 147              		.loc 1 1216 1 view .LVU47
 148 0096 70BC     		pop	{r4, r5, r6}
 149              	.LCFI1:
 150              		.cfi_remember_state
 151              		.cfi_restore 6
ARM GAS  C:\Users\user\AppData\Local\Temp\cci4XqOd.s 			page 25


 152              		.cfi_restore 5
 153              		.cfi_restore 4
 154              		.cfi_def_cfa_offset 0
 155 0098 7047     		bx	lr
 156              	.LVL4:
 157              	.L4:
 158              	.LCFI2:
 159              		.cfi_restore_state
1164:../../../../../../Drivers/PY32E407_HAL_Driver/Src/py32e407_hal_dma.c ****     {
 160              		.loc 1 1164 10 is_stmt 1 view .LVU48
1164:../../../../../../Drivers/PY32E407_HAL_Driver/Src/py32e407_hal_dma.c ****     {
 161              		.loc 1 1164 13 is_stmt 0 view .LVU49
 162 009a B3EB440F 		cmp	r3, r4, lsl #1
 163 009e 16D2     		bcs	.L5
1166:../../../../../../Drivers/PY32E407_HAL_Driver/Src/py32e407_hal_dma.c ****       
 164              		.loc 1 1166 7 is_stmt 1 view .LVU50
 165 00a0 0568     		ldr	r5, [r0]
 166 00a2 AC68     		ldr	r4, [r5, #8]
 167 00a4 24F04044 		bic	r4, r4, #-1073741824
 168 00a8 AC60     		str	r4, [r5, #8]
1168:../../../../../../Drivers/PY32E407_HAL_Driver/Src/py32e407_hal_dma.c ****       hdma->BlockNum = 1;                                    /* Number of blocks to be transfered *
 169              		.loc 1 1168 7 view .LVU51
 170 00aa 0568     		ldr	r5, [r0]
 171 00ac 6C68     		ldr	r4, [r5, #4]
 172 00ae 24F47F64 		bic	r4, r4, #4080
 173 00b2 24F00F04 		bic	r4, r4, #15
 174 00b6 866B     		ldr	r6, [r0, #56]
 175 00b8 3443     		orrs	r4, r4, r6
 176 00ba 6C60     		str	r4, [r5, #4]
1169:../../../../../../Drivers/PY32E407_HAL_Driver/Src/py32e407_hal_dma.c ****       hdma->RemainLen = DataLength % hdma->Init.BlockMaxLen;  /* Length remaining to be transfered 
 177              		.loc 1 1169 7 view .LVU52
1169:../../../../../../Drivers/PY32E407_HAL_Driver/Src/py32e407_hal_dma.c ****       hdma->RemainLen = DataLength % hdma->Init.BlockMaxLen;  /* Length remaining to be transfered 
 178              		.loc 1 1169 22 is_stmt 0 view .LVU53
 179 00bc 0124     		movs	r4, #1
 180 00be C466     		str	r4, [r0, #108]
1170:../../../../../../Drivers/PY32E407_HAL_Driver/Src/py32e407_hal_dma.c ****     }
 181              		.loc 1 1170 7 is_stmt 1 view .LVU54
1170:../../../../../../Drivers/PY32E407_HAL_Driver/Src/py32e407_hal_dma.c ****     }
 182              		.loc 1 1170 48 is_stmt 0 view .LVU55
 183 00c0 856B     		ldr	r5, [r0, #56]
1170:../../../../../../Drivers/PY32E407_HAL_Driver/Src/py32e407_hal_dma.c ****     }
 184              		.loc 1 1170 36 view .LVU56
 185 00c2 B3FBF5F4 		udiv	r4, r3, r5
 186 00c6 05FB1433 		mls	r3, r5, r4, r3
 187              	.LVL5:
1170:../../../../../../Drivers/PY32E407_HAL_Driver/Src/py32e407_hal_dma.c ****     }
 188              		.loc 1 1170 23 view .LVU57
 189 00ca 0367     		str	r3, [r0, #112]
 190 00cc DFE7     		b	.L3
 191              	.LVL6:
 192              	.L5:
1176:../../../../../../Drivers/PY32E407_HAL_Driver/Src/py32e407_hal_dma.c ****       {
 193              		.loc 1 1176 7 is_stmt 1 view .LVU58
1176:../../../../../../Drivers/PY32E407_HAL_Driver/Src/py32e407_hal_dma.c ****       {
 194              		.loc 1 1176 22 is_stmt 0 view .LVU59
 195 00ce 8469     		ldr	r4, [r0, #24]
1176:../../../../../../Drivers/PY32E407_HAL_Driver/Src/py32e407_hal_dma.c ****       {
ARM GAS  C:\Users\user\AppData\Local\Temp\cci4XqOd.s 			page 26


 196              		.loc 1 1176 10 view .LVU60
 197 00d0 B4F5806F 		cmp	r4, #1024
 198 00d4 19D0     		beq	.L6
1176:../../../../../../Drivers/PY32E407_HAL_Driver/Src/py32e407_hal_dma.c ****       {
 199              		.loc 1 1176 65 discriminator 1 view .LVU61
 200 00d6 C569     		ldr	r5, [r0, #28]
1176:../../../../../../Drivers/PY32E407_HAL_Driver/Src/py32e407_hal_dma.c ****       {
 201              		.loc 1 1176 51 discriminator 1 view .LVU62
 202 00d8 B5F5807F 		cmp	r5, #256
 203 00dc 15D0     		beq	.L6
1178:../../../../../../Drivers/PY32E407_HAL_Driver/Src/py32e407_hal_dma.c ****       }
 204              		.loc 1 1178 9 is_stmt 1 view .LVU63
 205 00de 0568     		ldr	r5, [r0]
 206 00e0 AC68     		ldr	r4, [r5, #8]
 207 00e2 24F04044 		bic	r4, r4, #-1073741824
 208 00e6 AC60     		str	r4, [r5, #8]
 209              	.L7:
1207:../../../../../../Drivers/PY32E407_HAL_Driver/Src/py32e407_hal_dma.c ****       hdma->BlockNum = DataLength / hdma->Init.BlockMaxLen;   /* Number of blocks to be transfered 
 210              		.loc 1 1207 7 view .LVU64
 211 00e8 0568     		ldr	r5, [r0]
 212 00ea 6C68     		ldr	r4, [r5, #4]
 213 00ec 24F47F64 		bic	r4, r4, #4080
 214 00f0 24F00F04 		bic	r4, r4, #15
 215 00f4 866B     		ldr	r6, [r0, #56]
 216 00f6 3443     		orrs	r4, r4, r6
 217 00f8 6C60     		str	r4, [r5, #4]
1208:../../../../../../Drivers/PY32E407_HAL_Driver/Src/py32e407_hal_dma.c ****       hdma->RemainLen = DataLength % hdma->Init.BlockMaxLen;  /* Length remaining to be transfered 
 218              		.loc 1 1208 7 view .LVU65
1208:../../../../../../Drivers/PY32E407_HAL_Driver/Src/py32e407_hal_dma.c ****       hdma->RemainLen = DataLength % hdma->Init.BlockMaxLen;  /* Length remaining to be transfered 
 219              		.loc 1 1208 47 is_stmt 0 view .LVU66
 220 00fa 856B     		ldr	r5, [r0, #56]
1208:../../../../../../Drivers/PY32E407_HAL_Driver/Src/py32e407_hal_dma.c ****       hdma->RemainLen = DataLength % hdma->Init.BlockMaxLen;  /* Length remaining to be transfered 
 221              		.loc 1 1208 35 view .LVU67
 222 00fc B3FBF5F4 		udiv	r4, r3, r5
1208:../../../../../../Drivers/PY32E407_HAL_Driver/Src/py32e407_hal_dma.c ****       hdma->RemainLen = DataLength % hdma->Init.BlockMaxLen;  /* Length remaining to be transfered 
 223              		.loc 1 1208 22 view .LVU68
 224 0100 C466     		str	r4, [r0, #108]
1209:../../../../../../Drivers/PY32E407_HAL_Driver/Src/py32e407_hal_dma.c ****     }
 225              		.loc 1 1209 7 is_stmt 1 view .LVU69
1209:../../../../../../Drivers/PY32E407_HAL_Driver/Src/py32e407_hal_dma.c ****     }
 226              		.loc 1 1209 36 is_stmt 0 view .LVU70
 227 0102 05FB1433 		mls	r3, r5, r4, r3
 228              	.LVL7:
1209:../../../../../../Drivers/PY32E407_HAL_Driver/Src/py32e407_hal_dma.c ****     }
 229              		.loc 1 1209 23 view .LVU71
 230 0106 0367     		str	r3, [r0, #112]
 231 0108 C1E7     		b	.L3
 232              	.LVL8:
 233              	.L6:
1183:../../../../../../Drivers/PY32E407_HAL_Driver/Src/py32e407_hal_dma.c ****         {
 234              		.loc 1 1183 9 is_stmt 1 view .LVU72
1183:../../../../../../Drivers/PY32E407_HAL_Driver/Src/py32e407_hal_dma.c ****         {
 235              		.loc 1 1183 12 is_stmt 0 view .LVU73
 236 010a B4F5806F 		cmp	r4, #1024
 237 010e 0ED0     		beq	.L8
1186:../../../../../../Drivers/PY32E407_HAL_Driver/Src/py32e407_hal_dma.c ****         }
 238              		.loc 1 1186 11 is_stmt 1 view .LVU74
ARM GAS  C:\Users\user\AppData\Local\Temp\cci4XqOd.s 			page 27


 239 0110 0568     		ldr	r5, [r0]
 240 0112 AC68     		ldr	r4, [r5, #8]
 241 0114 24F08044 		bic	r4, r4, #1073741824
 242 0118 AC60     		str	r4, [r5, #8]
 243              	.L9:
1194:../../../../../../Drivers/PY32E407_HAL_Driver/Src/py32e407_hal_dma.c ****         {
 244              		.loc 1 1194 9 view .LVU75
1194:../../../../../../Drivers/PY32E407_HAL_Driver/Src/py32e407_hal_dma.c ****         {
 245              		.loc 1 1194 23 is_stmt 0 view .LVU76
 246 011a C469     		ldr	r4, [r0, #28]
1194:../../../../../../Drivers/PY32E407_HAL_Driver/Src/py32e407_hal_dma.c ****         {
 247              		.loc 1 1194 12 view .LVU77
 248 011c B4F5807F 		cmp	r4, #256
 249 0120 0BD0     		beq	.L10
1197:../../../../../../Drivers/PY32E407_HAL_Driver/Src/py32e407_hal_dma.c ****         }
 250              		.loc 1 1197 11 is_stmt 1 view .LVU78
 251 0122 0568     		ldr	r5, [r0]
 252 0124 AC68     		ldr	r4, [r5, #8]
 253 0126 24F00044 		bic	r4, r4, #-2147483648
 254 012a AC60     		str	r4, [r5, #8]
 255 012c DCE7     		b	.L7
 256              	.L8:
1191:../../../../../../Drivers/PY32E407_HAL_Driver/Src/py32e407_hal_dma.c ****         }
 257              		.loc 1 1191 11 view .LVU79
 258 012e 0568     		ldr	r5, [r0]
 259 0130 AC68     		ldr	r4, [r5, #8]
 260 0132 44F08044 		orr	r4, r4, #1073741824
 261 0136 AC60     		str	r4, [r5, #8]
 262 0138 EFE7     		b	.L9
 263              	.L10:
1202:../../../../../../Drivers/PY32E407_HAL_Driver/Src/py32e407_hal_dma.c ****         }
 264              		.loc 1 1202 11 view .LVU80
 265 013a 0568     		ldr	r5, [r0]
 266 013c AC68     		ldr	r4, [r5, #8]
 267 013e 44F00044 		orr	r4, r4, #-2147483648
 268 0142 AC60     		str	r4, [r5, #8]
 269 0144 D0E7     		b	.L7
 270              		.cfi_endproc
 271              	.LFE149:
 273              		.section	.text.DMA_BlockTransferComplete,"ax",%progbits
 274              		.align	1
 275              		.syntax unified
 276              		.thumb
 277              		.thumb_func
 279              	DMA_BlockTransferComplete:
 280              	.LVL9:
 281              	.LFB150:
1217:../../../../../../Drivers/PY32E407_HAL_Driver/Src/py32e407_hal_dma.c **** 
1218:../../../../../../Drivers/PY32E407_HAL_Driver/Src/py32e407_hal_dma.c **** /**
1219:../../../../../../Drivers/PY32E407_HAL_Driver/Src/py32e407_hal_dma.c ****   * @brief  Handle block transfer complete.
1220:../../../../../../Drivers/PY32E407_HAL_Driver/Src/py32e407_hal_dma.c ****   * @param  hdma:       pointer to a DMA_HandleTypeDef structure that contains
1221:../../../../../../Drivers/PY32E407_HAL_Driver/Src/py32e407_hal_dma.c ****   *                     the configuration information for the specified DMA Channel.
1222:../../../../../../Drivers/PY32E407_HAL_Driver/Src/py32e407_hal_dma.c ****   * @retval None
1223:../../../../../../Drivers/PY32E407_HAL_Driver/Src/py32e407_hal_dma.c ****   */
1224:../../../../../../Drivers/PY32E407_HAL_Driver/Src/py32e407_hal_dma.c **** static void DMA_BlockTransferComplete(DMA_HandleTypeDef *hdma)
1225:../../../../../../Drivers/PY32E407_HAL_Driver/Src/py32e407_hal_dma.c **** {
 282              		.loc 1 1225 1 view -0
ARM GAS  C:\Users\user\AppData\Local\Temp\cci4XqOd.s 			page 28


 283              		.cfi_startproc
 284              		@ args = 0, pretend = 0, frame = 0
 285              		@ frame_needed = 0, uses_anonymous_args = 0
 286              		.loc 1 1225 1 is_stmt 0 view .LVU82
 287 0000 10B5     		push	{r4, lr}
 288              	.LCFI3:
 289              		.cfi_def_cfa_offset 8
 290              		.cfi_offset 4, -8
 291              		.cfi_offset 14, -4
 292 0002 0446     		mov	r4, r0
1226:../../../../../../Drivers/PY32E407_HAL_Driver/Src/py32e407_hal_dma.c ****   uint32_t temp = 0;
 293              		.loc 1 1226 3 is_stmt 1 view .LVU83
 294              	.LVL10:
1227:../../../../../../Drivers/PY32E407_HAL_Driver/Src/py32e407_hal_dma.c ****   if (hdma->Init.Mode != DMA_CIRCULAR)
 295              		.loc 1 1227 3 view .LVU84
 296              		.loc 1 1227 17 is_stmt 0 view .LVU85
 297 0004 036A     		ldr	r3, [r0, #32]
 298              		.loc 1 1227 6 view .LVU86
 299 0006 012B     		cmp	r3, #1
 300 0008 39D0     		beq	.L14
1228:../../../../../../Drivers/PY32E407_HAL_Driver/Src/py32e407_hal_dma.c ****   {
1229:../../../../../../Drivers/PY32E407_HAL_Driver/Src/py32e407_hal_dma.c ****     hdma->BlockNum--;
 301              		.loc 1 1229 5 is_stmt 1 view .LVU87
 302              		.loc 1 1229 9 is_stmt 0 view .LVU88
 303 000a C36E     		ldr	r3, [r0, #108]
 304              		.loc 1 1229 19 view .LVU89
 305 000c 013B     		subs	r3, r3, #1
 306 000e C366     		str	r3, [r0, #108]
1230:../../../../../../Drivers/PY32E407_HAL_Driver/Src/py32e407_hal_dma.c ****     
1231:../../../../../../Drivers/PY32E407_HAL_Driver/Src/py32e407_hal_dma.c ****     /* At least two blocks(block size: hdma->Init.BlockMaxLen) need to be transferred */
1232:../../../../../../Drivers/PY32E407_HAL_Driver/Src/py32e407_hal_dma.c ****     if (hdma->BlockNum >= 1)
 307              		.loc 1 1232 5 is_stmt 1 view .LVU90
 308              		.loc 1 1232 13 is_stmt 0 view .LVU91
 309 0010 C36E     		ldr	r3, [r0, #108]
 310              		.loc 1 1232 8 view .LVU92
 311 0012 13B3     		cbz	r3, .L15
1233:../../../../../../Drivers/PY32E407_HAL_Driver/Src/py32e407_hal_dma.c ****     {
1234:../../../../../../Drivers/PY32E407_HAL_Driver/Src/py32e407_hal_dma.c ****       /* If the source address increment and the destination address increment are not fixed,
1235:../../../../../../Drivers/PY32E407_HAL_Driver/Src/py32e407_hal_dma.c ****             the transfer is carried out according to multiple single blocks. */
1236:../../../../../../Drivers/PY32E407_HAL_Driver/Src/py32e407_hal_dma.c ****       if ((hdma->Init.SrcInc != DMA_SRC_ADDR_FIX) && (hdma->Init.DstInc != DMA_DST_ADDR_FIX))
 312              		.loc 1 1236 7 is_stmt 1 view .LVU93
 313              		.loc 1 1236 22 is_stmt 0 view .LVU94
 314 0014 8369     		ldr	r3, [r0, #24]
 315              		.loc 1 1236 10 view .LVU95
 316 0016 B3F5806F 		cmp	r3, #1024
 317 001a 1BD0     		beq	.L16
 318              		.loc 1 1236 65 discriminator 1 view .LVU96
 319 001c C369     		ldr	r3, [r0, #28]
 320              		.loc 1 1236 51 discriminator 1 view .LVU97
 321 001e B3F5807F 		cmp	r3, #256
 322 0022 17D0     		beq	.L16
1237:../../../../../../Drivers/PY32E407_HAL_Driver/Src/py32e407_hal_dma.c ****       {
1238:../../../../../../Drivers/PY32E407_HAL_Driver/Src/py32e407_hal_dma.c ****           /* Clear DMA transfer complete flag */
1239:../../../../../../Drivers/PY32E407_HAL_Driver/Src/py32e407_hal_dma.c ****           hdma->DmaBaseAddress->CLEARTFR = (DMA_CLEARTFR_CLEAR_0 << hdma->ChannelIndex);
 323              		.loc 1 1239 11 is_stmt 1 view .LVU98
 324              		.loc 1 1239 73 is_stmt 0 view .LVU99
 325 0024 826E     		ldr	r2, [r0, #104]
ARM GAS  C:\Users\user\AppData\Local\Temp\cci4XqOd.s 			page 29


 326              		.loc 1 1239 15 view .LVU100
 327 0026 416E     		ldr	r1, [r0, #100]
 328              		.loc 1 1239 66 view .LVU101
 329 0028 0123     		movs	r3, #1
 330 002a 03FA02F2 		lsl	r2, r3, r2
 331              		.loc 1 1239 42 view .LVU102
 332 002e C1F83823 		str	r2, [r1, #824]
1240:../../../../../../Drivers/PY32E407_HAL_Driver/Src/py32e407_hal_dma.c ****           
1241:../../../../../../Drivers/PY32E407_HAL_Driver/Src/py32e407_hal_dma.c ****           /*  Clear DMA block transfer complete flag  */
1242:../../../../../../Drivers/PY32E407_HAL_Driver/Src/py32e407_hal_dma.c ****           hdma->DmaBaseAddress->CLEARBLOCK = (DMA_CLEARBLOCK_CLEAR_0 << hdma->ChannelIndex);
 333              		.loc 1 1242 11 is_stmt 1 view .LVU103
 334              		.loc 1 1242 77 is_stmt 0 view .LVU104
 335 0032 816E     		ldr	r1, [r0, #104]
 336              		.loc 1 1242 15 view .LVU105
 337 0034 426E     		ldr	r2, [r0, #100]
 338              		.loc 1 1242 70 view .LVU106
 339 0036 8B40     		lsls	r3, r3, r1
 340              		.loc 1 1242 44 view .LVU107
 341 0038 C2F84033 		str	r3, [r2, #832]
1243:../../../../../../Drivers/PY32E407_HAL_Driver/Src/py32e407_hal_dma.c ****           
1244:../../../../../../Drivers/PY32E407_HAL_Driver/Src/py32e407_hal_dma.c ****           if(hdma->XferBlockCpltCallback != NULL)  
 342              		.loc 1 1244 11 is_stmt 1 view .LVU108
 343              		.loc 1 1244 18 is_stmt 0 view .LVU109
 344 003c 836C     		ldr	r3, [r0, #72]
 345              		.loc 1 1244 13 view .LVU110
 346 003e 03B1     		cbz	r3, .L17
1245:../../../../../../Drivers/PY32E407_HAL_Driver/Src/py32e407_hal_dma.c ****           {
1246:../../../../../../Drivers/PY32E407_HAL_Driver/Src/py32e407_hal_dma.c ****             /* DMA block transfer complete callback */
1247:../../../../../../Drivers/PY32E407_HAL_Driver/Src/py32e407_hal_dma.c ****             hdma->XferBlockCpltCallback(hdma);
 347              		.loc 1 1247 13 is_stmt 1 view .LVU111
 348 0040 9847     		blx	r3
 349              	.LVL11:
 350              	.L17:
1248:../../../../../../Drivers/PY32E407_HAL_Driver/Src/py32e407_hal_dma.c ****           }
1249:../../../../../../Drivers/PY32E407_HAL_Driver/Src/py32e407_hal_dma.c ****           
1250:../../../../../../Drivers/PY32E407_HAL_Driver/Src/py32e407_hal_dma.c ****           SET_BIT(hdma->DmaBaseAddress->CH_EN, ((DMA_CH_EN_CH_EN_WE_0 | DMA_CH_EN_CH_EN_0) << hdma-
 351              		.loc 1 1250 11 view .LVU112
 352 0042 616E     		ldr	r1, [r4, #100]
 353 0044 8B68     		ldr	r3, [r1, #8]
 354 0046 A06E     		ldr	r0, [r4, #104]
 355 0048 40F20112 		movw	r2, #257
 356 004c 8240     		lsls	r2, r2, r0
 357 004e 1343     		orrs	r3, r3, r2
 358 0050 8B60     		str	r3, [r1, #8]
1251:../../../../../../Drivers/PY32E407_HAL_Driver/Src/py32e407_hal_dma.c ****           return;
 359              		.loc 1 1251 11 view .LVU113
 360 0052 1EE0     		b	.L13
 361              	.LVL12:
 362              	.L16:
1252:../../../../../../Drivers/PY32E407_HAL_Driver/Src/py32e407_hal_dma.c ****       }
1253:../../../../../../Drivers/PY32E407_HAL_Driver/Src/py32e407_hal_dma.c ****       else
1254:../../../../../../Drivers/PY32E407_HAL_Driver/Src/py32e407_hal_dma.c ****       {
1255:../../../../../../Drivers/PY32E407_HAL_Driver/Src/py32e407_hal_dma.c ****         if (hdma->BlockNum == 1)
 363              		.loc 1 1255 9 view .LVU114
 364              		.loc 1 1255 17 is_stmt 0 view .LVU115
 365 0054 E36E     		ldr	r3, [r4, #108]
 366              		.loc 1 1255 12 view .LVU116
ARM GAS  C:\Users\user\AppData\Local\Temp\cci4XqOd.s 			page 30


 367 0056 012B     		cmp	r3, #1
 368 0058 1CD0     		beq	.L22
 369              	.L15:
1256:../../../../../../Drivers/PY32E407_HAL_Driver/Src/py32e407_hal_dma.c ****         {
1257:../../../../../../Drivers/PY32E407_HAL_Driver/Src/py32e407_hal_dma.c ****           /*  The next block is the last block of the multiblock transfer,so disable automatic relo
1258:../../../../../../Drivers/PY32E407_HAL_Driver/Src/py32e407_hal_dma.c ****               source address and destination address. */
1259:../../../../../../Drivers/PY32E407_HAL_Driver/Src/py32e407_hal_dma.c ****           CLEAR_BIT(hdma->Instance->CH_CFGL, (DMA_CH_CFGL_RELOAD_SRC | DMA_CH_CFGL_RELOAD_DST));
1260:../../../../../../Drivers/PY32E407_HAL_Driver/Src/py32e407_hal_dma.c ****         }
1261:../../../../../../Drivers/PY32E407_HAL_Driver/Src/py32e407_hal_dma.c ****       }
1262:../../../../../../Drivers/PY32E407_HAL_Driver/Src/py32e407_hal_dma.c ****     }
1263:../../../../../../Drivers/PY32E407_HAL_Driver/Src/py32e407_hal_dma.c ****     
1264:../../../../../../Drivers/PY32E407_HAL_Driver/Src/py32e407_hal_dma.c ****     if ((hdma->BlockNum == 0) && (hdma->RemainLen != 0))
 370              		.loc 1 1264 5 is_stmt 1 view .LVU117
 371              		.loc 1 1264 14 is_stmt 0 view .LVU118
 372 005a E36E     		ldr	r3, [r4, #108]
 373              		.loc 1 1264 8 view .LVU119
 374 005c 0BB9     		cbnz	r3, .L19
 375              		.loc 1 1264 39 discriminator 1 view .LVU120
 376 005e 236F     		ldr	r3, [r4, #112]
 377              		.loc 1 1264 31 discriminator 1 view .LVU121
 378 0060 F3B9     		cbnz	r3, .L23
 379              	.L19:
1265:../../../../../../Drivers/PY32E407_HAL_Driver/Src/py32e407_hal_dma.c ****     {
1266:../../../../../../Drivers/PY32E407_HAL_Driver/Src/py32e407_hal_dma.c ****       /* Clear DMA transfer complete flag */
1267:../../../../../../Drivers/PY32E407_HAL_Driver/Src/py32e407_hal_dma.c ****       hdma->DmaBaseAddress->CLEARTFR = (DMA_CLEARTFR_CLEAR_0 << hdma->ChannelIndex);
1268:../../../../../../Drivers/PY32E407_HAL_Driver/Src/py32e407_hal_dma.c ****       
1269:../../../../../../Drivers/PY32E407_HAL_Driver/Src/py32e407_hal_dma.c ****       /*  Clear DMA block transfer complete flag  */
1270:../../../../../../Drivers/PY32E407_HAL_Driver/Src/py32e407_hal_dma.c ****       hdma->DmaBaseAddress->CLEARBLOCK = (DMA_CLEARBLOCK_CLEAR_0 << hdma->ChannelIndex);
1271:../../../../../../Drivers/PY32E407_HAL_Driver/Src/py32e407_hal_dma.c ****       
1272:../../../../../../Drivers/PY32E407_HAL_Driver/Src/py32e407_hal_dma.c ****       if(hdma->XferBlockCpltCallback != NULL)  
1273:../../../../../../Drivers/PY32E407_HAL_Driver/Src/py32e407_hal_dma.c ****       {
1274:../../../../../../Drivers/PY32E407_HAL_Driver/Src/py32e407_hal_dma.c ****         /* DMA block transfer complete callback */
1275:../../../../../../Drivers/PY32E407_HAL_Driver/Src/py32e407_hal_dma.c ****         hdma->XferBlockCpltCallback(hdma);
1276:../../../../../../Drivers/PY32E407_HAL_Driver/Src/py32e407_hal_dma.c ****       }
1277:../../../../../../Drivers/PY32E407_HAL_Driver/Src/py32e407_hal_dma.c ****       
1278:../../../../../../Drivers/PY32E407_HAL_Driver/Src/py32e407_hal_dma.c ****       /* Adjust the block length to the remaining length and transfer as a single block */
1279:../../../../../../Drivers/PY32E407_HAL_Driver/Src/py32e407_hal_dma.c ****       temp =  hdma->RemainLen;
1280:../../../../../../Drivers/PY32E407_HAL_Driver/Src/py32e407_hal_dma.c ****       MODIFY_REG(hdma->Instance->CH_CTRLH, DMA_CH_CTRLH_BLOCK_TS, temp); /* Set block length */
1281:../../../../../../Drivers/PY32E407_HAL_Driver/Src/py32e407_hal_dma.c ****       hdma->BlockNum = 1;  /* Number of blocks to be transfered */
1282:../../../../../../Drivers/PY32E407_HAL_Driver/Src/py32e407_hal_dma.c ****       hdma->RemainLen = 0; /* Length remaining to be transfered */
1283:../../../../../../Drivers/PY32E407_HAL_Driver/Src/py32e407_hal_dma.c ****       SET_BIT(hdma->DmaBaseAddress->CH_EN, ((DMA_CH_EN_CH_EN_WE_0 | DMA_CH_EN_CH_EN_0) << hdma->Cha
1284:../../../../../../Drivers/PY32E407_HAL_Driver/Src/py32e407_hal_dma.c ****       return;
1285:../../../../../../Drivers/PY32E407_HAL_Driver/Src/py32e407_hal_dma.c ****     }
1286:../../../../../../Drivers/PY32E407_HAL_Driver/Src/py32e407_hal_dma.c ****     
1287:../../../../../../Drivers/PY32E407_HAL_Driver/Src/py32e407_hal_dma.c ****     if ((hdma->BlockNum == 0) && (hdma->RemainLen == 0))
 380              		.loc 1 1287 5 is_stmt 1 view .LVU122
 381              		.loc 1 1287 14 is_stmt 0 view .LVU123
 382 0062 E36E     		ldr	r3, [r4, #108]
 383              		.loc 1 1287 8 view .LVU124
 384 0064 5BB9     		cbnz	r3, .L14
 385              		.loc 1 1287 39 discriminator 1 view .LVU125
 386 0066 236F     		ldr	r3, [r4, #112]
 387              		.loc 1 1287 31 discriminator 1 view .LVU126
 388 0068 4BB9     		cbnz	r3, .L14
1288:../../../../../../Drivers/PY32E407_HAL_Driver/Src/py32e407_hal_dma.c ****     {
1289:../../../../../../Drivers/PY32E407_HAL_Driver/Src/py32e407_hal_dma.c ****       /* Data transfer complete, final processing at DMA transfer completion interrupt */
1290:../../../../../../Drivers/PY32E407_HAL_Driver/Src/py32e407_hal_dma.c ****       SET_BIT(hdma->DmaBaseAddress->MASKTFR, ((DMA_MASKTFR_INT_MASK_WE_0 | DMA_MASKTFR_INT_MASK_0) 
ARM GAS  C:\Users\user\AppData\Local\Temp\cci4XqOd.s 			page 31


 389              		.loc 1 1290 7 is_stmt 1 view .LVU127
 390 006a 616E     		ldr	r1, [r4, #100]
 391 006c D1F81033 		ldr	r3, [r1, #784]
 392 0070 A06E     		ldr	r0, [r4, #104]
 393              	.LVL13:
 394              		.loc 1 1290 7 is_stmt 0 view .LVU128
 395 0072 40F20112 		movw	r2, #257
 396 0076 8240     		lsls	r2, r2, r0
 397 0078 1343     		orrs	r3, r3, r2
 398 007a C1F81033 		str	r3, [r1, #784]
 399              	.L14:
1291:../../../../../../Drivers/PY32E407_HAL_Driver/Src/py32e407_hal_dma.c ****     }
1292:../../../../../../Drivers/PY32E407_HAL_Driver/Src/py32e407_hal_dma.c ****   }
1293:../../../../../../Drivers/PY32E407_HAL_Driver/Src/py32e407_hal_dma.c ****   
1294:../../../../../../Drivers/PY32E407_HAL_Driver/Src/py32e407_hal_dma.c ****   /*  Clear DMA block transfer complete flag  */
1295:../../../../../../Drivers/PY32E407_HAL_Driver/Src/py32e407_hal_dma.c ****   hdma->DmaBaseAddress->CLEARBLOCK = (DMA_CLEARBLOCK_CLEAR_0 << hdma->ChannelIndex);
 400              		.loc 1 1295 3 is_stmt 1 view .LVU129
 401              		.loc 1 1295 69 is_stmt 0 view .LVU130
 402 007e A16E     		ldr	r1, [r4, #104]
 403              		.loc 1 1295 7 view .LVU131
 404 0080 626E     		ldr	r2, [r4, #100]
 405              		.loc 1 1295 62 view .LVU132
 406 0082 0123     		movs	r3, #1
 407 0084 8B40     		lsls	r3, r3, r1
 408              		.loc 1 1295 36 view .LVU133
 409 0086 C2F84033 		str	r3, [r2, #832]
1296:../../../../../../Drivers/PY32E407_HAL_Driver/Src/py32e407_hal_dma.c ****   
1297:../../../../../../Drivers/PY32E407_HAL_Driver/Src/py32e407_hal_dma.c ****   if(hdma->XferBlockCpltCallback != NULL)  
 410              		.loc 1 1297 3 is_stmt 1 view .LVU134
 411              		.loc 1 1297 10 is_stmt 0 view .LVU135
 412 008a A36C     		ldr	r3, [r4, #72]
 413              		.loc 1 1297 5 view .LVU136
 414 008c 0BB1     		cbz	r3, .L13
1298:../../../../../../Drivers/PY32E407_HAL_Driver/Src/py32e407_hal_dma.c ****   {
1299:../../../../../../Drivers/PY32E407_HAL_Driver/Src/py32e407_hal_dma.c ****     /* DMA block transfer complete callback */
1300:../../../../../../Drivers/PY32E407_HAL_Driver/Src/py32e407_hal_dma.c ****     hdma->XferBlockCpltCallback(hdma);
 415              		.loc 1 1300 5 is_stmt 1 view .LVU137
 416 008e 2046     		mov	r0, r4
 417 0090 9847     		blx	r3
 418              	.LVL14:
 419              	.L13:
1301:../../../../../../Drivers/PY32E407_HAL_Driver/Src/py32e407_hal_dma.c ****   }
1302:../../../../../../Drivers/PY32E407_HAL_Driver/Src/py32e407_hal_dma.c **** }
 420              		.loc 1 1302 1 is_stmt 0 view .LVU138
 421 0092 10BD     		pop	{r4, pc}
 422              	.LVL15:
 423              	.L22:
1259:../../../../../../Drivers/PY32E407_HAL_Driver/Src/py32e407_hal_dma.c ****         }
 424              		.loc 1 1259 11 is_stmt 1 view .LVU139
 425 0094 2268     		ldr	r2, [r4]
 426 0096 9368     		ldr	r3, [r2, #8]
 427 0098 23F04043 		bic	r3, r3, #-1073741824
 428 009c 9360     		str	r3, [r2, #8]
 429 009e DCE7     		b	.L15
 430              	.L23:
1267:../../../../../../Drivers/PY32E407_HAL_Driver/Src/py32e407_hal_dma.c ****       
 431              		.loc 1 1267 7 view .LVU140
ARM GAS  C:\Users\user\AppData\Local\Temp\cci4XqOd.s 			page 32


1267:../../../../../../Drivers/PY32E407_HAL_Driver/Src/py32e407_hal_dma.c ****       
 432              		.loc 1 1267 69 is_stmt 0 view .LVU141
 433 00a0 A26E     		ldr	r2, [r4, #104]
1267:../../../../../../Drivers/PY32E407_HAL_Driver/Src/py32e407_hal_dma.c ****       
 434              		.loc 1 1267 11 view .LVU142
 435 00a2 616E     		ldr	r1, [r4, #100]
1267:../../../../../../Drivers/PY32E407_HAL_Driver/Src/py32e407_hal_dma.c ****       
 436              		.loc 1 1267 62 view .LVU143
 437 00a4 0123     		movs	r3, #1
 438 00a6 03FA02F2 		lsl	r2, r3, r2
1267:../../../../../../Drivers/PY32E407_HAL_Driver/Src/py32e407_hal_dma.c ****       
 439              		.loc 1 1267 38 view .LVU144
 440 00aa C1F83823 		str	r2, [r1, #824]
1270:../../../../../../Drivers/PY32E407_HAL_Driver/Src/py32e407_hal_dma.c ****       
 441              		.loc 1 1270 7 is_stmt 1 view .LVU145
1270:../../../../../../Drivers/PY32E407_HAL_Driver/Src/py32e407_hal_dma.c ****       
 442              		.loc 1 1270 73 is_stmt 0 view .LVU146
 443 00ae A16E     		ldr	r1, [r4, #104]
1270:../../../../../../Drivers/PY32E407_HAL_Driver/Src/py32e407_hal_dma.c ****       
 444              		.loc 1 1270 11 view .LVU147
 445 00b0 626E     		ldr	r2, [r4, #100]
1270:../../../../../../Drivers/PY32E407_HAL_Driver/Src/py32e407_hal_dma.c ****       
 446              		.loc 1 1270 66 view .LVU148
 447 00b2 8B40     		lsls	r3, r3, r1
1270:../../../../../../Drivers/PY32E407_HAL_Driver/Src/py32e407_hal_dma.c ****       
 448              		.loc 1 1270 40 view .LVU149
 449 00b4 C2F84033 		str	r3, [r2, #832]
1272:../../../../../../Drivers/PY32E407_HAL_Driver/Src/py32e407_hal_dma.c ****       {
 450              		.loc 1 1272 7 is_stmt 1 view .LVU150
1272:../../../../../../Drivers/PY32E407_HAL_Driver/Src/py32e407_hal_dma.c ****       {
 451              		.loc 1 1272 14 is_stmt 0 view .LVU151
 452 00b8 A36C     		ldr	r3, [r4, #72]
1272:../../../../../../Drivers/PY32E407_HAL_Driver/Src/py32e407_hal_dma.c ****       {
 453              		.loc 1 1272 9 view .LVU152
 454 00ba 0BB1     		cbz	r3, .L20
1275:../../../../../../Drivers/PY32E407_HAL_Driver/Src/py32e407_hal_dma.c ****       }
 455              		.loc 1 1275 9 is_stmt 1 view .LVU153
 456 00bc 2046     		mov	r0, r4
 457              	.LVL16:
1275:../../../../../../Drivers/PY32E407_HAL_Driver/Src/py32e407_hal_dma.c ****       }
 458              		.loc 1 1275 9 is_stmt 0 view .LVU154
 459 00be 9847     		blx	r3
 460              	.LVL17:
 461              	.L20:
1279:../../../../../../Drivers/PY32E407_HAL_Driver/Src/py32e407_hal_dma.c ****       MODIFY_REG(hdma->Instance->CH_CTRLH, DMA_CH_CTRLH_BLOCK_TS, temp); /* Set block length */
 462              		.loc 1 1279 7 is_stmt 1 view .LVU155
1279:../../../../../../Drivers/PY32E407_HAL_Driver/Src/py32e407_hal_dma.c ****       MODIFY_REG(hdma->Instance->CH_CTRLH, DMA_CH_CTRLH_BLOCK_TS, temp); /* Set block length */
 463              		.loc 1 1279 12 is_stmt 0 view .LVU156
 464 00c0 216F     		ldr	r1, [r4, #112]
 465              	.LVL18:
1280:../../../../../../Drivers/PY32E407_HAL_Driver/Src/py32e407_hal_dma.c ****       hdma->BlockNum = 1;  /* Number of blocks to be transfered */
 466              		.loc 1 1280 7 is_stmt 1 view .LVU157
 467 00c2 2268     		ldr	r2, [r4]
 468 00c4 5368     		ldr	r3, [r2, #4]
 469 00c6 23F47F63 		bic	r3, r3, #4080
 470 00ca 23F00F03 		bic	r3, r3, #15
 471 00ce 0B43     		orrs	r3, r3, r1
ARM GAS  C:\Users\user\AppData\Local\Temp\cci4XqOd.s 			page 33


 472 00d0 5360     		str	r3, [r2, #4]
1281:../../../../../../Drivers/PY32E407_HAL_Driver/Src/py32e407_hal_dma.c ****       hdma->RemainLen = 0; /* Length remaining to be transfered */
 473              		.loc 1 1281 7 view .LVU158
1281:../../../../../../Drivers/PY32E407_HAL_Driver/Src/py32e407_hal_dma.c ****       hdma->RemainLen = 0; /* Length remaining to be transfered */
 474              		.loc 1 1281 22 is_stmt 0 view .LVU159
 475 00d2 0123     		movs	r3, #1
 476 00d4 E366     		str	r3, [r4, #108]
1282:../../../../../../Drivers/PY32E407_HAL_Driver/Src/py32e407_hal_dma.c ****       SET_BIT(hdma->DmaBaseAddress->CH_EN, ((DMA_CH_EN_CH_EN_WE_0 | DMA_CH_EN_CH_EN_0) << hdma->Cha
 477              		.loc 1 1282 7 is_stmt 1 view .LVU160
1282:../../../../../../Drivers/PY32E407_HAL_Driver/Src/py32e407_hal_dma.c ****       SET_BIT(hdma->DmaBaseAddress->CH_EN, ((DMA_CH_EN_CH_EN_WE_0 | DMA_CH_EN_CH_EN_0) << hdma->Cha
 478              		.loc 1 1282 23 is_stmt 0 view .LVU161
 479 00d6 0023     		movs	r3, #0
 480 00d8 2367     		str	r3, [r4, #112]
1283:../../../../../../Drivers/PY32E407_HAL_Driver/Src/py32e407_hal_dma.c ****       return;
 481              		.loc 1 1283 7 is_stmt 1 view .LVU162
 482 00da 616E     		ldr	r1, [r4, #100]
 483              	.LVL19:
1283:../../../../../../Drivers/PY32E407_HAL_Driver/Src/py32e407_hal_dma.c ****       return;
 484              		.loc 1 1283 7 is_stmt 0 view .LVU163
 485 00dc 8B68     		ldr	r3, [r1, #8]
 486 00de A06E     		ldr	r0, [r4, #104]
 487 00e0 40F20112 		movw	r2, #257
 488 00e4 8240     		lsls	r2, r2, r0
 489 00e6 1343     		orrs	r3, r3, r2
 490 00e8 8B60     		str	r3, [r1, #8]
1284:../../../../../../Drivers/PY32E407_HAL_Driver/Src/py32e407_hal_dma.c ****     }
 491              		.loc 1 1284 7 is_stmt 1 view .LVU164
 492 00ea D2E7     		b	.L13
 493              		.cfi_endproc
 494              	.LFE150:
 496              		.section	.text.HAL_DMA_Init,"ax",%progbits
 497              		.align	1
 498              		.global	HAL_DMA_Init
 499              		.syntax unified
 500              		.thumb
 501              		.thumb_func
 503              	HAL_DMA_Init:
 504              	.LVL20:
 505              	.LFB136:
 103:../../../../../../Drivers/PY32E407_HAL_Driver/Src/py32e407_hal_dma.c ****   /* Check the DMA handle allocation */
 506              		.loc 1 103 1 view -0
 507              		.cfi_startproc
 508              		@ args = 0, pretend = 0, frame = 0
 509              		@ frame_needed = 0, uses_anonymous_args = 0
 510              		@ link register save eliminated.
 105:../../../../../../Drivers/PY32E407_HAL_Driver/Src/py32e407_hal_dma.c ****   {
 511              		.loc 1 105 3 view .LVU166
 105:../../../../../../Drivers/PY32E407_HAL_Driver/Src/py32e407_hal_dma.c ****   {
 512              		.loc 1 105 5 is_stmt 0 view .LVU167
 513 0000 0028     		cmp	r0, #0
 514 0002 00F08280 		beq	.L32
 103:../../../../../../Drivers/PY32E407_HAL_Driver/Src/py32e407_hal_dma.c ****   /* Check the DMA handle allocation */
 515              		.loc 1 103 1 view .LVU168
 516 0006 10B4     		push	{r4}
 517              	.LCFI4:
 518              		.cfi_def_cfa_offset 4
 519              		.cfi_offset 4, -4
ARM GAS  C:\Users\user\AppData\Local\Temp\cci4XqOd.s 			page 34


 520 0008 0346     		mov	r3, r0
 111:../../../../../../Drivers/PY32E407_HAL_Driver/Src/py32e407_hal_dma.c ****   assert_param(IS_DMA_DIRECTION(hdma->Init.Direction));
 521              		.loc 1 111 3 is_stmt 1 view .LVU169
 112:../../../../../../Drivers/PY32E407_HAL_Driver/Src/py32e407_hal_dma.c ****   assert_param(IS_DMA_SRC_WIDTH(hdma->Init.SrcWidth));
 522              		.loc 1 112 3 view .LVU170
 113:../../../../../../Drivers/PY32E407_HAL_Driver/Src/py32e407_hal_dma.c ****   assert_param(IS_DMA_DST_WIDTH(hdma->Init.DstWidth));
 523              		.loc 1 113 3 view .LVU171
 114:../../../../../../Drivers/PY32E407_HAL_Driver/Src/py32e407_hal_dma.c ****   assert_param(IS_DMA_SRC_INC(hdma->Init.SrcInc));
 524              		.loc 1 114 3 view .LVU172
 115:../../../../../../Drivers/PY32E407_HAL_Driver/Src/py32e407_hal_dma.c ****   assert_param(IS_DMA_DST_INC(hdma->Init.DstInc));
 525              		.loc 1 115 3 view .LVU173
 116:../../../../../../Drivers/PY32E407_HAL_Driver/Src/py32e407_hal_dma.c ****   assert_param(IS_DMA_MODE(hdma->Init.Mode));
 526              		.loc 1 116 3 view .LVU174
 117:../../../../../../Drivers/PY32E407_HAL_Driver/Src/py32e407_hal_dma.c ****   assert_param(IS_DMA_PRIORITY(hdma->Init.Priority));
 527              		.loc 1 117 3 view .LVU175
 118:../../../../../../Drivers/PY32E407_HAL_Driver/Src/py32e407_hal_dma.c ****   assert_param(IS_DMA_BLOCK_MAX_LEN(hdma->Init.BlockMaxLen));
 528              		.loc 1 118 3 view .LVU176
 119:../../../../../../Drivers/PY32E407_HAL_Driver/Src/py32e407_hal_dma.c ****   
 529              		.loc 1 119 3 view .LVU177
 123:../../../../../../Drivers/PY32E407_HAL_Driver/Src/py32e407_hal_dma.c ****   {
 530              		.loc 1 123 3 view .LVU178
 123:../../../../../../Drivers/PY32E407_HAL_Driver/Src/py32e407_hal_dma.c ****   {
 531              		.loc 1 123 22 is_stmt 0 view .LVU179
 532 000a 0068     		ldr	r0, [r0]
 533              	.LVL21:
 123:../../../../../../Drivers/PY32E407_HAL_Driver/Src/py32e407_hal_dma.c ****   {
 534              		.loc 1 123 6 view .LVU180
 535 000c 404A     		ldr	r2, .L40
 536 000e 9042     		cmp	r0, r2
 537 0010 3CD8     		bhi	.L26
 126:../../../../../../Drivers/PY32E407_HAL_Driver/Src/py32e407_hal_dma.c ****     hdma->DmaBaseAddress = DMA1;
 538              		.loc 1 126 5 is_stmt 1 view .LVU181
 126:../../../../../../Drivers/PY32E407_HAL_Driver/Src/py32e407_hal_dma.c ****     hdma->DmaBaseAddress = DMA1;
 539              		.loc 1 126 53 is_stmt 0 view .LVU182
 540 0012 404A     		ldr	r2, .L40+4
 541 0014 0244     		add	r2, r2, r0
 126:../../../../../../Drivers/PY32E407_HAL_Driver/Src/py32e407_hal_dma.c ****     hdma->DmaBaseAddress = DMA1;
 542              		.loc 1 126 80 view .LVU183
 543 0016 4049     		ldr	r1, .L40+8
 544 0018 A1FB0212 		umull	r1, r2, r1, r2
 545 001c 9209     		lsrs	r2, r2, #6
 126:../../../../../../Drivers/PY32E407_HAL_Driver/Src/py32e407_hal_dma.c ****     hdma->DmaBaseAddress = DMA1;
 546              		.loc 1 126 24 view .LVU184
 547 001e 9A66     		str	r2, [r3, #104]
 127:../../../../../../Drivers/PY32E407_HAL_Driver/Src/py32e407_hal_dma.c ****   }
 548              		.loc 1 127 5 is_stmt 1 view .LVU185
 127:../../../../../../Drivers/PY32E407_HAL_Driver/Src/py32e407_hal_dma.c ****   }
 549              		.loc 1 127 26 is_stmt 0 view .LVU186
 550 0020 3E4A     		ldr	r2, .L40+12
 551 0022 5A66     		str	r2, [r3, #100]
 552              	.L27:
 142:../../../../../../Drivers/PY32E407_HAL_Driver/Src/py32e407_hal_dma.c ****   
 553              		.loc 1 142 3 is_stmt 1 view .LVU187
 142:../../../../../../Drivers/PY32E407_HAL_Driver/Src/py32e407_hal_dma.c ****   
 554              		.loc 1 142 15 is_stmt 0 view .LVU188
 555 0024 0222     		movs	r2, #2
 556 0026 83F83D20 		strb	r2, [r3, #61]
ARM GAS  C:\Users\user\AppData\Local\Temp\cci4XqOd.s 			page 35


 145:../../../../../../Drivers/PY32E407_HAL_Driver/Src/py32e407_hal_dma.c ****                                        (hdma->Init.Direction | hdma->Init.SrcInc | hdma->Init.DstIn
 557              		.loc 1 145 3 is_stmt 1 view .LVU189
 558 002a 0268     		ldr	r2, [r0]
 559 002c 3C49     		ldr	r1, .L40+16
 560 002e 1140     		ands	r1, r1, r2
 561 0030 5A68     		ldr	r2, [r3, #4]
 562 0032 9C69     		ldr	r4, [r3, #24]
 563 0034 2243     		orrs	r2, r2, r4
 564 0036 DC69     		ldr	r4, [r3, #28]
 565 0038 2243     		orrs	r2, r2, r4
 566 003a 9C68     		ldr	r4, [r3, #8]
 567 003c 2243     		orrs	r2, r2, r4
 568 003e DC68     		ldr	r4, [r3, #12]
 569 0040 2243     		orrs	r2, r2, r4
 570 0042 0A43     		orrs	r2, r2, r1
 571 0044 0260     		str	r2, [r0]
 149:../../../../../../Drivers/PY32E407_HAL_Driver/Src/py32e407_hal_dma.c ****   
 572              		.loc 1 149 3 view .LVU190
 573 0046 1968     		ldr	r1, [r3]
 574 0048 8A68     		ldr	r2, [r1, #8]
 575 004a 22F0E002 		bic	r2, r2, #224
 576 004e 586B     		ldr	r0, [r3, #52]
 577 0050 0243     		orrs	r2, r2, r0
 578 0052 8A60     		str	r2, [r1, #8]
 151:../../../../../../Drivers/PY32E407_HAL_Driver/Src/py32e407_hal_dma.c ****   {
 579              		.loc 1 151 3 view .LVU191
 151:../../../../../../Drivers/PY32E407_HAL_Driver/Src/py32e407_hal_dma.c ****   {
 580              		.loc 1 151 17 is_stmt 0 view .LVU192
 581 0054 1A6A     		ldr	r2, [r3, #32]
 151:../../../../../../Drivers/PY32E407_HAL_Driver/Src/py32e407_hal_dma.c ****   {
 582              		.loc 1 151 6 view .LVU193
 583 0056 012A     		cmp	r2, #1
 584 0058 22D0     		beq	.L37
 585              	.L28:
 161:../../../../../../Drivers/PY32E407_HAL_Driver/Src/py32e407_hal_dma.c ****   {
 586              		.loc 1 161 3 is_stmt 1 view .LVU194
 161:../../../../../../Drivers/PY32E407_HAL_Driver/Src/py32e407_hal_dma.c ****   {
 587              		.loc 1 161 17 is_stmt 0 view .LVU195
 588 005a 5A68     		ldr	r2, [r3, #4]
 161:../../../../../../Drivers/PY32E407_HAL_Driver/Src/py32e407_hal_dma.c ****   {
 589              		.loc 1 161 6 view .LVU196
 590 005c B2F5401F 		cmp	r2, #3145728
 591 0060 28D0     		beq	.L38
 175:../../../../../../Drivers/PY32E407_HAL_Driver/Src/py32e407_hal_dma.c ****   {
 592              		.loc 1 175 8 is_stmt 1 view .LVU197
 175:../../../../../../Drivers/PY32E407_HAL_Driver/Src/py32e407_hal_dma.c ****   {
 593              		.loc 1 175 11 is_stmt 0 view .LVU198
 594 0062 B2F5001F 		cmp	r2, #2097152
 595 0066 41D0     		beq	.L39
 186:../../../../../../Drivers/PY32E407_HAL_Driver/Src/py32e407_hal_dma.c ****   {
 596              		.loc 1 186 8 is_stmt 1 view .LVU199
 186:../../../../../../Drivers/PY32E407_HAL_Driver/Src/py32e407_hal_dma.c ****   {
 597              		.loc 1 186 11 is_stmt 0 view .LVU200
 598 0068 B2F5801F 		cmp	r2, #1048576
 599 006c 34D1     		bne	.L30
 189:../../../../../../Drivers/PY32E407_HAL_Driver/Src/py32e407_hal_dma.c ****     
 600              		.loc 1 189 5 is_stmt 1 view .LVU201
ARM GAS  C:\Users\user\AppData\Local\Temp\cci4XqOd.s 			page 36


 191:../../../../../../Drivers/PY32E407_HAL_Driver/Src/py32e407_hal_dma.c ****     
 601              		.loc 1 191 5 view .LVU202
 193:../../../../../../Drivers/PY32E407_HAL_Driver/Src/py32e407_hal_dma.c ****     
 602              		.loc 1 193 5 view .LVU203
 603 006e 1968     		ldr	r1, [r3]
 604 0070 0A68     		ldr	r2, [r1]
 605 0072 22F46052 		bic	r2, r2, #14336
 606 0076 5869     		ldr	r0, [r3, #20]
 607 0078 0243     		orrs	r2, r2, r0
 608 007a 0A60     		str	r2, [r1]
 195:../../../../../../Drivers/PY32E407_HAL_Driver/Src/py32e407_hal_dma.c ****   }
 609              		.loc 1 195 5 view .LVU204
 610 007c 1968     		ldr	r1, [r3]
 611 007e 8A68     		ldr	r2, [r1, #8]
 612 0080 22F48062 		bic	r2, r2, #1024
 613 0084 186B     		ldr	r0, [r3, #48]
 614 0086 0243     		orrs	r2, r2, r0
 615 0088 8A60     		str	r2, [r1, #8]
 616 008a 25E0     		b	.L30
 617              	.L26:
 132:../../../../../../Drivers/PY32E407_HAL_Driver/Src/py32e407_hal_dma.c ****     hdma->DmaBaseAddress = DMA2;
 618              		.loc 1 132 5 view .LVU205
 132:../../../../../../Drivers/PY32E407_HAL_Driver/Src/py32e407_hal_dma.c ****     hdma->DmaBaseAddress = DMA2;
 619              		.loc 1 132 53 is_stmt 0 view .LVU206
 620 008c 254A     		ldr	r2, .L40+20
 621 008e 0244     		add	r2, r2, r0
 132:../../../../../../Drivers/PY32E407_HAL_Driver/Src/py32e407_hal_dma.c ****     hdma->DmaBaseAddress = DMA2;
 622              		.loc 1 132 80 view .LVU207
 623 0090 2149     		ldr	r1, .L40+8
 624 0092 A1FB0212 		umull	r1, r2, r1, r2
 625 0096 9209     		lsrs	r2, r2, #6
 132:../../../../../../Drivers/PY32E407_HAL_Driver/Src/py32e407_hal_dma.c ****     hdma->DmaBaseAddress = DMA2;
 626              		.loc 1 132 24 view .LVU208
 627 0098 9A66     		str	r2, [r3, #104]
 133:../../../../../../Drivers/PY32E407_HAL_Driver/Src/py32e407_hal_dma.c ****   }
 628              		.loc 1 133 5 is_stmt 1 view .LVU209
 133:../../../../../../Drivers/PY32E407_HAL_Driver/Src/py32e407_hal_dma.c ****   }
 629              		.loc 1 133 26 is_stmt 0 view .LVU210
 630 009a 234A     		ldr	r2, .L40+24
 631 009c 5A66     		str	r2, [r3, #100]
 632 009e C1E7     		b	.L27
 633              	.L37:
 153:../../../../../../Drivers/PY32E407_HAL_Driver/Src/py32e407_hal_dma.c ****     assert_param(IS_DMA_DST_RELOAD(hdma->Init.DstReload));
 634              		.loc 1 153 5 is_stmt 1 view .LVU211
 154:../../../../../../Drivers/PY32E407_HAL_Driver/Src/py32e407_hal_dma.c ****     
 635              		.loc 1 154 5 view .LVU212
 156:../../../../../../Drivers/PY32E407_HAL_Driver/Src/py32e407_hal_dma.c ****                                       (hdma->Init.DstReload | hdma->Init.SrcReload));
 636              		.loc 1 156 5 view .LVU213
 637 00a0 1868     		ldr	r0, [r3]
 638 00a2 8268     		ldr	r2, [r0, #8]
 639 00a4 22F04042 		bic	r2, r2, #-1073741824
 640 00a8 996A     		ldr	r1, [r3, #40]
 641 00aa 5C6A     		ldr	r4, [r3, #36]
 642 00ac 2143     		orrs	r1, r1, r4
 643 00ae 0A43     		orrs	r2, r2, r1
 644 00b0 8260     		str	r2, [r0, #8]
 645 00b2 D2E7     		b	.L28
ARM GAS  C:\Users\user\AppData\Local\Temp\cci4XqOd.s 			page 37


 646              	.L38:
 164:../../../../../../Drivers/PY32E407_HAL_Driver/Src/py32e407_hal_dma.c ****     assert_param(IS_DMA_DST_BURST_LEN(hdma->Init.DstBurstLen));
 647              		.loc 1 164 5 view .LVU214
 165:../../../../../../Drivers/PY32E407_HAL_Driver/Src/py32e407_hal_dma.c ****     
 648              		.loc 1 165 5 view .LVU215
 167:../../../../../../Drivers/PY32E407_HAL_Driver/Src/py32e407_hal_dma.c ****     assert_param(IS_DMA_DST_HS(hdma->Init.DstHandshakeType));
 649              		.loc 1 167 5 view .LVU216
 168:../../../../../../Drivers/PY32E407_HAL_Driver/Src/py32e407_hal_dma.c ****     
 650              		.loc 1 168 5 view .LVU217
 170:../../../../../../Drivers/PY32E407_HAL_Driver/Src/py32e407_hal_dma.c ****     
 651              		.loc 1 170 5 view .LVU218
 652 00b4 1868     		ldr	r0, [r3]
 653 00b6 0268     		ldr	r2, [r0]
 654 00b8 22F4FC32 		bic	r2, r2, #129024
 655 00bc 1969     		ldr	r1, [r3, #16]
 656 00be 5C69     		ldr	r4, [r3, #20]
 657 00c0 2143     		orrs	r1, r1, r4
 658 00c2 0A43     		orrs	r2, r2, r1
 659 00c4 0260     		str	r2, [r0]
 172:../../../../../../Drivers/PY32E407_HAL_Driver/Src/py32e407_hal_dma.c ****                                       (hdma->Init.SrcHandshakeType | hdma->Init.DstHandshakeType));
 660              		.loc 1 172 5 view .LVU219
 661 00c6 1868     		ldr	r0, [r3]
 662 00c8 8268     		ldr	r2, [r0, #8]
 663 00ca 22F44062 		bic	r2, r2, #3072
 664 00ce D96A     		ldr	r1, [r3, #44]
 665 00d0 1C6B     		ldr	r4, [r3, #48]
 666 00d2 2143     		orrs	r1, r1, r4
 667 00d4 0A43     		orrs	r2, r2, r1
 668 00d6 8260     		str	r2, [r0, #8]
 669              	.L30:
 199:../../../../../../Drivers/PY32E407_HAL_Driver/Src/py32e407_hal_dma.c **** 
 670              		.loc 1 199 3 view .LVU220
 199:../../../../../../Drivers/PY32E407_HAL_Driver/Src/py32e407_hal_dma.c **** 
 671              		.loc 1 199 19 is_stmt 0 view .LVU221
 672 00d8 0020     		movs	r0, #0
 673 00da 1866     		str	r0, [r3, #96]
 202:../../../../../../Drivers/PY32E407_HAL_Driver/Src/py32e407_hal_dma.c ****   /* Allocate lock resource and initialize it */
 674              		.loc 1 202 3 is_stmt 1 view .LVU222
 202:../../../../../../Drivers/PY32E407_HAL_Driver/Src/py32e407_hal_dma.c ****   /* Allocate lock resource and initialize it */
 675              		.loc 1 202 15 is_stmt 0 view .LVU223
 676 00dc 0122     		movs	r2, #1
 677 00de 83F83D20 		strb	r2, [r3, #61]
 204:../../../../../../Drivers/PY32E407_HAL_Driver/Src/py32e407_hal_dma.c **** 
 678              		.loc 1 204 3 is_stmt 1 view .LVU224
 204:../../../../../../Drivers/PY32E407_HAL_Driver/Src/py32e407_hal_dma.c **** 
 679              		.loc 1 204 14 is_stmt 0 view .LVU225
 680 00e2 83F83C00 		strb	r0, [r3, #60]
 206:../../../../../../Drivers/PY32E407_HAL_Driver/Src/py32e407_hal_dma.c **** }
 681              		.loc 1 206 3 is_stmt 1 view .LVU226
 207:../../../../../../Drivers/PY32E407_HAL_Driver/Src/py32e407_hal_dma.c **** 
 682              		.loc 1 207 1 is_stmt 0 view .LVU227
 683 00e6 5DF8044B 		ldr	r4, [sp], #4
 684              	.LCFI5:
 685              		.cfi_remember_state
 686              		.cfi_restore 4
 687              		.cfi_def_cfa_offset 0
 688 00ea 7047     		bx	lr
ARM GAS  C:\Users\user\AppData\Local\Temp\cci4XqOd.s 			page 38


 689              	.L39:
 690              	.LCFI6:
 691              		.cfi_restore_state
 178:../../../../../../Drivers/PY32E407_HAL_Driver/Src/py32e407_hal_dma.c ****     
 692              		.loc 1 178 5 is_stmt 1 view .LVU228
 180:../../../../../../Drivers/PY32E407_HAL_Driver/Src/py32e407_hal_dma.c ****     
 693              		.loc 1 180 5 view .LVU229
 182:../../../../../../Drivers/PY32E407_HAL_Driver/Src/py32e407_hal_dma.c ****     
 694              		.loc 1 182 5 view .LVU230
 695 00ec 1968     		ldr	r1, [r3]
 696 00ee 0A68     		ldr	r2, [r1]
 697 00f0 22F4E032 		bic	r2, r2, #114688
 698 00f4 1869     		ldr	r0, [r3, #16]
 699 00f6 0243     		orrs	r2, r2, r0
 700 00f8 0A60     		str	r2, [r1]
 184:../../../../../../Drivers/PY32E407_HAL_Driver/Src/py32e407_hal_dma.c ****   }
 701              		.loc 1 184 5 view .LVU231
 702 00fa 1968     		ldr	r1, [r3]
 703 00fc 8A68     		ldr	r2, [r1, #8]
 704 00fe 22F40062 		bic	r2, r2, #2048
 705 0102 D86A     		ldr	r0, [r3, #44]
 706 0104 0243     		orrs	r2, r2, r0
 707 0106 8A60     		str	r2, [r1, #8]
 708 0108 E6E7     		b	.L30
 709              	.LVL22:
 710              	.L32:
 711              	.LCFI7:
 712              		.cfi_def_cfa_offset 0
 713              		.cfi_restore 4
 107:../../../../../../Drivers/PY32E407_HAL_Driver/Src/py32e407_hal_dma.c ****   }
 714              		.loc 1 107 12 is_stmt 0 view .LVU232
 715 010a 0120     		movs	r0, #1
 716              	.LVL23:
 207:../../../../../../Drivers/PY32E407_HAL_Driver/Src/py32e407_hal_dma.c **** 
 717              		.loc 1 207 1 view .LVU233
 718 010c 7047     		bx	lr
 719              	.L41:
 720 010e 00BF     		.align	2
 721              	.L40:
 722 0110 0F040240 		.word	1073873935
 723 0114 F0FFFDBF 		.word	-1073872912
 724 0118 A38B2EBA 		.word	-1171354717
 725 011c 00000240 		.word	1073872896
 726 0120 01F8CFFF 		.word	-3147775
 727 0124 F0FBFDBF 		.word	-1073873936
 728 0128 00040240 		.word	1073873920
 729              		.cfi_endproc
 730              	.LFE136:
 732              		.section	.text.HAL_DMA_DeInit,"ax",%progbits
 733              		.align	1
 734              		.global	HAL_DMA_DeInit
 735              		.syntax unified
 736              		.thumb
 737              		.thumb_func
 739              	HAL_DMA_DeInit:
 740              	.LVL24:
 741              	.LFB137:
ARM GAS  C:\Users\user\AppData\Local\Temp\cci4XqOd.s 			page 39


 216:../../../../../../Drivers/PY32E407_HAL_Driver/Src/py32e407_hal_dma.c ****   /* Check the DMA handle allocation */
 742              		.loc 1 216 1 is_stmt 1 view -0
 743              		.cfi_startproc
 744              		@ args = 0, pretend = 0, frame = 0
 745              		@ frame_needed = 0, uses_anonymous_args = 0
 746              		@ link register save eliminated.
 218:../../../../../../Drivers/PY32E407_HAL_Driver/Src/py32e407_hal_dma.c ****   {
 747              		.loc 1 218 3 view .LVU235
 218:../../../../../../Drivers/PY32E407_HAL_Driver/Src/py32e407_hal_dma.c ****   {
 748              		.loc 1 218 5 is_stmt 0 view .LVU236
 749 0000 0028     		cmp	r0, #0
 750 0002 00F0F180 		beq	.L46
 216:../../../../../../Drivers/PY32E407_HAL_Driver/Src/py32e407_hal_dma.c ****   /* Check the DMA handle allocation */
 751              		.loc 1 216 1 view .LVU237
 752 0006 70B4     		push	{r4, r5, r6}
 753              	.LCFI8:
 754              		.cfi_def_cfa_offset 12
 755              		.cfi_offset 4, -12
 756              		.cfi_offset 5, -8
 757              		.cfi_offset 6, -4
 758 0008 0346     		mov	r3, r0
 224:../../../../../../Drivers/PY32E407_HAL_Driver/Src/py32e407_hal_dma.c ****   
 759              		.loc 1 224 3 is_stmt 1 view .LVU238
 228:../../../../../../Drivers/PY32E407_HAL_Driver/Src/py32e407_hal_dma.c ****   {
 760              		.loc 1 228 3 view .LVU239
 228:../../../../../../Drivers/PY32E407_HAL_Driver/Src/py32e407_hal_dma.c ****   {
 761              		.loc 1 228 22 is_stmt 0 view .LVU240
 762 000a 0168     		ldr	r1, [r0]
 228:../../../../../../Drivers/PY32E407_HAL_Driver/Src/py32e407_hal_dma.c ****   {
 763              		.loc 1 228 6 view .LVU241
 764 000c 774A     		ldr	r2, .L51
 765 000e 9142     		cmp	r1, r2
 766 0010 00F2E080 		bhi	.L44
 231:../../../../../../Drivers/PY32E407_HAL_Driver/Src/py32e407_hal_dma.c ****     hdma->DmaBaseAddress = DMA1;
 767              		.loc 1 231 5 is_stmt 1 view .LVU242
 231:../../../../../../Drivers/PY32E407_HAL_Driver/Src/py32e407_hal_dma.c ****     hdma->DmaBaseAddress = DMA1;
 768              		.loc 1 231 53 is_stmt 0 view .LVU243
 769 0014 764A     		ldr	r2, .L51+4
 770 0016 0A44     		add	r2, r2, r1
 231:../../../../../../Drivers/PY32E407_HAL_Driver/Src/py32e407_hal_dma.c ****     hdma->DmaBaseAddress = DMA1;
 771              		.loc 1 231 80 view .LVU244
 772 0018 7649     		ldr	r1, .L51+8
 773 001a A1FB0212 		umull	r1, r2, r1, r2
 774 001e 9209     		lsrs	r2, r2, #6
 231:../../../../../../Drivers/PY32E407_HAL_Driver/Src/py32e407_hal_dma.c ****     hdma->DmaBaseAddress = DMA1;
 775              		.loc 1 231 24 view .LVU245
 776 0020 8266     		str	r2, [r0, #104]
 232:../../../../../../Drivers/PY32E407_HAL_Driver/Src/py32e407_hal_dma.c ****   }
 777              		.loc 1 232 5 is_stmt 1 view .LVU246
 232:../../../../../../Drivers/PY32E407_HAL_Driver/Src/py32e407_hal_dma.c ****   }
 778              		.loc 1 232 26 is_stmt 0 view .LVU247
 779 0022 754A     		ldr	r2, .L51+12
 780 0024 4266     		str	r2, [r0, #100]
 781              	.L45:
 247:../../../../../../Drivers/PY32E407_HAL_Driver/Src/py32e407_hal_dma.c ****   
 782              		.loc 1 247 3 is_stmt 1 view .LVU248
 783 0026 5D6E     		ldr	r5, [r3, #100]
ARM GAS  C:\Users\user\AppData\Local\Temp\cci4XqOd.s 			page 40


 784 0028 A868     		ldr	r0, [r5, #8]
 785              	.LVL25:
 247:../../../../../../Drivers/PY32E407_HAL_Driver/Src/py32e407_hal_dma.c ****   
 786              		.loc 1 247 3 is_stmt 0 view .LVU249
 787 002a 9C6E     		ldr	r4, [r3, #104]
 788 002c 40F20111 		movw	r1, #257
 789 0030 01FA04F2 		lsl	r2, r1, r4
 790 0034 20EA0200 		bic	r0, r0, r2
 791 0038 4FF48072 		mov	r2, #256
 792 003c 02FA04F4 		lsl	r4, r2, r4
 793 0040 2043     		orrs	r0, r0, r4
 794 0042 A860     		str	r0, [r5, #8]
 250:../../../../../../Drivers/PY32E407_HAL_Driver/Src/py32e407_hal_dma.c ****   hdma->Instance->CH_CTRLH  = 0x00000002U;
 795              		.loc 1 250 3 is_stmt 1 view .LVU250
 250:../../../../../../Drivers/PY32E407_HAL_Driver/Src/py32e407_hal_dma.c ****   hdma->Instance->CH_CTRLH  = 0x00000002U;
 796              		.loc 1 250 7 is_stmt 0 view .LVU251
 797 0044 1868     		ldr	r0, [r3]
 250:../../../../../../Drivers/PY32E407_HAL_Driver/Src/py32e407_hal_dma.c ****   hdma->Instance->CH_CTRLH  = 0x00000002U;
 798              		.loc 1 250 29 view .LVU252
 799 0046 6D4C     		ldr	r4, .L51+16
 800 0048 0460     		str	r4, [r0]
 251:../../../../../../Drivers/PY32E407_HAL_Driver/Src/py32e407_hal_dma.c ****   hdma->Instance->CH_CFGL   = 0x00000e10U | (hdma->ChannelIndex << DMA_CH_CFGL_CH_PRIOR_Pos);
 801              		.loc 1 251 3 is_stmt 1 view .LVU253
 251:../../../../../../Drivers/PY32E407_HAL_Driver/Src/py32e407_hal_dma.c ****   hdma->Instance->CH_CFGL   = 0x00000e10U | (hdma->ChannelIndex << DMA_CH_CFGL_CH_PRIOR_Pos);
 802              		.loc 1 251 7 is_stmt 0 view .LVU254
 803 004a 1868     		ldr	r0, [r3]
 251:../../../../../../Drivers/PY32E407_HAL_Driver/Src/py32e407_hal_dma.c ****   hdma->Instance->CH_CFGL   = 0x00000e10U | (hdma->ChannelIndex << DMA_CH_CFGL_CH_PRIOR_Pos);
 804              		.loc 1 251 29 view .LVU255
 805 004c 0224     		movs	r4, #2
 806 004e 4460     		str	r4, [r0, #4]
 252:../../../../../../Drivers/PY32E407_HAL_Driver/Src/py32e407_hal_dma.c ****   hdma->Instance->CH_CFGH  = 0x00000004U;
 807              		.loc 1 252 3 is_stmt 1 view .LVU256
 252:../../../../../../Drivers/PY32E407_HAL_Driver/Src/py32e407_hal_dma.c ****   hdma->Instance->CH_CFGH  = 0x00000004U;
 808              		.loc 1 252 50 is_stmt 0 view .LVU257
 809 0050 986E     		ldr	r0, [r3, #104]
 252:../../../../../../Drivers/PY32E407_HAL_Driver/Src/py32e407_hal_dma.c ****   hdma->Instance->CH_CFGH  = 0x00000004U;
 810              		.loc 1 252 65 view .LVU258
 811 0052 4001     		lsls	r0, r0, #5
 252:../../../../../../Drivers/PY32E407_HAL_Driver/Src/py32e407_hal_dma.c ****   hdma->Instance->CH_CFGH  = 0x00000004U;
 812              		.loc 1 252 7 view .LVU259
 813 0054 1C68     		ldr	r4, [r3]
 252:../../../../../../Drivers/PY32E407_HAL_Driver/Src/py32e407_hal_dma.c ****   hdma->Instance->CH_CFGH  = 0x00000004U;
 814              		.loc 1 252 43 view .LVU260
 815 0056 40F46160 		orr	r0, r0, #3600
 252:../../../../../../Drivers/PY32E407_HAL_Driver/Src/py32e407_hal_dma.c ****   hdma->Instance->CH_CFGH  = 0x00000004U;
 816              		.loc 1 252 29 view .LVU261
 817 005a A060     		str	r0, [r4, #8]
 253:../../../../../../Drivers/PY32E407_HAL_Driver/Src/py32e407_hal_dma.c ****   hdma->Instance->SA        = 0x00000000U;
 818              		.loc 1 253 3 is_stmt 1 view .LVU262
 253:../../../../../../Drivers/PY32E407_HAL_Driver/Src/py32e407_hal_dma.c ****   hdma->Instance->SA        = 0x00000000U;
 819              		.loc 1 253 7 is_stmt 0 view .LVU263
 820 005c 1868     		ldr	r0, [r3]
 253:../../../../../../Drivers/PY32E407_HAL_Driver/Src/py32e407_hal_dma.c ****   hdma->Instance->SA        = 0x00000000U;
 821              		.loc 1 253 28 view .LVU264
 822 005e 0424     		movs	r4, #4
 823 0060 C460     		str	r4, [r0, #12]
 254:../../../../../../Drivers/PY32E407_HAL_Driver/Src/py32e407_hal_dma.c ****   hdma->Instance->DA        = 0x00000000U;
ARM GAS  C:\Users\user\AppData\Local\Temp\cci4XqOd.s 			page 41


 824              		.loc 1 254 3 is_stmt 1 view .LVU265
 254:../../../../../../Drivers/PY32E407_HAL_Driver/Src/py32e407_hal_dma.c ****   hdma->Instance->DA        = 0x00000000U;
 825              		.loc 1 254 7 is_stmt 0 view .LVU266
 826 0062 1C68     		ldr	r4, [r3]
 254:../../../../../../Drivers/PY32E407_HAL_Driver/Src/py32e407_hal_dma.c ****   hdma->Instance->DA        = 0x00000000U;
 827              		.loc 1 254 29 view .LVU267
 828 0064 0020     		movs	r0, #0
 829 0066 2061     		str	r0, [r4, #16]
 255:../../../../../../Drivers/PY32E407_HAL_Driver/Src/py32e407_hal_dma.c ****   
 830              		.loc 1 255 3 is_stmt 1 view .LVU268
 255:../../../../../../Drivers/PY32E407_HAL_Driver/Src/py32e407_hal_dma.c ****   
 831              		.loc 1 255 7 is_stmt 0 view .LVU269
 832 0068 1C68     		ldr	r4, [r3]
 255:../../../../../../Drivers/PY32E407_HAL_Driver/Src/py32e407_hal_dma.c ****   
 833              		.loc 1 255 29 view .LVU270
 834 006a A061     		str	r0, [r4, #24]
 257:../../../../../../Drivers/PY32E407_HAL_Driver/Src/py32e407_hal_dma.c ****              (DMA_MASKHALFBLOCK_INT_MASK_WE_0 << hdma->ChannelIndex));
 835              		.loc 1 257 3 is_stmt 1 view .LVU271
 836 006c 5E6E     		ldr	r6, [r3, #100]
 837 006e D6F8B042 		ldr	r4, [r6, #688]
 838 0072 9D6E     		ldr	r5, [r3, #104]
 839 0074 01FA05FC 		lsl	ip, r1, r5
 840 0078 24EA0C04 		bic	r4, r4, ip
 841 007c 02FA05F5 		lsl	r5, r2, r5
 842 0080 2C43     		orrs	r4, r4, r5
 843 0082 C6F8B042 		str	r4, [r6, #688]
 259:../../../../../../Drivers/PY32E407_HAL_Driver/Src/py32e407_hal_dma.c ****              (DMA_MASKTFR_INT_MASK_WE_0 << hdma->ChannelIndex));
 844              		.loc 1 259 3 view .LVU272
 845 0086 5E6E     		ldr	r6, [r3, #100]
 846 0088 D6F81043 		ldr	r4, [r6, #784]
 847 008c 9D6E     		ldr	r5, [r3, #104]
 848 008e 01FA05FC 		lsl	ip, r1, r5
 849 0092 24EA0C04 		bic	r4, r4, ip
 850 0096 02FA05F5 		lsl	r5, r2, r5
 851 009a 2C43     		orrs	r4, r4, r5
 852 009c C6F81043 		str	r4, [r6, #784]
 261:../../../../../../Drivers/PY32E407_HAL_Driver/Src/py32e407_hal_dma.c ****              (DMA_MASKBLOCK_INT_MASK_WE_0 << hdma->ChannelIndex));
 853              		.loc 1 261 3 view .LVU273
 854 00a0 5E6E     		ldr	r6, [r3, #100]
 855 00a2 D6F81843 		ldr	r4, [r6, #792]
 856 00a6 9D6E     		ldr	r5, [r3, #104]
 857 00a8 01FA05FC 		lsl	ip, r1, r5
 858 00ac 24EA0C04 		bic	r4, r4, ip
 859 00b0 02FA05F5 		lsl	r5, r2, r5
 860 00b4 2C43     		orrs	r4, r4, r5
 861 00b6 C6F81843 		str	r4, [r6, #792]
 263:../../../../../../Drivers/PY32E407_HAL_Driver/Src/py32e407_hal_dma.c ****              (DMA_MASKSRCTRAN_INT_MASK_WE_0 << hdma->ChannelIndex));
 862              		.loc 1 263 3 view .LVU274
 863 00ba 5E6E     		ldr	r6, [r3, #100]
 864 00bc D6F82043 		ldr	r4, [r6, #800]
 865 00c0 9D6E     		ldr	r5, [r3, #104]
 866 00c2 01FA05FC 		lsl	ip, r1, r5
 867 00c6 24EA0C04 		bic	r4, r4, ip
 868 00ca 02FA05F5 		lsl	r5, r2, r5
 869 00ce 2C43     		orrs	r4, r4, r5
 870 00d0 C6F82043 		str	r4, [r6, #800]
 265:../../../../../../Drivers/PY32E407_HAL_Driver/Src/py32e407_hal_dma.c ****              (DMA_MASKDSTTRAN_INT_MASK_WE_0 << hdma->ChannelIndex));
ARM GAS  C:\Users\user\AppData\Local\Temp\cci4XqOd.s 			page 42


 871              		.loc 1 265 3 view .LVU275
 872 00d4 5E6E     		ldr	r6, [r3, #100]
 873 00d6 D6F82843 		ldr	r4, [r6, #808]
 874 00da 9D6E     		ldr	r5, [r3, #104]
 875 00dc 01FA05FC 		lsl	ip, r1, r5
 876 00e0 24EA0C04 		bic	r4, r4, ip
 877 00e4 02FA05F5 		lsl	r5, r2, r5
 878 00e8 2C43     		orrs	r4, r4, r5
 879 00ea C6F82843 		str	r4, [r6, #808]
 267:../../../../../../Drivers/PY32E407_HAL_Driver/Src/py32e407_hal_dma.c ****              (DMA_MASKERR_INT_MASK_WE_0 << hdma->ChannelIndex));
 880              		.loc 1 267 3 view .LVU276
 881 00ee 5E6E     		ldr	r6, [r3, #100]
 882 00f0 D6F83043 		ldr	r4, [r6, #816]
 883 00f4 9D6E     		ldr	r5, [r3, #104]
 884 00f6 01FA05FC 		lsl	ip, r1, r5
 885 00fa 24EA0C04 		bic	r4, r4, ip
 886 00fe 02FA05F5 		lsl	r5, r2, r5
 887 0102 2C43     		orrs	r4, r4, r5
 888 0104 C6F83043 		str	r4, [r6, #816]
 270:../../../../../../Drivers/PY32E407_HAL_Driver/Src/py32e407_hal_dma.c ****   hdma->DmaBaseAddress->CLEARTFR       = (DMA_CLEARTFR_CLEAR_0 << hdma->ChannelIndex);
 889              		.loc 1 270 3 view .LVU277
 270:../../../../../../Drivers/PY32E407_HAL_Driver/Src/py32e407_hal_dma.c ****   hdma->DmaBaseAddress->CLEARTFR       = (DMA_CLEARTFR_CLEAR_0 << hdma->ChannelIndex);
 890              		.loc 1 270 77 is_stmt 0 view .LVU278
 891 0108 9C6E     		ldr	r4, [r3, #104]
 270:../../../../../../Drivers/PY32E407_HAL_Driver/Src/py32e407_hal_dma.c ****   hdma->DmaBaseAddress->CLEARTFR       = (DMA_CLEARTFR_CLEAR_0 << hdma->ChannelIndex);
 892              		.loc 1 270 7 view .LVU279
 893 010a 5D6E     		ldr	r5, [r3, #100]
 270:../../../../../../Drivers/PY32E407_HAL_Driver/Src/py32e407_hal_dma.c ****   hdma->DmaBaseAddress->CLEARTFR       = (DMA_CLEARTFR_CLEAR_0 << hdma->ChannelIndex);
 894              		.loc 1 270 70 view .LVU280
 895 010c 4FF0010C 		mov	ip, #1
 896 0110 0CFA04F4 		lsl	r4, ip, r4
 270:../../../../../../Drivers/PY32E407_HAL_Driver/Src/py32e407_hal_dma.c ****   hdma->DmaBaseAddress->CLEARTFR       = (DMA_CLEARTFR_CLEAR_0 << hdma->ChannelIndex);
 897              		.loc 1 270 40 view .LVU281
 898 0114 C5F8B842 		str	r4, [r5, #696]
 271:../../../../../../Drivers/PY32E407_HAL_Driver/Src/py32e407_hal_dma.c ****   hdma->DmaBaseAddress->CLEARBLOCK     = (DMA_CLEARBLOCK_CLEAR_0 << hdma->ChannelIndex);
 899              		.loc 1 271 3 is_stmt 1 view .LVU282
 271:../../../../../../Drivers/PY32E407_HAL_Driver/Src/py32e407_hal_dma.c ****   hdma->DmaBaseAddress->CLEARBLOCK     = (DMA_CLEARBLOCK_CLEAR_0 << hdma->ChannelIndex);
 900              		.loc 1 271 71 is_stmt 0 view .LVU283
 901 0118 9C6E     		ldr	r4, [r3, #104]
 271:../../../../../../Drivers/PY32E407_HAL_Driver/Src/py32e407_hal_dma.c ****   hdma->DmaBaseAddress->CLEARBLOCK     = (DMA_CLEARBLOCK_CLEAR_0 << hdma->ChannelIndex);
 902              		.loc 1 271 7 view .LVU284
 903 011a 5D6E     		ldr	r5, [r3, #100]
 271:../../../../../../Drivers/PY32E407_HAL_Driver/Src/py32e407_hal_dma.c ****   hdma->DmaBaseAddress->CLEARBLOCK     = (DMA_CLEARBLOCK_CLEAR_0 << hdma->ChannelIndex);
 904              		.loc 1 271 64 view .LVU285
 905 011c 0CFA04F4 		lsl	r4, ip, r4
 271:../../../../../../Drivers/PY32E407_HAL_Driver/Src/py32e407_hal_dma.c ****   hdma->DmaBaseAddress->CLEARBLOCK     = (DMA_CLEARBLOCK_CLEAR_0 << hdma->ChannelIndex);
 906              		.loc 1 271 40 view .LVU286
 907 0120 C5F83843 		str	r4, [r5, #824]
 272:../../../../../../Drivers/PY32E407_HAL_Driver/Src/py32e407_hal_dma.c ****   hdma->DmaBaseAddress->CLEARSRCTRAN   = (DMA_CLEARSRCTRAN_CLEAR_0 << hdma->ChannelIndex);
 908              		.loc 1 272 3 is_stmt 1 view .LVU287
 272:../../../../../../Drivers/PY32E407_HAL_Driver/Src/py32e407_hal_dma.c ****   hdma->DmaBaseAddress->CLEARSRCTRAN   = (DMA_CLEARSRCTRAN_CLEAR_0 << hdma->ChannelIndex);
 909              		.loc 1 272 73 is_stmt 0 view .LVU288
 910 0124 9C6E     		ldr	r4, [r3, #104]
 272:../../../../../../Drivers/PY32E407_HAL_Driver/Src/py32e407_hal_dma.c ****   hdma->DmaBaseAddress->CLEARSRCTRAN   = (DMA_CLEARSRCTRAN_CLEAR_0 << hdma->ChannelIndex);
 911              		.loc 1 272 7 view .LVU289
 912 0126 5D6E     		ldr	r5, [r3, #100]
 272:../../../../../../Drivers/PY32E407_HAL_Driver/Src/py32e407_hal_dma.c ****   hdma->DmaBaseAddress->CLEARSRCTRAN   = (DMA_CLEARSRCTRAN_CLEAR_0 << hdma->ChannelIndex);
ARM GAS  C:\Users\user\AppData\Local\Temp\cci4XqOd.s 			page 43


 913              		.loc 1 272 66 view .LVU290
 914 0128 0CFA04F4 		lsl	r4, ip, r4
 272:../../../../../../Drivers/PY32E407_HAL_Driver/Src/py32e407_hal_dma.c ****   hdma->DmaBaseAddress->CLEARSRCTRAN   = (DMA_CLEARSRCTRAN_CLEAR_0 << hdma->ChannelIndex);
 915              		.loc 1 272 40 view .LVU291
 916 012c C5F84043 		str	r4, [r5, #832]
 273:../../../../../../Drivers/PY32E407_HAL_Driver/Src/py32e407_hal_dma.c ****   hdma->DmaBaseAddress->CLEARDSTTRAN   = (DMA_CLEARDSTTRAN_CLEAR_0 << hdma->ChannelIndex);
 917              		.loc 1 273 3 is_stmt 1 view .LVU292
 273:../../../../../../Drivers/PY32E407_HAL_Driver/Src/py32e407_hal_dma.c ****   hdma->DmaBaseAddress->CLEARDSTTRAN   = (DMA_CLEARDSTTRAN_CLEAR_0 << hdma->ChannelIndex);
 918              		.loc 1 273 75 is_stmt 0 view .LVU293
 919 0130 9C6E     		ldr	r4, [r3, #104]
 273:../../../../../../Drivers/PY32E407_HAL_Driver/Src/py32e407_hal_dma.c ****   hdma->DmaBaseAddress->CLEARDSTTRAN   = (DMA_CLEARDSTTRAN_CLEAR_0 << hdma->ChannelIndex);
 920              		.loc 1 273 7 view .LVU294
 921 0132 5D6E     		ldr	r5, [r3, #100]
 273:../../../../../../Drivers/PY32E407_HAL_Driver/Src/py32e407_hal_dma.c ****   hdma->DmaBaseAddress->CLEARDSTTRAN   = (DMA_CLEARDSTTRAN_CLEAR_0 << hdma->ChannelIndex);
 922              		.loc 1 273 68 view .LVU295
 923 0134 0CFA04F4 		lsl	r4, ip, r4
 273:../../../../../../Drivers/PY32E407_HAL_Driver/Src/py32e407_hal_dma.c ****   hdma->DmaBaseAddress->CLEARDSTTRAN   = (DMA_CLEARDSTTRAN_CLEAR_0 << hdma->ChannelIndex);
 924              		.loc 1 273 40 view .LVU296
 925 0138 C5F84843 		str	r4, [r5, #840]
 274:../../../../../../Drivers/PY32E407_HAL_Driver/Src/py32e407_hal_dma.c ****   hdma->DmaBaseAddress->CLEARERR       = (DMA_CLEARERR_CLEAR_0 << hdma->ChannelIndex);
 926              		.loc 1 274 3 is_stmt 1 view .LVU297
 274:../../../../../../Drivers/PY32E407_HAL_Driver/Src/py32e407_hal_dma.c ****   hdma->DmaBaseAddress->CLEARERR       = (DMA_CLEARERR_CLEAR_0 << hdma->ChannelIndex);
 927              		.loc 1 274 75 is_stmt 0 view .LVU298
 928 013c 9C6E     		ldr	r4, [r3, #104]
 274:../../../../../../Drivers/PY32E407_HAL_Driver/Src/py32e407_hal_dma.c ****   hdma->DmaBaseAddress->CLEARERR       = (DMA_CLEARERR_CLEAR_0 << hdma->ChannelIndex);
 929              		.loc 1 274 7 view .LVU299
 930 013e 5D6E     		ldr	r5, [r3, #100]
 274:../../../../../../Drivers/PY32E407_HAL_Driver/Src/py32e407_hal_dma.c ****   hdma->DmaBaseAddress->CLEARERR       = (DMA_CLEARERR_CLEAR_0 << hdma->ChannelIndex);
 931              		.loc 1 274 68 view .LVU300
 932 0140 0CFA04F4 		lsl	r4, ip, r4
 274:../../../../../../Drivers/PY32E407_HAL_Driver/Src/py32e407_hal_dma.c ****   hdma->DmaBaseAddress->CLEARERR       = (DMA_CLEARERR_CLEAR_0 << hdma->ChannelIndex);
 933              		.loc 1 274 40 view .LVU301
 934 0144 C5F85043 		str	r4, [r5, #848]
 275:../../../../../../Drivers/PY32E407_HAL_Driver/Src/py32e407_hal_dma.c ****   
 935              		.loc 1 275 3 is_stmt 1 view .LVU302
 275:../../../../../../Drivers/PY32E407_HAL_Driver/Src/py32e407_hal_dma.c ****   
 936              		.loc 1 275 71 is_stmt 0 view .LVU303
 937 0148 9C6E     		ldr	r4, [r3, #104]
 275:../../../../../../Drivers/PY32E407_HAL_Driver/Src/py32e407_hal_dma.c ****   
 938              		.loc 1 275 7 view .LVU304
 939 014a 5D6E     		ldr	r5, [r3, #100]
 275:../../../../../../Drivers/PY32E407_HAL_Driver/Src/py32e407_hal_dma.c ****   
 940              		.loc 1 275 64 view .LVU305
 941 014c 0CFA04F4 		lsl	r4, ip, r4
 275:../../../../../../Drivers/PY32E407_HAL_Driver/Src/py32e407_hal_dma.c ****   
 942              		.loc 1 275 40 view .LVU306
 943 0150 C5F85843 		str	r4, [r5, #856]
 277:../../../../../../Drivers/PY32E407_HAL_Driver/Src/py32e407_hal_dma.c ****              (DMA_REQSRC_SRC_REQ_WE_0 << hdma->ChannelIndex));
 944              		.loc 1 277 3 is_stmt 1 view .LVU307
 945 0154 5E6E     		ldr	r6, [r3, #100]
 946 0156 D6F86843 		ldr	r4, [r6, #872]
 947 015a 9D6E     		ldr	r5, [r3, #104]
 948 015c 01FA05FC 		lsl	ip, r1, r5
 949 0160 24EA0C04 		bic	r4, r4, ip
 950 0164 02FA05F5 		lsl	r5, r2, r5
 951 0168 2C43     		orrs	r4, r4, r5
 952 016a C6F86843 		str	r4, [r6, #872]
ARM GAS  C:\Users\user\AppData\Local\Temp\cci4XqOd.s 			page 44


 279:../../../../../../Drivers/PY32E407_HAL_Driver/Src/py32e407_hal_dma.c ****              (DMA_REQDST_DST_REQ_WE_0 << hdma->ChannelIndex));
 953              		.loc 1 279 3 view .LVU308
 954 016e 5E6E     		ldr	r6, [r3, #100]
 955 0170 D6F87043 		ldr	r4, [r6, #880]
 956 0174 9D6E     		ldr	r5, [r3, #104]
 957 0176 01FA05FC 		lsl	ip, r1, r5
 958 017a 24EA0C04 		bic	r4, r4, ip
 959 017e 02FA05F5 		lsl	r5, r2, r5
 960 0182 2C43     		orrs	r4, r4, r5
 961 0184 C6F87043 		str	r4, [r6, #880]
 281:../../../../../../Drivers/PY32E407_HAL_Driver/Src/py32e407_hal_dma.c ****              (DMA_SGLRQSRC_SRC_SGLREQ_WE_0 << hdma->ChannelIndex));
 962              		.loc 1 281 3 view .LVU309
 963 0188 5E6E     		ldr	r6, [r3, #100]
 964 018a D6F87843 		ldr	r4, [r6, #888]
 965 018e 9D6E     		ldr	r5, [r3, #104]
 966 0190 01FA05FC 		lsl	ip, r1, r5
 967 0194 24EA0C04 		bic	r4, r4, ip
 968 0198 02FA05F5 		lsl	r5, r2, r5
 969 019c 2C43     		orrs	r4, r4, r5
 970 019e C6F87843 		str	r4, [r6, #888]
 283:../../../../../../Drivers/PY32E407_HAL_Driver/Src/py32e407_hal_dma.c ****              (DMA_SGLRQDST_DST_SGLREQ_WE_0 << hdma->ChannelIndex));
 971              		.loc 1 283 3 view .LVU310
 972 01a2 5D6E     		ldr	r5, [r3, #100]
 973 01a4 D5F88043 		ldr	r4, [r5, #896]
 974 01a8 9E6E     		ldr	r6, [r3, #104]
 975 01aa B140     		lsls	r1, r1, r6
 976 01ac 24EA0101 		bic	r1, r4, r1
 977 01b0 B240     		lsls	r2, r2, r6
 978 01b2 0A43     		orrs	r2, r2, r1
 979 01b4 C5F88023 		str	r2, [r5, #896]
 287:../../../../../../Drivers/PY32E407_HAL_Driver/Src/py32e407_hal_dma.c ****   hdma->XferBlockCpltCallback = NULL;
 980              		.loc 1 287 3 view .LVU311
 287:../../../../../../Drivers/PY32E407_HAL_Driver/Src/py32e407_hal_dma.c ****   hdma->XferBlockCpltCallback = NULL;
 981              		.loc 1 287 26 is_stmt 0 view .LVU312
 982 01b8 5864     		str	r0, [r3, #68]
 288:../../../../../../Drivers/PY32E407_HAL_Driver/Src/py32e407_hal_dma.c ****   hdma->XferHalfBlockCpltCallback = NULL;
 983              		.loc 1 288 3 is_stmt 1 view .LVU313
 288:../../../../../../Drivers/PY32E407_HAL_Driver/Src/py32e407_hal_dma.c ****   hdma->XferHalfBlockCpltCallback = NULL;
 984              		.loc 1 288 31 is_stmt 0 view .LVU314
 985 01ba 9864     		str	r0, [r3, #72]
 289:../../../../../../Drivers/PY32E407_HAL_Driver/Src/py32e407_hal_dma.c ****   hdma->XferSrcTranCpltCallback = NULL;
 986              		.loc 1 289 3 is_stmt 1 view .LVU315
 289:../../../../../../Drivers/PY32E407_HAL_Driver/Src/py32e407_hal_dma.c ****   hdma->XferSrcTranCpltCallback = NULL;
 987              		.loc 1 289 35 is_stmt 0 view .LVU316
 988 01bc D864     		str	r0, [r3, #76]
 290:../../../../../../Drivers/PY32E407_HAL_Driver/Src/py32e407_hal_dma.c ****   hdma->XferDstTranCpltCallback = NULL;
 989              		.loc 1 290 3 is_stmt 1 view .LVU317
 290:../../../../../../Drivers/PY32E407_HAL_Driver/Src/py32e407_hal_dma.c ****   hdma->XferDstTranCpltCallback = NULL;
 990              		.loc 1 290 33 is_stmt 0 view .LVU318
 991 01be 1865     		str	r0, [r3, #80]
 291:../../../../../../Drivers/PY32E407_HAL_Driver/Src/py32e407_hal_dma.c ****   hdma->XferErrorCallback = NULL;
 992              		.loc 1 291 3 is_stmt 1 view .LVU319
 291:../../../../../../Drivers/PY32E407_HAL_Driver/Src/py32e407_hal_dma.c ****   hdma->XferErrorCallback = NULL;
 993              		.loc 1 291 33 is_stmt 0 view .LVU320
 994 01c0 5865     		str	r0, [r3, #84]
 292:../../../../../../Drivers/PY32E407_HAL_Driver/Src/py32e407_hal_dma.c ****   hdma->XferAbortCallback = NULL;
 995              		.loc 1 292 3 is_stmt 1 view .LVU321
ARM GAS  C:\Users\user\AppData\Local\Temp\cci4XqOd.s 			page 45


 292:../../../../../../Drivers/PY32E407_HAL_Driver/Src/py32e407_hal_dma.c ****   hdma->XferAbortCallback = NULL;
 996              		.loc 1 292 27 is_stmt 0 view .LVU322
 997 01c2 9865     		str	r0, [r3, #88]
 293:../../../../../../Drivers/PY32E407_HAL_Driver/Src/py32e407_hal_dma.c **** 
 998              		.loc 1 293 3 is_stmt 1 view .LVU323
 293:../../../../../../Drivers/PY32E407_HAL_Driver/Src/py32e407_hal_dma.c **** 
 999              		.loc 1 293 27 is_stmt 0 view .LVU324
 1000 01c4 D865     		str	r0, [r3, #92]
 296:../../../../../../Drivers/PY32E407_HAL_Driver/Src/py32e407_hal_dma.c **** 
 1001              		.loc 1 296 3 is_stmt 1 view .LVU325
 296:../../../../../../Drivers/PY32E407_HAL_Driver/Src/py32e407_hal_dma.c **** 
 1002              		.loc 1 296 19 is_stmt 0 view .LVU326
 1003 01c6 1866     		str	r0, [r3, #96]
 299:../../../../../../Drivers/PY32E407_HAL_Driver/Src/py32e407_hal_dma.c **** 
 1004              		.loc 1 299 3 is_stmt 1 view .LVU327
 299:../../../../../../Drivers/PY32E407_HAL_Driver/Src/py32e407_hal_dma.c **** 
 1005              		.loc 1 299 15 is_stmt 0 view .LVU328
 1006 01c8 83F83D00 		strb	r0, [r3, #61]
 302:../../../../../../Drivers/PY32E407_HAL_Driver/Src/py32e407_hal_dma.c **** 
 1007              		.loc 1 302 3 is_stmt 1 view .LVU329
 302:../../../../../../Drivers/PY32E407_HAL_Driver/Src/py32e407_hal_dma.c **** 
 1008              		.loc 1 302 3 view .LVU330
 1009 01cc 83F83C00 		strb	r0, [r3, #60]
 302:../../../../../../Drivers/PY32E407_HAL_Driver/Src/py32e407_hal_dma.c **** 
 1010              		.loc 1 302 3 view .LVU331
 304:../../../../../../Drivers/PY32E407_HAL_Driver/Src/py32e407_hal_dma.c **** }
 1011              		.loc 1 304 3 view .LVU332
 305:../../../../../../Drivers/PY32E407_HAL_Driver/Src/py32e407_hal_dma.c **** 
 1012              		.loc 1 305 1 is_stmt 0 view .LVU333
 1013 01d0 70BC     		pop	{r4, r5, r6}
 1014              	.LCFI9:
 1015              		.cfi_remember_state
 1016              		.cfi_restore 6
 1017              		.cfi_restore 5
 1018              		.cfi_restore 4
 1019              		.cfi_def_cfa_offset 0
 1020 01d2 7047     		bx	lr
 1021              	.LVL26:
 1022              	.L44:
 1023              	.LCFI10:
 1024              		.cfi_restore_state
 237:../../../../../../Drivers/PY32E407_HAL_Driver/Src/py32e407_hal_dma.c ****     hdma->DmaBaseAddress = DMA2;
 1025              		.loc 1 237 5 is_stmt 1 view .LVU334
 237:../../../../../../Drivers/PY32E407_HAL_Driver/Src/py32e407_hal_dma.c ****     hdma->DmaBaseAddress = DMA2;
 1026              		.loc 1 237 53 is_stmt 0 view .LVU335
 1027 01d4 0A4A     		ldr	r2, .L51+20
 1028 01d6 0A44     		add	r2, r2, r1
 237:../../../../../../Drivers/PY32E407_HAL_Driver/Src/py32e407_hal_dma.c ****     hdma->DmaBaseAddress = DMA2;
 1029              		.loc 1 237 80 view .LVU336
 1030 01d8 0649     		ldr	r1, .L51+8
 1031 01da A1FB0212 		umull	r1, r2, r1, r2
 1032 01de 9209     		lsrs	r2, r2, #6
 237:../../../../../../Drivers/PY32E407_HAL_Driver/Src/py32e407_hal_dma.c ****     hdma->DmaBaseAddress = DMA2;
 1033              		.loc 1 237 24 view .LVU337
 1034 01e0 8266     		str	r2, [r0, #104]
 238:../../../../../../Drivers/PY32E407_HAL_Driver/Src/py32e407_hal_dma.c ****   }
 1035              		.loc 1 238 5 is_stmt 1 view .LVU338
ARM GAS  C:\Users\user\AppData\Local\Temp\cci4XqOd.s 			page 46


 238:../../../../../../Drivers/PY32E407_HAL_Driver/Src/py32e407_hal_dma.c ****   }
 1036              		.loc 1 238 26 is_stmt 0 view .LVU339
 1037 01e2 084A     		ldr	r2, .L51+24
 1038 01e4 4266     		str	r2, [r0, #100]
 1039 01e6 1EE7     		b	.L45
 1040              	.L46:
 1041              	.LCFI11:
 1042              		.cfi_def_cfa_offset 0
 1043              		.cfi_restore 4
 1044              		.cfi_restore 5
 1045              		.cfi_restore 6
 220:../../../../../../Drivers/PY32E407_HAL_Driver/Src/py32e407_hal_dma.c ****   }
 1046              		.loc 1 220 12 view .LVU340
 1047 01e8 0120     		movs	r0, #1
 1048              	.LVL27:
 305:../../../../../../Drivers/PY32E407_HAL_Driver/Src/py32e407_hal_dma.c **** 
 1049              		.loc 1 305 1 view .LVU341
 1050 01ea 7047     		bx	lr
 1051              	.L52:
 1052              		.align	2
 1053              	.L51:
 1054 01ec 0F040240 		.word	1073873935
 1055 01f0 F0FFFDBF 		.word	-1073872912
 1056 01f4 A38B2EBA 		.word	-1171354717
 1057 01f8 00000240 		.word	1073872896
 1058 01fc 01483000 		.word	3164161
 1059 0200 F0FBFDBF 		.word	-1073873936
 1060 0204 00040240 		.word	1073873920
 1061              		.cfi_endproc
 1062              	.LFE137:
 1064              		.section	.text.HAL_DMA_Start,"ax",%progbits
 1065              		.align	1
 1066              		.global	HAL_DMA_Start
 1067              		.syntax unified
 1068              		.thumb
 1069              		.thumb_func
 1071              	HAL_DMA_Start:
 1072              	.LVL28:
 1073              	.LFB138:
 341:../../../../../../Drivers/PY32E407_HAL_Driver/Src/py32e407_hal_dma.c ****   HAL_StatusTypeDef status = HAL_OK;
 1074              		.loc 1 341 1 is_stmt 1 view -0
 1075              		.cfi_startproc
 1076              		@ args = 0, pretend = 0, frame = 0
 1077              		@ frame_needed = 0, uses_anonymous_args = 0
 341:../../../../../../Drivers/PY32E407_HAL_Driver/Src/py32e407_hal_dma.c ****   HAL_StatusTypeDef status = HAL_OK;
 1078              		.loc 1 341 1 is_stmt 0 view .LVU343
 1079 0000 F8B5     		push	{r3, r4, r5, r6, r7, lr}
 1080              	.LCFI12:
 1081              		.cfi_def_cfa_offset 24
 1082              		.cfi_offset 3, -24
 1083              		.cfi_offset 4, -20
 1084              		.cfi_offset 5, -16
 1085              		.cfi_offset 6, -12
 1086              		.cfi_offset 7, -8
 1087              		.cfi_offset 14, -4
 1088 0002 0446     		mov	r4, r0
 342:../../../../../../Drivers/PY32E407_HAL_Driver/Src/py32e407_hal_dma.c **** 
ARM GAS  C:\Users\user\AppData\Local\Temp\cci4XqOd.s 			page 47


 1089              		.loc 1 342 3 is_stmt 1 view .LVU344
 1090              	.LVL29:
 345:../../../../../../Drivers/PY32E407_HAL_Driver/Src/py32e407_hal_dma.c **** 
 1091              		.loc 1 345 3 view .LVU345
 345:../../../../../../Drivers/PY32E407_HAL_Driver/Src/py32e407_hal_dma.c **** 
 1092              		.loc 1 345 3 view .LVU346
 1093 0004 90F83C00 		ldrb	r0, [r0, #60]	@ zero_extendqisi2
 1094              	.LVL30:
 345:../../../../../../Drivers/PY32E407_HAL_Driver/Src/py32e407_hal_dma.c **** 
 1095              		.loc 1 345 3 is_stmt 0 view .LVU347
 1096 0008 0128     		cmp	r0, #1
 1097 000a 73D0     		beq	.L58
 345:../../../../../../Drivers/PY32E407_HAL_Driver/Src/py32e407_hal_dma.c **** 
 1098              		.loc 1 345 3 is_stmt 1 discriminator 2 view .LVU348
 1099 000c 0120     		movs	r0, #1
 1100 000e 84F83C00 		strb	r0, [r4, #60]
 345:../../../../../../Drivers/PY32E407_HAL_Driver/Src/py32e407_hal_dma.c **** 
 1101              		.loc 1 345 3 discriminator 2 view .LVU349
 347:../../../../../../Drivers/PY32E407_HAL_Driver/Src/py32e407_hal_dma.c ****   {
 1102              		.loc 1 347 3 discriminator 2 view .LVU350
 347:../../../../../../Drivers/PY32E407_HAL_Driver/Src/py32e407_hal_dma.c ****   {
 1103              		.loc 1 347 33 is_stmt 0 discriminator 2 view .LVU351
 1104 0012 94F83D00 		ldrb	r0, [r4, #61]	@ zero_extendqisi2
 347:../../../../../../Drivers/PY32E407_HAL_Driver/Src/py32e407_hal_dma.c ****   {
 1105              		.loc 1 347 5 discriminator 2 view .LVU352
 1106 0016 0128     		cmp	r0, #1
 1107 0018 04D0     		beq	.L60
 381:../../../../../../Drivers/PY32E407_HAL_Driver/Src/py32e407_hal_dma.c ****    status = HAL_BUSY;
 1108              		.loc 1 381 4 is_stmt 1 view .LVU353
 381:../../../../../../Drivers/PY32E407_HAL_Driver/Src/py32e407_hal_dma.c ****    status = HAL_BUSY;
 1109              		.loc 1 381 4 view .LVU354
 1110 001a 0023     		movs	r3, #0
 1111              	.LVL31:
 381:../../../../../../Drivers/PY32E407_HAL_Driver/Src/py32e407_hal_dma.c ****    status = HAL_BUSY;
 1112              		.loc 1 381 4 is_stmt 0 view .LVU355
 1113 001c 84F83C30 		strb	r3, [r4, #60]
 381:../../../../../../Drivers/PY32E407_HAL_Driver/Src/py32e407_hal_dma.c ****    status = HAL_BUSY;
 1114              		.loc 1 381 4 is_stmt 1 view .LVU356
 382:../../../../../../Drivers/PY32E407_HAL_Driver/Src/py32e407_hal_dma.c ****   }  
 1115              		.loc 1 382 4 view .LVU357
 1116              	.LVL32:
 382:../../../../../../Drivers/PY32E407_HAL_Driver/Src/py32e407_hal_dma.c ****   }  
 1117              		.loc 1 382 11 is_stmt 0 view .LVU358
 1118 0020 0220     		movs	r0, #2
 1119              	.LVL33:
 1120              	.L54:
 385:../../../../../../Drivers/PY32E407_HAL_Driver/Src/py32e407_hal_dma.c **** /**
 1121              		.loc 1 385 1 view .LVU359
 1122 0022 F8BD     		pop	{r3, r4, r5, r6, r7, pc}
 1123              	.LVL34:
 1124              	.L60:
 350:../../../../../../Drivers/PY32E407_HAL_Driver/Src/py32e407_hal_dma.c ****     hdma->ErrorCode = HAL_DMA_ERROR_NONE;
 1125              		.loc 1 350 5 is_stmt 1 view .LVU360
 350:../../../../../../Drivers/PY32E407_HAL_Driver/Src/py32e407_hal_dma.c ****     hdma->ErrorCode = HAL_DMA_ERROR_NONE;
 1126              		.loc 1 350 17 is_stmt 0 view .LVU361
 1127 0024 0220     		movs	r0, #2
 1128 0026 84F83D00 		strb	r0, [r4, #61]
ARM GAS  C:\Users\user\AppData\Local\Temp\cci4XqOd.s 			page 48


 351:../../../../../../Drivers/PY32E407_HAL_Driver/Src/py32e407_hal_dma.c ****             
 1129              		.loc 1 351 5 is_stmt 1 view .LVU362
 351:../../../../../../Drivers/PY32E407_HAL_Driver/Src/py32e407_hal_dma.c ****             
 1130              		.loc 1 351 21 is_stmt 0 view .LVU363
 1131 002a 0020     		movs	r0, #0
 1132 002c 2066     		str	r0, [r4, #96]
 354:../../../../../../Drivers/PY32E407_HAL_Driver/Src/py32e407_hal_dma.c ****     
 1133              		.loc 1 354 5 is_stmt 1 view .LVU364
 1134 002e 666E     		ldr	r6, [r4, #100]
 1135 0030 B068     		ldr	r0, [r6, #8]
 1136 0032 A76E     		ldr	r7, [r4, #104]
 1137 0034 40F20115 		movw	r5, #257
 1138 0038 05FA07FC 		lsl	ip, r5, r7
 1139 003c 20EA0C00 		bic	r0, r0, ip
 1140 0040 4FF4807C 		mov	ip, #256
 1141 0044 0CFA07FC 		lsl	ip, ip, r7
 1142 0048 40EA0C00 		orr	r0, r0, ip
 1143 004c B060     		str	r0, [r6, #8]
 357:../../../../../../Drivers/PY32E407_HAL_Driver/Src/py32e407_hal_dma.c ****     
 1144              		.loc 1 357 5 view .LVU365
 1145 004e 2046     		mov	r0, r4
 1146 0050 FFF7FEFF 		bl	DMA_SetConfig
 1147              	.LVL35:
 360:../../../../../../Drivers/PY32E407_HAL_Driver/Src/py32e407_hal_dma.c ****     
 1148              		.loc 1 360 5 view .LVU366
 1149 0054 2268     		ldr	r2, [r4]
 1150 0056 9368     		ldr	r3, [r2, #8]
 1151 0058 23F48073 		bic	r3, r3, #256
 1152 005c 9360     		str	r3, [r2, #8]
 363:../../../../../../Drivers/PY32E407_HAL_Driver/Src/py32e407_hal_dma.c ****     
 1153              		.loc 1 363 5 view .LVU367
 1154 005e 616E     		ldr	r1, [r4, #100]
 1155 0060 D1F8B032 		ldr	r3, [r1, #688]
 1156 0064 A26E     		ldr	r2, [r4, #104]
 1157 0066 05FA02F2 		lsl	r2, r5, r2
 1158 006a 1343     		orrs	r3, r3, r2
 1159 006c C1F8B032 		str	r3, [r1, #688]
 365:../../../../../../Drivers/PY32E407_HAL_Driver/Src/py32e407_hal_dma.c ****     SET_BIT(hdma->DmaBaseAddress->MASKSRCTRAN, ((DMA_MASKSRCTRAN_INT_MASK_WE_0 | DMA_MASKSRCTRAN_IN
 1160              		.loc 1 365 5 view .LVU368
 1161 0070 616E     		ldr	r1, [r4, #100]
 1162 0072 D1F81833 		ldr	r3, [r1, #792]
 1163 0076 A26E     		ldr	r2, [r4, #104]
 1164 0078 05FA02F2 		lsl	r2, r5, r2
 1165 007c 1343     		orrs	r3, r3, r2
 1166 007e C1F81833 		str	r3, [r1, #792]
 366:../../../../../../Drivers/PY32E407_HAL_Driver/Src/py32e407_hal_dma.c ****     SET_BIT(hdma->DmaBaseAddress->MASKDSTTRAN, ((DMA_MASKDSTTRAN_INT_MASK_WE_0 | DMA_MASKDSTTRAN_IN
 1167              		.loc 1 366 5 view .LVU369
 1168 0082 616E     		ldr	r1, [r4, #100]
 1169 0084 D1F82033 		ldr	r3, [r1, #800]
 1170 0088 A26E     		ldr	r2, [r4, #104]
 1171 008a 05FA02F2 		lsl	r2, r5, r2
 1172 008e 1343     		orrs	r3, r3, r2
 1173 0090 C1F82033 		str	r3, [r1, #800]
 367:../../../../../../Drivers/PY32E407_HAL_Driver/Src/py32e407_hal_dma.c ****     SET_BIT(hdma->DmaBaseAddress->MASKERR, ((DMA_MASKERR_INT_MASK_WE_0 | DMA_MASKERR_INT_MASK_0) <<
 1174              		.loc 1 367 5 view .LVU370
 1175 0094 616E     		ldr	r1, [r4, #100]
 1176 0096 D1F82833 		ldr	r3, [r1, #808]
ARM GAS  C:\Users\user\AppData\Local\Temp\cci4XqOd.s 			page 49


 1177 009a A26E     		ldr	r2, [r4, #104]
 1178 009c 05FA02F2 		lsl	r2, r5, r2
 1179 00a0 1343     		orrs	r3, r3, r2
 1180 00a2 C1F82833 		str	r3, [r1, #808]
 368:../../../../../../Drivers/PY32E407_HAL_Driver/Src/py32e407_hal_dma.c ****     
 1181              		.loc 1 368 5 view .LVU371
 1182 00a6 616E     		ldr	r1, [r4, #100]
 1183 00a8 D1F83023 		ldr	r2, [r1, #816]
 1184 00ac A36E     		ldr	r3, [r4, #104]
 1185 00ae 05FA03F3 		lsl	r3, r5, r3
 1186 00b2 1343     		orrs	r3, r3, r2
 1187 00b4 C1F83033 		str	r3, [r1, #816]
 370:../../../../../../Drivers/PY32E407_HAL_Driver/Src/py32e407_hal_dma.c ****     
 1188              		.loc 1 370 5 view .LVU372
 1189 00b8 2268     		ldr	r2, [r4]
 1190 00ba 1368     		ldr	r3, [r2]
 1191 00bc 43F00103 		orr	r3, r3, #1
 1192 00c0 1360     		str	r3, [r2]
 373:../../../../../../Drivers/PY32E407_HAL_Driver/Src/py32e407_hal_dma.c ****     
 1193              		.loc 1 373 5 view .LVU373
 1194 00c2 2268     		ldr	r2, [r4]
 1195 00c4 0C4B     		ldr	r3, .L61
 1196 00c6 9A42     		cmp	r2, r3
 1197 00c8 0ED8     		bhi	.L56
 373:../../../../../../Drivers/PY32E407_HAL_Driver/Src/py32e407_hal_dma.c ****     
 1198              		.loc 1 373 5 is_stmt 0 discriminator 1 view .LVU374
 1199 00ca 0C4A     		ldr	r2, .L61+4
 1200 00cc 1368     		ldr	r3, [r2]
 1201 00ce 43F00103 		orr	r3, r3, #1
 1202 00d2 1360     		str	r3, [r2]
 1203              	.L57:
 376:../../../../../../Drivers/PY32E407_HAL_Driver/Src/py32e407_hal_dma.c ****   }
 1204              		.loc 1 376 5 is_stmt 1 view .LVU375
 1205 00d4 616E     		ldr	r1, [r4, #100]
 1206 00d6 8B68     		ldr	r3, [r1, #8]
 1207 00d8 A06E     		ldr	r0, [r4, #104]
 1208 00da 40F20112 		movw	r2, #257
 1209 00de 8240     		lsls	r2, r2, r0
 1210 00e0 1343     		orrs	r3, r3, r2
 1211 00e2 8B60     		str	r3, [r1, #8]
 342:../../../../../../Drivers/PY32E407_HAL_Driver/Src/py32e407_hal_dma.c **** 
 1212              		.loc 1 342 21 is_stmt 0 view .LVU376
 1213 00e4 0020     		movs	r0, #0
 1214 00e6 9CE7     		b	.L54
 1215              	.L56:
 373:../../../../../../Drivers/PY32E407_HAL_Driver/Src/py32e407_hal_dma.c ****     
 1216              		.loc 1 373 5 discriminator 2 view .LVU377
 1217 00e8 054A     		ldr	r2, .L61+8
 1218 00ea 1368     		ldr	r3, [r2]
 1219 00ec 43F00103 		orr	r3, r3, #1
 1220 00f0 1360     		str	r3, [r2]
 1221 00f2 EFE7     		b	.L57
 1222              	.LVL36:
 1223              	.L58:
 345:../../../../../../Drivers/PY32E407_HAL_Driver/Src/py32e407_hal_dma.c **** 
 1224              		.loc 1 345 3 view .LVU378
 1225 00f4 0220     		movs	r0, #2
ARM GAS  C:\Users\user\AppData\Local\Temp\cci4XqOd.s 			page 50


 1226 00f6 94E7     		b	.L54
 1227              	.L62:
 1228              		.align	2
 1229              	.L61:
 1230 00f8 0F040240 		.word	1073873935
 1231 00fc 00000240 		.word	1073872896
 1232 0100 00040240 		.word	1073873920
 1233              		.cfi_endproc
 1234              	.LFE138:
 1236              		.section	.text.HAL_DMA_Start_IT,"ax",%progbits
 1237              		.align	1
 1238              		.global	HAL_DMA_Start_IT
 1239              		.syntax unified
 1240              		.thumb
 1241              		.thumb_func
 1243              	HAL_DMA_Start_IT:
 1244              	.LVL37:
 1245              	.LFB139:
 397:../../../../../../Drivers/PY32E407_HAL_Driver/Src/py32e407_hal_dma.c ****   HAL_StatusTypeDef status = HAL_OK;
 1246              		.loc 1 397 1 is_stmt 1 view -0
 1247              		.cfi_startproc
 1248              		@ args = 0, pretend = 0, frame = 0
 1249              		@ frame_needed = 0, uses_anonymous_args = 0
 397:../../../../../../Drivers/PY32E407_HAL_Driver/Src/py32e407_hal_dma.c ****   HAL_StatusTypeDef status = HAL_OK;
 1250              		.loc 1 397 1 is_stmt 0 view .LVU380
 1251 0000 70B5     		push	{r4, r5, r6, lr}
 1252              	.LCFI13:
 1253              		.cfi_def_cfa_offset 16
 1254              		.cfi_offset 4, -16
 1255              		.cfi_offset 5, -12
 1256              		.cfi_offset 6, -8
 1257              		.cfi_offset 14, -4
 1258 0002 0446     		mov	r4, r0
 398:../../../../../../Drivers/PY32E407_HAL_Driver/Src/py32e407_hal_dma.c **** 
 1259              		.loc 1 398 3 is_stmt 1 view .LVU381
 1260              	.LVL38:
 401:../../../../../../Drivers/PY32E407_HAL_Driver/Src/py32e407_hal_dma.c ****   
 1261              		.loc 1 401 3 view .LVU382
 401:../../../../../../Drivers/PY32E407_HAL_Driver/Src/py32e407_hal_dma.c ****   
 1262              		.loc 1 401 3 view .LVU383
 1263 0004 90F83C00 		ldrb	r0, [r0, #60]	@ zero_extendqisi2
 1264              	.LVL39:
 401:../../../../../../Drivers/PY32E407_HAL_Driver/Src/py32e407_hal_dma.c ****   
 1265              		.loc 1 401 3 is_stmt 0 view .LVU384
 1266 0008 0128     		cmp	r0, #1
 1267 000a 00F0AC80 		beq	.L70
 401:../../../../../../Drivers/PY32E407_HAL_Driver/Src/py32e407_hal_dma.c ****   
 1268              		.loc 1 401 3 is_stmt 1 discriminator 2 view .LVU385
 1269 000e 0120     		movs	r0, #1
 1270 0010 84F83C00 		strb	r0, [r4, #60]
 401:../../../../../../Drivers/PY32E407_HAL_Driver/Src/py32e407_hal_dma.c ****   
 1271              		.loc 1 401 3 discriminator 2 view .LVU386
 403:../../../../../../Drivers/PY32E407_HAL_Driver/Src/py32e407_hal_dma.c ****   {
 1272              		.loc 1 403 3 discriminator 2 view .LVU387
 403:../../../../../../Drivers/PY32E407_HAL_Driver/Src/py32e407_hal_dma.c ****   {
 1273              		.loc 1 403 33 is_stmt 0 discriminator 2 view .LVU388
 1274 0014 94F83D00 		ldrb	r0, [r4, #61]	@ zero_extendqisi2
ARM GAS  C:\Users\user\AppData\Local\Temp\cci4XqOd.s 			page 51


 403:../../../../../../Drivers/PY32E407_HAL_Driver/Src/py32e407_hal_dma.c ****   {
 1275              		.loc 1 403 5 discriminator 2 view .LVU389
 1276 0018 0128     		cmp	r0, #1
 1277 001a 04D0     		beq	.L72
 451:../../../../../../Drivers/PY32E407_HAL_Driver/Src/py32e407_hal_dma.c **** 
 1278              		.loc 1 451 5 is_stmt 1 view .LVU390
 451:../../../../../../Drivers/PY32E407_HAL_Driver/Src/py32e407_hal_dma.c **** 
 1279              		.loc 1 451 5 view .LVU391
 1280 001c 0023     		movs	r3, #0
 1281              	.LVL40:
 451:../../../../../../Drivers/PY32E407_HAL_Driver/Src/py32e407_hal_dma.c **** 
 1282              		.loc 1 451 5 is_stmt 0 view .LVU392
 1283 001e 84F83C30 		strb	r3, [r4, #60]
 451:../../../../../../Drivers/PY32E407_HAL_Driver/Src/py32e407_hal_dma.c **** 
 1284              		.loc 1 451 5 is_stmt 1 view .LVU393
 454:../../../../../../Drivers/PY32E407_HAL_Driver/Src/py32e407_hal_dma.c ****   }    
 1285              		.loc 1 454 5 view .LVU394
 1286              	.LVL41:
 454:../../../../../../Drivers/PY32E407_HAL_Driver/Src/py32e407_hal_dma.c ****   }    
 1287              		.loc 1 454 12 is_stmt 0 view .LVU395
 1288 0022 0220     		movs	r0, #2
 1289              	.LVL42:
 1290              	.L64:
 457:../../../../../../Drivers/PY32E407_HAL_Driver/Src/py32e407_hal_dma.c **** 
 1291              		.loc 1 457 1 view .LVU396
 1292 0024 70BD     		pop	{r4, r5, r6, pc}
 1293              	.LVL43:
 1294              	.L72:
 406:../../../../../../Drivers/PY32E407_HAL_Driver/Src/py32e407_hal_dma.c ****     hdma->ErrorCode = HAL_DMA_ERROR_NONE;
 1295              		.loc 1 406 5 is_stmt 1 view .LVU397
 406:../../../../../../Drivers/PY32E407_HAL_Driver/Src/py32e407_hal_dma.c ****     hdma->ErrorCode = HAL_DMA_ERROR_NONE;
 1296              		.loc 1 406 17 is_stmt 0 view .LVU398
 1297 0026 0220     		movs	r0, #2
 1298 0028 84F83D00 		strb	r0, [r4, #61]
 407:../../../../../../Drivers/PY32E407_HAL_Driver/Src/py32e407_hal_dma.c ****     
 1299              		.loc 1 407 5 is_stmt 1 view .LVU399
 407:../../../../../../Drivers/PY32E407_HAL_Driver/Src/py32e407_hal_dma.c ****     
 1300              		.loc 1 407 21 is_stmt 0 view .LVU400
 1301 002c 0020     		movs	r0, #0
 1302 002e 2066     		str	r0, [r4, #96]
 410:../../../../../../Drivers/PY32E407_HAL_Driver/Src/py32e407_hal_dma.c ****     
 1303              		.loc 1 410 5 is_stmt 1 view .LVU401
 1304 0030 656E     		ldr	r5, [r4, #100]
 1305 0032 A868     		ldr	r0, [r5, #8]
 1306 0034 A66E     		ldr	r6, [r4, #104]
 1307 0036 40F2011E 		movw	lr, #257
 1308 003a 0EFA06FE 		lsl	lr, lr, r6
 1309 003e 20EA0E00 		bic	r0, r0, lr
 1310 0042 4FF4807C 		mov	ip, #256
 1311 0046 0CFA06FC 		lsl	ip, ip, r6
 1312 004a 40EA0C00 		orr	r0, r0, ip
 1313 004e A860     		str	r0, [r5, #8]
 413:../../../../../../Drivers/PY32E407_HAL_Driver/Src/py32e407_hal_dma.c ****     
 1314              		.loc 1 413 5 view .LVU402
 1315 0050 2046     		mov	r0, r4
 1316 0052 FFF7FEFF 		bl	DMA_SetConfig
 1317              	.LVL44:
ARM GAS  C:\Users\user\AppData\Local\Temp\cci4XqOd.s 			page 52


 416:../../../../../../Drivers/PY32E407_HAL_Driver/Src/py32e407_hal_dma.c ****     
 1318              		.loc 1 416 5 view .LVU403
 1319 0056 2268     		ldr	r2, [r4]
 1320 0058 9368     		ldr	r3, [r2, #8]
 1321 005a 23F48073 		bic	r3, r3, #256
 1322 005e 9360     		str	r3, [r2, #8]
 419:../../../../../../Drivers/PY32E407_HAL_Driver/Src/py32e407_hal_dma.c ****     {
 1323              		.loc 1 419 5 view .LVU404
 419:../../../../../../Drivers/PY32E407_HAL_Driver/Src/py32e407_hal_dma.c ****     {
 1324              		.loc 1 419 20 is_stmt 0 view .LVU405
 1325 0060 E36C     		ldr	r3, [r4, #76]
 419:../../../../../../Drivers/PY32E407_HAL_Driver/Src/py32e407_hal_dma.c ****     {
 1326              		.loc 1 419 7 view .LVU406
 1327 0062 002B     		cmp	r3, #0
 1328 0064 45D0     		beq	.L66
 422:../../../../../../Drivers/PY32E407_HAL_Driver/Src/py32e407_hal_dma.c ****       
 1329              		.loc 1 422 7 is_stmt 1 view .LVU407
 1330 0066 606E     		ldr	r0, [r4, #100]
 1331 0068 D0F8B022 		ldr	r2, [r0, #688]
 1332 006c A16E     		ldr	r1, [r4, #104]
 1333 006e 40F20113 		movw	r3, #257
 1334 0072 03FA01F1 		lsl	r1, r3, r1
 1335 0076 0A43     		orrs	r2, r2, r1
 1336 0078 C0F8B022 		str	r2, [r0, #688]
 424:../../../../../../Drivers/PY32E407_HAL_Driver/Src/py32e407_hal_dma.c ****       SET_BIT(hdma->DmaBaseAddress->MASKSRCTRAN, ((DMA_MASKSRCTRAN_INT_MASK_WE_0 | DMA_MASKSRCTRAN_
 1337              		.loc 1 424 7 view .LVU408
 1338 007c 606E     		ldr	r0, [r4, #100]
 1339 007e D0F81823 		ldr	r2, [r0, #792]
 1340 0082 A16E     		ldr	r1, [r4, #104]
 1341 0084 03FA01F1 		lsl	r1, r3, r1
 1342 0088 0A43     		orrs	r2, r2, r1
 1343 008a C0F81823 		str	r2, [r0, #792]
 425:../../../../../../Drivers/PY32E407_HAL_Driver/Src/py32e407_hal_dma.c ****       SET_BIT(hdma->DmaBaseAddress->MASKDSTTRAN, ((DMA_MASKDSTTRAN_INT_MASK_WE_0 | DMA_MASKDSTTRAN_
 1344              		.loc 1 425 7 view .LVU409
 1345 008e 606E     		ldr	r0, [r4, #100]
 1346 0090 D0F82023 		ldr	r2, [r0, #800]
 1347 0094 A16E     		ldr	r1, [r4, #104]
 1348 0096 03FA01F1 		lsl	r1, r3, r1
 1349 009a 0A43     		orrs	r2, r2, r1
 1350 009c C0F82023 		str	r2, [r0, #800]
 426:../../../../../../Drivers/PY32E407_HAL_Driver/Src/py32e407_hal_dma.c ****       SET_BIT(hdma->DmaBaseAddress->MASKERR, ((DMA_MASKERR_INT_MASK_WE_0 | DMA_MASKERR_INT_MASK_0) 
 1351              		.loc 1 426 7 view .LVU410
 1352 00a0 606E     		ldr	r0, [r4, #100]
 1353 00a2 D0F82823 		ldr	r2, [r0, #808]
 1354 00a6 A16E     		ldr	r1, [r4, #104]
 1355 00a8 03FA01F1 		lsl	r1, r3, r1
 1356 00ac 0A43     		orrs	r2, r2, r1
 1357 00ae C0F82823 		str	r2, [r0, #808]
 427:../../../../../../Drivers/PY32E407_HAL_Driver/Src/py32e407_hal_dma.c ****     }
 1358              		.loc 1 427 7 view .LVU411
 1359 00b2 616E     		ldr	r1, [r4, #100]
 1360 00b4 D1F83023 		ldr	r2, [r1, #816]
 1361 00b8 A06E     		ldr	r0, [r4, #104]
 1362 00ba 8340     		lsls	r3, r3, r0
 1363 00bc 1343     		orrs	r3, r3, r2
 1364 00be C1F83033 		str	r3, [r1, #816]
 1365              	.L67:
ARM GAS  C:\Users\user\AppData\Local\Temp\cci4XqOd.s 			page 53


 440:../../../../../../Drivers/PY32E407_HAL_Driver/Src/py32e407_hal_dma.c ****     
 1366              		.loc 1 440 5 view .LVU412
 1367 00c2 2268     		ldr	r2, [r4]
 1368 00c4 1368     		ldr	r3, [r2]
 1369 00c6 43F00103 		orr	r3, r3, #1
 1370 00ca 1360     		str	r3, [r2]
 443:../../../../../../Drivers/PY32E407_HAL_Driver/Src/py32e407_hal_dma.c ****     
 1371              		.loc 1 443 5 view .LVU413
 1372 00cc 2268     		ldr	r2, [r4]
 1373 00ce 274B     		ldr	r3, .L73
 1374 00d0 9A42     		cmp	r2, r3
 1375 00d2 42D8     		bhi	.L68
 443:../../../../../../Drivers/PY32E407_HAL_Driver/Src/py32e407_hal_dma.c ****     
 1376              		.loc 1 443 5 is_stmt 0 discriminator 1 view .LVU414
 1377 00d4 264A     		ldr	r2, .L73+4
 1378 00d6 1368     		ldr	r3, [r2]
 1379 00d8 43F00103 		orr	r3, r3, #1
 1380 00dc 1360     		str	r3, [r2]
 1381              	.L69:
 446:../../../../../../Drivers/PY32E407_HAL_Driver/Src/py32e407_hal_dma.c ****   }
 1382              		.loc 1 446 5 is_stmt 1 view .LVU415
 1383 00de 616E     		ldr	r1, [r4, #100]
 1384 00e0 8B68     		ldr	r3, [r1, #8]
 1385 00e2 A06E     		ldr	r0, [r4, #104]
 1386 00e4 40F20112 		movw	r2, #257
 1387 00e8 8240     		lsls	r2, r2, r0
 1388 00ea 1343     		orrs	r3, r3, r2
 1389 00ec 8B60     		str	r3, [r1, #8]
 398:../../../../../../Drivers/PY32E407_HAL_Driver/Src/py32e407_hal_dma.c **** 
 1390              		.loc 1 398 21 is_stmt 0 view .LVU416
 1391 00ee 0020     		movs	r0, #0
 1392 00f0 98E7     		b	.L64
 1393              	.L66:
 431:../../../../../../Drivers/PY32E407_HAL_Driver/Src/py32e407_hal_dma.c ****              (DMA_MASKHALFBLOCK_INT_MASK_WE_0 << hdma->ChannelIndex));
 1394              		.loc 1 431 7 is_stmt 1 view .LVU417
 1395 00f2 606E     		ldr	r0, [r4, #100]
 1396 00f4 D0F8B022 		ldr	r2, [r0, #688]
 1397 00f8 A56E     		ldr	r5, [r4, #104]
 1398 00fa 40F20113 		movw	r3, #257
 1399 00fe 03FA05F1 		lsl	r1, r3, r5
 1400 0102 22EA0102 		bic	r2, r2, r1
 1401 0106 4FF48071 		mov	r1, #256
 1402 010a A940     		lsls	r1, r1, r5
 1403 010c 0A43     		orrs	r2, r2, r1
 1404 010e C0F8B022 		str	r2, [r0, #688]
 434:../../../../../../Drivers/PY32E407_HAL_Driver/Src/py32e407_hal_dma.c ****       SET_BIT(hdma->DmaBaseAddress->MASKSRCTRAN, ((DMA_MASKSRCTRAN_INT_MASK_WE_0 | DMA_MASKSRCTRAN_
 1405              		.loc 1 434 7 view .LVU418
 1406 0112 606E     		ldr	r0, [r4, #100]
 1407 0114 D0F81823 		ldr	r2, [r0, #792]
 1408 0118 A16E     		ldr	r1, [r4, #104]
 1409 011a 03FA01F1 		lsl	r1, r3, r1
 1410 011e 0A43     		orrs	r2, r2, r1
 1411 0120 C0F81823 		str	r2, [r0, #792]
 435:../../../../../../Drivers/PY32E407_HAL_Driver/Src/py32e407_hal_dma.c ****       SET_BIT(hdma->DmaBaseAddress->MASKDSTTRAN, ((DMA_MASKDSTTRAN_INT_MASK_WE_0 | DMA_MASKDSTTRAN_
 1412              		.loc 1 435 7 view .LVU419
 1413 0124 606E     		ldr	r0, [r4, #100]
 1414 0126 D0F82023 		ldr	r2, [r0, #800]
ARM GAS  C:\Users\user\AppData\Local\Temp\cci4XqOd.s 			page 54


 1415 012a A16E     		ldr	r1, [r4, #104]
 1416 012c 03FA01F1 		lsl	r1, r3, r1
 1417 0130 0A43     		orrs	r2, r2, r1
 1418 0132 C0F82023 		str	r2, [r0, #800]
 436:../../../../../../Drivers/PY32E407_HAL_Driver/Src/py32e407_hal_dma.c ****       SET_BIT(hdma->DmaBaseAddress->MASKERR, ((DMA_MASKERR_INT_MASK_WE_0 | DMA_MASKERR_INT_MASK_0) 
 1419              		.loc 1 436 7 view .LVU420
 1420 0136 606E     		ldr	r0, [r4, #100]
 1421 0138 D0F82823 		ldr	r2, [r0, #808]
 1422 013c A16E     		ldr	r1, [r4, #104]
 1423 013e 03FA01F1 		lsl	r1, r3, r1
 1424 0142 0A43     		orrs	r2, r2, r1
 1425 0144 C0F82823 		str	r2, [r0, #808]
 437:../../../../../../Drivers/PY32E407_HAL_Driver/Src/py32e407_hal_dma.c ****     }
 1426              		.loc 1 437 7 view .LVU421
 1427 0148 616E     		ldr	r1, [r4, #100]
 1428 014a D1F83023 		ldr	r2, [r1, #816]
 1429 014e A06E     		ldr	r0, [r4, #104]
 1430 0150 8340     		lsls	r3, r3, r0
 1431 0152 1343     		orrs	r3, r3, r2
 1432 0154 C1F83033 		str	r3, [r1, #816]
 1433 0158 B3E7     		b	.L67
 1434              	.L68:
 443:../../../../../../Drivers/PY32E407_HAL_Driver/Src/py32e407_hal_dma.c ****     
 1435              		.loc 1 443 5 is_stmt 0 discriminator 2 view .LVU422
 1436 015a 064A     		ldr	r2, .L73+8
 1437 015c 1368     		ldr	r3, [r2]
 1438 015e 43F00103 		orr	r3, r3, #1
 1439 0162 1360     		str	r3, [r2]
 1440 0164 BBE7     		b	.L69
 1441              	.LVL45:
 1442              	.L70:
 401:../../../../../../Drivers/PY32E407_HAL_Driver/Src/py32e407_hal_dma.c ****   
 1443              		.loc 1 401 3 view .LVU423
 1444 0166 0220     		movs	r0, #2
 1445 0168 5CE7     		b	.L64
 1446              	.L74:
 1447 016a 00BF     		.align	2
 1448              	.L73:
 1449 016c 0F040240 		.word	1073873935
 1450 0170 00000240 		.word	1073872896
 1451 0174 00040240 		.word	1073873920
 1452              		.cfi_endproc
 1453              	.LFE139:
 1455              		.section	.text.HAL_DMA_Abort,"ax",%progbits
 1456              		.align	1
 1457              		.global	HAL_DMA_Abort
 1458              		.syntax unified
 1459              		.thumb
 1460              		.thumb_func
 1462              	HAL_DMA_Abort:
 1463              	.LVL46:
 1464              	.LFB140:
 466:../../../../../../Drivers/PY32E407_HAL_Driver/Src/py32e407_hal_dma.c ****   uint32_t tickstart;
 1465              		.loc 1 466 1 is_stmt 1 view -0
 1466              		.cfi_startproc
 1467              		@ args = 0, pretend = 0, frame = 0
 1468              		@ frame_needed = 0, uses_anonymous_args = 0
ARM GAS  C:\Users\user\AppData\Local\Temp\cci4XqOd.s 			page 55


 466:../../../../../../Drivers/PY32E407_HAL_Driver/Src/py32e407_hal_dma.c ****   uint32_t tickstart;
 1469              		.loc 1 466 1 is_stmt 0 view .LVU425
 1470 0000 38B5     		push	{r3, r4, r5, lr}
 1471              	.LCFI14:
 1472              		.cfi_def_cfa_offset 16
 1473              		.cfi_offset 3, -16
 1474              		.cfi_offset 4, -12
 1475              		.cfi_offset 5, -8
 1476              		.cfi_offset 14, -4
 1477 0002 0446     		mov	r4, r0
 467:../../../../../../Drivers/PY32E407_HAL_Driver/Src/py32e407_hal_dma.c ****   HAL_StatusTypeDef status = HAL_OK;
 1478              		.loc 1 467 3 is_stmt 1 view .LVU426
 468:../../../../../../Drivers/PY32E407_HAL_Driver/Src/py32e407_hal_dma.c ****   
 1479              		.loc 1 468 3 view .LVU427
 1480              	.LVL47:
 470:../../../../../../Drivers/PY32E407_HAL_Driver/Src/py32e407_hal_dma.c ****   {
 1481              		.loc 1 470 3 view .LVU428
 470:../../../../../../Drivers/PY32E407_HAL_Driver/Src/py32e407_hal_dma.c ****   {
 1482              		.loc 1 470 10 is_stmt 0 view .LVU429
 1483 0004 90F83D30 		ldrb	r3, [r0, #61]	@ zero_extendqisi2
 470:../../../../../../Drivers/PY32E407_HAL_Driver/Src/py32e407_hal_dma.c ****   {
 1484              		.loc 1 470 5 view .LVU430
 1485 0008 022B     		cmp	r3, #2
 1486 000a 06D0     		beq	.L76
 473:../../../../../../Drivers/PY32E407_HAL_Driver/Src/py32e407_hal_dma.c ****     
 1487              		.loc 1 473 5 is_stmt 1 view .LVU431
 473:../../../../../../Drivers/PY32E407_HAL_Driver/Src/py32e407_hal_dma.c ****     
 1488              		.loc 1 473 21 is_stmt 0 view .LVU432
 1489 000c 0423     		movs	r3, #4
 1490 000e 0366     		str	r3, [r0, #96]
 476:../../../../../../Drivers/PY32E407_HAL_Driver/Src/py32e407_hal_dma.c ****     
 1491              		.loc 1 476 5 is_stmt 1 view .LVU433
 476:../../../../../../Drivers/PY32E407_HAL_Driver/Src/py32e407_hal_dma.c ****     
 1492              		.loc 1 476 5 view .LVU434
 1493 0010 0023     		movs	r3, #0
 1494 0012 80F83C30 		strb	r3, [r0, #60]
 476:../../../../../../Drivers/PY32E407_HAL_Driver/Src/py32e407_hal_dma.c ****     
 1495              		.loc 1 476 5 view .LVU435
 478:../../../../../../Drivers/PY32E407_HAL_Driver/Src/py32e407_hal_dma.c ****   }
 1496              		.loc 1 478 5 view .LVU436
 478:../../../../../../Drivers/PY32E407_HAL_Driver/Src/py32e407_hal_dma.c ****   }
 1497              		.loc 1 478 12 is_stmt 0 view .LVU437
 1498 0016 0120     		movs	r0, #1
 1499              	.LVL48:
 1500              	.L77:
 532:../../../../../../Drivers/PY32E407_HAL_Driver/Src/py32e407_hal_dma.c **** 
 1501              		.loc 1 532 1 view .LVU438
 1502 0018 38BD     		pop	{r3, r4, r5, pc}
 1503              	.LVL49:
 1504              	.L76:
 483:../../../../../../Drivers/PY32E407_HAL_Driver/Src/py32e407_hal_dma.c ****     
 1505              		.loc 1 483 5 is_stmt 1 view .LVU439
 1506 001a 0268     		ldr	r2, [r0]
 1507 001c 9368     		ldr	r3, [r2, #8]
 1508 001e 43F48073 		orr	r3, r3, #256
 1509 0022 9360     		str	r3, [r2, #8]
 485:../../../../../../Drivers/PY32E407_HAL_Driver/Src/py32e407_hal_dma.c ****     
ARM GAS  C:\Users\user\AppData\Local\Temp\cci4XqOd.s 			page 56


 1510              		.loc 1 485 5 view .LVU440
 485:../../../../../../Drivers/PY32E407_HAL_Driver/Src/py32e407_hal_dma.c ****     
 1511              		.loc 1 485 17 is_stmt 0 view .LVU441
 1512 0024 FFF7FEFF 		bl	HAL_GetTick
 1513              	.LVL50:
 485:../../../../../../Drivers/PY32E407_HAL_Driver/Src/py32e407_hal_dma.c ****     
 1514              		.loc 1 485 17 view .LVU442
 1515 0028 0546     		mov	r5, r0
 1516              	.LVL51:
 488:../../../../../../Drivers/PY32E407_HAL_Driver/Src/py32e407_hal_dma.c ****     {
 1517              		.loc 1 488 5 is_stmt 1 view .LVU443
 1518              	.L78:
 488:../../../../../../Drivers/PY32E407_HAL_Driver/Src/py32e407_hal_dma.c ****     {
 1519              		.loc 1 488 10 view .LVU444
 488:../../../../../../Drivers/PY32E407_HAL_Driver/Src/py32e407_hal_dma.c ****     {
 1520              		.loc 1 488 11 is_stmt 0 view .LVU445
 1521 002a 2368     		ldr	r3, [r4]
 1522 002c 9B68     		ldr	r3, [r3, #8]
 488:../../../../../../Drivers/PY32E407_HAL_Driver/Src/py32e407_hal_dma.c ****     {
 1523              		.loc 1 488 10 view .LVU446
 1524 002e 13F4007F 		tst	r3, #512
 1525 0032 07D1     		bne	.L82
 491:../../../../../../Drivers/PY32E407_HAL_Driver/Src/py32e407_hal_dma.c ****       {
 1526              		.loc 1 491 7 is_stmt 1 view .LVU447
 491:../../../../../../Drivers/PY32E407_HAL_Driver/Src/py32e407_hal_dma.c ****       {
 1527              		.loc 1 491 12 is_stmt 0 view .LVU448
 1528 0034 FFF7FEFF 		bl	HAL_GetTick
 1529              	.LVL52:
 491:../../../../../../Drivers/PY32E407_HAL_Driver/Src/py32e407_hal_dma.c ****       {
 1530              		.loc 1 491 26 view .LVU449
 1531 0038 401B     		subs	r0, r0, r5
 491:../../../../../../Drivers/PY32E407_HAL_Driver/Src/py32e407_hal_dma.c ****       {
 1532              		.loc 1 491 10 view .LVU450
 1533 003a B0F5FA6F 		cmp	r0, #2000
 1534 003e F4D3     		bcc	.L78
 493:../../../../../../Drivers/PY32E407_HAL_Driver/Src/py32e407_hal_dma.c ****       }
 1535              		.loc 1 493 16 view .LVU451
 1536 0040 0120     		movs	r0, #1
 1537 0042 E9E7     		b	.L77
 1538              	.L82:
 498:../../../../../../Drivers/PY32E407_HAL_Driver/Src/py32e407_hal_dma.c ****                (DMA_MASKTFR_INT_MASK_WE_0 << hdma->ChannelIndex));
 1539              		.loc 1 498 5 is_stmt 1 view .LVU452
 1540 0044 656E     		ldr	r5, [r4, #100]
 1541              	.LVL53:
 498:../../../../../../Drivers/PY32E407_HAL_Driver/Src/py32e407_hal_dma.c ****                (DMA_MASKTFR_INT_MASK_WE_0 << hdma->ChannelIndex));
 1542              		.loc 1 498 5 is_stmt 0 view .LVU453
 1543 0046 D5F81013 		ldr	r1, [r5, #784]
 1544 004a A06E     		ldr	r0, [r4, #104]
 1545 004c 40F20112 		movw	r2, #257
 1546 0050 02FA00F3 		lsl	r3, r2, r0
 1547 0054 21EA0301 		bic	r1, r1, r3
 1548 0058 4FF48073 		mov	r3, #256
 1549 005c 03FA00F0 		lsl	r0, r3, r0
 1550 0060 0143     		orrs	r1, r1, r0
 1551 0062 C5F81013 		str	r1, [r5, #784]
 500:../../../../../../Drivers/PY32E407_HAL_Driver/Src/py32e407_hal_dma.c ****                (DMA_MASKBLOCK_INT_MASK_WE_0 << hdma->ChannelIndex));
 1552              		.loc 1 500 5 is_stmt 1 view .LVU454
ARM GAS  C:\Users\user\AppData\Local\Temp\cci4XqOd.s 			page 57


 1553 0066 656E     		ldr	r5, [r4, #100]
 1554 0068 D5F81813 		ldr	r1, [r5, #792]
 1555 006c A06E     		ldr	r0, [r4, #104]
 1556 006e 02FA00FC 		lsl	ip, r2, r0
 1557 0072 21EA0C01 		bic	r1, r1, ip
 1558 0076 03FA00F0 		lsl	r0, r3, r0
 1559 007a 0143     		orrs	r1, r1, r0
 1560 007c C5F81813 		str	r1, [r5, #792]
 502:../../../../../../Drivers/PY32E407_HAL_Driver/Src/py32e407_hal_dma.c ****              (DMA_MASKHALFBLOCK_INT_MASK_WE_0 << hdma->ChannelIndex));
 1561              		.loc 1 502 5 view .LVU455
 1562 0080 656E     		ldr	r5, [r4, #100]
 1563 0082 D5F8B012 		ldr	r1, [r5, #688]
 1564 0086 A06E     		ldr	r0, [r4, #104]
 1565 0088 02FA00FC 		lsl	ip, r2, r0
 1566 008c 21EA0C01 		bic	r1, r1, ip
 1567 0090 03FA00F0 		lsl	r0, r3, r0
 1568 0094 0143     		orrs	r1, r1, r0
 1569 0096 C5F8B012 		str	r1, [r5, #688]
 504:../../../../../../Drivers/PY32E407_HAL_Driver/Src/py32e407_hal_dma.c ****                (DMA_MASKSRCTRAN_INT_MASK_WE_0 << hdma->ChannelIndex));
 1570              		.loc 1 504 5 view .LVU456
 1571 009a 656E     		ldr	r5, [r4, #100]
 1572 009c D5F82013 		ldr	r1, [r5, #800]
 1573 00a0 A06E     		ldr	r0, [r4, #104]
 1574 00a2 02FA00FC 		lsl	ip, r2, r0
 1575 00a6 21EA0C01 		bic	r1, r1, ip
 1576 00aa 03FA00F0 		lsl	r0, r3, r0
 1577 00ae 0143     		orrs	r1, r1, r0
 1578 00b0 C5F82013 		str	r1, [r5, #800]
 506:../../../../../../Drivers/PY32E407_HAL_Driver/Src/py32e407_hal_dma.c ****                (DMA_MASKDSTTRAN_INT_MASK_WE_0 << hdma->ChannelIndex));
 1579              		.loc 1 506 5 view .LVU457
 1580 00b4 656E     		ldr	r5, [r4, #100]
 1581 00b6 D5F82813 		ldr	r1, [r5, #808]
 1582 00ba A06E     		ldr	r0, [r4, #104]
 1583 00bc 02FA00FC 		lsl	ip, r2, r0
 1584 00c0 21EA0C01 		bic	r1, r1, ip
 1585 00c4 03FA00F0 		lsl	r0, r3, r0
 1586 00c8 0143     		orrs	r1, r1, r0
 1587 00ca C5F82813 		str	r1, [r5, #808]
 508:../../../../../../Drivers/PY32E407_HAL_Driver/Src/py32e407_hal_dma.c ****                (DMA_MASKERR_INT_MASK_WE_0 << hdma->ChannelIndex));
 1588              		.loc 1 508 5 view .LVU458
 1589 00ce 656E     		ldr	r5, [r4, #100]
 1590 00d0 D5F83013 		ldr	r1, [r5, #816]
 1591 00d4 A06E     		ldr	r0, [r4, #104]
 1592 00d6 02FA00FC 		lsl	ip, r2, r0
 1593 00da 21EA0C01 		bic	r1, r1, ip
 1594 00de 03FA00F0 		lsl	r0, r3, r0
 1595 00e2 0143     		orrs	r1, r1, r0
 1596 00e4 C5F83013 		str	r1, [r5, #816]
 511:../../../../../../Drivers/PY32E407_HAL_Driver/Src/py32e407_hal_dma.c ****       
 1597              		.loc 1 511 5 view .LVU459
 1598 00e8 2068     		ldr	r0, [r4]
 1599 00ea 0168     		ldr	r1, [r0]
 1600 00ec 21F00101 		bic	r1, r1, #1
 1601 00f0 0160     		str	r1, [r0]
 514:../../../../../../Drivers/PY32E407_HAL_Driver/Src/py32e407_hal_dma.c ****                (DMA_CH_EN_CH_EN_WE_0 << hdma->ChannelIndex));
 1602              		.loc 1 514 5 view .LVU460
 1603 00f2 606E     		ldr	r0, [r4, #100]
ARM GAS  C:\Users\user\AppData\Local\Temp\cci4XqOd.s 			page 58


 1604 00f4 8168     		ldr	r1, [r0, #8]
 1605 00f6 A56E     		ldr	r5, [r4, #104]
 1606 00f8 AA40     		lsls	r2, r2, r5
 1607 00fa 21EA0202 		bic	r2, r1, r2
 1608 00fe AB40     		lsls	r3, r3, r5
 1609 0100 1343     		orrs	r3, r3, r2
 1610 0102 8360     		str	r3, [r0, #8]
 518:../../../../../../Drivers/PY32E407_HAL_Driver/Src/py32e407_hal_dma.c ****     hdma->DmaBaseAddress->CLEARBLOCK = (DMA_CLEARBLOCK_CLEAR_0 << hdma->ChannelIndex);
 1611              		.loc 1 518 5 view .LVU461
 518:../../../../../../Drivers/PY32E407_HAL_Driver/Src/py32e407_hal_dma.c ****     hdma->DmaBaseAddress->CLEARBLOCK = (DMA_CLEARBLOCK_CLEAR_0 << hdma->ChannelIndex);
 1612              		.loc 1 518 67 is_stmt 0 view .LVU462
 1613 0104 A26E     		ldr	r2, [r4, #104]
 518:../../../../../../Drivers/PY32E407_HAL_Driver/Src/py32e407_hal_dma.c ****     hdma->DmaBaseAddress->CLEARBLOCK = (DMA_CLEARBLOCK_CLEAR_0 << hdma->ChannelIndex);
 1614              		.loc 1 518 9 view .LVU463
 1615 0106 616E     		ldr	r1, [r4, #100]
 518:../../../../../../Drivers/PY32E407_HAL_Driver/Src/py32e407_hal_dma.c ****     hdma->DmaBaseAddress->CLEARBLOCK = (DMA_CLEARBLOCK_CLEAR_0 << hdma->ChannelIndex);
 1616              		.loc 1 518 60 view .LVU464
 1617 0108 0123     		movs	r3, #1
 1618 010a 03FA02F2 		lsl	r2, r3, r2
 518:../../../../../../Drivers/PY32E407_HAL_Driver/Src/py32e407_hal_dma.c ****     hdma->DmaBaseAddress->CLEARBLOCK = (DMA_CLEARBLOCK_CLEAR_0 << hdma->ChannelIndex);
 1619              		.loc 1 518 36 view .LVU465
 1620 010e C1F83823 		str	r2, [r1, #824]
 519:../../../../../../Drivers/PY32E407_HAL_Driver/Src/py32e407_hal_dma.c ****     hdma->DmaBaseAddress->CLEARHALFBLOCK = (DMA_CLEARHALFBLOCK_CLEAR_0 << hdma->ChannelIndex);
 1621              		.loc 1 519 5 is_stmt 1 view .LVU466
 519:../../../../../../Drivers/PY32E407_HAL_Driver/Src/py32e407_hal_dma.c ****     hdma->DmaBaseAddress->CLEARHALFBLOCK = (DMA_CLEARHALFBLOCK_CLEAR_0 << hdma->ChannelIndex);
 1622              		.loc 1 519 71 is_stmt 0 view .LVU467
 1623 0112 A26E     		ldr	r2, [r4, #104]
 519:../../../../../../Drivers/PY32E407_HAL_Driver/Src/py32e407_hal_dma.c ****     hdma->DmaBaseAddress->CLEARHALFBLOCK = (DMA_CLEARHALFBLOCK_CLEAR_0 << hdma->ChannelIndex);
 1624              		.loc 1 519 9 view .LVU468
 1625 0114 616E     		ldr	r1, [r4, #100]
 519:../../../../../../Drivers/PY32E407_HAL_Driver/Src/py32e407_hal_dma.c ****     hdma->DmaBaseAddress->CLEARHALFBLOCK = (DMA_CLEARHALFBLOCK_CLEAR_0 << hdma->ChannelIndex);
 1626              		.loc 1 519 64 view .LVU469
 1627 0116 03FA02F2 		lsl	r2, r3, r2
 519:../../../../../../Drivers/PY32E407_HAL_Driver/Src/py32e407_hal_dma.c ****     hdma->DmaBaseAddress->CLEARHALFBLOCK = (DMA_CLEARHALFBLOCK_CLEAR_0 << hdma->ChannelIndex);
 1628              		.loc 1 519 38 view .LVU470
 1629 011a C1F84023 		str	r2, [r1, #832]
 520:../../../../../../Drivers/PY32E407_HAL_Driver/Src/py32e407_hal_dma.c ****     hdma->DmaBaseAddress->CLEARSRCTRAN = (DMA_CLEARSRCTRAN_CLEAR_0 << hdma->ChannelIndex);
 1630              		.loc 1 520 5 is_stmt 1 view .LVU471
 520:../../../../../../Drivers/PY32E407_HAL_Driver/Src/py32e407_hal_dma.c ****     hdma->DmaBaseAddress->CLEARSRCTRAN = (DMA_CLEARSRCTRAN_CLEAR_0 << hdma->ChannelIndex);
 1631              		.loc 1 520 79 is_stmt 0 view .LVU472
 1632 011e A26E     		ldr	r2, [r4, #104]
 520:../../../../../../Drivers/PY32E407_HAL_Driver/Src/py32e407_hal_dma.c ****     hdma->DmaBaseAddress->CLEARSRCTRAN = (DMA_CLEARSRCTRAN_CLEAR_0 << hdma->ChannelIndex);
 1633              		.loc 1 520 9 view .LVU473
 1634 0120 616E     		ldr	r1, [r4, #100]
 520:../../../../../../Drivers/PY32E407_HAL_Driver/Src/py32e407_hal_dma.c ****     hdma->DmaBaseAddress->CLEARSRCTRAN = (DMA_CLEARSRCTRAN_CLEAR_0 << hdma->ChannelIndex);
 1635              		.loc 1 520 72 view .LVU474
 1636 0122 03FA02F2 		lsl	r2, r3, r2
 520:../../../../../../Drivers/PY32E407_HAL_Driver/Src/py32e407_hal_dma.c ****     hdma->DmaBaseAddress->CLEARSRCTRAN = (DMA_CLEARSRCTRAN_CLEAR_0 << hdma->ChannelIndex);
 1637              		.loc 1 520 42 view .LVU475
 1638 0126 C1F8B822 		str	r2, [r1, #696]
 521:../../../../../../Drivers/PY32E407_HAL_Driver/Src/py32e407_hal_dma.c ****     hdma->DmaBaseAddress->CLEARDSTTRAN = (DMA_CLEARDSTTRAN_CLEAR_0 << hdma->ChannelIndex);
 1639              		.loc 1 521 5 is_stmt 1 view .LVU476
 521:../../../../../../Drivers/PY32E407_HAL_Driver/Src/py32e407_hal_dma.c ****     hdma->DmaBaseAddress->CLEARDSTTRAN = (DMA_CLEARDSTTRAN_CLEAR_0 << hdma->ChannelIndex);
 1640              		.loc 1 521 75 is_stmt 0 view .LVU477
 1641 012a A26E     		ldr	r2, [r4, #104]
 521:../../../../../../Drivers/PY32E407_HAL_Driver/Src/py32e407_hal_dma.c ****     hdma->DmaBaseAddress->CLEARDSTTRAN = (DMA_CLEARDSTTRAN_CLEAR_0 << hdma->ChannelIndex);
 1642              		.loc 1 521 9 view .LVU478
ARM GAS  C:\Users\user\AppData\Local\Temp\cci4XqOd.s 			page 59


 1643 012c 616E     		ldr	r1, [r4, #100]
 521:../../../../../../Drivers/PY32E407_HAL_Driver/Src/py32e407_hal_dma.c ****     hdma->DmaBaseAddress->CLEARDSTTRAN = (DMA_CLEARDSTTRAN_CLEAR_0 << hdma->ChannelIndex);
 1644              		.loc 1 521 68 view .LVU479
 1645 012e 03FA02F2 		lsl	r2, r3, r2
 521:../../../../../../Drivers/PY32E407_HAL_Driver/Src/py32e407_hal_dma.c ****     hdma->DmaBaseAddress->CLEARDSTTRAN = (DMA_CLEARDSTTRAN_CLEAR_0 << hdma->ChannelIndex);
 1646              		.loc 1 521 40 view .LVU480
 1647 0132 C1F84823 		str	r2, [r1, #840]
 522:../../../../../../Drivers/PY32E407_HAL_Driver/Src/py32e407_hal_dma.c ****     hdma->DmaBaseAddress->CLEARERR = (DMA_CLEARERR_CLEAR_0 << hdma->ChannelIndex);
 1648              		.loc 1 522 5 is_stmt 1 view .LVU481
 522:../../../../../../Drivers/PY32E407_HAL_Driver/Src/py32e407_hal_dma.c ****     hdma->DmaBaseAddress->CLEARERR = (DMA_CLEARERR_CLEAR_0 << hdma->ChannelIndex);
 1649              		.loc 1 522 75 is_stmt 0 view .LVU482
 1650 0136 A26E     		ldr	r2, [r4, #104]
 522:../../../../../../Drivers/PY32E407_HAL_Driver/Src/py32e407_hal_dma.c ****     hdma->DmaBaseAddress->CLEARERR = (DMA_CLEARERR_CLEAR_0 << hdma->ChannelIndex);
 1651              		.loc 1 522 9 view .LVU483
 1652 0138 616E     		ldr	r1, [r4, #100]
 522:../../../../../../Drivers/PY32E407_HAL_Driver/Src/py32e407_hal_dma.c ****     hdma->DmaBaseAddress->CLEARERR = (DMA_CLEARERR_CLEAR_0 << hdma->ChannelIndex);
 1653              		.loc 1 522 68 view .LVU484
 1654 013a 03FA02F2 		lsl	r2, r3, r2
 522:../../../../../../Drivers/PY32E407_HAL_Driver/Src/py32e407_hal_dma.c ****     hdma->DmaBaseAddress->CLEARERR = (DMA_CLEARERR_CLEAR_0 << hdma->ChannelIndex);
 1655              		.loc 1 522 40 view .LVU485
 1656 013e C1F85023 		str	r2, [r1, #848]
 523:../../../../../../Drivers/PY32E407_HAL_Driver/Src/py32e407_hal_dma.c ****   }
 1657              		.loc 1 523 5 is_stmt 1 view .LVU486
 523:../../../../../../Drivers/PY32E407_HAL_Driver/Src/py32e407_hal_dma.c ****   }
 1658              		.loc 1 523 67 is_stmt 0 view .LVU487
 1659 0142 A26E     		ldr	r2, [r4, #104]
 523:../../../../../../Drivers/PY32E407_HAL_Driver/Src/py32e407_hal_dma.c ****   }
 1660              		.loc 1 523 9 view .LVU488
 1661 0144 616E     		ldr	r1, [r4, #100]
 523:../../../../../../Drivers/PY32E407_HAL_Driver/Src/py32e407_hal_dma.c ****   }
 1662              		.loc 1 523 60 view .LVU489
 1663 0146 03FA02F2 		lsl	r2, r3, r2
 523:../../../../../../Drivers/PY32E407_HAL_Driver/Src/py32e407_hal_dma.c ****   }
 1664              		.loc 1 523 36 view .LVU490
 1665 014a C1F85823 		str	r2, [r1, #856]
 526:../../../../../../Drivers/PY32E407_HAL_Driver/Src/py32e407_hal_dma.c **** 
 1666              		.loc 1 526 3 is_stmt 1 view .LVU491
 526:../../../../../../Drivers/PY32E407_HAL_Driver/Src/py32e407_hal_dma.c **** 
 1667              		.loc 1 526 15 is_stmt 0 view .LVU492
 1668 014e 84F83D30 		strb	r3, [r4, #61]
 529:../../../../../../Drivers/PY32E407_HAL_Driver/Src/py32e407_hal_dma.c ****   
 1669              		.loc 1 529 3 is_stmt 1 view .LVU493
 529:../../../../../../Drivers/PY32E407_HAL_Driver/Src/py32e407_hal_dma.c ****   
 1670              		.loc 1 529 3 view .LVU494
 1671 0152 0020     		movs	r0, #0
 1672 0154 84F83C00 		strb	r0, [r4, #60]
 529:../../../../../../Drivers/PY32E407_HAL_Driver/Src/py32e407_hal_dma.c ****   
 1673              		.loc 1 529 3 view .LVU495
 531:../../../../../../Drivers/PY32E407_HAL_Driver/Src/py32e407_hal_dma.c **** }
 1674              		.loc 1 531 3 view .LVU496
 531:../../../../../../Drivers/PY32E407_HAL_Driver/Src/py32e407_hal_dma.c **** }
 1675              		.loc 1 531 10 is_stmt 0 view .LVU497
 1676 0158 5EE7     		b	.L77
 1677              		.cfi_endproc
 1678              	.LFE140:
 1680              		.section	.text.HAL_DMA_Abort_IT,"ax",%progbits
 1681              		.align	1
ARM GAS  C:\Users\user\AppData\Local\Temp\cci4XqOd.s 			page 60


 1682              		.global	HAL_DMA_Abort_IT
 1683              		.syntax unified
 1684              		.thumb
 1685              		.thumb_func
 1687              	HAL_DMA_Abort_IT:
 1688              	.LVL54:
 1689              	.LFB141:
 541:../../../../../../Drivers/PY32E407_HAL_Driver/Src/py32e407_hal_dma.c ****   uint32_t tickstart;
 1690              		.loc 1 541 1 is_stmt 1 view -0
 1691              		.cfi_startproc
 1692              		@ args = 0, pretend = 0, frame = 0
 1693              		@ frame_needed = 0, uses_anonymous_args = 0
 541:../../../../../../Drivers/PY32E407_HAL_Driver/Src/py32e407_hal_dma.c ****   uint32_t tickstart;
 1694              		.loc 1 541 1 is_stmt 0 view .LVU499
 1695 0000 38B5     		push	{r3, r4, r5, lr}
 1696              	.LCFI15:
 1697              		.cfi_def_cfa_offset 16
 1698              		.cfi_offset 3, -16
 1699              		.cfi_offset 4, -12
 1700              		.cfi_offset 5, -8
 1701              		.cfi_offset 14, -4
 1702 0002 0446     		mov	r4, r0
 542:../../../../../../Drivers/PY32E407_HAL_Driver/Src/py32e407_hal_dma.c ****   HAL_StatusTypeDef status = HAL_OK;
 1703              		.loc 1 542 3 is_stmt 1 view .LVU500
 543:../../../../../../Drivers/PY32E407_HAL_Driver/Src/py32e407_hal_dma.c ****   
 1704              		.loc 1 543 3 view .LVU501
 1705              	.LVL55:
 545:../../../../../../Drivers/PY32E407_HAL_Driver/Src/py32e407_hal_dma.c ****   {
 1706              		.loc 1 545 3 view .LVU502
 545:../../../../../../Drivers/PY32E407_HAL_Driver/Src/py32e407_hal_dma.c ****   {
 1707              		.loc 1 545 32 is_stmt 0 view .LVU503
 1708 0004 90F83D30 		ldrb	r3, [r0, #61]	@ zero_extendqisi2
 545:../../../../../../Drivers/PY32E407_HAL_Driver/Src/py32e407_hal_dma.c ****   {
 1709              		.loc 1 545 5 view .LVU504
 1710 0008 022B     		cmp	r3, #2
 1711 000a 03D0     		beq	.L84
 548:../../../../../../Drivers/PY32E407_HAL_Driver/Src/py32e407_hal_dma.c ****         
 1712              		.loc 1 548 5 is_stmt 1 view .LVU505
 548:../../../../../../Drivers/PY32E407_HAL_Driver/Src/py32e407_hal_dma.c ****         
 1713              		.loc 1 548 21 is_stmt 0 view .LVU506
 1714 000c 0423     		movs	r3, #4
 1715 000e 0366     		str	r3, [r0, #96]
 550:../../../../../../Drivers/PY32E407_HAL_Driver/Src/py32e407_hal_dma.c ****   }
 1716              		.loc 1 550 5 is_stmt 1 view .LVU507
 1717              	.LVL56:
 550:../../../../../../Drivers/PY32E407_HAL_Driver/Src/py32e407_hal_dma.c ****   }
 1718              		.loc 1 550 12 is_stmt 0 view .LVU508
 1719 0010 0120     		movs	r0, #1
 1720              	.LVL57:
 1721              	.L85:
 610:../../../../../../Drivers/PY32E407_HAL_Driver/Src/py32e407_hal_dma.c **** 
 1722              		.loc 1 610 1 view .LVU509
 1723 0012 38BD     		pop	{r3, r4, r5, pc}
 1724              	.LVL58:
 1725              	.L84:
 555:../../../../../../Drivers/PY32E407_HAL_Driver/Src/py32e407_hal_dma.c ****     
 1726              		.loc 1 555 5 is_stmt 1 view .LVU510
ARM GAS  C:\Users\user\AppData\Local\Temp\cci4XqOd.s 			page 61


 1727 0014 0268     		ldr	r2, [r0]
 1728 0016 9368     		ldr	r3, [r2, #8]
 1729 0018 43F48073 		orr	r3, r3, #256
 1730 001c 9360     		str	r3, [r2, #8]
 557:../../../../../../Drivers/PY32E407_HAL_Driver/Src/py32e407_hal_dma.c ****     
 1731              		.loc 1 557 5 view .LVU511
 557:../../../../../../Drivers/PY32E407_HAL_Driver/Src/py32e407_hal_dma.c ****     
 1732              		.loc 1 557 17 is_stmt 0 view .LVU512
 1733 001e FFF7FEFF 		bl	HAL_GetTick
 1734              	.LVL59:
 557:../../../../../../Drivers/PY32E407_HAL_Driver/Src/py32e407_hal_dma.c ****     
 1735              		.loc 1 557 17 view .LVU513
 1736 0022 0546     		mov	r5, r0
 1737              	.LVL60:
 560:../../../../../../Drivers/PY32E407_HAL_Driver/Src/py32e407_hal_dma.c ****     {
 1738              		.loc 1 560 5 is_stmt 1 view .LVU514
 1739              	.L86:
 560:../../../../../../Drivers/PY32E407_HAL_Driver/Src/py32e407_hal_dma.c ****     {
 1740              		.loc 1 560 10 view .LVU515
 560:../../../../../../Drivers/PY32E407_HAL_Driver/Src/py32e407_hal_dma.c ****     {
 1741              		.loc 1 560 11 is_stmt 0 view .LVU516
 1742 0024 2368     		ldr	r3, [r4]
 1743 0026 9B68     		ldr	r3, [r3, #8]
 560:../../../../../../Drivers/PY32E407_HAL_Driver/Src/py32e407_hal_dma.c ****     {
 1744              		.loc 1 560 10 view .LVU517
 1745 0028 13F4007F 		tst	r3, #512
 1746 002c 07D1     		bne	.L91
 563:../../../../../../Drivers/PY32E407_HAL_Driver/Src/py32e407_hal_dma.c ****       {
 1747              		.loc 1 563 7 is_stmt 1 view .LVU518
 563:../../../../../../Drivers/PY32E407_HAL_Driver/Src/py32e407_hal_dma.c ****       {
 1748              		.loc 1 563 12 is_stmt 0 view .LVU519
 1749 002e FFF7FEFF 		bl	HAL_GetTick
 1750              	.LVL61:
 563:../../../../../../Drivers/PY32E407_HAL_Driver/Src/py32e407_hal_dma.c ****       {
 1751              		.loc 1 563 26 view .LVU520
 1752 0032 401B     		subs	r0, r0, r5
 563:../../../../../../Drivers/PY32E407_HAL_Driver/Src/py32e407_hal_dma.c ****       {
 1753              		.loc 1 563 10 view .LVU521
 1754 0034 B0F5FA6F 		cmp	r0, #2000
 1755 0038 F4D3     		bcc	.L86
 565:../../../../../../Drivers/PY32E407_HAL_Driver/Src/py32e407_hal_dma.c ****       }
 1756              		.loc 1 565 16 view .LVU522
 1757 003a 0120     		movs	r0, #1
 1758 003c E9E7     		b	.L85
 1759              	.L91:
 570:../../../../../../Drivers/PY32E407_HAL_Driver/Src/py32e407_hal_dma.c ****                (DMA_MASKTFR_INT_MASK_WE_0 << hdma->ChannelIndex));
 1760              		.loc 1 570 5 is_stmt 1 view .LVU523
 1761 003e 656E     		ldr	r5, [r4, #100]
 1762              	.LVL62:
 570:../../../../../../Drivers/PY32E407_HAL_Driver/Src/py32e407_hal_dma.c ****                (DMA_MASKTFR_INT_MASK_WE_0 << hdma->ChannelIndex));
 1763              		.loc 1 570 5 is_stmt 0 view .LVU524
 1764 0040 D5F81013 		ldr	r1, [r5, #784]
 1765 0044 A06E     		ldr	r0, [r4, #104]
 1766 0046 40F20112 		movw	r2, #257
 1767 004a 02FA00F3 		lsl	r3, r2, r0
 1768 004e 21EA0301 		bic	r1, r1, r3
 1769 0052 4FF48073 		mov	r3, #256
ARM GAS  C:\Users\user\AppData\Local\Temp\cci4XqOd.s 			page 62


 1770 0056 03FA00F0 		lsl	r0, r3, r0
 1771 005a 0143     		orrs	r1, r1, r0
 1772 005c C5F81013 		str	r1, [r5, #784]
 572:../../../../../../Drivers/PY32E407_HAL_Driver/Src/py32e407_hal_dma.c ****                (DMA_MASKBLOCK_INT_MASK_WE_0 << hdma->ChannelIndex));
 1773              		.loc 1 572 5 is_stmt 1 view .LVU525
 1774 0060 656E     		ldr	r5, [r4, #100]
 1775 0062 D5F81813 		ldr	r1, [r5, #792]
 1776 0066 A06E     		ldr	r0, [r4, #104]
 1777 0068 02FA00FC 		lsl	ip, r2, r0
 1778 006c 21EA0C01 		bic	r1, r1, ip
 1779 0070 03FA00F0 		lsl	r0, r3, r0
 1780 0074 0143     		orrs	r1, r1, r0
 1781 0076 C5F81813 		str	r1, [r5, #792]
 574:../../../../../../Drivers/PY32E407_HAL_Driver/Src/py32e407_hal_dma.c ****              (DMA_MASKHALFBLOCK_INT_MASK_WE_0 << hdma->ChannelIndex));
 1782              		.loc 1 574 5 view .LVU526
 1783 007a 656E     		ldr	r5, [r4, #100]
 1784 007c D5F8B012 		ldr	r1, [r5, #688]
 1785 0080 A06E     		ldr	r0, [r4, #104]
 1786 0082 02FA00FC 		lsl	ip, r2, r0
 1787 0086 21EA0C01 		bic	r1, r1, ip
 1788 008a 03FA00F0 		lsl	r0, r3, r0
 1789 008e 0143     		orrs	r1, r1, r0
 1790 0090 C5F8B012 		str	r1, [r5, #688]
 576:../../../../../../Drivers/PY32E407_HAL_Driver/Src/py32e407_hal_dma.c ****                (DMA_MASKSRCTRAN_INT_MASK_WE_0 << hdma->ChannelIndex));
 1791              		.loc 1 576 5 view .LVU527
 1792 0094 656E     		ldr	r5, [r4, #100]
 1793 0096 D5F82013 		ldr	r1, [r5, #800]
 1794 009a A06E     		ldr	r0, [r4, #104]
 1795 009c 02FA00FC 		lsl	ip, r2, r0
 1796 00a0 21EA0C01 		bic	r1, r1, ip
 1797 00a4 03FA00F0 		lsl	r0, r3, r0
 1798 00a8 0143     		orrs	r1, r1, r0
 1799 00aa C5F82013 		str	r1, [r5, #800]
 578:../../../../../../Drivers/PY32E407_HAL_Driver/Src/py32e407_hal_dma.c ****                (DMA_MASKDSTTRAN_INT_MASK_WE_0 << hdma->ChannelIndex));
 1800              		.loc 1 578 5 view .LVU528
 1801 00ae 656E     		ldr	r5, [r4, #100]
 1802 00b0 D5F82813 		ldr	r1, [r5, #808]
 1803 00b4 A06E     		ldr	r0, [r4, #104]
 1804 00b6 02FA00FC 		lsl	ip, r2, r0
 1805 00ba 21EA0C01 		bic	r1, r1, ip
 1806 00be 03FA00F0 		lsl	r0, r3, r0
 1807 00c2 0143     		orrs	r1, r1, r0
 1808 00c4 C5F82813 		str	r1, [r5, #808]
 580:../../../../../../Drivers/PY32E407_HAL_Driver/Src/py32e407_hal_dma.c ****                (DMA_MASKERR_INT_MASK_WE_0 << hdma->ChannelIndex));
 1809              		.loc 1 580 5 view .LVU529
 1810 00c8 656E     		ldr	r5, [r4, #100]
 1811 00ca D5F83013 		ldr	r1, [r5, #816]
 1812 00ce A06E     		ldr	r0, [r4, #104]
 1813 00d0 02FA00FC 		lsl	ip, r2, r0
 1814 00d4 21EA0C01 		bic	r1, r1, ip
 1815 00d8 03FA00F0 		lsl	r0, r3, r0
 1816 00dc 0143     		orrs	r1, r1, r0
 1817 00de C5F83013 		str	r1, [r5, #816]
 583:../../../../../../Drivers/PY32E407_HAL_Driver/Src/py32e407_hal_dma.c **** 
 1818              		.loc 1 583 5 view .LVU530
 1819 00e2 2068     		ldr	r0, [r4]
 1820 00e4 0168     		ldr	r1, [r0]
ARM GAS  C:\Users\user\AppData\Local\Temp\cci4XqOd.s 			page 63


 1821 00e6 21F00101 		bic	r1, r1, #1
 1822 00ea 0160     		str	r1, [r0]
 586:../../../../../../Drivers/PY32E407_HAL_Driver/Src/py32e407_hal_dma.c ****                (DMA_CH_EN_CH_EN_WE_0 << hdma->ChannelIndex));
 1823              		.loc 1 586 5 view .LVU531
 1824 00ec 606E     		ldr	r0, [r4, #100]
 1825 00ee 8168     		ldr	r1, [r0, #8]
 1826 00f0 A56E     		ldr	r5, [r4, #104]
 1827 00f2 AA40     		lsls	r2, r2, r5
 1828 00f4 21EA0202 		bic	r2, r1, r2
 1829 00f8 AB40     		lsls	r3, r3, r5
 1830 00fa 1343     		orrs	r3, r3, r2
 1831 00fc 8360     		str	r3, [r0, #8]
 590:../../../../../../Drivers/PY32E407_HAL_Driver/Src/py32e407_hal_dma.c ****     hdma->DmaBaseAddress->CLEARBLOCK = (DMA_CLEARBLOCK_CLEAR_0 << hdma->ChannelIndex);
 1832              		.loc 1 590 5 view .LVU532
 590:../../../../../../Drivers/PY32E407_HAL_Driver/Src/py32e407_hal_dma.c ****     hdma->DmaBaseAddress->CLEARBLOCK = (DMA_CLEARBLOCK_CLEAR_0 << hdma->ChannelIndex);
 1833              		.loc 1 590 67 is_stmt 0 view .LVU533
 1834 00fe A26E     		ldr	r2, [r4, #104]
 590:../../../../../../Drivers/PY32E407_HAL_Driver/Src/py32e407_hal_dma.c ****     hdma->DmaBaseAddress->CLEARBLOCK = (DMA_CLEARBLOCK_CLEAR_0 << hdma->ChannelIndex);
 1835              		.loc 1 590 9 view .LVU534
 1836 0100 616E     		ldr	r1, [r4, #100]
 590:../../../../../../Drivers/PY32E407_HAL_Driver/Src/py32e407_hal_dma.c ****     hdma->DmaBaseAddress->CLEARBLOCK = (DMA_CLEARBLOCK_CLEAR_0 << hdma->ChannelIndex);
 1837              		.loc 1 590 60 view .LVU535
 1838 0102 0123     		movs	r3, #1
 1839 0104 03FA02F2 		lsl	r2, r3, r2
 590:../../../../../../Drivers/PY32E407_HAL_Driver/Src/py32e407_hal_dma.c ****     hdma->DmaBaseAddress->CLEARBLOCK = (DMA_CLEARBLOCK_CLEAR_0 << hdma->ChannelIndex);
 1840              		.loc 1 590 36 view .LVU536
 1841 0108 C1F83823 		str	r2, [r1, #824]
 591:../../../../../../Drivers/PY32E407_HAL_Driver/Src/py32e407_hal_dma.c ****     hdma->DmaBaseAddress->CLEARHALFBLOCK = (DMA_CLEARHALFBLOCK_CLEAR_0 << hdma->ChannelIndex);
 1842              		.loc 1 591 5 is_stmt 1 view .LVU537
 591:../../../../../../Drivers/PY32E407_HAL_Driver/Src/py32e407_hal_dma.c ****     hdma->DmaBaseAddress->CLEARHALFBLOCK = (DMA_CLEARHALFBLOCK_CLEAR_0 << hdma->ChannelIndex);
 1843              		.loc 1 591 71 is_stmt 0 view .LVU538
 1844 010c A26E     		ldr	r2, [r4, #104]
 591:../../../../../../Drivers/PY32E407_HAL_Driver/Src/py32e407_hal_dma.c ****     hdma->DmaBaseAddress->CLEARHALFBLOCK = (DMA_CLEARHALFBLOCK_CLEAR_0 << hdma->ChannelIndex);
 1845              		.loc 1 591 9 view .LVU539
 1846 010e 616E     		ldr	r1, [r4, #100]
 591:../../../../../../Drivers/PY32E407_HAL_Driver/Src/py32e407_hal_dma.c ****     hdma->DmaBaseAddress->CLEARHALFBLOCK = (DMA_CLEARHALFBLOCK_CLEAR_0 << hdma->ChannelIndex);
 1847              		.loc 1 591 64 view .LVU540
 1848 0110 03FA02F2 		lsl	r2, r3, r2
 591:../../../../../../Drivers/PY32E407_HAL_Driver/Src/py32e407_hal_dma.c ****     hdma->DmaBaseAddress->CLEARHALFBLOCK = (DMA_CLEARHALFBLOCK_CLEAR_0 << hdma->ChannelIndex);
 1849              		.loc 1 591 38 view .LVU541
 1850 0114 C1F84023 		str	r2, [r1, #832]
 592:../../../../../../Drivers/PY32E407_HAL_Driver/Src/py32e407_hal_dma.c ****     hdma->DmaBaseAddress->CLEARSRCTRAN = (DMA_CLEARSRCTRAN_CLEAR_0 << hdma->ChannelIndex);
 1851              		.loc 1 592 5 is_stmt 1 view .LVU542
 592:../../../../../../Drivers/PY32E407_HAL_Driver/Src/py32e407_hal_dma.c ****     hdma->DmaBaseAddress->CLEARSRCTRAN = (DMA_CLEARSRCTRAN_CLEAR_0 << hdma->ChannelIndex);
 1852              		.loc 1 592 79 is_stmt 0 view .LVU543
 1853 0118 A26E     		ldr	r2, [r4, #104]
 592:../../../../../../Drivers/PY32E407_HAL_Driver/Src/py32e407_hal_dma.c ****     hdma->DmaBaseAddress->CLEARSRCTRAN = (DMA_CLEARSRCTRAN_CLEAR_0 << hdma->ChannelIndex);
 1854              		.loc 1 592 9 view .LVU544
 1855 011a 616E     		ldr	r1, [r4, #100]
 592:../../../../../../Drivers/PY32E407_HAL_Driver/Src/py32e407_hal_dma.c ****     hdma->DmaBaseAddress->CLEARSRCTRAN = (DMA_CLEARSRCTRAN_CLEAR_0 << hdma->ChannelIndex);
 1856              		.loc 1 592 72 view .LVU545
 1857 011c 03FA02F2 		lsl	r2, r3, r2
 592:../../../../../../Drivers/PY32E407_HAL_Driver/Src/py32e407_hal_dma.c ****     hdma->DmaBaseAddress->CLEARSRCTRAN = (DMA_CLEARSRCTRAN_CLEAR_0 << hdma->ChannelIndex);
 1858              		.loc 1 592 42 view .LVU546
 1859 0120 C1F8B822 		str	r2, [r1, #696]
 593:../../../../../../Drivers/PY32E407_HAL_Driver/Src/py32e407_hal_dma.c ****     hdma->DmaBaseAddress->CLEARDSTTRAN = (DMA_CLEARDSTTRAN_CLEAR_0 << hdma->ChannelIndex);
 1860              		.loc 1 593 5 is_stmt 1 view .LVU547
ARM GAS  C:\Users\user\AppData\Local\Temp\cci4XqOd.s 			page 64


 593:../../../../../../Drivers/PY32E407_HAL_Driver/Src/py32e407_hal_dma.c ****     hdma->DmaBaseAddress->CLEARDSTTRAN = (DMA_CLEARDSTTRAN_CLEAR_0 << hdma->ChannelIndex);
 1861              		.loc 1 593 75 is_stmt 0 view .LVU548
 1862 0124 A26E     		ldr	r2, [r4, #104]
 593:../../../../../../Drivers/PY32E407_HAL_Driver/Src/py32e407_hal_dma.c ****     hdma->DmaBaseAddress->CLEARDSTTRAN = (DMA_CLEARDSTTRAN_CLEAR_0 << hdma->ChannelIndex);
 1863              		.loc 1 593 9 view .LVU549
 1864 0126 616E     		ldr	r1, [r4, #100]
 593:../../../../../../Drivers/PY32E407_HAL_Driver/Src/py32e407_hal_dma.c ****     hdma->DmaBaseAddress->CLEARDSTTRAN = (DMA_CLEARDSTTRAN_CLEAR_0 << hdma->ChannelIndex);
 1865              		.loc 1 593 68 view .LVU550
 1866 0128 03FA02F2 		lsl	r2, r3, r2
 593:../../../../../../Drivers/PY32E407_HAL_Driver/Src/py32e407_hal_dma.c ****     hdma->DmaBaseAddress->CLEARDSTTRAN = (DMA_CLEARDSTTRAN_CLEAR_0 << hdma->ChannelIndex);
 1867              		.loc 1 593 40 view .LVU551
 1868 012c C1F84823 		str	r2, [r1, #840]
 594:../../../../../../Drivers/PY32E407_HAL_Driver/Src/py32e407_hal_dma.c ****     hdma->DmaBaseAddress->CLEARERR = (DMA_CLEARERR_CLEAR_0 << hdma->ChannelIndex);
 1869              		.loc 1 594 5 is_stmt 1 view .LVU552
 594:../../../../../../Drivers/PY32E407_HAL_Driver/Src/py32e407_hal_dma.c ****     hdma->DmaBaseAddress->CLEARERR = (DMA_CLEARERR_CLEAR_0 << hdma->ChannelIndex);
 1870              		.loc 1 594 75 is_stmt 0 view .LVU553
 1871 0130 A26E     		ldr	r2, [r4, #104]
 594:../../../../../../Drivers/PY32E407_HAL_Driver/Src/py32e407_hal_dma.c ****     hdma->DmaBaseAddress->CLEARERR = (DMA_CLEARERR_CLEAR_0 << hdma->ChannelIndex);
 1872              		.loc 1 594 9 view .LVU554
 1873 0132 616E     		ldr	r1, [r4, #100]
 594:../../../../../../Drivers/PY32E407_HAL_Driver/Src/py32e407_hal_dma.c ****     hdma->DmaBaseAddress->CLEARERR = (DMA_CLEARERR_CLEAR_0 << hdma->ChannelIndex);
 1874              		.loc 1 594 68 view .LVU555
 1875 0134 03FA02F2 		lsl	r2, r3, r2
 594:../../../../../../Drivers/PY32E407_HAL_Driver/Src/py32e407_hal_dma.c ****     hdma->DmaBaseAddress->CLEARERR = (DMA_CLEARERR_CLEAR_0 << hdma->ChannelIndex);
 1876              		.loc 1 594 40 view .LVU556
 1877 0138 C1F85023 		str	r2, [r1, #848]
 595:../../../../../../Drivers/PY32E407_HAL_Driver/Src/py32e407_hal_dma.c **** 
 1878              		.loc 1 595 5 is_stmt 1 view .LVU557
 595:../../../../../../Drivers/PY32E407_HAL_Driver/Src/py32e407_hal_dma.c **** 
 1879              		.loc 1 595 67 is_stmt 0 view .LVU558
 1880 013c A26E     		ldr	r2, [r4, #104]
 595:../../../../../../Drivers/PY32E407_HAL_Driver/Src/py32e407_hal_dma.c **** 
 1881              		.loc 1 595 9 view .LVU559
 1882 013e 616E     		ldr	r1, [r4, #100]
 595:../../../../../../Drivers/PY32E407_HAL_Driver/Src/py32e407_hal_dma.c **** 
 1883              		.loc 1 595 60 view .LVU560
 1884 0140 03FA02F2 		lsl	r2, r3, r2
 595:../../../../../../Drivers/PY32E407_HAL_Driver/Src/py32e407_hal_dma.c **** 
 1885              		.loc 1 595 36 view .LVU561
 1886 0144 C1F85823 		str	r2, [r1, #856]
 598:../../../../../../Drivers/PY32E407_HAL_Driver/Src/py32e407_hal_dma.c **** 
 1887              		.loc 1 598 5 is_stmt 1 view .LVU562
 598:../../../../../../Drivers/PY32E407_HAL_Driver/Src/py32e407_hal_dma.c **** 
 1888              		.loc 1 598 17 is_stmt 0 view .LVU563
 1889 0148 84F83D30 		strb	r3, [r4, #61]
 601:../../../../../../Drivers/PY32E407_HAL_Driver/Src/py32e407_hal_dma.c **** 
 1890              		.loc 1 601 5 is_stmt 1 view .LVU564
 601:../../../../../../Drivers/PY32E407_HAL_Driver/Src/py32e407_hal_dma.c **** 
 1891              		.loc 1 601 5 view .LVU565
 1892 014c 0023     		movs	r3, #0
 1893 014e 84F83C30 		strb	r3, [r4, #60]
 601:../../../../../../Drivers/PY32E407_HAL_Driver/Src/py32e407_hal_dma.c **** 
 1894              		.loc 1 601 5 view .LVU566
 604:../../../../../../Drivers/PY32E407_HAL_Driver/Src/py32e407_hal_dma.c ****     {
 1895              		.loc 1 604 5 view .LVU567
 604:../../../../../../Drivers/PY32E407_HAL_Driver/Src/py32e407_hal_dma.c ****     {
 1896              		.loc 1 604 12 is_stmt 0 view .LVU568
ARM GAS  C:\Users\user\AppData\Local\Temp\cci4XqOd.s 			page 65


 1897 0152 E36D     		ldr	r3, [r4, #92]
 604:../../../../../../Drivers/PY32E407_HAL_Driver/Src/py32e407_hal_dma.c ****     {
 1898              		.loc 1 604 7 view .LVU569
 1899 0154 1BB1     		cbz	r3, .L89
 606:../../../../../../Drivers/PY32E407_HAL_Driver/Src/py32e407_hal_dma.c ****     } 
 1900              		.loc 1 606 7 is_stmt 1 view .LVU570
 1901 0156 2046     		mov	r0, r4
 1902 0158 9847     		blx	r3
 1903              	.LVL63:
 543:../../../../../../Drivers/PY32E407_HAL_Driver/Src/py32e407_hal_dma.c ****   
 1904              		.loc 1 543 21 is_stmt 0 view .LVU571
 1905 015a 0020     		movs	r0, #0
 1906 015c 59E7     		b	.L85
 1907              	.L89:
 1908 015e 0020     		movs	r0, #0
 1909 0160 57E7     		b	.L85
 1910              		.cfi_endproc
 1911              	.LFE141:
 1913              		.section	.text.HAL_DMA_PollForTransfer,"ax",%progbits
 1914              		.align	1
 1915              		.global	HAL_DMA_PollForTransfer
 1916              		.syntax unified
 1917              		.thumb
 1918              		.thumb_func
 1920              	HAL_DMA_PollForTransfer:
 1921              	.LVL64:
 1922              	.LFB142:
 621:../../../../../../Drivers/PY32E407_HAL_Driver/Src/py32e407_hal_dma.c ****   __IO uint32_t *statusReg = NULL;
 1923              		.loc 1 621 1 is_stmt 1 view -0
 1924              		.cfi_startproc
 1925              		@ args = 0, pretend = 0, frame = 0
 1926              		@ frame_needed = 0, uses_anonymous_args = 0
 621:../../../../../../Drivers/PY32E407_HAL_Driver/Src/py32e407_hal_dma.c ****   __IO uint32_t *statusReg = NULL;
 1927              		.loc 1 621 1 is_stmt 0 view .LVU573
 1928 0000 2DE9F843 		push	{r3, r4, r5, r6, r7, r8, r9, lr}
 1929              	.LCFI16:
 1930              		.cfi_def_cfa_offset 32
 1931              		.cfi_offset 3, -32
 1932              		.cfi_offset 4, -28
 1933              		.cfi_offset 5, -24
 1934              		.cfi_offset 6, -20
 1935              		.cfi_offset 7, -16
 1936              		.cfi_offset 8, -12
 1937              		.cfi_offset 9, -8
 1938              		.cfi_offset 14, -4
 1939 0004 0446     		mov	r4, r0
 622:../../../../../../Drivers/PY32E407_HAL_Driver/Src/py32e407_hal_dma.c ****   uint32_t temp = 0;
 1940              		.loc 1 622 3 is_stmt 1 view .LVU574
 1941              	.LVL65:
 623:../../../../../../Drivers/PY32E407_HAL_Driver/Src/py32e407_hal_dma.c ****   uint32_t tickstart = 0U;
 1942              		.loc 1 623 3 view .LVU575
 624:../../../../../../Drivers/PY32E407_HAL_Driver/Src/py32e407_hal_dma.c **** 
 1943              		.loc 1 624 3 view .LVU576
 626:../../../../../../Drivers/PY32E407_HAL_Driver/Src/py32e407_hal_dma.c ****   {
 1944              		.loc 1 626 3 view .LVU577
 626:../../../../../../Drivers/PY32E407_HAL_Driver/Src/py32e407_hal_dma.c ****   {
 1945              		.loc 1 626 32 is_stmt 0 view .LVU578
ARM GAS  C:\Users\user\AppData\Local\Temp\cci4XqOd.s 			page 66


 1946 0006 90F83D30 		ldrb	r3, [r0, #61]	@ zero_extendqisi2
 626:../../../../../../Drivers/PY32E407_HAL_Driver/Src/py32e407_hal_dma.c ****   {
 1947              		.loc 1 626 5 view .LVU579
 1948 000a 022B     		cmp	r3, #2
 1949 000c 07D0     		beq	.L93
 629:../../../../../../Drivers/PY32E407_HAL_Driver/Src/py32e407_hal_dma.c ****     __HAL_UNLOCK(hdma);
 1950              		.loc 1 629 5 is_stmt 1 view .LVU580
 629:../../../../../../Drivers/PY32E407_HAL_Driver/Src/py32e407_hal_dma.c ****     __HAL_UNLOCK(hdma);
 1951              		.loc 1 629 21 is_stmt 0 view .LVU581
 1952 000e 0423     		movs	r3, #4
 1953 0010 0366     		str	r3, [r0, #96]
 630:../../../../../../Drivers/PY32E407_HAL_Driver/Src/py32e407_hal_dma.c ****     return HAL_ERROR;
 1954              		.loc 1 630 5 is_stmt 1 view .LVU582
 630:../../../../../../Drivers/PY32E407_HAL_Driver/Src/py32e407_hal_dma.c ****     return HAL_ERROR;
 1955              		.loc 1 630 5 view .LVU583
 1956 0012 0023     		movs	r3, #0
 1957 0014 80F83C30 		strb	r3, [r0, #60]
 630:../../../../../../Drivers/PY32E407_HAL_Driver/Src/py32e407_hal_dma.c ****     return HAL_ERROR;
 1958              		.loc 1 630 5 view .LVU584
 631:../../../../../../Drivers/PY32E407_HAL_Driver/Src/py32e407_hal_dma.c ****   }
 1959              		.loc 1 631 5 view .LVU585
 631:../../../../../../Drivers/PY32E407_HAL_Driver/Src/py32e407_hal_dma.c ****   }
 1960              		.loc 1 631 12 is_stmt 0 view .LVU586
 1961 0018 0120     		movs	r0, #1
 1962              	.LVL66:
 1963              	.L94:
 749:../../../../../../Drivers/PY32E407_HAL_Driver/Src/py32e407_hal_dma.c **** 
 1964              		.loc 1 749 1 view .LVU587
 1965 001a BDE8F883 		pop	{r3, r4, r5, r6, r7, r8, r9, pc}
 1966              	.LVL67:
 1967              	.L93:
 749:../../../../../../Drivers/PY32E407_HAL_Driver/Src/py32e407_hal_dma.c **** 
 1968              		.loc 1 749 1 view .LVU588
 1969 001e 0D46     		mov	r5, r1
 1970 0020 1646     		mov	r6, r2
 635:../../../../../../Drivers/PY32E407_HAL_Driver/Src/py32e407_hal_dma.c ****   {
 1971              		.loc 1 635 3 is_stmt 1 view .LVU589
 635:../../../../../../Drivers/PY32E407_HAL_Driver/Src/py32e407_hal_dma.c ****   {
 1972              		.loc 1 635 17 is_stmt 0 view .LVU590
 1973 0022 036A     		ldr	r3, [r0, #32]
 635:../../../../../../Drivers/PY32E407_HAL_Driver/Src/py32e407_hal_dma.c ****   {
 1974              		.loc 1 635 6 view .LVU591
 1975 0024 012B     		cmp	r3, #1
 1976 0026 0CD0     		beq	.L107
 642:../../../../../../Drivers/PY32E407_HAL_Driver/Src/py32e407_hal_dma.c ****   {
 1977              		.loc 1 642 3 is_stmt 1 view .LVU592
 642:../../../../../../Drivers/PY32E407_HAL_Driver/Src/py32e407_hal_dma.c ****   {
 1978              		.loc 1 642 5 is_stmt 0 view .LVU593
 1979 0028 81B9     		cbnz	r1, .L96
 644:../../../../../../Drivers/PY32E407_HAL_Driver/Src/py32e407_hal_dma.c ****     
 1980              		.loc 1 644 5 is_stmt 1 view .LVU594
 644:../../../../../../Drivers/PY32E407_HAL_Driver/Src/py32e407_hal_dma.c ****     
 1981              		.loc 1 644 23 is_stmt 0 view .LVU595
 1982 002a 476E     		ldr	r7, [r0, #100]
 644:../../../../../../Drivers/PY32E407_HAL_Driver/Src/py32e407_hal_dma.c ****     
 1983              		.loc 1 644 15 view .LVU596
 1984 002c 07F53A77 		add	r7, r7, #744
ARM GAS  C:\Users\user\AppData\Local\Temp\cci4XqOd.s 			page 67


 1985              	.LVL68:
 647:../../../../../../Drivers/PY32E407_HAL_Driver/Src/py32e407_hal_dma.c ****   }
 1986              		.loc 1 647 5 is_stmt 1 view .LVU597
 647:../../../../../../Drivers/PY32E407_HAL_Driver/Src/py32e407_hal_dma.c ****   }
 1987              		.loc 1 647 43 is_stmt 0 view .LVU598
 1988 0030 836E     		ldr	r3, [r0, #104]
 647:../../../../../../Drivers/PY32E407_HAL_Driver/Src/py32e407_hal_dma.c ****   }
 1989              		.loc 1 647 10 view .LVU599
 1990 0032 4FF00108 		mov	r8, #1
 1991 0036 08FA03F8 		lsl	r8, r8, r3
 1992              	.LVL69:
 1993              	.L97:
 658:../../../../../../Drivers/PY32E407_HAL_Driver/Src/py32e407_hal_dma.c ****   
 1994              		.loc 1 658 3 is_stmt 1 view .LVU600
 658:../../../../../../Drivers/PY32E407_HAL_Driver/Src/py32e407_hal_dma.c ****   
 1995              		.loc 1 658 15 is_stmt 0 view .LVU601
 1996 003a FFF7FEFF 		bl	HAL_GetTick
 1997              	.LVL70:
 658:../../../../../../Drivers/PY32E407_HAL_Driver/Src/py32e407_hal_dma.c ****   
 1998              		.loc 1 658 15 view .LVU602
 1999 003e 8146     		mov	r9, r0
 2000              	.LVL71:
 660:../../../../../../Drivers/PY32E407_HAL_Driver/Src/py32e407_hal_dma.c ****   {
 2001              		.loc 1 660 3 is_stmt 1 view .LVU603
 660:../../../../../../Drivers/PY32E407_HAL_Driver/Src/py32e407_hal_dma.c ****   {
 2002              		.loc 1 660 8 is_stmt 0 view .LVU604
 2003 0040 18E0     		b	.L101
 2004              	.LVL72:
 2005              	.L107:
 637:../../../../../../Drivers/PY32E407_HAL_Driver/Src/py32e407_hal_dma.c ****     return HAL_ERROR;
 2006              		.loc 1 637 5 is_stmt 1 view .LVU605
 637:../../../../../../Drivers/PY32E407_HAL_Driver/Src/py32e407_hal_dma.c ****     return HAL_ERROR;
 2007              		.loc 1 637 21 is_stmt 0 view .LVU606
 2008 0042 4FF48073 		mov	r3, #256
 2009 0046 0366     		str	r3, [r0, #96]
 638:../../../../../../Drivers/PY32E407_HAL_Driver/Src/py32e407_hal_dma.c ****   }
 2010              		.loc 1 638 5 is_stmt 1 view .LVU607
 638:../../../../../../Drivers/PY32E407_HAL_Driver/Src/py32e407_hal_dma.c ****   }
 2011              		.loc 1 638 12 is_stmt 0 view .LVU608
 2012 0048 0120     		movs	r0, #1
 2013              	.LVL73:
 638:../../../../../../Drivers/PY32E407_HAL_Driver/Src/py32e407_hal_dma.c ****   }
 2014              		.loc 1 638 12 view .LVU609
 2015 004a E6E7     		b	.L94
 2016              	.LVL74:
 2017              	.L96:
 651:../../../../../../Drivers/PY32E407_HAL_Driver/Src/py32e407_hal_dma.c ****     
 2018              		.loc 1 651 5 is_stmt 1 view .LVU610
 651:../../../../../../Drivers/PY32E407_HAL_Driver/Src/py32e407_hal_dma.c ****     
 2019              		.loc 1 651 23 is_stmt 0 view .LVU611
 2020 004c 476E     		ldr	r7, [r0, #100]
 651:../../../../../../Drivers/PY32E407_HAL_Driver/Src/py32e407_hal_dma.c ****     
 2021              		.loc 1 651 15 view .LVU612
 2022 004e 07F52A77 		add	r7, r7, #680
 2023              	.LVL75:
 654:../../../../../../Drivers/PY32E407_HAL_Driver/Src/py32e407_hal_dma.c ****   }
 2024              		.loc 1 654 5 is_stmt 1 view .LVU613
ARM GAS  C:\Users\user\AppData\Local\Temp\cci4XqOd.s 			page 68


 654:../../../../../../Drivers/PY32E407_HAL_Driver/Src/py32e407_hal_dma.c ****   }
 2025              		.loc 1 654 49 is_stmt 0 view .LVU614
 2026 0052 836E     		ldr	r3, [r0, #104]
 654:../../../../../../Drivers/PY32E407_HAL_Driver/Src/py32e407_hal_dma.c ****   }
 2027              		.loc 1 654 10 view .LVU615
 2028 0054 4FF00108 		mov	r8, #1
 2029 0058 08FA03F8 		lsl	r8, r8, r3
 2030              	.LVL76:
 654:../../../../../../Drivers/PY32E407_HAL_Driver/Src/py32e407_hal_dma.c ****   }
 2031              		.loc 1 654 10 view .LVU616
 2032 005c EDE7     		b	.L97
 2033              	.LVL77:
 2034              	.L99:
 671:../../../../../../Drivers/PY32E407_HAL_Driver/Src/py32e407_hal_dma.c ****     {
 2035              		.loc 1 671 5 is_stmt 1 view .LVU617
 671:../../../../../../Drivers/PY32E407_HAL_Driver/Src/py32e407_hal_dma.c ****     {
 2036              		.loc 1 671 14 is_stmt 0 view .LVU618
 2037 005e 616E     		ldr	r1, [r4, #100]
 671:../../../../../../Drivers/PY32E407_HAL_Driver/Src/py32e407_hal_dma.c ****     {
 2038              		.loc 1 671 30 view .LVU619
 2039 0060 D1F80833 		ldr	r3, [r1, #776]
 671:../../../../../../Drivers/PY32E407_HAL_Driver/Src/py32e407_hal_dma.c ****     {
 2040              		.loc 1 671 75 view .LVU620
 2041 0064 A26E     		ldr	r2, [r4, #104]
 671:../../../../../../Drivers/PY32E407_HAL_Driver/Src/py32e407_hal_dma.c ****     {
 2042              		.loc 1 671 92 view .LVU621
 2043 0066 D340     		lsrs	r3, r3, r2
 671:../../../../../../Drivers/PY32E407_HAL_Driver/Src/py32e407_hal_dma.c ****     {
 2044              		.loc 1 671 8 view .LVU622
 2045 0068 13F0010F 		tst	r3, #1
 2046 006c 14D1     		bne	.L108
 696:../../../../../../Drivers/PY32E407_HAL_Driver/Src/py32e407_hal_dma.c ****     {
 2047              		.loc 1 696 5 is_stmt 1 view .LVU623
 696:../../../../../../Drivers/PY32E407_HAL_Driver/Src/py32e407_hal_dma.c ****     {
 2048              		.loc 1 696 7 is_stmt 0 view .LVU624
 2049 006e B6F1FF3F 		cmp	r6, #-1
 2050 0072 3DD1     		bne	.L109
 2051              	.L101:
 660:../../../../../../Drivers/PY32E407_HAL_Driver/Src/py32e407_hal_dma.c ****   {
 2052              		.loc 1 660 8 is_stmt 1 view .LVU625
 660:../../../../../../Drivers/PY32E407_HAL_Driver/Src/py32e407_hal_dma.c ****   {
 2053              		.loc 1 660 11 is_stmt 0 view .LVU626
 2054 0074 3B68     		ldr	r3, [r7]
 660:../../../../../../Drivers/PY32E407_HAL_Driver/Src/py32e407_hal_dma.c ****   {
 2055              		.loc 1 660 8 view .LVU627
 2056 0076 13EA080F 		tst	r3, r8
 2057 007a 4BD1     		bne	.L110
 662:../../../../../../Drivers/PY32E407_HAL_Driver/Src/py32e407_hal_dma.c ****     {
 2058              		.loc 1 662 5 is_stmt 1 view .LVU628
 662:../../../../../../Drivers/PY32E407_HAL_Driver/Src/py32e407_hal_dma.c ****     {
 2059              		.loc 1 662 7 is_stmt 0 view .LVU629
 2060 007c 002D     		cmp	r5, #0
 2061 007e EED1     		bne	.L99
 664:../../../../../../Drivers/PY32E407_HAL_Driver/Src/py32e407_hal_dma.c ****       {
 2062              		.loc 1 664 7 is_stmt 1 view .LVU630
 664:../../../../../../Drivers/PY32E407_HAL_Driver/Src/py32e407_hal_dma.c ****       {
 2063              		.loc 1 664 16 is_stmt 0 view .LVU631
ARM GAS  C:\Users\user\AppData\Local\Temp\cci4XqOd.s 			page 69


 2064 0080 636E     		ldr	r3, [r4, #100]
 664:../../../../../../Drivers/PY32E407_HAL_Driver/Src/py32e407_hal_dma.c ****       {
 2065              		.loc 1 664 32 view .LVU632
 2066 0082 D3F8F032 		ldr	r3, [r3, #752]
 664:../../../../../../Drivers/PY32E407_HAL_Driver/Src/py32e407_hal_dma.c ****       {
 2067              		.loc 1 664 81 view .LVU633
 2068 0086 A26E     		ldr	r2, [r4, #104]
 664:../../../../../../Drivers/PY32E407_HAL_Driver/Src/py32e407_hal_dma.c ****       {
 2069              		.loc 1 664 98 view .LVU634
 2070 0088 D340     		lsrs	r3, r3, r2
 664:../../../../../../Drivers/PY32E407_HAL_Driver/Src/py32e407_hal_dma.c ****       {
 2071              		.loc 1 664 10 view .LVU635
 2072 008a 13F0010F 		tst	r3, #1
 2073 008e E6D0     		beq	.L99
 667:../../../../../../Drivers/PY32E407_HAL_Driver/Src/py32e407_hal_dma.c ****       }
 2074              		.loc 1 667 9 is_stmt 1 view .LVU636
 2075 0090 2046     		mov	r0, r4
 2076 0092 FFF7FEFF 		bl	DMA_BlockTransferComplete
 2077              	.LVL78:
 2078 0096 E2E7     		b	.L99
 2079              	.L108:
 676:../../../../../../Drivers/PY32E407_HAL_Driver/Src/py32e407_hal_dma.c ****       hdma->DmaBaseAddress->CLEARBLOCK = (DMA_CLEARBLOCK_CLEAR_0 << hdma->ChannelIndex);
 2080              		.loc 1 676 7 view .LVU637
 676:../../../../../../Drivers/PY32E407_HAL_Driver/Src/py32e407_hal_dma.c ****       hdma->DmaBaseAddress->CLEARBLOCK = (DMA_CLEARBLOCK_CLEAR_0 << hdma->ChannelIndex);
 2081              		.loc 1 676 62 is_stmt 0 view .LVU638
 2082 0098 0120     		movs	r0, #1
 2083 009a 00FA02F2 		lsl	r2, r0, r2
 676:../../../../../../Drivers/PY32E407_HAL_Driver/Src/py32e407_hal_dma.c ****       hdma->DmaBaseAddress->CLEARBLOCK = (DMA_CLEARBLOCK_CLEAR_0 << hdma->ChannelIndex);
 2084              		.loc 1 676 38 view .LVU639
 2085 009e C1F83823 		str	r2, [r1, #824]
 677:../../../../../../Drivers/PY32E407_HAL_Driver/Src/py32e407_hal_dma.c ****       hdma->DmaBaseAddress->CLEARHALFBLOCK = (DMA_CLEARHALFBLOCK_CLEAR_0 << hdma->ChannelIndex);
 2086              		.loc 1 677 7 is_stmt 1 view .LVU640
 677:../../../../../../Drivers/PY32E407_HAL_Driver/Src/py32e407_hal_dma.c ****       hdma->DmaBaseAddress->CLEARHALFBLOCK = (DMA_CLEARHALFBLOCK_CLEAR_0 << hdma->ChannelIndex);
 2087              		.loc 1 677 73 is_stmt 0 view .LVU641
 2088 00a2 A36E     		ldr	r3, [r4, #104]
 677:../../../../../../Drivers/PY32E407_HAL_Driver/Src/py32e407_hal_dma.c ****       hdma->DmaBaseAddress->CLEARHALFBLOCK = (DMA_CLEARHALFBLOCK_CLEAR_0 << hdma->ChannelIndex);
 2089              		.loc 1 677 11 view .LVU642
 2090 00a4 626E     		ldr	r2, [r4, #100]
 677:../../../../../../Drivers/PY32E407_HAL_Driver/Src/py32e407_hal_dma.c ****       hdma->DmaBaseAddress->CLEARHALFBLOCK = (DMA_CLEARHALFBLOCK_CLEAR_0 << hdma->ChannelIndex);
 2091              		.loc 1 677 66 view .LVU643
 2092 00a6 00FA03F3 		lsl	r3, r0, r3
 677:../../../../../../Drivers/PY32E407_HAL_Driver/Src/py32e407_hal_dma.c ****       hdma->DmaBaseAddress->CLEARHALFBLOCK = (DMA_CLEARHALFBLOCK_CLEAR_0 << hdma->ChannelIndex);
 2093              		.loc 1 677 40 view .LVU644
 2094 00aa C2F84033 		str	r3, [r2, #832]
 678:../../../../../../Drivers/PY32E407_HAL_Driver/Src/py32e407_hal_dma.c ****       hdma->DmaBaseAddress->CLEARSRCTRAN = (DMA_CLEARSRCTRAN_CLEAR_0 << hdma->ChannelIndex);
 2095              		.loc 1 678 7 is_stmt 1 view .LVU645
 678:../../../../../../Drivers/PY32E407_HAL_Driver/Src/py32e407_hal_dma.c ****       hdma->DmaBaseAddress->CLEARSRCTRAN = (DMA_CLEARSRCTRAN_CLEAR_0 << hdma->ChannelIndex);
 2096              		.loc 1 678 81 is_stmt 0 view .LVU646
 2097 00ae A36E     		ldr	r3, [r4, #104]
 678:../../../../../../Drivers/PY32E407_HAL_Driver/Src/py32e407_hal_dma.c ****       hdma->DmaBaseAddress->CLEARSRCTRAN = (DMA_CLEARSRCTRAN_CLEAR_0 << hdma->ChannelIndex);
 2098              		.loc 1 678 11 view .LVU647
 2099 00b0 626E     		ldr	r2, [r4, #100]
 678:../../../../../../Drivers/PY32E407_HAL_Driver/Src/py32e407_hal_dma.c ****       hdma->DmaBaseAddress->CLEARSRCTRAN = (DMA_CLEARSRCTRAN_CLEAR_0 << hdma->ChannelIndex);
 2100              		.loc 1 678 74 view .LVU648
 2101 00b2 00FA03F3 		lsl	r3, r0, r3
 678:../../../../../../Drivers/PY32E407_HAL_Driver/Src/py32e407_hal_dma.c ****       hdma->DmaBaseAddress->CLEARSRCTRAN = (DMA_CLEARSRCTRAN_CLEAR_0 << hdma->ChannelIndex);
 2102              		.loc 1 678 44 view .LVU649
ARM GAS  C:\Users\user\AppData\Local\Temp\cci4XqOd.s 			page 70


 2103 00b6 C2F8B832 		str	r3, [r2, #696]
 679:../../../../../../Drivers/PY32E407_HAL_Driver/Src/py32e407_hal_dma.c ****       hdma->DmaBaseAddress->CLEARDSTTRAN = (DMA_CLEARDSTTRAN_CLEAR_0 << hdma->ChannelIndex);
 2104              		.loc 1 679 7 is_stmt 1 view .LVU650
 679:../../../../../../Drivers/PY32E407_HAL_Driver/Src/py32e407_hal_dma.c ****       hdma->DmaBaseAddress->CLEARDSTTRAN = (DMA_CLEARDSTTRAN_CLEAR_0 << hdma->ChannelIndex);
 2105              		.loc 1 679 77 is_stmt 0 view .LVU651
 2106 00ba A36E     		ldr	r3, [r4, #104]
 679:../../../../../../Drivers/PY32E407_HAL_Driver/Src/py32e407_hal_dma.c ****       hdma->DmaBaseAddress->CLEARDSTTRAN = (DMA_CLEARDSTTRAN_CLEAR_0 << hdma->ChannelIndex);
 2107              		.loc 1 679 11 view .LVU652
 2108 00bc 626E     		ldr	r2, [r4, #100]
 679:../../../../../../Drivers/PY32E407_HAL_Driver/Src/py32e407_hal_dma.c ****       hdma->DmaBaseAddress->CLEARDSTTRAN = (DMA_CLEARDSTTRAN_CLEAR_0 << hdma->ChannelIndex);
 2109              		.loc 1 679 70 view .LVU653
 2110 00be 00FA03F3 		lsl	r3, r0, r3
 679:../../../../../../Drivers/PY32E407_HAL_Driver/Src/py32e407_hal_dma.c ****       hdma->DmaBaseAddress->CLEARDSTTRAN = (DMA_CLEARDSTTRAN_CLEAR_0 << hdma->ChannelIndex);
 2111              		.loc 1 679 42 view .LVU654
 2112 00c2 C2F84833 		str	r3, [r2, #840]
 680:../../../../../../Drivers/PY32E407_HAL_Driver/Src/py32e407_hal_dma.c ****       hdma->DmaBaseAddress->CLEARERR = (DMA_CLEARERR_CLEAR_0 << hdma->ChannelIndex);
 2113              		.loc 1 680 7 is_stmt 1 view .LVU655
 680:../../../../../../Drivers/PY32E407_HAL_Driver/Src/py32e407_hal_dma.c ****       hdma->DmaBaseAddress->CLEARERR = (DMA_CLEARERR_CLEAR_0 << hdma->ChannelIndex);
 2114              		.loc 1 680 77 is_stmt 0 view .LVU656
 2115 00c6 A36E     		ldr	r3, [r4, #104]
 680:../../../../../../Drivers/PY32E407_HAL_Driver/Src/py32e407_hal_dma.c ****       hdma->DmaBaseAddress->CLEARERR = (DMA_CLEARERR_CLEAR_0 << hdma->ChannelIndex);
 2116              		.loc 1 680 11 view .LVU657
 2117 00c8 626E     		ldr	r2, [r4, #100]
 680:../../../../../../Drivers/PY32E407_HAL_Driver/Src/py32e407_hal_dma.c ****       hdma->DmaBaseAddress->CLEARERR = (DMA_CLEARERR_CLEAR_0 << hdma->ChannelIndex);
 2118              		.loc 1 680 70 view .LVU658
 2119 00ca 00FA03F3 		lsl	r3, r0, r3
 680:../../../../../../Drivers/PY32E407_HAL_Driver/Src/py32e407_hal_dma.c ****       hdma->DmaBaseAddress->CLEARERR = (DMA_CLEARERR_CLEAR_0 << hdma->ChannelIndex);
 2120              		.loc 1 680 42 view .LVU659
 2121 00ce C2F85033 		str	r3, [r2, #848]
 681:../../../../../../Drivers/PY32E407_HAL_Driver/Src/py32e407_hal_dma.c ****       
 2122              		.loc 1 681 7 is_stmt 1 view .LVU660
 681:../../../../../../Drivers/PY32E407_HAL_Driver/Src/py32e407_hal_dma.c ****       
 2123              		.loc 1 681 69 is_stmt 0 view .LVU661
 2124 00d2 A36E     		ldr	r3, [r4, #104]
 681:../../../../../../Drivers/PY32E407_HAL_Driver/Src/py32e407_hal_dma.c ****       
 2125              		.loc 1 681 11 view .LVU662
 2126 00d4 626E     		ldr	r2, [r4, #100]
 681:../../../../../../Drivers/PY32E407_HAL_Driver/Src/py32e407_hal_dma.c ****       
 2127              		.loc 1 681 62 view .LVU663
 2128 00d6 00FA03F3 		lsl	r3, r0, r3
 681:../../../../../../Drivers/PY32E407_HAL_Driver/Src/py32e407_hal_dma.c ****       
 2129              		.loc 1 681 38 view .LVU664
 2130 00da C2F85833 		str	r3, [r2, #856]
 684:../../../../../../Drivers/PY32E407_HAL_Driver/Src/py32e407_hal_dma.c **** 
 2131              		.loc 1 684 7 is_stmt 1 view .LVU665
 2132 00de 236E     		ldr	r3, [r4, #96]
 2133 00e0 0343     		orrs	r3, r3, r0
 2134 00e2 2366     		str	r3, [r4, #96]
 687:../../../../../../Drivers/PY32E407_HAL_Driver/Src/py32e407_hal_dma.c **** 
 2135              		.loc 1 687 7 view .LVU666
 687:../../../../../../Drivers/PY32E407_HAL_Driver/Src/py32e407_hal_dma.c **** 
 2136              		.loc 1 687 18 is_stmt 0 view .LVU667
 2137 00e4 84F83D00 		strb	r0, [r4, #61]
 690:../../../../../../Drivers/PY32E407_HAL_Driver/Src/py32e407_hal_dma.c **** 
 2138              		.loc 1 690 7 is_stmt 1 view .LVU668
 690:../../../../../../Drivers/PY32E407_HAL_Driver/Src/py32e407_hal_dma.c **** 
 2139              		.loc 1 690 7 view .LVU669
ARM GAS  C:\Users\user\AppData\Local\Temp\cci4XqOd.s 			page 71


 2140 00e8 0023     		movs	r3, #0
 2141 00ea 84F83C30 		strb	r3, [r4, #60]
 690:../../../../../../Drivers/PY32E407_HAL_Driver/Src/py32e407_hal_dma.c **** 
 2142              		.loc 1 690 7 view .LVU670
 692:../../../../../../Drivers/PY32E407_HAL_Driver/Src/py32e407_hal_dma.c ****     }
 2143              		.loc 1 692 7 view .LVU671
 692:../../../../../../Drivers/PY32E407_HAL_Driver/Src/py32e407_hal_dma.c ****     }
 2144              		.loc 1 692 14 is_stmt 0 view .LVU672
 2145 00ee 94E7     		b	.L94
 2146              	.L109:
 698:../../../../../../Drivers/PY32E407_HAL_Driver/Src/py32e407_hal_dma.c ****       {
 2147              		.loc 1 698 7 is_stmt 1 view .LVU673
 698:../../../../../../Drivers/PY32E407_HAL_Driver/Src/py32e407_hal_dma.c ****       {
 2148              		.loc 1 698 9 is_stmt 0 view .LVU674
 2149 00f0 2EB1     		cbz	r6, .L102
 698:../../../../../../Drivers/PY32E407_HAL_Driver/Src/py32e407_hal_dma.c ****       {
 2150              		.loc 1 698 31 discriminator 1 view .LVU675
 2151 00f2 FFF7FEFF 		bl	HAL_GetTick
 2152              	.LVL79:
 698:../../../../../../Drivers/PY32E407_HAL_Driver/Src/py32e407_hal_dma.c ****       {
 2153              		.loc 1 698 45 discriminator 1 view .LVU676
 2154 00f6 A0EB0900 		sub	r0, r0, r9
 698:../../../../../../Drivers/PY32E407_HAL_Driver/Src/py32e407_hal_dma.c ****       {
 2155              		.loc 1 698 26 discriminator 1 view .LVU677
 2156 00fa B042     		cmp	r0, r6
 2157 00fc BAD9     		bls	.L101
 2158              	.L102:
 701:../../../../../../Drivers/PY32E407_HAL_Driver/Src/py32e407_hal_dma.c **** 
 2159              		.loc 1 701 9 is_stmt 1 view .LVU678
 2160 00fe 236E     		ldr	r3, [r4, #96]
 2161 0100 43F02003 		orr	r3, r3, #32
 2162 0104 2366     		str	r3, [r4, #96]
 704:../../../../../../Drivers/PY32E407_HAL_Driver/Src/py32e407_hal_dma.c **** 
 2163              		.loc 1 704 9 view .LVU679
 704:../../../../../../Drivers/PY32E407_HAL_Driver/Src/py32e407_hal_dma.c **** 
 2164              		.loc 1 704 21 is_stmt 0 view .LVU680
 2165 0106 0120     		movs	r0, #1
 2166 0108 84F83D00 		strb	r0, [r4, #61]
 707:../../../../../../Drivers/PY32E407_HAL_Driver/Src/py32e407_hal_dma.c **** 
 2167              		.loc 1 707 9 is_stmt 1 view .LVU681
 707:../../../../../../Drivers/PY32E407_HAL_Driver/Src/py32e407_hal_dma.c **** 
 2168              		.loc 1 707 9 view .LVU682
 2169 010c 0023     		movs	r3, #0
 2170 010e 84F83C30 		strb	r3, [r4, #60]
 707:../../../../../../Drivers/PY32E407_HAL_Driver/Src/py32e407_hal_dma.c **** 
 2171              		.loc 1 707 9 view .LVU683
 709:../../../../../../Drivers/PY32E407_HAL_Driver/Src/py32e407_hal_dma.c ****       }
 2172              		.loc 1 709 9 view .LVU684
 709:../../../../../../Drivers/PY32E407_HAL_Driver/Src/py32e407_hal_dma.c ****       }
 2173              		.loc 1 709 16 is_stmt 0 view .LVU685
 2174 0112 82E7     		b	.L94
 2175              	.L110:
 714:../../../../../../Drivers/PY32E407_HAL_Driver/Src/py32e407_hal_dma.c ****   {
 2176              		.loc 1 714 3 is_stmt 1 view .LVU686
 714:../../../../../../Drivers/PY32E407_HAL_Driver/Src/py32e407_hal_dma.c ****   {
 2177              		.loc 1 714 5 is_stmt 0 view .LVU687
 2178 0114 002D     		cmp	r5, #0
ARM GAS  C:\Users\user\AppData\Local\Temp\cci4XqOd.s 			page 72


 2179 0116 61D1     		bne	.L104
 717:../../../../../../Drivers/PY32E407_HAL_Driver/Src/py32e407_hal_dma.c ****                (DMA_MASKTFR_INT_MASK_WE_0 << hdma->ChannelIndex));
 2180              		.loc 1 717 5 is_stmt 1 view .LVU688
 2181 0118 656E     		ldr	r5, [r4, #100]
 2182              	.LVL80:
 717:../../../../../../Drivers/PY32E407_HAL_Driver/Src/py32e407_hal_dma.c ****                (DMA_MASKTFR_INT_MASK_WE_0 << hdma->ChannelIndex));
 2183              		.loc 1 717 5 is_stmt 0 view .LVU689
 2184 011a D5F81013 		ldr	r1, [r5, #784]
 2185 011e A06E     		ldr	r0, [r4, #104]
 2186 0120 40F20112 		movw	r2, #257
 2187 0124 02FA00F3 		lsl	r3, r2, r0
 2188 0128 21EA0301 		bic	r1, r1, r3
 2189 012c 4FF48073 		mov	r3, #256
 2190 0130 03FA00F0 		lsl	r0, r3, r0
 2191 0134 0143     		orrs	r1, r1, r0
 2192 0136 C5F81013 		str	r1, [r5, #784]
 719:../../../../../../Drivers/PY32E407_HAL_Driver/Src/py32e407_hal_dma.c ****                (DMA_MASKBLOCK_INT_MASK_WE_0 << hdma->ChannelIndex));
 2193              		.loc 1 719 5 is_stmt 1 view .LVU690
 2194 013a 656E     		ldr	r5, [r4, #100]
 2195 013c D5F81813 		ldr	r1, [r5, #792]
 2196 0140 A06E     		ldr	r0, [r4, #104]
 2197 0142 02FA00F6 		lsl	r6, r2, r0
 2198              	.LVL81:
 719:../../../../../../Drivers/PY32E407_HAL_Driver/Src/py32e407_hal_dma.c ****                (DMA_MASKBLOCK_INT_MASK_WE_0 << hdma->ChannelIndex));
 2199              		.loc 1 719 5 is_stmt 0 view .LVU691
 2200 0146 21EA0601 		bic	r1, r1, r6
 2201 014a 03FA00F0 		lsl	r0, r3, r0
 2202 014e 0143     		orrs	r1, r1, r0
 2203 0150 C5F81813 		str	r1, [r5, #792]
 721:../../../../../../Drivers/PY32E407_HAL_Driver/Src/py32e407_hal_dma.c ****              (DMA_MASKHALFBLOCK_INT_MASK_WE_0 << hdma->ChannelIndex));
 2204              		.loc 1 721 5 is_stmt 1 view .LVU692
 2205 0154 656E     		ldr	r5, [r4, #100]
 2206 0156 D5F8B012 		ldr	r1, [r5, #688]
 2207 015a A06E     		ldr	r0, [r4, #104]
 2208 015c 02FA00F6 		lsl	r6, r2, r0
 2209 0160 21EA0601 		bic	r1, r1, r6
 2210 0164 03FA00F0 		lsl	r0, r3, r0
 2211 0168 0143     		orrs	r1, r1, r0
 2212 016a C5F8B012 		str	r1, [r5, #688]
 723:../../../../../../Drivers/PY32E407_HAL_Driver/Src/py32e407_hal_dma.c ****                (DMA_MASKSRCTRAN_INT_MASK_WE_0 << hdma->ChannelIndex));
 2213              		.loc 1 723 5 view .LVU693
 2214 016e 656E     		ldr	r5, [r4, #100]
 2215 0170 D5F82013 		ldr	r1, [r5, #800]
 2216 0174 A06E     		ldr	r0, [r4, #104]
 2217 0176 02FA00F6 		lsl	r6, r2, r0
 2218 017a 21EA0601 		bic	r1, r1, r6
 2219 017e 03FA00F0 		lsl	r0, r3, r0
 2220 0182 0143     		orrs	r1, r1, r0
 2221 0184 C5F82013 		str	r1, [r5, #800]
 725:../../../../../../Drivers/PY32E407_HAL_Driver/Src/py32e407_hal_dma.c ****                (DMA_MASKDSTTRAN_INT_MASK_WE_0 << hdma->ChannelIndex));
 2222              		.loc 1 725 5 view .LVU694
 2223 0188 656E     		ldr	r5, [r4, #100]
 2224 018a D5F82813 		ldr	r1, [r5, #808]
 2225 018e A06E     		ldr	r0, [r4, #104]
 2226 0190 02FA00F6 		lsl	r6, r2, r0
 2227 0194 21EA0601 		bic	r1, r1, r6
 2228 0198 03FA00F0 		lsl	r0, r3, r0
ARM GAS  C:\Users\user\AppData\Local\Temp\cci4XqOd.s 			page 73


 2229 019c 0143     		orrs	r1, r1, r0
 2230 019e C5F82813 		str	r1, [r5, #808]
 727:../../../../../../Drivers/PY32E407_HAL_Driver/Src/py32e407_hal_dma.c ****                (DMA_MASKERR_INT_MASK_WE_0 << hdma->ChannelIndex));
 2231              		.loc 1 727 5 view .LVU695
 2232 01a2 606E     		ldr	r0, [r4, #100]
 2233 01a4 D0F83013 		ldr	r1, [r0, #816]
 2234 01a8 A56E     		ldr	r5, [r4, #104]
 2235 01aa AA40     		lsls	r2, r2, r5
 2236 01ac 21EA0202 		bic	r2, r1, r2
 2237 01b0 AB40     		lsls	r3, r3, r5
 2238 01b2 1343     		orrs	r3, r3, r2
 2239 01b4 C0F83033 		str	r3, [r0, #816]
 730:../../../../../../Drivers/PY32E407_HAL_Driver/Src/py32e407_hal_dma.c ****     
 2240              		.loc 1 730 5 view .LVU696
 2241 01b8 2268     		ldr	r2, [r4]
 2242 01ba 1368     		ldr	r3, [r2]
 2243 01bc 23F00103 		bic	r3, r3, #1
 2244 01c0 1360     		str	r3, [r2]
 733:../../../../../../Drivers/PY32E407_HAL_Driver/Src/py32e407_hal_dma.c **** 
 2245              		.loc 1 733 5 view .LVU697
 733:../../../../../../Drivers/PY32E407_HAL_Driver/Src/py32e407_hal_dma.c **** 
 2246              		.loc 1 733 67 is_stmt 0 view .LVU698
 2247 01c2 A36E     		ldr	r3, [r4, #104]
 733:../../../../../../Drivers/PY32E407_HAL_Driver/Src/py32e407_hal_dma.c **** 
 2248              		.loc 1 733 9 view .LVU699
 2249 01c4 616E     		ldr	r1, [r4, #100]
 733:../../../../../../Drivers/PY32E407_HAL_Driver/Src/py32e407_hal_dma.c **** 
 2250              		.loc 1 733 60 view .LVU700
 2251 01c6 0122     		movs	r2, #1
 2252 01c8 02FA03F3 		lsl	r3, r2, r3
 733:../../../../../../Drivers/PY32E407_HAL_Driver/Src/py32e407_hal_dma.c **** 
 2253              		.loc 1 733 36 view .LVU701
 2254 01cc C1F83833 		str	r3, [r1, #824]
 737:../../../../../../Drivers/PY32E407_HAL_Driver/Src/py32e407_hal_dma.c ****   }
 2255              		.loc 1 737 5 is_stmt 1 view .LVU702
 737:../../../../../../Drivers/PY32E407_HAL_Driver/Src/py32e407_hal_dma.c ****   }
 2256              		.loc 1 737 17 is_stmt 0 view .LVU703
 2257 01d0 84F83D20 		strb	r2, [r4, #61]
 2258              	.L105:
 746:../../../../../../Drivers/PY32E407_HAL_Driver/Src/py32e407_hal_dma.c **** 
 2259              		.loc 1 746 3 is_stmt 1 view .LVU704
 746:../../../../../../Drivers/PY32E407_HAL_Driver/Src/py32e407_hal_dma.c **** 
 2260              		.loc 1 746 3 view .LVU705
 2261 01d4 0020     		movs	r0, #0
 2262 01d6 84F83C00 		strb	r0, [r4, #60]
 746:../../../../../../Drivers/PY32E407_HAL_Driver/Src/py32e407_hal_dma.c **** 
 2263              		.loc 1 746 3 view .LVU706
 748:../../../../../../Drivers/PY32E407_HAL_Driver/Src/py32e407_hal_dma.c **** }
 2264              		.loc 1 748 3 view .LVU707
 748:../../../../../../Drivers/PY32E407_HAL_Driver/Src/py32e407_hal_dma.c **** }
 2265              		.loc 1 748 10 is_stmt 0 view .LVU708
 2266 01da 1EE7     		b	.L94
 2267              	.LVL82:
 2268              	.L104:
 742:../../../../../../Drivers/PY32E407_HAL_Driver/Src/py32e407_hal_dma.c ****   }
 2269              		.loc 1 742 5 is_stmt 1 view .LVU709
 742:../../../../../../Drivers/PY32E407_HAL_Driver/Src/py32e407_hal_dma.c ****   }
ARM GAS  C:\Users\user\AppData\Local\Temp\cci4XqOd.s 			page 74


 2270              		.loc 1 742 79 is_stmt 0 view .LVU710
 2271 01dc A16E     		ldr	r1, [r4, #104]
 742:../../../../../../Drivers/PY32E407_HAL_Driver/Src/py32e407_hal_dma.c ****   }
 2272              		.loc 1 742 9 view .LVU711
 2273 01de 626E     		ldr	r2, [r4, #100]
 742:../../../../../../Drivers/PY32E407_HAL_Driver/Src/py32e407_hal_dma.c ****   }
 2274              		.loc 1 742 72 view .LVU712
 2275 01e0 0123     		movs	r3, #1
 2276 01e2 8B40     		lsls	r3, r3, r1
 742:../../../../../../Drivers/PY32E407_HAL_Driver/Src/py32e407_hal_dma.c ****   }
 2277              		.loc 1 742 42 view .LVU713
 2278 01e4 C2F8B832 		str	r3, [r2, #696]
 2279 01e8 F4E7     		b	.L105
 2280              		.cfi_endproc
 2281              	.LFE142:
 2283              		.section	.text.HAL_DMA_IRQHandler,"ax",%progbits
 2284              		.align	1
 2285              		.global	HAL_DMA_IRQHandler
 2286              		.syntax unified
 2287              		.thumb
 2288              		.thumb_func
 2290              	HAL_DMA_IRQHandler:
 2291              	.LVL83:
 2292              	.LFB143:
 758:../../../../../../Drivers/PY32E407_HAL_Driver/Src/py32e407_hal_dma.c ****   /* Source transaction completion interrupt management ******************************/
 2293              		.loc 1 758 1 is_stmt 1 view -0
 2294              		.cfi_startproc
 2295              		@ args = 0, pretend = 0, frame = 0
 2296              		@ frame_needed = 0, uses_anonymous_args = 0
 758:../../../../../../Drivers/PY32E407_HAL_Driver/Src/py32e407_hal_dma.c ****   /* Source transaction completion interrupt management ******************************/
 2297              		.loc 1 758 1 is_stmt 0 view .LVU715
 2298 0000 10B5     		push	{r4, lr}
 2299              	.LCFI17:
 2300              		.cfi_def_cfa_offset 8
 2301              		.cfi_offset 4, -8
 2302              		.cfi_offset 14, -4
 760:../../../../../../Drivers/PY32E407_HAL_Driver/Src/py32e407_hal_dma.c ****       ((hdma->DmaBaseAddress->MASKSRCTRAN & (DMA_MASKSRCTRAN_INT_MASK_0 << hdma->ChannelIndex)) != 
 2303              		.loc 1 760 3 is_stmt 1 view .LVU716
 760:../../../../../../Drivers/PY32E407_HAL_Driver/Src/py32e407_hal_dma.c ****       ((hdma->DmaBaseAddress->MASKSRCTRAN & (DMA_MASKSRCTRAN_INT_MASK_0 << hdma->ChannelIndex)) != 
 2304              		.loc 1 760 13 is_stmt 0 view .LVU717
 2305 0002 416E     		ldr	r1, [r0, #100]
 760:../../../../../../Drivers/PY32E407_HAL_Driver/Src/py32e407_hal_dma.c ****       ((hdma->DmaBaseAddress->MASKSRCTRAN & (DMA_MASKSRCTRAN_INT_MASK_0 << hdma->ChannelIndex)) != 
 2306              		.loc 1 760 29 view .LVU718
 2307 0004 D1F8F822 		ldr	r2, [r1, #760]
 760:../../../../../../Drivers/PY32E407_HAL_Driver/Src/py32e407_hal_dma.c ****       ((hdma->DmaBaseAddress->MASKSRCTRAN & (DMA_MASKSRCTRAN_INT_MASK_0 << hdma->ChannelIndex)) != 
 2308              		.loc 1 760 82 view .LVU719
 2309 0008 836E     		ldr	r3, [r0, #104]
 760:../../../../../../Drivers/PY32E407_HAL_Driver/Src/py32e407_hal_dma.c ****       ((hdma->DmaBaseAddress->MASKSRCTRAN & (DMA_MASKSRCTRAN_INT_MASK_0 << hdma->ChannelIndex)) != 
 2310              		.loc 1 760 99 view .LVU720
 2311 000a DA40     		lsrs	r2, r2, r3
 760:../../../../../../Drivers/PY32E407_HAL_Driver/Src/py32e407_hal_dma.c ****       ((hdma->DmaBaseAddress->MASKSRCTRAN & (DMA_MASKSRCTRAN_INT_MASK_0 << hdma->ChannelIndex)) != 
 2312              		.loc 1 760 6 view .LVU721
 2313 000c 12F0010F 		tst	r2, #1
 2314 0010 0ED0     		beq	.L112
 761:../../../../../../Drivers/PY32E407_HAL_Driver/Src/py32e407_hal_dma.c ****   {
 2315              		.loc 1 761 29 discriminator 1 view .LVU722
 2316 0012 D1F82023 		ldr	r2, [r1, #800]
ARM GAS  C:\Users\user\AppData\Local\Temp\cci4XqOd.s 			page 75


 761:../../../../../../Drivers/PY32E407_HAL_Driver/Src/py32e407_hal_dma.c ****   {
 2317              		.loc 1 761 97 discriminator 1 view .LVU723
 2318 0016 DA40     		lsrs	r2, r2, r3
 760:../../../../../../Drivers/PY32E407_HAL_Driver/Src/py32e407_hal_dma.c ****       ((hdma->DmaBaseAddress->MASKSRCTRAN & (DMA_MASKSRCTRAN_INT_MASK_0 << hdma->ChannelIndex)) != 
 2319              		.loc 1 760 109 discriminator 1 view .LVU724
 2320 0018 12F0010F 		tst	r2, #1
 2321 001c 08D0     		beq	.L112
 764:../../../../../../Drivers/PY32E407_HAL_Driver/Src/py32e407_hal_dma.c ****     
 2322              		.loc 1 764 5 is_stmt 1 view .LVU725
 764:../../../../../../Drivers/PY32E407_HAL_Driver/Src/py32e407_hal_dma.c ****     
 2323              		.loc 1 764 68 is_stmt 0 view .LVU726
 2324 001e 0122     		movs	r2, #1
 2325 0020 02FA03F3 		lsl	r3, r2, r3
 764:../../../../../../Drivers/PY32E407_HAL_Driver/Src/py32e407_hal_dma.c ****     
 2326              		.loc 1 764 40 view .LVU727
 2327 0024 C1F84833 		str	r3, [r1, #840]
 766:../../../../../../Drivers/PY32E407_HAL_Driver/Src/py32e407_hal_dma.c ****     {
 2328              		.loc 1 766 5 is_stmt 1 view .LVU728
 766:../../../../../../Drivers/PY32E407_HAL_Driver/Src/py32e407_hal_dma.c ****     {
 2329              		.loc 1 766 13 is_stmt 0 view .LVU729
 2330 0028 036D     		ldr	r3, [r0, #80]
 766:../../../../../../Drivers/PY32E407_HAL_Driver/Src/py32e407_hal_dma.c ****     {
 2331              		.loc 1 766 8 view .LVU730
 2332 002a 03B1     		cbz	r3, .L111
 769:../../../../../../Drivers/PY32E407_HAL_Driver/Src/py32e407_hal_dma.c ****     }
 2333              		.loc 1 769 7 is_stmt 1 view .LVU731
 2334 002c 9847     		blx	r3
 2335              	.LVL84:
 2336              	.L111:
 885:../../../../../../Drivers/PY32E407_HAL_Driver/Src/py32e407_hal_dma.c **** 
 2337              		.loc 1 885 1 is_stmt 0 view .LVU732
 2338 002e 10BD     		pop	{r4, pc}
 2339              	.LVL85:
 2340              	.L112:
 773:../../../../../../Drivers/PY32E407_HAL_Driver/Src/py32e407_hal_dma.c ****       ((hdma->DmaBaseAddress->MASKDSTTRAN & (DMA_MASKDSTTRAN_INT_MASK_0 << hdma->ChannelIndex)) != 
 2341              		.loc 1 773 8 is_stmt 1 view .LVU733
 773:../../../../../../Drivers/PY32E407_HAL_Driver/Src/py32e407_hal_dma.c ****       ((hdma->DmaBaseAddress->MASKDSTTRAN & (DMA_MASKDSTTRAN_INT_MASK_0 << hdma->ChannelIndex)) != 
 2342              		.loc 1 773 34 is_stmt 0 view .LVU734
 2343 0030 D1F80023 		ldr	r2, [r1, #768]
 773:../../../../../../Drivers/PY32E407_HAL_Driver/Src/py32e407_hal_dma.c ****       ((hdma->DmaBaseAddress->MASKDSTTRAN & (DMA_MASKDSTTRAN_INT_MASK_0 << hdma->ChannelIndex)) != 
 2344              		.loc 1 773 104 view .LVU735
 2345 0034 DA40     		lsrs	r2, r2, r3
 773:../../../../../../Drivers/PY32E407_HAL_Driver/Src/py32e407_hal_dma.c ****       ((hdma->DmaBaseAddress->MASKDSTTRAN & (DMA_MASKDSTTRAN_INT_MASK_0 << hdma->ChannelIndex)) != 
 2346              		.loc 1 773 11 view .LVU736
 2347 0036 12F0010F 		tst	r2, #1
 2348 003a 0FD0     		beq	.L114
 774:../../../../../../Drivers/PY32E407_HAL_Driver/Src/py32e407_hal_dma.c ****   {
 2349              		.loc 1 774 29 discriminator 1 view .LVU737
 2350 003c D1F82823 		ldr	r2, [r1, #808]
 774:../../../../../../Drivers/PY32E407_HAL_Driver/Src/py32e407_hal_dma.c ****   {
 2351              		.loc 1 774 97 discriminator 1 view .LVU738
 2352 0040 DA40     		lsrs	r2, r2, r3
 773:../../../../../../Drivers/PY32E407_HAL_Driver/Src/py32e407_hal_dma.c ****       ((hdma->DmaBaseAddress->MASKDSTTRAN & (DMA_MASKDSTTRAN_INT_MASK_0 << hdma->ChannelIndex)) != 
 2353              		.loc 1 773 114 discriminator 1 view .LVU739
 2354 0042 12F0010F 		tst	r2, #1
 2355 0046 09D0     		beq	.L114
 777:../../../../../../Drivers/PY32E407_HAL_Driver/Src/py32e407_hal_dma.c ****     
ARM GAS  C:\Users\user\AppData\Local\Temp\cci4XqOd.s 			page 76


 2356              		.loc 1 777 5 is_stmt 1 view .LVU740
 777:../../../../../../Drivers/PY32E407_HAL_Driver/Src/py32e407_hal_dma.c ****     
 2357              		.loc 1 777 68 is_stmt 0 view .LVU741
 2358 0048 0122     		movs	r2, #1
 2359 004a 02FA03F3 		lsl	r3, r2, r3
 777:../../../../../../Drivers/PY32E407_HAL_Driver/Src/py32e407_hal_dma.c ****     
 2360              		.loc 1 777 40 view .LVU742
 2361 004e C1F85033 		str	r3, [r1, #848]
 779:../../../../../../Drivers/PY32E407_HAL_Driver/Src/py32e407_hal_dma.c ****     {
 2362              		.loc 1 779 5 is_stmt 1 view .LVU743
 779:../../../../../../Drivers/PY32E407_HAL_Driver/Src/py32e407_hal_dma.c ****     {
 2363              		.loc 1 779 13 is_stmt 0 view .LVU744
 2364 0052 436D     		ldr	r3, [r0, #84]
 779:../../../../../../Drivers/PY32E407_HAL_Driver/Src/py32e407_hal_dma.c ****     {
 2365              		.loc 1 779 8 view .LVU745
 2366 0054 002B     		cmp	r3, #0
 2367 0056 EAD0     		beq	.L111
 782:../../../../../../Drivers/PY32E407_HAL_Driver/Src/py32e407_hal_dma.c ****     }
 2368              		.loc 1 782 7 is_stmt 1 view .LVU746
 2369 0058 9847     		blx	r3
 2370              	.LVL86:
 782:../../../../../../Drivers/PY32E407_HAL_Driver/Src/py32e407_hal_dma.c ****     }
 2371              		.loc 1 782 7 is_stmt 0 view .LVU747
 2372 005a E8E7     		b	.L111
 2373              	.LVL87:
 2374              	.L114:
 786:../../../../../../Drivers/PY32E407_HAL_Driver/Src/py32e407_hal_dma.c ****       ((hdma->DmaBaseAddress->MASKHALFBLOCK & (DMA_MASKHALFBLOCK_INT_MASK_0 << hdma->ChannelIndex))
 2375              		.loc 1 786 8 is_stmt 1 view .LVU748
 786:../../../../../../Drivers/PY32E407_HAL_Driver/Src/py32e407_hal_dma.c ****       ((hdma->DmaBaseAddress->MASKHALFBLOCK & (DMA_MASKHALFBLOCK_INT_MASK_0 << hdma->ChannelIndex))
 2376              		.loc 1 786 34 is_stmt 0 view .LVU749
 2377 005c D1F8A822 		ldr	r2, [r1, #680]
 786:../../../../../../Drivers/PY32E407_HAL_Driver/Src/py32e407_hal_dma.c ****       ((hdma->DmaBaseAddress->MASKHALFBLOCK & (DMA_MASKHALFBLOCK_INT_MASK_0 << hdma->ChannelIndex))
 2378              		.loc 1 786 108 view .LVU750
 2379 0060 DA40     		lsrs	r2, r2, r3
 786:../../../../../../Drivers/PY32E407_HAL_Driver/Src/py32e407_hal_dma.c ****       ((hdma->DmaBaseAddress->MASKHALFBLOCK & (DMA_MASKHALFBLOCK_INT_MASK_0 << hdma->ChannelIndex))
 2380              		.loc 1 786 11 view .LVU751
 2381 0062 12F0010F 		tst	r2, #1
 2382 0066 0FD0     		beq	.L115
 787:../../../../../../Drivers/PY32E407_HAL_Driver/Src/py32e407_hal_dma.c ****   {
 2383              		.loc 1 787 29 discriminator 1 view .LVU752
 2384 0068 D1F8B022 		ldr	r2, [r1, #688]
 787:../../../../../../Drivers/PY32E407_HAL_Driver/Src/py32e407_hal_dma.c ****   {
 2385              		.loc 1 787 101 discriminator 1 view .LVU753
 2386 006c DA40     		lsrs	r2, r2, r3
 786:../../../../../../Drivers/PY32E407_HAL_Driver/Src/py32e407_hal_dma.c ****       ((hdma->DmaBaseAddress->MASKHALFBLOCK & (DMA_MASKHALFBLOCK_INT_MASK_0 << hdma->ChannelIndex))
 2387              		.loc 1 786 118 discriminator 1 view .LVU754
 2388 006e 12F0010F 		tst	r2, #1
 2389 0072 09D0     		beq	.L115
 790:../../../../../../Drivers/PY32E407_HAL_Driver/Src/py32e407_hal_dma.c ****     
 2390              		.loc 1 790 5 is_stmt 1 view .LVU755
 790:../../../../../../Drivers/PY32E407_HAL_Driver/Src/py32e407_hal_dma.c ****     
 2391              		.loc 1 790 72 is_stmt 0 view .LVU756
 2392 0074 0122     		movs	r2, #1
 2393 0076 02FA03F3 		lsl	r3, r2, r3
 790:../../../../../../Drivers/PY32E407_HAL_Driver/Src/py32e407_hal_dma.c ****     
 2394              		.loc 1 790 42 view .LVU757
 2395 007a C1F8B832 		str	r3, [r1, #696]
ARM GAS  C:\Users\user\AppData\Local\Temp\cci4XqOd.s 			page 77


 792:../../../../../../Drivers/PY32E407_HAL_Driver/Src/py32e407_hal_dma.c ****     {
 2396              		.loc 1 792 5 is_stmt 1 view .LVU758
 792:../../../../../../Drivers/PY32E407_HAL_Driver/Src/py32e407_hal_dma.c ****     {
 2397              		.loc 1 792 13 is_stmt 0 view .LVU759
 2398 007e C36C     		ldr	r3, [r0, #76]
 792:../../../../../../Drivers/PY32E407_HAL_Driver/Src/py32e407_hal_dma.c ****     {
 2399              		.loc 1 792 8 view .LVU760
 2400 0080 002B     		cmp	r3, #0
 2401 0082 D4D0     		beq	.L111
 795:../../../../../../Drivers/PY32E407_HAL_Driver/Src/py32e407_hal_dma.c ****     }
 2402              		.loc 1 795 7 is_stmt 1 view .LVU761
 2403 0084 9847     		blx	r3
 2404              	.LVL88:
 795:../../../../../../Drivers/PY32E407_HAL_Driver/Src/py32e407_hal_dma.c ****     }
 2405              		.loc 1 795 7 is_stmt 0 view .LVU762
 2406 0086 D2E7     		b	.L111
 2407              	.LVL89:
 2408              	.L115:
 799:../../../../../../Drivers/PY32E407_HAL_Driver/Src/py32e407_hal_dma.c ****       ((hdma->DmaBaseAddress->MASKBLOCK & (DMA_MASKBLOCK_INT_MASK_0 << hdma->ChannelIndex)) != RESE
 2409              		.loc 1 799 8 is_stmt 1 view .LVU763
 799:../../../../../../Drivers/PY32E407_HAL_Driver/Src/py32e407_hal_dma.c ****       ((hdma->DmaBaseAddress->MASKBLOCK & (DMA_MASKBLOCK_INT_MASK_0 << hdma->ChannelIndex)) != RESE
 2410              		.loc 1 799 34 is_stmt 0 view .LVU764
 2411 0088 D1F8F022 		ldr	r2, [r1, #752]
 799:../../../../../../Drivers/PY32E407_HAL_Driver/Src/py32e407_hal_dma.c ****       ((hdma->DmaBaseAddress->MASKBLOCK & (DMA_MASKBLOCK_INT_MASK_0 << hdma->ChannelIndex)) != RESE
 2412              		.loc 1 799 100 view .LVU765
 2413 008c DA40     		lsrs	r2, r2, r3
 799:../../../../../../Drivers/PY32E407_HAL_Driver/Src/py32e407_hal_dma.c ****       ((hdma->DmaBaseAddress->MASKBLOCK & (DMA_MASKBLOCK_INT_MASK_0 << hdma->ChannelIndex)) != RESE
 2414              		.loc 1 799 11 view .LVU766
 2415 008e 12F0010F 		tst	r2, #1
 2416 0092 05D0     		beq	.L116
 800:../../../../../../Drivers/PY32E407_HAL_Driver/Src/py32e407_hal_dma.c ****   {
 2417              		.loc 1 800 29 discriminator 1 view .LVU767
 2418 0094 D1F81823 		ldr	r2, [r1, #792]
 800:../../../../../../Drivers/PY32E407_HAL_Driver/Src/py32e407_hal_dma.c ****   {
 2419              		.loc 1 800 93 discriminator 1 view .LVU768
 2420 0098 DA40     		lsrs	r2, r2, r3
 799:../../../../../../Drivers/PY32E407_HAL_Driver/Src/py32e407_hal_dma.c ****       ((hdma->DmaBaseAddress->MASKBLOCK & (DMA_MASKBLOCK_INT_MASK_0 << hdma->ChannelIndex)) != RESE
 2421              		.loc 1 799 110 discriminator 1 view .LVU769
 2422 009a 12F0010F 		tst	r2, #1
 2423 009e 72D1     		bne	.L119
 2424              	.L116:
 805:../../../../../../Drivers/PY32E407_HAL_Driver/Src/py32e407_hal_dma.c ****       ((hdma->DmaBaseAddress->MASKTFR & (DMA_MASKTFR_INT_MASK_0 << hdma->ChannelIndex)) != RESET))
 2425              		.loc 1 805 8 is_stmt 1 view .LVU770
 805:../../../../../../Drivers/PY32E407_HAL_Driver/Src/py32e407_hal_dma.c ****       ((hdma->DmaBaseAddress->MASKTFR & (DMA_MASKTFR_INT_MASK_0 << hdma->ChannelIndex)) != RESET))
 2426              		.loc 1 805 34 is_stmt 0 view .LVU771
 2427 00a0 D1F8E822 		ldr	r2, [r1, #744]
 805:../../../../../../Drivers/PY32E407_HAL_Driver/Src/py32e407_hal_dma.c ****       ((hdma->DmaBaseAddress->MASKTFR & (DMA_MASKTFR_INT_MASK_0 << hdma->ChannelIndex)) != RESET))
 2428              		.loc 1 805 96 view .LVU772
 2429 00a4 DA40     		lsrs	r2, r2, r3
 805:../../../../../../Drivers/PY32E407_HAL_Driver/Src/py32e407_hal_dma.c ****       ((hdma->DmaBaseAddress->MASKTFR & (DMA_MASKTFR_INT_MASK_0 << hdma->ChannelIndex)) != RESET))
 2430              		.loc 1 805 11 view .LVU773
 2431 00a6 12F0010F 		tst	r2, #1
 2432 00aa 6FD0     		beq	.L117
 806:../../../../../../Drivers/PY32E407_HAL_Driver/Src/py32e407_hal_dma.c ****   {
 2433              		.loc 1 806 29 discriminator 1 view .LVU774
 2434 00ac D1F81023 		ldr	r2, [r1, #784]
 806:../../../../../../Drivers/PY32E407_HAL_Driver/Src/py32e407_hal_dma.c ****   {
ARM GAS  C:\Users\user\AppData\Local\Temp\cci4XqOd.s 			page 78


 2435              		.loc 1 806 89 discriminator 1 view .LVU775
 2436 00b0 DA40     		lsrs	r2, r2, r3
 805:../../../../../../Drivers/PY32E407_HAL_Driver/Src/py32e407_hal_dma.c ****       ((hdma->DmaBaseAddress->MASKTFR & (DMA_MASKTFR_INT_MASK_0 << hdma->ChannelIndex)) != RESET))
 2437              		.loc 1 805 106 discriminator 1 view .LVU776
 2438 00b2 12F0010F 		tst	r2, #1
 2439 00b6 69D0     		beq	.L117
 809:../../../../../../Drivers/PY32E407_HAL_Driver/Src/py32e407_hal_dma.c ****                (DMA_MASKTFR_INT_MASK_WE_0 << hdma->ChannelIndex));
 2440              		.loc 1 809 5 is_stmt 1 view .LVU777
 2441 00b8 D1F81023 		ldr	r2, [r1, #784]
 2442 00bc 40F2011C 		movw	ip, #257
 2443 00c0 0CFA03FE 		lsl	lr, ip, r3
 2444 00c4 22EA0E0E 		bic	lr, r2, lr
 2445 00c8 4FF48072 		mov	r2, #256
 2446 00cc 02FA03F3 		lsl	r3, r2, r3
 2447 00d0 4EEA0303 		orr	r3, lr, r3
 2448 00d4 C1F81033 		str	r3, [r1, #784]
 811:../../../../../../Drivers/PY32E407_HAL_Driver/Src/py32e407_hal_dma.c ****                (DMA_MASKBLOCK_INT_MASK_WE_0 << hdma->ChannelIndex));
 2449              		.loc 1 811 5 view .LVU778
 2450 00d8 446E     		ldr	r4, [r0, #100]
 2451 00da D4F81833 		ldr	r3, [r4, #792]
 2452 00de 816E     		ldr	r1, [r0, #104]
 2453 00e0 0CFA01FE 		lsl	lr, ip, r1
 2454 00e4 23EA0E03 		bic	r3, r3, lr
 2455 00e8 02FA01F1 		lsl	r1, r2, r1
 2456 00ec 0B43     		orrs	r3, r3, r1
 2457 00ee C4F81833 		str	r3, [r4, #792]
 813:../../../../../../Drivers/PY32E407_HAL_Driver/Src/py32e407_hal_dma.c ****              (DMA_MASKHALFBLOCK_INT_MASK_WE_0 << hdma->ChannelIndex));
 2458              		.loc 1 813 5 view .LVU779
 2459 00f2 446E     		ldr	r4, [r0, #100]
 2460 00f4 D4F8B032 		ldr	r3, [r4, #688]
 2461 00f8 816E     		ldr	r1, [r0, #104]
 2462 00fa 0CFA01FE 		lsl	lr, ip, r1
 2463 00fe 23EA0E03 		bic	r3, r3, lr
 2464 0102 02FA01F1 		lsl	r1, r2, r1
 2465 0106 0B43     		orrs	r3, r3, r1
 2466 0108 C4F8B032 		str	r3, [r4, #688]
 815:../../../../../../Drivers/PY32E407_HAL_Driver/Src/py32e407_hal_dma.c ****                (DMA_MASKSRCTRAN_INT_MASK_WE_0 << hdma->ChannelIndex));
 2467              		.loc 1 815 5 view .LVU780
 2468 010c 446E     		ldr	r4, [r0, #100]
 2469 010e D4F82033 		ldr	r3, [r4, #800]
 2470 0112 816E     		ldr	r1, [r0, #104]
 2471 0114 0CFA01FE 		lsl	lr, ip, r1
 2472 0118 23EA0E03 		bic	r3, r3, lr
 2473 011c 02FA01F1 		lsl	r1, r2, r1
 2474 0120 0B43     		orrs	r3, r3, r1
 2475 0122 C4F82033 		str	r3, [r4, #800]
 817:../../../../../../Drivers/PY32E407_HAL_Driver/Src/py32e407_hal_dma.c ****                (DMA_MASKDSTTRAN_INT_MASK_WE_0 << hdma->ChannelIndex));
 2476              		.loc 1 817 5 view .LVU781
 2477 0126 446E     		ldr	r4, [r0, #100]
 2478 0128 D4F82833 		ldr	r3, [r4, #808]
 2479 012c 816E     		ldr	r1, [r0, #104]
 2480 012e 0CFA01FE 		lsl	lr, ip, r1
 2481 0132 23EA0E03 		bic	r3, r3, lr
 2482 0136 02FA01F1 		lsl	r1, r2, r1
 2483 013a 0B43     		orrs	r3, r3, r1
 2484 013c C4F82833 		str	r3, [r4, #808]
 819:../../../../../../Drivers/PY32E407_HAL_Driver/Src/py32e407_hal_dma.c ****                (DMA_MASKERR_INT_MASK_WE_0 << hdma->ChannelIndex));
ARM GAS  C:\Users\user\AppData\Local\Temp\cci4XqOd.s 			page 79


 2485              		.loc 1 819 5 view .LVU782
 2486 0140 416E     		ldr	r1, [r0, #100]
 2487 0142 D1F83033 		ldr	r3, [r1, #816]
 2488 0146 846E     		ldr	r4, [r0, #104]
 2489 0148 0CFA04FC 		lsl	ip, ip, r4
 2490 014c 23EA0C0C 		bic	ip, r3, ip
 2491 0150 A240     		lsls	r2, r2, r4
 2492 0152 4CEA0202 		orr	r2, ip, r2
 2493 0156 C1F83023 		str	r2, [r1, #816]
 822:../../../../../../Drivers/PY32E407_HAL_Driver/Src/py32e407_hal_dma.c ****     
 2494              		.loc 1 822 5 view .LVU783
 2495 015a 0268     		ldr	r2, [r0]
 2496 015c 1368     		ldr	r3, [r2]
 2497 015e 23F00103 		bic	r3, r3, #1
 2498 0162 1360     		str	r3, [r2]
 825:../../../../../../Drivers/PY32E407_HAL_Driver/Src/py32e407_hal_dma.c ****     
 2499              		.loc 1 825 5 view .LVU784
 825:../../../../../../Drivers/PY32E407_HAL_Driver/Src/py32e407_hal_dma.c ****     
 2500              		.loc 1 825 17 is_stmt 0 view .LVU785
 2501 0164 0123     		movs	r3, #1
 2502 0166 80F83D30 		strb	r3, [r0, #61]
 828:../../../../../../Drivers/PY32E407_HAL_Driver/Src/py32e407_hal_dma.c ****     
 2503              		.loc 1 828 5 is_stmt 1 view .LVU786
 828:../../../../../../Drivers/PY32E407_HAL_Driver/Src/py32e407_hal_dma.c ****     
 2504              		.loc 1 828 67 is_stmt 0 view .LVU787
 2505 016a 816E     		ldr	r1, [r0, #104]
 828:../../../../../../Drivers/PY32E407_HAL_Driver/Src/py32e407_hal_dma.c ****     
 2506              		.loc 1 828 9 view .LVU788
 2507 016c 426E     		ldr	r2, [r0, #100]
 828:../../../../../../Drivers/PY32E407_HAL_Driver/Src/py32e407_hal_dma.c ****     
 2508              		.loc 1 828 60 view .LVU789
 2509 016e 8B40     		lsls	r3, r3, r1
 828:../../../../../../Drivers/PY32E407_HAL_Driver/Src/py32e407_hal_dma.c ****     
 2510              		.loc 1 828 36 view .LVU790
 2511 0170 C2F83833 		str	r3, [r2, #824]
 831:../../../../../../Drivers/PY32E407_HAL_Driver/Src/py32e407_hal_dma.c **** 
 2512              		.loc 1 831 5 is_stmt 1 view .LVU791
 831:../../../../../../Drivers/PY32E407_HAL_Driver/Src/py32e407_hal_dma.c **** 
 2513              		.loc 1 831 5 view .LVU792
 2514 0174 0023     		movs	r3, #0
 2515 0176 80F83C30 		strb	r3, [r0, #60]
 831:../../../../../../Drivers/PY32E407_HAL_Driver/Src/py32e407_hal_dma.c **** 
 2516              		.loc 1 831 5 view .LVU793
 833:../../../../../../Drivers/PY32E407_HAL_Driver/Src/py32e407_hal_dma.c ****     {
 2517              		.loc 1 833 5 view .LVU794
 833:../../../../../../Drivers/PY32E407_HAL_Driver/Src/py32e407_hal_dma.c ****     {
 2518              		.loc 1 833 12 is_stmt 0 view .LVU795
 2519 017a 436C     		ldr	r3, [r0, #68]
 833:../../../../../../Drivers/PY32E407_HAL_Driver/Src/py32e407_hal_dma.c ****     {
 2520              		.loc 1 833 7 view .LVU796
 2521 017c 002B     		cmp	r3, #0
 2522 017e 3FF456AF 		beq	.L111
 836:../../../../../../Drivers/PY32E407_HAL_Driver/Src/py32e407_hal_dma.c ****     }
 2523              		.loc 1 836 7 is_stmt 1 view .LVU797
 2524 0182 9847     		blx	r3
 2525              	.LVL90:
 836:../../../../../../Drivers/PY32E407_HAL_Driver/Src/py32e407_hal_dma.c ****     }
ARM GAS  C:\Users\user\AppData\Local\Temp\cci4XqOd.s 			page 80


 2526              		.loc 1 836 7 is_stmt 0 view .LVU798
 2527 0184 53E7     		b	.L111
 2528              	.LVL91:
 2529              	.L119:
 802:../../../../../../Drivers/PY32E407_HAL_Driver/Src/py32e407_hal_dma.c ****   }
 2530              		.loc 1 802 5 is_stmt 1 view .LVU799
 2531 0186 FFF7FEFF 		bl	DMA_BlockTransferComplete
 2532              	.LVL92:
 802:../../../../../../Drivers/PY32E407_HAL_Driver/Src/py32e407_hal_dma.c ****   }
 2533              		.loc 1 802 5 is_stmt 0 view .LVU800
 2534 018a 50E7     		b	.L111
 2535              	.LVL93:
 2536              	.L117:
 840:../../../../../../Drivers/PY32E407_HAL_Driver/Src/py32e407_hal_dma.c ****       ((hdma->DmaBaseAddress->MASKERR & (DMA_MASKERR_INT_MASK_0 << hdma->ChannelIndex)) != RESET))
 2537              		.loc 1 840 8 is_stmt 1 view .LVU801
 840:../../../../../../Drivers/PY32E407_HAL_Driver/Src/py32e407_hal_dma.c ****       ((hdma->DmaBaseAddress->MASKERR & (DMA_MASKERR_INT_MASK_0 << hdma->ChannelIndex)) != RESET))
 2538              		.loc 1 840 34 is_stmt 0 view .LVU802
 2539 018c D1F80823 		ldr	r2, [r1, #776]
 840:../../../../../../Drivers/PY32E407_HAL_Driver/Src/py32e407_hal_dma.c ****       ((hdma->DmaBaseAddress->MASKERR & (DMA_MASKERR_INT_MASK_0 << hdma->ChannelIndex)) != RESET))
 2540              		.loc 1 840 96 view .LVU803
 2541 0190 DA40     		lsrs	r2, r2, r3
 840:../../../../../../Drivers/PY32E407_HAL_Driver/Src/py32e407_hal_dma.c ****       ((hdma->DmaBaseAddress->MASKERR & (DMA_MASKERR_INT_MASK_0 << hdma->ChannelIndex)) != RESET))
 2542              		.loc 1 840 11 view .LVU804
 2543 0192 12F0010F 		tst	r2, #1
 2544 0196 3FF44AAF 		beq	.L111
 841:../../../../../../Drivers/PY32E407_HAL_Driver/Src/py32e407_hal_dma.c ****   {
 2545              		.loc 1 841 29 discriminator 1 view .LVU805
 2546 019a D1F83023 		ldr	r2, [r1, #816]
 841:../../../../../../Drivers/PY32E407_HAL_Driver/Src/py32e407_hal_dma.c ****   {
 2547              		.loc 1 841 89 discriminator 1 view .LVU806
 2548 019e DA40     		lsrs	r2, r2, r3
 840:../../../../../../Drivers/PY32E407_HAL_Driver/Src/py32e407_hal_dma.c ****       ((hdma->DmaBaseAddress->MASKERR & (DMA_MASKERR_INT_MASK_0 << hdma->ChannelIndex)) != RESET))
 2549              		.loc 1 840 106 discriminator 1 view .LVU807
 2550 01a0 12F0010F 		tst	r2, #1
 2551 01a4 3FF443AF 		beq	.L111
 846:../../../../../../Drivers/PY32E407_HAL_Driver/Src/py32e407_hal_dma.c ****                (DMA_MASKTFR_INT_MASK_WE_0 << hdma->ChannelIndex));
 2552              		.loc 1 846 5 is_stmt 1 view .LVU808
 2553 01a8 D1F81023 		ldr	r2, [r1, #784]
 2554 01ac 40F2011C 		movw	ip, #257
 2555 01b0 0CFA03FE 		lsl	lr, ip, r3
 2556 01b4 22EA0E0E 		bic	lr, r2, lr
 2557 01b8 4FF48072 		mov	r2, #256
 2558 01bc 02FA03F3 		lsl	r3, r2, r3
 2559 01c0 4EEA0303 		orr	r3, lr, r3
 2560 01c4 C1F81033 		str	r3, [r1, #784]
 848:../../../../../../Drivers/PY32E407_HAL_Driver/Src/py32e407_hal_dma.c ****                (DMA_MASKBLOCK_INT_MASK_WE_0 << hdma->ChannelIndex));
 2561              		.loc 1 848 5 view .LVU809
 2562 01c8 446E     		ldr	r4, [r0, #100]
 2563 01ca D4F81833 		ldr	r3, [r4, #792]
 2564 01ce 816E     		ldr	r1, [r0, #104]
 2565 01d0 0CFA01FE 		lsl	lr, ip, r1
 2566 01d4 23EA0E03 		bic	r3, r3, lr
 2567 01d8 02FA01F1 		lsl	r1, r2, r1
 2568 01dc 0B43     		orrs	r3, r3, r1
 2569 01de C4F81833 		str	r3, [r4, #792]
 850:../../../../../../Drivers/PY32E407_HAL_Driver/Src/py32e407_hal_dma.c ****              (DMA_MASKHALFBLOCK_INT_MASK_WE_0 << hdma->ChannelIndex));
 2570              		.loc 1 850 5 view .LVU810
ARM GAS  C:\Users\user\AppData\Local\Temp\cci4XqOd.s 			page 81


 2571 01e2 446E     		ldr	r4, [r0, #100]
 2572 01e4 D4F8B032 		ldr	r3, [r4, #688]
 2573 01e8 816E     		ldr	r1, [r0, #104]
 2574 01ea 0CFA01FE 		lsl	lr, ip, r1
 2575 01ee 23EA0E03 		bic	r3, r3, lr
 2576 01f2 02FA01F1 		lsl	r1, r2, r1
 2577 01f6 0B43     		orrs	r3, r3, r1
 2578 01f8 C4F8B032 		str	r3, [r4, #688]
 852:../../../../../../Drivers/PY32E407_HAL_Driver/Src/py32e407_hal_dma.c ****                (DMA_MASKSRCTRAN_INT_MASK_WE_0 << hdma->ChannelIndex));
 2579              		.loc 1 852 5 view .LVU811
 2580 01fc 446E     		ldr	r4, [r0, #100]
 2581 01fe D4F82033 		ldr	r3, [r4, #800]
 2582 0202 816E     		ldr	r1, [r0, #104]
 2583 0204 0CFA01FE 		lsl	lr, ip, r1
 2584 0208 23EA0E03 		bic	r3, r3, lr
 2585 020c 02FA01F1 		lsl	r1, r2, r1
 2586 0210 0B43     		orrs	r3, r3, r1
 2587 0212 C4F82033 		str	r3, [r4, #800]
 854:../../../../../../Drivers/PY32E407_HAL_Driver/Src/py32e407_hal_dma.c ****                (DMA_MASKDSTTRAN_INT_MASK_WE_0 << hdma->ChannelIndex));
 2588              		.loc 1 854 5 view .LVU812
 2589 0216 446E     		ldr	r4, [r0, #100]
 2590 0218 D4F82833 		ldr	r3, [r4, #808]
 2591 021c 816E     		ldr	r1, [r0, #104]
 2592 021e 0CFA01FE 		lsl	lr, ip, r1
 2593 0222 23EA0E03 		bic	r3, r3, lr
 2594 0226 02FA01F1 		lsl	r1, r2, r1
 2595 022a 0B43     		orrs	r3, r3, r1
 2596 022c C4F82833 		str	r3, [r4, #808]
 856:../../../../../../Drivers/PY32E407_HAL_Driver/Src/py32e407_hal_dma.c ****                (DMA_MASKERR_INT_MASK_WE_0 << hdma->ChannelIndex));
 2597              		.loc 1 856 5 view .LVU813
 2598 0230 416E     		ldr	r1, [r0, #100]
 2599 0232 D1F83033 		ldr	r3, [r1, #816]
 2600 0236 846E     		ldr	r4, [r0, #104]
 2601 0238 0CFA04FC 		lsl	ip, ip, r4
 2602 023c 23EA0C0C 		bic	ip, r3, ip
 2603 0240 A240     		lsls	r2, r2, r4
 2604 0242 4CEA0202 		orr	r2, ip, r2
 2605 0246 C1F83023 		str	r2, [r1, #816]
 859:../../../../../../Drivers/PY32E407_HAL_Driver/Src/py32e407_hal_dma.c **** 
 2606              		.loc 1 859 5 view .LVU814
 2607 024a 0268     		ldr	r2, [r0]
 2608 024c 1368     		ldr	r3, [r2]
 2609 024e 23F00103 		bic	r3, r3, #1
 2610 0252 1360     		str	r3, [r2]
 862:../../../../../../Drivers/PY32E407_HAL_Driver/Src/py32e407_hal_dma.c ****     hdma->DmaBaseAddress->CLEARBLOCK = (DMA_CLEARBLOCK_CLEAR_0 << hdma->ChannelIndex);
 2611              		.loc 1 862 5 view .LVU815
 862:../../../../../../Drivers/PY32E407_HAL_Driver/Src/py32e407_hal_dma.c ****     hdma->DmaBaseAddress->CLEARBLOCK = (DMA_CLEARBLOCK_CLEAR_0 << hdma->ChannelIndex);
 2612              		.loc 1 862 67 is_stmt 0 view .LVU816
 2613 0254 826E     		ldr	r2, [r0, #104]
 862:../../../../../../Drivers/PY32E407_HAL_Driver/Src/py32e407_hal_dma.c ****     hdma->DmaBaseAddress->CLEARBLOCK = (DMA_CLEARBLOCK_CLEAR_0 << hdma->ChannelIndex);
 2614              		.loc 1 862 9 view .LVU817
 2615 0256 416E     		ldr	r1, [r0, #100]
 862:../../../../../../Drivers/PY32E407_HAL_Driver/Src/py32e407_hal_dma.c ****     hdma->DmaBaseAddress->CLEARBLOCK = (DMA_CLEARBLOCK_CLEAR_0 << hdma->ChannelIndex);
 2616              		.loc 1 862 60 view .LVU818
 2617 0258 0123     		movs	r3, #1
 2618 025a 03FA02F2 		lsl	r2, r3, r2
 862:../../../../../../Drivers/PY32E407_HAL_Driver/Src/py32e407_hal_dma.c ****     hdma->DmaBaseAddress->CLEARBLOCK = (DMA_CLEARBLOCK_CLEAR_0 << hdma->ChannelIndex);
ARM GAS  C:\Users\user\AppData\Local\Temp\cci4XqOd.s 			page 82


 2619              		.loc 1 862 36 view .LVU819
 2620 025e C1F83823 		str	r2, [r1, #824]
 863:../../../../../../Drivers/PY32E407_HAL_Driver/Src/py32e407_hal_dma.c ****     hdma->DmaBaseAddress->CLEARHALFBLOCK = (DMA_CLEARHALFBLOCK_CLEAR_0 << hdma->ChannelIndex);
 2621              		.loc 1 863 5 is_stmt 1 view .LVU820
 863:../../../../../../Drivers/PY32E407_HAL_Driver/Src/py32e407_hal_dma.c ****     hdma->DmaBaseAddress->CLEARHALFBLOCK = (DMA_CLEARHALFBLOCK_CLEAR_0 << hdma->ChannelIndex);
 2622              		.loc 1 863 71 is_stmt 0 view .LVU821
 2623 0262 826E     		ldr	r2, [r0, #104]
 863:../../../../../../Drivers/PY32E407_HAL_Driver/Src/py32e407_hal_dma.c ****     hdma->DmaBaseAddress->CLEARHALFBLOCK = (DMA_CLEARHALFBLOCK_CLEAR_0 << hdma->ChannelIndex);
 2624              		.loc 1 863 9 view .LVU822
 2625 0264 416E     		ldr	r1, [r0, #100]
 863:../../../../../../Drivers/PY32E407_HAL_Driver/Src/py32e407_hal_dma.c ****     hdma->DmaBaseAddress->CLEARHALFBLOCK = (DMA_CLEARHALFBLOCK_CLEAR_0 << hdma->ChannelIndex);
 2626              		.loc 1 863 64 view .LVU823
 2627 0266 03FA02F2 		lsl	r2, r3, r2
 863:../../../../../../Drivers/PY32E407_HAL_Driver/Src/py32e407_hal_dma.c ****     hdma->DmaBaseAddress->CLEARHALFBLOCK = (DMA_CLEARHALFBLOCK_CLEAR_0 << hdma->ChannelIndex);
 2628              		.loc 1 863 38 view .LVU824
 2629 026a C1F84023 		str	r2, [r1, #832]
 864:../../../../../../Drivers/PY32E407_HAL_Driver/Src/py32e407_hal_dma.c ****     hdma->DmaBaseAddress->CLEARSRCTRAN = (DMA_CLEARSRCTRAN_CLEAR_0 << hdma->ChannelIndex);
 2630              		.loc 1 864 5 is_stmt 1 view .LVU825
 864:../../../../../../Drivers/PY32E407_HAL_Driver/Src/py32e407_hal_dma.c ****     hdma->DmaBaseAddress->CLEARSRCTRAN = (DMA_CLEARSRCTRAN_CLEAR_0 << hdma->ChannelIndex);
 2631              		.loc 1 864 79 is_stmt 0 view .LVU826
 2632 026e 826E     		ldr	r2, [r0, #104]
 864:../../../../../../Drivers/PY32E407_HAL_Driver/Src/py32e407_hal_dma.c ****     hdma->DmaBaseAddress->CLEARSRCTRAN = (DMA_CLEARSRCTRAN_CLEAR_0 << hdma->ChannelIndex);
 2633              		.loc 1 864 9 view .LVU827
 2634 0270 416E     		ldr	r1, [r0, #100]
 864:../../../../../../Drivers/PY32E407_HAL_Driver/Src/py32e407_hal_dma.c ****     hdma->DmaBaseAddress->CLEARSRCTRAN = (DMA_CLEARSRCTRAN_CLEAR_0 << hdma->ChannelIndex);
 2635              		.loc 1 864 72 view .LVU828
 2636 0272 03FA02F2 		lsl	r2, r3, r2
 864:../../../../../../Drivers/PY32E407_HAL_Driver/Src/py32e407_hal_dma.c ****     hdma->DmaBaseAddress->CLEARSRCTRAN = (DMA_CLEARSRCTRAN_CLEAR_0 << hdma->ChannelIndex);
 2637              		.loc 1 864 42 view .LVU829
 2638 0276 C1F8B822 		str	r2, [r1, #696]
 865:../../../../../../Drivers/PY32E407_HAL_Driver/Src/py32e407_hal_dma.c ****     hdma->DmaBaseAddress->CLEARDSTTRAN = (DMA_CLEARDSTTRAN_CLEAR_0 << hdma->ChannelIndex);
 2639              		.loc 1 865 5 is_stmt 1 view .LVU830
 865:../../../../../../Drivers/PY32E407_HAL_Driver/Src/py32e407_hal_dma.c ****     hdma->DmaBaseAddress->CLEARDSTTRAN = (DMA_CLEARDSTTRAN_CLEAR_0 << hdma->ChannelIndex);
 2640              		.loc 1 865 75 is_stmt 0 view .LVU831
 2641 027a 826E     		ldr	r2, [r0, #104]
 865:../../../../../../Drivers/PY32E407_HAL_Driver/Src/py32e407_hal_dma.c ****     hdma->DmaBaseAddress->CLEARDSTTRAN = (DMA_CLEARDSTTRAN_CLEAR_0 << hdma->ChannelIndex);
 2642              		.loc 1 865 9 view .LVU832
 2643 027c 416E     		ldr	r1, [r0, #100]
 865:../../../../../../Drivers/PY32E407_HAL_Driver/Src/py32e407_hal_dma.c ****     hdma->DmaBaseAddress->CLEARDSTTRAN = (DMA_CLEARDSTTRAN_CLEAR_0 << hdma->ChannelIndex);
 2644              		.loc 1 865 68 view .LVU833
 2645 027e 03FA02F2 		lsl	r2, r3, r2
 865:../../../../../../Drivers/PY32E407_HAL_Driver/Src/py32e407_hal_dma.c ****     hdma->DmaBaseAddress->CLEARDSTTRAN = (DMA_CLEARDSTTRAN_CLEAR_0 << hdma->ChannelIndex);
 2646              		.loc 1 865 40 view .LVU834
 2647 0282 C1F84823 		str	r2, [r1, #840]
 866:../../../../../../Drivers/PY32E407_HAL_Driver/Src/py32e407_hal_dma.c ****     hdma->DmaBaseAddress->CLEARERR = (DMA_CLEARERR_CLEAR_0 << hdma->ChannelIndex);
 2648              		.loc 1 866 5 is_stmt 1 view .LVU835
 866:../../../../../../Drivers/PY32E407_HAL_Driver/Src/py32e407_hal_dma.c ****     hdma->DmaBaseAddress->CLEARERR = (DMA_CLEARERR_CLEAR_0 << hdma->ChannelIndex);
 2649              		.loc 1 866 75 is_stmt 0 view .LVU836
 2650 0286 826E     		ldr	r2, [r0, #104]
 866:../../../../../../Drivers/PY32E407_HAL_Driver/Src/py32e407_hal_dma.c ****     hdma->DmaBaseAddress->CLEARERR = (DMA_CLEARERR_CLEAR_0 << hdma->ChannelIndex);
 2651              		.loc 1 866 9 view .LVU837
 2652 0288 416E     		ldr	r1, [r0, #100]
 866:../../../../../../Drivers/PY32E407_HAL_Driver/Src/py32e407_hal_dma.c ****     hdma->DmaBaseAddress->CLEARERR = (DMA_CLEARERR_CLEAR_0 << hdma->ChannelIndex);
 2653              		.loc 1 866 68 view .LVU838
 2654 028a 03FA02F2 		lsl	r2, r3, r2
 866:../../../../../../Drivers/PY32E407_HAL_Driver/Src/py32e407_hal_dma.c ****     hdma->DmaBaseAddress->CLEARERR = (DMA_CLEARERR_CLEAR_0 << hdma->ChannelIndex);
 2655              		.loc 1 866 40 view .LVU839
ARM GAS  C:\Users\user\AppData\Local\Temp\cci4XqOd.s 			page 83


 2656 028e C1F85023 		str	r2, [r1, #848]
 867:../../../../../../Drivers/PY32E407_HAL_Driver/Src/py32e407_hal_dma.c **** 
 2657              		.loc 1 867 5 is_stmt 1 view .LVU840
 867:../../../../../../Drivers/PY32E407_HAL_Driver/Src/py32e407_hal_dma.c **** 
 2658              		.loc 1 867 67 is_stmt 0 view .LVU841
 2659 0292 826E     		ldr	r2, [r0, #104]
 867:../../../../../../Drivers/PY32E407_HAL_Driver/Src/py32e407_hal_dma.c **** 
 2660              		.loc 1 867 9 view .LVU842
 2661 0294 416E     		ldr	r1, [r0, #100]
 867:../../../../../../Drivers/PY32E407_HAL_Driver/Src/py32e407_hal_dma.c **** 
 2662              		.loc 1 867 60 view .LVU843
 2663 0296 03FA02F2 		lsl	r2, r3, r2
 867:../../../../../../Drivers/PY32E407_HAL_Driver/Src/py32e407_hal_dma.c **** 
 2664              		.loc 1 867 36 view .LVU844
 2665 029a C1F85823 		str	r2, [r1, #856]
 870:../../../../../../Drivers/PY32E407_HAL_Driver/Src/py32e407_hal_dma.c **** 
 2666              		.loc 1 870 5 is_stmt 1 view .LVU845
 870:../../../../../../Drivers/PY32E407_HAL_Driver/Src/py32e407_hal_dma.c **** 
 2667              		.loc 1 870 21 is_stmt 0 view .LVU846
 2668 029e 0366     		str	r3, [r0, #96]
 873:../../../../../../Drivers/PY32E407_HAL_Driver/Src/py32e407_hal_dma.c **** 
 2669              		.loc 1 873 5 is_stmt 1 view .LVU847
 873:../../../../../../Drivers/PY32E407_HAL_Driver/Src/py32e407_hal_dma.c **** 
 2670              		.loc 1 873 17 is_stmt 0 view .LVU848
 2671 02a0 80F83D30 		strb	r3, [r0, #61]
 876:../../../../../../Drivers/PY32E407_HAL_Driver/Src/py32e407_hal_dma.c **** 
 2672              		.loc 1 876 5 is_stmt 1 view .LVU849
 876:../../../../../../Drivers/PY32E407_HAL_Driver/Src/py32e407_hal_dma.c **** 
 2673              		.loc 1 876 5 view .LVU850
 2674 02a4 0023     		movs	r3, #0
 2675 02a6 80F83C30 		strb	r3, [r0, #60]
 876:../../../../../../Drivers/PY32E407_HAL_Driver/Src/py32e407_hal_dma.c **** 
 2676              		.loc 1 876 5 view .LVU851
 878:../../../../../../Drivers/PY32E407_HAL_Driver/Src/py32e407_hal_dma.c ****     {
 2677              		.loc 1 878 5 view .LVU852
 878:../../../../../../Drivers/PY32E407_HAL_Driver/Src/py32e407_hal_dma.c ****     {
 2678              		.loc 1 878 13 is_stmt 0 view .LVU853
 2679 02aa 836D     		ldr	r3, [r0, #88]
 878:../../../../../../Drivers/PY32E407_HAL_Driver/Src/py32e407_hal_dma.c ****     {
 2680              		.loc 1 878 8 view .LVU854
 2681 02ac 002B     		cmp	r3, #0
 2682 02ae 3FF4BEAE 		beq	.L111
 881:../../../../../../Drivers/PY32E407_HAL_Driver/Src/py32e407_hal_dma.c ****     }
 2683              		.loc 1 881 7 is_stmt 1 view .LVU855
 2684 02b2 9847     		blx	r3
 2685              	.LVL94:
 884:../../../../../../Drivers/PY32E407_HAL_Driver/Src/py32e407_hal_dma.c **** }
 2686              		.loc 1 884 3 view .LVU856
 2687 02b4 BBE6     		b	.L111
 2688              		.cfi_endproc
 2689              	.LFE143:
 2691              		.section	.text.HAL_DMA_RegisterCallback,"ax",%progbits
 2692              		.align	1
 2693              		.global	HAL_DMA_RegisterCallback
 2694              		.syntax unified
 2695              		.thumb
 2696              		.thumb_func
ARM GAS  C:\Users\user\AppData\Local\Temp\cci4XqOd.s 			page 84


 2698              	HAL_DMA_RegisterCallback:
 2699              	.LVL95:
 2700              	.LFB144:
 898:../../../../../../Drivers/PY32E407_HAL_Driver/Src/py32e407_hal_dma.c ****   HAL_StatusTypeDef status = HAL_OK;
 2701              		.loc 1 898 1 view -0
 2702              		.cfi_startproc
 2703              		@ args = 0, pretend = 0, frame = 0
 2704              		@ frame_needed = 0, uses_anonymous_args = 0
 2705              		@ link register save eliminated.
 898:../../../../../../Drivers/PY32E407_HAL_Driver/Src/py32e407_hal_dma.c ****   HAL_StatusTypeDef status = HAL_OK;
 2706              		.loc 1 898 1 is_stmt 0 view .LVU858
 2707 0000 0346     		mov	r3, r0
 899:../../../../../../Drivers/PY32E407_HAL_Driver/Src/py32e407_hal_dma.c ****   
 2708              		.loc 1 899 3 is_stmt 1 view .LVU859
 2709              	.LVL96:
 902:../../../../../../Drivers/PY32E407_HAL_Driver/Src/py32e407_hal_dma.c ****   
 2710              		.loc 1 902 3 view .LVU860
 902:../../../../../../Drivers/PY32E407_HAL_Driver/Src/py32e407_hal_dma.c ****   
 2711              		.loc 1 902 3 view .LVU861
 2712 0002 90F83C00 		ldrb	r0, [r0, #60]	@ zero_extendqisi2
 2713              	.LVL97:
 902:../../../../../../Drivers/PY32E407_HAL_Driver/Src/py32e407_hal_dma.c ****   
 2714              		.loc 1 902 3 is_stmt 0 view .LVU862
 2715 0006 0128     		cmp	r0, #1
 2716 0008 28D0     		beq	.L131
 902:../../../../../../Drivers/PY32E407_HAL_Driver/Src/py32e407_hal_dma.c ****   
 2717              		.loc 1 902 3 is_stmt 1 discriminator 2 view .LVU863
 2718 000a 0120     		movs	r0, #1
 2719 000c 83F83C00 		strb	r0, [r3, #60]
 902:../../../../../../Drivers/PY32E407_HAL_Driver/Src/py32e407_hal_dma.c ****   
 2720              		.loc 1 902 3 discriminator 2 view .LVU864
 904:../../../../../../Drivers/PY32E407_HAL_Driver/Src/py32e407_hal_dma.c ****   {
 2721              		.loc 1 904 3 discriminator 2 view .LVU865
 904:../../../../../../Drivers/PY32E407_HAL_Driver/Src/py32e407_hal_dma.c ****   {
 2722              		.loc 1 904 33 is_stmt 0 discriminator 2 view .LVU866
 2723 0010 93F83D00 		ldrb	r0, [r3, #61]	@ zero_extendqisi2
 904:../../../../../../Drivers/PY32E407_HAL_Driver/Src/py32e407_hal_dma.c ****   {
 2724              		.loc 1 904 5 discriminator 2 view .LVU867
 2725 0014 0128     		cmp	r0, #1
 2726 0016 04D0     		beq	.L133
 943:../../../../../../Drivers/PY32E407_HAL_Driver/Src/py32e407_hal_dma.c ****   } 
 2727              		.loc 1 943 12 view .LVU868
 2728 0018 0120     		movs	r0, #1
 2729              	.L122:
 2730              	.LVL98:
 947:../../../../../../Drivers/PY32E407_HAL_Driver/Src/py32e407_hal_dma.c ****   
 2731              		.loc 1 947 3 is_stmt 1 view .LVU869
 947:../../../../../../Drivers/PY32E407_HAL_Driver/Src/py32e407_hal_dma.c ****   
 2732              		.loc 1 947 3 view .LVU870
 2733 001a 0022     		movs	r2, #0
 2734              	.LVL99:
 947:../../../../../../Drivers/PY32E407_HAL_Driver/Src/py32e407_hal_dma.c ****   
 2735              		.loc 1 947 3 is_stmt 0 view .LVU871
 2736 001c 83F83C20 		strb	r2, [r3, #60]
 947:../../../../../../Drivers/PY32E407_HAL_Driver/Src/py32e407_hal_dma.c ****   
 2737              		.loc 1 947 3 is_stmt 1 view .LVU872
 949:../../../../../../Drivers/PY32E407_HAL_Driver/Src/py32e407_hal_dma.c **** }
ARM GAS  C:\Users\user\AppData\Local\Temp\cci4XqOd.s 			page 85


 2738              		.loc 1 949 3 view .LVU873
 949:../../../../../../Drivers/PY32E407_HAL_Driver/Src/py32e407_hal_dma.c **** }
 2739              		.loc 1 949 10 is_stmt 0 view .LVU874
 2740 0020 7047     		bx	lr
 2741              	.LVL100:
 2742              	.L133:
 906:../../../../../../Drivers/PY32E407_HAL_Driver/Src/py32e407_hal_dma.c ****     {
 2743              		.loc 1 906 5 is_stmt 1 view .LVU875
 2744 0022 0629     		cmp	r1, #6
 2745 0024 F9D8     		bhi	.L122
 2746 0026 DFE801F0 		tbb	[pc, r1]
 2747              	.L124:
 2748 002a 04       		.byte	(.L130-.L124)/2
 2749 002b 07       		.byte	(.L129-.L124)/2
 2750 002c 0A       		.byte	(.L128-.L124)/2
 2751 002d 0D       		.byte	(.L127-.L124)/2
 2752 002e 10       		.byte	(.L126-.L124)/2
 2753 002f 13       		.byte	(.L125-.L124)/2
 2754 0030 16       		.byte	(.L123-.L124)/2
 2755 0031 00       		.p2align 1
 2756              	.L130:
 909:../../../../../../Drivers/PY32E407_HAL_Driver/Src/py32e407_hal_dma.c ****       break;
 2757              		.loc 1 909 7 view .LVU876
 909:../../../../../../Drivers/PY32E407_HAL_Driver/Src/py32e407_hal_dma.c ****       break;
 2758              		.loc 1 909 30 is_stmt 0 view .LVU877
 2759 0032 5A64     		str	r2, [r3, #68]
 910:../../../../../../Drivers/PY32E407_HAL_Driver/Src/py32e407_hal_dma.c ****       
 2760              		.loc 1 910 7 is_stmt 1 view .LVU878
 899:../../../../../../Drivers/PY32E407_HAL_Driver/Src/py32e407_hal_dma.c ****   
 2761              		.loc 1 899 21 is_stmt 0 view .LVU879
 2762 0034 0846     		mov	r0, r1
 910:../../../../../../Drivers/PY32E407_HAL_Driver/Src/py32e407_hal_dma.c ****       
 2763              		.loc 1 910 7 view .LVU880
 2764 0036 F0E7     		b	.L122
 2765              	.L129:
 913:../../../../../../Drivers/PY32E407_HAL_Driver/Src/py32e407_hal_dma.c ****       break;
 2766              		.loc 1 913 7 is_stmt 1 view .LVU881
 913:../../../../../../Drivers/PY32E407_HAL_Driver/Src/py32e407_hal_dma.c ****       break;
 2767              		.loc 1 913 35 is_stmt 0 view .LVU882
 2768 0038 9A64     		str	r2, [r3, #72]
 914:../../../../../../Drivers/PY32E407_HAL_Driver/Src/py32e407_hal_dma.c ****     
 2769              		.loc 1 914 7 is_stmt 1 view .LVU883
 899:../../../../../../Drivers/PY32E407_HAL_Driver/Src/py32e407_hal_dma.c ****   
 2770              		.loc 1 899 21 is_stmt 0 view .LVU884
 2771 003a 0020     		movs	r0, #0
 914:../../../../../../Drivers/PY32E407_HAL_Driver/Src/py32e407_hal_dma.c ****     
 2772              		.loc 1 914 7 view .LVU885
 2773 003c EDE7     		b	.L122
 2774              	.L128:
 917:../../../../../../Drivers/PY32E407_HAL_Driver/Src/py32e407_hal_dma.c ****       break;
 2775              		.loc 1 917 7 is_stmt 1 view .LVU886
 917:../../../../../../Drivers/PY32E407_HAL_Driver/Src/py32e407_hal_dma.c ****       break;
 2776              		.loc 1 917 39 is_stmt 0 view .LVU887
 2777 003e DA64     		str	r2, [r3, #76]
 918:../../../../../../Drivers/PY32E407_HAL_Driver/Src/py32e407_hal_dma.c ****     
 2778              		.loc 1 918 7 is_stmt 1 view .LVU888
 899:../../../../../../Drivers/PY32E407_HAL_Driver/Src/py32e407_hal_dma.c ****   
ARM GAS  C:\Users\user\AppData\Local\Temp\cci4XqOd.s 			page 86


 2779              		.loc 1 899 21 is_stmt 0 view .LVU889
 2780 0040 0020     		movs	r0, #0
 918:../../../../../../Drivers/PY32E407_HAL_Driver/Src/py32e407_hal_dma.c ****     
 2781              		.loc 1 918 7 view .LVU890
 2782 0042 EAE7     		b	.L122
 2783              	.L127:
 921:../../../../../../Drivers/PY32E407_HAL_Driver/Src/py32e407_hal_dma.c ****       break;
 2784              		.loc 1 921 7 is_stmt 1 view .LVU891
 921:../../../../../../Drivers/PY32E407_HAL_Driver/Src/py32e407_hal_dma.c ****       break;
 2785              		.loc 1 921 37 is_stmt 0 view .LVU892
 2786 0044 1A65     		str	r2, [r3, #80]
 922:../../../../../../Drivers/PY32E407_HAL_Driver/Src/py32e407_hal_dma.c ****     
 2787              		.loc 1 922 7 is_stmt 1 view .LVU893
 899:../../../../../../Drivers/PY32E407_HAL_Driver/Src/py32e407_hal_dma.c ****   
 2788              		.loc 1 899 21 is_stmt 0 view .LVU894
 2789 0046 0020     		movs	r0, #0
 922:../../../../../../Drivers/PY32E407_HAL_Driver/Src/py32e407_hal_dma.c ****     
 2790              		.loc 1 922 7 view .LVU895
 2791 0048 E7E7     		b	.L122
 2792              	.L126:
 925:../../../../../../Drivers/PY32E407_HAL_Driver/Src/py32e407_hal_dma.c ****       break;
 2793              		.loc 1 925 7 is_stmt 1 view .LVU896
 925:../../../../../../Drivers/PY32E407_HAL_Driver/Src/py32e407_hal_dma.c ****       break;
 2794              		.loc 1 925 37 is_stmt 0 view .LVU897
 2795 004a 5A65     		str	r2, [r3, #84]
 926:../../../../../../Drivers/PY32E407_HAL_Driver/Src/py32e407_hal_dma.c **** 
 2796              		.loc 1 926 7 is_stmt 1 view .LVU898
 899:../../../../../../Drivers/PY32E407_HAL_Driver/Src/py32e407_hal_dma.c ****   
 2797              		.loc 1 899 21 is_stmt 0 view .LVU899
 2798 004c 0020     		movs	r0, #0
 926:../../../../../../Drivers/PY32E407_HAL_Driver/Src/py32e407_hal_dma.c **** 
 2799              		.loc 1 926 7 view .LVU900
 2800 004e E4E7     		b	.L122
 2801              	.L125:
 929:../../../../../../Drivers/PY32E407_HAL_Driver/Src/py32e407_hal_dma.c ****       break;         
 2802              		.loc 1 929 7 is_stmt 1 view .LVU901
 929:../../../../../../Drivers/PY32E407_HAL_Driver/Src/py32e407_hal_dma.c ****       break;         
 2803              		.loc 1 929 31 is_stmt 0 view .LVU902
 2804 0050 9A65     		str	r2, [r3, #88]
 930:../../../../../../Drivers/PY32E407_HAL_Driver/Src/py32e407_hal_dma.c ****       
 2805              		.loc 1 930 7 is_stmt 1 view .LVU903
 899:../../../../../../Drivers/PY32E407_HAL_Driver/Src/py32e407_hal_dma.c ****   
 2806              		.loc 1 899 21 is_stmt 0 view .LVU904
 2807 0052 0020     		movs	r0, #0
 930:../../../../../../Drivers/PY32E407_HAL_Driver/Src/py32e407_hal_dma.c ****       
 2808              		.loc 1 930 7 view .LVU905
 2809 0054 E1E7     		b	.L122
 2810              	.L123:
 933:../../../../../../Drivers/PY32E407_HAL_Driver/Src/py32e407_hal_dma.c ****       break; 
 2811              		.loc 1 933 7 is_stmt 1 view .LVU906
 933:../../../../../../Drivers/PY32E407_HAL_Driver/Src/py32e407_hal_dma.c ****       break; 
 2812              		.loc 1 933 31 is_stmt 0 view .LVU907
 2813 0056 DA65     		str	r2, [r3, #92]
 934:../../../../../../Drivers/PY32E407_HAL_Driver/Src/py32e407_hal_dma.c ****       
 2814              		.loc 1 934 7 is_stmt 1 view .LVU908
 899:../../../../../../Drivers/PY32E407_HAL_Driver/Src/py32e407_hal_dma.c ****   
 2815              		.loc 1 899 21 is_stmt 0 view .LVU909
ARM GAS  C:\Users\user\AppData\Local\Temp\cci4XqOd.s 			page 87


 2816 0058 0020     		movs	r0, #0
 934:../../../../../../Drivers/PY32E407_HAL_Driver/Src/py32e407_hal_dma.c ****       
 2817              		.loc 1 934 7 view .LVU910
 2818 005a DEE7     		b	.L122
 2819              	.L131:
 902:../../../../../../Drivers/PY32E407_HAL_Driver/Src/py32e407_hal_dma.c ****   
 2820              		.loc 1 902 3 view .LVU911
 2821 005c 0220     		movs	r0, #2
 950:../../../../../../Drivers/PY32E407_HAL_Driver/Src/py32e407_hal_dma.c **** 
 2822              		.loc 1 950 1 view .LVU912
 2823 005e 7047     		bx	lr
 2824              		.cfi_endproc
 2825              	.LFE144:
 2827              		.section	.text.HAL_DMA_UnRegisterCallback,"ax",%progbits
 2828              		.align	1
 2829              		.global	HAL_DMA_UnRegisterCallback
 2830              		.syntax unified
 2831              		.thumb
 2832              		.thumb_func
 2834              	HAL_DMA_UnRegisterCallback:
 2835              	.LVL101:
 2836              	.LFB145:
 961:../../../../../../Drivers/PY32E407_HAL_Driver/Src/py32e407_hal_dma.c ****   HAL_StatusTypeDef status = HAL_OK;
 2837              		.loc 1 961 1 is_stmt 1 view -0
 2838              		.cfi_startproc
 2839              		@ args = 0, pretend = 0, frame = 0
 2840              		@ frame_needed = 0, uses_anonymous_args = 0
 2841              		@ link register save eliminated.
 961:../../../../../../Drivers/PY32E407_HAL_Driver/Src/py32e407_hal_dma.c ****   HAL_StatusTypeDef status = HAL_OK;
 2842              		.loc 1 961 1 is_stmt 0 view .LVU914
 2843 0000 0346     		mov	r3, r0
 962:../../../../../../Drivers/PY32E407_HAL_Driver/Src/py32e407_hal_dma.c **** 
 2844              		.loc 1 962 3 is_stmt 1 view .LVU915
 2845              	.LVL102:
 965:../../../../../../Drivers/PY32E407_HAL_Driver/Src/py32e407_hal_dma.c ****   
 2846              		.loc 1 965 3 view .LVU916
 965:../../../../../../Drivers/PY32E407_HAL_Driver/Src/py32e407_hal_dma.c ****   
 2847              		.loc 1 965 3 view .LVU917
 2848 0002 90F83C20 		ldrb	r2, [r0, #60]	@ zero_extendqisi2
 2849 0006 012A     		cmp	r2, #1
 2850 0008 32D0     		beq	.L146
 965:../../../../../../Drivers/PY32E407_HAL_Driver/Src/py32e407_hal_dma.c ****   
 2851              		.loc 1 965 3 discriminator 2 view .LVU918
 2852 000a 0122     		movs	r2, #1
 2853 000c 80F83C20 		strb	r2, [r0, #60]
 965:../../../../../../Drivers/PY32E407_HAL_Driver/Src/py32e407_hal_dma.c ****   
 2854              		.loc 1 965 3 discriminator 2 view .LVU919
 967:../../../../../../Drivers/PY32E407_HAL_Driver/Src/py32e407_hal_dma.c ****   {
 2855              		.loc 1 967 3 discriminator 2 view .LVU920
 967:../../../../../../Drivers/PY32E407_HAL_Driver/Src/py32e407_hal_dma.c ****   {
 2856              		.loc 1 967 33 is_stmt 0 discriminator 2 view .LVU921
 2857 0010 90F83D00 		ldrb	r0, [r0, #61]	@ zero_extendqisi2
 2858              	.LVL103:
 967:../../../../../../Drivers/PY32E407_HAL_Driver/Src/py32e407_hal_dma.c ****   {
 2859              		.loc 1 967 5 discriminator 2 view .LVU922
 2860 0014 9042     		cmp	r0, r2
 2861 0016 04D0     		beq	.L148
ARM GAS  C:\Users\user\AppData\Local\Temp\cci4XqOd.s 			page 88


1016:../../../../../../Drivers/PY32E407_HAL_Driver/Src/py32e407_hal_dma.c ****   } 
 2862              		.loc 1 1016 12 view .LVU923
 2863 0018 0120     		movs	r0, #1
 2864              	.L136:
 2865              	.LVL104:
1020:../../../../../../Drivers/PY32E407_HAL_Driver/Src/py32e407_hal_dma.c ****   
 2866              		.loc 1 1020 3 is_stmt 1 view .LVU924
1020:../../../../../../Drivers/PY32E407_HAL_Driver/Src/py32e407_hal_dma.c ****   
 2867              		.loc 1 1020 3 view .LVU925
 2868 001a 0022     		movs	r2, #0
 2869 001c 83F83C20 		strb	r2, [r3, #60]
1020:../../../../../../Drivers/PY32E407_HAL_Driver/Src/py32e407_hal_dma.c ****   
 2870              		.loc 1 1020 3 view .LVU926
1022:../../../../../../Drivers/PY32E407_HAL_Driver/Src/py32e407_hal_dma.c **** }
 2871              		.loc 1 1022 3 view .LVU927
1022:../../../../../../Drivers/PY32E407_HAL_Driver/Src/py32e407_hal_dma.c **** }
 2872              		.loc 1 1022 10 is_stmt 0 view .LVU928
 2873 0020 7047     		bx	lr
 2874              	.LVL105:
 2875              	.L148:
 969:../../../../../../Drivers/PY32E407_HAL_Driver/Src/py32e407_hal_dma.c ****     {
 2876              		.loc 1 969 5 is_stmt 1 view .LVU929
 2877 0022 0729     		cmp	r1, #7
 2878 0024 F9D8     		bhi	.L136
 2879 0026 DFE801F0 		tbb	[pc, r1]
 2880              	.L138:
 2881 002a 04       		.byte	(.L145-.L138)/2
 2882 002b 08       		.byte	(.L144-.L138)/2
 2883 002c 0B       		.byte	(.L143-.L138)/2
 2884 002d 0E       		.byte	(.L142-.L138)/2
 2885 002e 11       		.byte	(.L141-.L138)/2
 2886 002f 14       		.byte	(.L140-.L138)/2
 2887 0030 17       		.byte	(.L139-.L138)/2
 2888 0031 1A       		.byte	(.L137-.L138)/2
 2889              		.p2align 1
 2890              	.L145:
 972:../../../../../../Drivers/PY32E407_HAL_Driver/Src/py32e407_hal_dma.c ****       break;
 2891              		.loc 1 972 7 view .LVU930
 972:../../../../../../Drivers/PY32E407_HAL_Driver/Src/py32e407_hal_dma.c ****       break;
 2892              		.loc 1 972 30 is_stmt 0 view .LVU931
 2893 0032 0022     		movs	r2, #0
 2894 0034 5A64     		str	r2, [r3, #68]
 973:../../../../../../Drivers/PY32E407_HAL_Driver/Src/py32e407_hal_dma.c ****       
 2895              		.loc 1 973 7 is_stmt 1 view .LVU932
 962:../../../../../../Drivers/PY32E407_HAL_Driver/Src/py32e407_hal_dma.c **** 
 2896              		.loc 1 962 21 is_stmt 0 view .LVU933
 2897 0036 0846     		mov	r0, r1
 973:../../../../../../Drivers/PY32E407_HAL_Driver/Src/py32e407_hal_dma.c ****       
 2898              		.loc 1 973 7 view .LVU934
 2899 0038 EFE7     		b	.L136
 2900              	.L144:
 976:../../../../../../Drivers/PY32E407_HAL_Driver/Src/py32e407_hal_dma.c ****       break;
 2901              		.loc 1 976 7 is_stmt 1 view .LVU935
 976:../../../../../../Drivers/PY32E407_HAL_Driver/Src/py32e407_hal_dma.c ****       break;
 2902              		.loc 1 976 35 is_stmt 0 view .LVU936
 2903 003a 0020     		movs	r0, #0
 2904 003c 9864     		str	r0, [r3, #72]
ARM GAS  C:\Users\user\AppData\Local\Temp\cci4XqOd.s 			page 89


 977:../../../../../../Drivers/PY32E407_HAL_Driver/Src/py32e407_hal_dma.c ****     
 2905              		.loc 1 977 7 is_stmt 1 view .LVU937
 2906 003e ECE7     		b	.L136
 2907              	.L143:
 980:../../../../../../Drivers/PY32E407_HAL_Driver/Src/py32e407_hal_dma.c ****       break;
 2908              		.loc 1 980 7 view .LVU938
 980:../../../../../../Drivers/PY32E407_HAL_Driver/Src/py32e407_hal_dma.c ****       break;
 2909              		.loc 1 980 39 is_stmt 0 view .LVU939
 2910 0040 0020     		movs	r0, #0
 2911 0042 D864     		str	r0, [r3, #76]
 981:../../../../../../Drivers/PY32E407_HAL_Driver/Src/py32e407_hal_dma.c ****     
 2912              		.loc 1 981 7 is_stmt 1 view .LVU940
 2913 0044 E9E7     		b	.L136
 2914              	.L142:
 984:../../../../../../Drivers/PY32E407_HAL_Driver/Src/py32e407_hal_dma.c ****       break;
 2915              		.loc 1 984 7 view .LVU941
 984:../../../../../../Drivers/PY32E407_HAL_Driver/Src/py32e407_hal_dma.c ****       break;
 2916              		.loc 1 984 37 is_stmt 0 view .LVU942
 2917 0046 0020     		movs	r0, #0
 2918 0048 1865     		str	r0, [r3, #80]
 985:../../../../../../Drivers/PY32E407_HAL_Driver/Src/py32e407_hal_dma.c ****     
 2919              		.loc 1 985 7 is_stmt 1 view .LVU943
 2920 004a E6E7     		b	.L136
 2921              	.L141:
 988:../../../../../../Drivers/PY32E407_HAL_Driver/Src/py32e407_hal_dma.c ****       break;
 2922              		.loc 1 988 7 view .LVU944
 988:../../../../../../Drivers/PY32E407_HAL_Driver/Src/py32e407_hal_dma.c ****       break;
 2923              		.loc 1 988 37 is_stmt 0 view .LVU945
 2924 004c 0020     		movs	r0, #0
 2925 004e 5865     		str	r0, [r3, #84]
 989:../../../../../../Drivers/PY32E407_HAL_Driver/Src/py32e407_hal_dma.c **** 
 2926              		.loc 1 989 7 is_stmt 1 view .LVU946
 2927 0050 E3E7     		b	.L136
 2928              	.L140:
 992:../../../../../../Drivers/PY32E407_HAL_Driver/Src/py32e407_hal_dma.c ****       break;         
 2929              		.loc 1 992 7 view .LVU947
 992:../../../../../../Drivers/PY32E407_HAL_Driver/Src/py32e407_hal_dma.c ****       break;         
 2930              		.loc 1 992 31 is_stmt 0 view .LVU948
 2931 0052 0020     		movs	r0, #0
 2932 0054 9865     		str	r0, [r3, #88]
 993:../../../../../../Drivers/PY32E407_HAL_Driver/Src/py32e407_hal_dma.c **** 
 2933              		.loc 1 993 7 is_stmt 1 view .LVU949
 2934 0056 E0E7     		b	.L136
 2935              	.L139:
 996:../../../../../../Drivers/PY32E407_HAL_Driver/Src/py32e407_hal_dma.c ****       break; 
 2936              		.loc 1 996 7 view .LVU950
 996:../../../../../../Drivers/PY32E407_HAL_Driver/Src/py32e407_hal_dma.c ****       break; 
 2937              		.loc 1 996 31 is_stmt 0 view .LVU951
 2938 0058 0020     		movs	r0, #0
 2939 005a D865     		str	r0, [r3, #92]
 997:../../../../../../Drivers/PY32E407_HAL_Driver/Src/py32e407_hal_dma.c **** 
 2940              		.loc 1 997 7 is_stmt 1 view .LVU952
 2941 005c DDE7     		b	.L136
 2942              	.L137:
1000:../../../../../../Drivers/PY32E407_HAL_Driver/Src/py32e407_hal_dma.c ****       hdma->XferBlockCpltCallback = NULL;
 2943              		.loc 1 1000 7 view .LVU953
1000:../../../../../../Drivers/PY32E407_HAL_Driver/Src/py32e407_hal_dma.c ****       hdma->XferBlockCpltCallback = NULL;
ARM GAS  C:\Users\user\AppData\Local\Temp\cci4XqOd.s 			page 90


 2944              		.loc 1 1000 30 is_stmt 0 view .LVU954
 2945 005e 0020     		movs	r0, #0
 2946 0060 5864     		str	r0, [r3, #68]
1001:../../../../../../Drivers/PY32E407_HAL_Driver/Src/py32e407_hal_dma.c ****       hdma->XferHalfBlockCpltCallback = NULL;
 2947              		.loc 1 1001 7 is_stmt 1 view .LVU955
1001:../../../../../../Drivers/PY32E407_HAL_Driver/Src/py32e407_hal_dma.c ****       hdma->XferHalfBlockCpltCallback = NULL;
 2948              		.loc 1 1001 35 is_stmt 0 view .LVU956
 2949 0062 9864     		str	r0, [r3, #72]
1002:../../../../../../Drivers/PY32E407_HAL_Driver/Src/py32e407_hal_dma.c ****       hdma->XferSrcTranCpltCallback = NULL;
 2950              		.loc 1 1002 7 is_stmt 1 view .LVU957
1002:../../../../../../Drivers/PY32E407_HAL_Driver/Src/py32e407_hal_dma.c ****       hdma->XferSrcTranCpltCallback = NULL;
 2951              		.loc 1 1002 39 is_stmt 0 view .LVU958
 2952 0064 D864     		str	r0, [r3, #76]
1003:../../../../../../Drivers/PY32E407_HAL_Driver/Src/py32e407_hal_dma.c ****       hdma->XferDstTranCpltCallback = NULL;
 2953              		.loc 1 1003 7 is_stmt 1 view .LVU959
1003:../../../../../../Drivers/PY32E407_HAL_Driver/Src/py32e407_hal_dma.c ****       hdma->XferDstTranCpltCallback = NULL;
 2954              		.loc 1 1003 37 is_stmt 0 view .LVU960
 2955 0066 1865     		str	r0, [r3, #80]
1004:../../../../../../Drivers/PY32E407_HAL_Driver/Src/py32e407_hal_dma.c ****       hdma->XferErrorCallback = NULL;
 2956              		.loc 1 1004 7 is_stmt 1 view .LVU961
1004:../../../../../../Drivers/PY32E407_HAL_Driver/Src/py32e407_hal_dma.c ****       hdma->XferErrorCallback = NULL;
 2957              		.loc 1 1004 37 is_stmt 0 view .LVU962
 2958 0068 5865     		str	r0, [r3, #84]
1005:../../../../../../Drivers/PY32E407_HAL_Driver/Src/py32e407_hal_dma.c ****       hdma->XferAbortCallback = NULL;
 2959              		.loc 1 1005 7 is_stmt 1 view .LVU963
1005:../../../../../../Drivers/PY32E407_HAL_Driver/Src/py32e407_hal_dma.c ****       hdma->XferAbortCallback = NULL;
 2960              		.loc 1 1005 31 is_stmt 0 view .LVU964
 2961 006a 9865     		str	r0, [r3, #88]
1006:../../../../../../Drivers/PY32E407_HAL_Driver/Src/py32e407_hal_dma.c ****       break; 
 2962              		.loc 1 1006 7 is_stmt 1 view .LVU965
1006:../../../../../../Drivers/PY32E407_HAL_Driver/Src/py32e407_hal_dma.c ****       break; 
 2963              		.loc 1 1006 31 is_stmt 0 view .LVU966
 2964 006c D865     		str	r0, [r3, #92]
1007:../../../../../../Drivers/PY32E407_HAL_Driver/Src/py32e407_hal_dma.c **** 
 2965              		.loc 1 1007 7 is_stmt 1 view .LVU967
 2966 006e D4E7     		b	.L136
 2967              	.LVL106:
 2968              	.L146:
 965:../../../../../../Drivers/PY32E407_HAL_Driver/Src/py32e407_hal_dma.c ****   
 2969              		.loc 1 965 3 is_stmt 0 view .LVU968
 2970 0070 0220     		movs	r0, #2
 2971              	.LVL107:
1023:../../../../../../Drivers/PY32E407_HAL_Driver/Src/py32e407_hal_dma.c **** 
 2972              		.loc 1 1023 1 view .LVU969
 2973 0072 7047     		bx	lr
 2974              		.cfi_endproc
 2975              	.LFE145:
 2977              		.section	.text.HAL_DMA_ChannelReq,"ax",%progbits
 2978              		.align	1
 2979              		.global	HAL_DMA_ChannelReq
 2980              		.syntax unified
 2981              		.thumb
 2982              		.thumb_func
 2984              	HAL_DMA_ChannelReq:
 2985              	.LVL108:
 2986              	.LFB146:
1040:../../../../../../Drivers/PY32E407_HAL_Driver/Src/py32e407_hal_dma.c ****   uint32_t position = 0;
ARM GAS  C:\Users\user\AppData\Local\Temp\cci4XqOd.s 			page 91


 2987              		.loc 1 1040 1 is_stmt 1 view -0
 2988              		.cfi_startproc
 2989              		@ args = 0, pretend = 0, frame = 8
 2990              		@ frame_needed = 0, uses_anonymous_args = 0
 2991              		@ link register save eliminated.
1040:../../../../../../Drivers/PY32E407_HAL_Driver/Src/py32e407_hal_dma.c ****   uint32_t position = 0;
 2992              		.loc 1 1040 1 is_stmt 0 view .LVU971
 2993 0000 10B4     		push	{r4}
 2994              	.LCFI18:
 2995              		.cfi_def_cfa_offset 4
 2996              		.cfi_offset 4, -4
 2997 0002 83B0     		sub	sp, sp, #12
 2998              	.LCFI19:
 2999              		.cfi_def_cfa_offset 16
1041:../../../../../../Drivers/PY32E407_HAL_Driver/Src/py32e407_hal_dma.c ****   
 3000              		.loc 1 1041 3 is_stmt 1 view .LVU972
 3001              	.LVL109:
1043:../../../../../../Drivers/PY32E407_HAL_Driver/Src/py32e407_hal_dma.c ****   assert_param(IS_DMA_REQ_NUM(ReqNum));
 3002              		.loc 1 1043 3 view .LVU973
1044:../../../../../../Drivers/PY32E407_HAL_Driver/Src/py32e407_hal_dma.c ****   assert_param(IS_DMA_REQ_FUNC(ReqFunc));
 3003              		.loc 1 1044 3 view .LVU974
1045:../../../../../../Drivers/PY32E407_HAL_Driver/Src/py32e407_hal_dma.c ****   
 3004              		.loc 1 1045 3 view .LVU975
1048:../../../../../../Drivers/PY32E407_HAL_Driver/Src/py32e407_hal_dma.c ****   {
 3005              		.loc 1 1048 3 view .LVU976
1048:../../../../../../Drivers/PY32E407_HAL_Driver/Src/py32e407_hal_dma.c ****   {
 3006              		.loc 1 1048 5 is_stmt 0 view .LVU977
 3007 0004 61BB     		cbnz	r1, .L150
1050:../../../../../../Drivers/PY32E407_HAL_Driver/Src/py32e407_hal_dma.c ****   }
 3008              		.loc 1 1050 5 is_stmt 1 view .LVU978
 3009 0006 0468     		ldr	r4, [r0]
 3010 0008 E168     		ldr	r1, [r4, #12]
 3011              	.LVL110:
1050:../../../../../../Drivers/PY32E407_HAL_Driver/Src/py32e407_hal_dma.c ****   }
 3012              		.loc 1 1050 5 is_stmt 0 view .LVU979
 3013 000a 21F46071 		bic	r1, r1, #896
 3014 000e 41EAC211 		orr	r1, r1, r2, lsl #7
 3015 0012 E160     		str	r1, [r4, #12]
 3016              	.L151:
1058:../../../../../../Drivers/PY32E407_HAL_Driver/Src/py32e407_hal_dma.c ****   {
 3017              		.loc 1 1058 3 is_stmt 1 view .LVU980
1058:../../../../../../Drivers/PY32E407_HAL_Driver/Src/py32e407_hal_dma.c ****   {
 3018              		.loc 1 1058 22 is_stmt 0 view .LVU981
 3019 0014 0068     		ldr	r0, [r0]
 3020              	.LVL111:
1058:../../../../../../Drivers/PY32E407_HAL_Driver/Src/py32e407_hal_dma.c ****   {
 3021              		.loc 1 1058 6 view .LVU982
 3022 0016 1649     		ldr	r1, .L154
 3023 0018 8842     		cmp	r0, r1
 3024 001a 00D9     		bls	.L152
1064:../../../../../../Drivers/PY32E407_HAL_Driver/Src/py32e407_hal_dma.c ****   }
 3025              		.loc 1 1064 5 is_stmt 1 view .LVU983
1064:../../../../../../Drivers/PY32E407_HAL_Driver/Src/py32e407_hal_dma.c ****   }
 3026              		.loc 1 1064 14 is_stmt 0 view .LVU984
 3027 001c 0632     		adds	r2, r2, #6
 3028              	.LVL112:
 3029              	.L152:
ARM GAS  C:\Users\user\AppData\Local\Temp\cci4XqOd.s 			page 92


1067:../../../../../../Drivers/PY32E407_HAL_Driver/Src/py32e407_hal_dma.c ****   
 3030              		.loc 1 1067 3 is_stmt 1 view .LVU985
 3031              	.LBB2:
1067:../../../../../../Drivers/PY32E407_HAL_Driver/Src/py32e407_hal_dma.c ****   
 3032              		.loc 1 1067 3 view .LVU986
1067:../../../../../../Drivers/PY32E407_HAL_Driver/Src/py32e407_hal_dma.c ****   
 3033              		.loc 1 1067 3 view .LVU987
 3034 001e 1549     		ldr	r1, .L154+4
 3035 0020 086E     		ldr	r0, [r1, #96]
 3036 0022 40F00100 		orr	r0, r0, #1
 3037 0026 0866     		str	r0, [r1, #96]
1067:../../../../../../Drivers/PY32E407_HAL_Driver/Src/py32e407_hal_dma.c ****   
 3038              		.loc 1 1067 3 view .LVU988
 3039 0028 096E     		ldr	r1, [r1, #96]
 3040 002a 01F00101 		and	r1, r1, #1
 3041 002e 0191     		str	r1, [sp, #4]
1067:../../../../../../Drivers/PY32E407_HAL_Driver/Src/py32e407_hal_dma.c ****   
 3042              		.loc 1 1067 3 view .LVU989
 3043 0030 0199     		ldr	r1, [sp, #4]
 3044              	.LBE2:
1067:../../../../../../Drivers/PY32E407_HAL_Driver/Src/py32e407_hal_dma.c ****   
 3045              		.loc 1 1067 3 view .LVU990
1069:../../../../../../Drivers/PY32E407_HAL_Driver/Src/py32e407_hal_dma.c **** }
 3046              		.loc 1 1069 3 view .LVU991
 3047 0032 9008     		lsrs	r0, r2, #2
 3048 0034 0230     		adds	r0, r0, #2
 3049 0036 104C     		ldr	r4, .L154+8
 3050 0038 54F82010 		ldr	r1, [r4, r0, lsl #2]
 3051 003c 02F00302 		and	r2, r2, #3
 3052              	.LVL113:
1069:../../../../../../Drivers/PY32E407_HAL_Driver/Src/py32e407_hal_dma.c **** }
 3053              		.loc 1 1069 3 is_stmt 0 view .LVU992
 3054 0040 D200     		lsls	r2, r2, #3
 3055 0042 4FF07F0C 		mov	ip, #127
 3056 0046 0CFA02FC 		lsl	ip, ip, r2
 3057 004a 21EA0C01 		bic	r1, r1, ip
 3058 004e 03FA02F2 		lsl	r2, r3, r2
 3059 0052 0A43     		orrs	r2, r2, r1
 3060 0054 44F82020 		str	r2, [r4, r0, lsl #2]
1070:../../../../../../Drivers/PY32E407_HAL_Driver/Src/py32e407_hal_dma.c **** 
 3061              		.loc 1 1070 1 view .LVU993
 3062 0058 03B0     		add	sp, sp, #12
 3063              	.LCFI20:
 3064              		.cfi_remember_state
 3065              		.cfi_def_cfa_offset 4
 3066              		@ sp needed
 3067 005a 5DF8044B 		ldr	r4, [sp], #4
 3068              	.LCFI21:
 3069              		.cfi_restore 4
 3070              		.cfi_def_cfa_offset 0
 3071 005e 7047     		bx	lr
 3072              	.LVL114:
 3073              	.L150:
 3074              	.LCFI22:
 3075              		.cfi_restore_state
1054:../../../../../../Drivers/PY32E407_HAL_Driver/Src/py32e407_hal_dma.c ****   }
 3076              		.loc 1 1054 5 is_stmt 1 view .LVU994
ARM GAS  C:\Users\user\AppData\Local\Temp\cci4XqOd.s 			page 93


 3077 0060 0468     		ldr	r4, [r0]
 3078 0062 E168     		ldr	r1, [r4, #12]
 3079              	.LVL115:
1054:../../../../../../Drivers/PY32E407_HAL_Driver/Src/py32e407_hal_dma.c ****   }
 3080              		.loc 1 1054 5 is_stmt 0 view .LVU995
 3081 0064 21F46051 		bic	r1, r1, #14336
 3082 0068 41EAC221 		orr	r1, r1, r2, lsl #11
 3083 006c E160     		str	r1, [r4, #12]
 3084 006e D1E7     		b	.L151
 3085              	.L155:
 3086              		.align	2
 3087              	.L154:
 3088 0070 0F040240 		.word	1073873935
 3089 0074 00100240 		.word	1073876992
 3090 0078 00000140 		.word	1073807360
 3091              		.cfi_endproc
 3092              	.LFE146:
 3094              		.section	.text.HAL_DMA_GetState,"ax",%progbits
 3095              		.align	1
 3096              		.global	HAL_DMA_GetState
 3097              		.syntax unified
 3098              		.thumb
 3099              		.thumb_func
 3101              	HAL_DMA_GetState:
 3102              	.LVL116:
 3103              	.LFB147:
1101:../../../../../../Drivers/PY32E407_HAL_Driver/Src/py32e407_hal_dma.c ****   /* Return DMA handle state */
 3104              		.loc 1 1101 1 is_stmt 1 view -0
 3105              		.cfi_startproc
 3106              		@ args = 0, pretend = 0, frame = 0
 3107              		@ frame_needed = 0, uses_anonymous_args = 0
 3108              		@ link register save eliminated.
1103:../../../../../../Drivers/PY32E407_HAL_Driver/Src/py32e407_hal_dma.c **** }
 3109              		.loc 1 1103 3 view .LVU997
1104:../../../../../../Drivers/PY32E407_HAL_Driver/Src/py32e407_hal_dma.c **** 
 3110              		.loc 1 1104 1 is_stmt 0 view .LVU998
 3111 0000 90F83D00 		ldrb	r0, [r0, #61]	@ zero_extendqisi2
 3112              	.LVL117:
1104:../../../../../../Drivers/PY32E407_HAL_Driver/Src/py32e407_hal_dma.c **** 
 3113              		.loc 1 1104 1 view .LVU999
 3114 0004 7047     		bx	lr
 3115              		.cfi_endproc
 3116              	.LFE147:
 3118              		.section	.text.HAL_DMA_GetError,"ax",%progbits
 3119              		.align	1
 3120              		.global	HAL_DMA_GetError
 3121              		.syntax unified
 3122              		.thumb
 3123              		.thumb_func
 3125              	HAL_DMA_GetError:
 3126              	.LVL118:
 3127              	.LFB148:
1113:../../../../../../Drivers/PY32E407_HAL_Driver/Src/py32e407_hal_dma.c ****   return hdma->ErrorCode;
 3128              		.loc 1 1113 1 is_stmt 1 view -0
 3129              		.cfi_startproc
 3130              		@ args = 0, pretend = 0, frame = 0
 3131              		@ frame_needed = 0, uses_anonymous_args = 0
ARM GAS  C:\Users\user\AppData\Local\Temp\cci4XqOd.s 			page 94


 3132              		@ link register save eliminated.
1114:../../../../../../Drivers/PY32E407_HAL_Driver/Src/py32e407_hal_dma.c **** }
 3133              		.loc 1 1114 3 view .LVU1001
1114:../../../../../../Drivers/PY32E407_HAL_Driver/Src/py32e407_hal_dma.c **** }
 3134              		.loc 1 1114 14 is_stmt 0 view .LVU1002
 3135 0000 006E     		ldr	r0, [r0, #96]
 3136              	.LVL119:
1115:../../../../../../Drivers/PY32E407_HAL_Driver/Src/py32e407_hal_dma.c **** 
 3137              		.loc 1 1115 1 view .LVU1003
 3138 0002 7047     		bx	lr
 3139              		.cfi_endproc
 3140              	.LFE148:
 3142              		.text
 3143              	.Letext0:
 3144              		.file 2 "c:\\program files (x86)\\puyasde\\tool\\arm-none-eabi\\include\\machine\\_default_types.h
 3145              		.file 3 "c:\\program files (x86)\\puyasde\\tool\\arm-none-eabi\\include\\sys\\_stdint.h"
 3146              		.file 4 "../../../../../../Drivers/CMSIS/Device/PUYA/PY32E407/Include/py32e407xE.h"
 3147              		.file 5 "../../../../../../Drivers/CMSIS/Device/PUYA/PY32E407/Include/py32e4xx.h"
 3148              		.file 6 "../../../../../../Drivers/PY32E407_HAL_Driver/Inc/py32e407_hal_def.h"
 3149              		.file 7 "../../../../../../Drivers/PY32E407_HAL_Driver/Inc/py32e407_hal_dma.h"
 3150              		.file 8 "../../../../../../Drivers/PY32E407_HAL_Driver/Inc/py32e4xx_hal.h"
ARM GAS  C:\Users\user\AppData\Local\Temp\cci4XqOd.s 			page 95


DEFINED SYMBOLS
                            *ABS*:00000000 py32e407_hal_dma.c
C:\Users\user\AppData\Local\Temp\cci4XqOd.s:20     .text.DMA_SetConfig:00000000 $t
C:\Users\user\AppData\Local\Temp\cci4XqOd.s:25     .text.DMA_SetConfig:00000000 DMA_SetConfig
C:\Users\user\AppData\Local\Temp\cci4XqOd.s:274    .text.DMA_BlockTransferComplete:00000000 $t
C:\Users\user\AppData\Local\Temp\cci4XqOd.s:279    .text.DMA_BlockTransferComplete:00000000 DMA_BlockTransferComplete
C:\Users\user\AppData\Local\Temp\cci4XqOd.s:497    .text.HAL_DMA_Init:00000000 $t
C:\Users\user\AppData\Local\Temp\cci4XqOd.s:503    .text.HAL_DMA_Init:00000000 HAL_DMA_Init
C:\Users\user\AppData\Local\Temp\cci4XqOd.s:722    .text.HAL_DMA_Init:00000110 $d
C:\Users\user\AppData\Local\Temp\cci4XqOd.s:733    .text.HAL_DMA_DeInit:00000000 $t
C:\Users\user\AppData\Local\Temp\cci4XqOd.s:739    .text.HAL_DMA_DeInit:00000000 HAL_DMA_DeInit
C:\Users\user\AppData\Local\Temp\cci4XqOd.s:1054   .text.HAL_DMA_DeInit:000001ec $d
C:\Users\user\AppData\Local\Temp\cci4XqOd.s:1065   .text.HAL_DMA_Start:00000000 $t
C:\Users\user\AppData\Local\Temp\cci4XqOd.s:1071   .text.HAL_DMA_Start:00000000 HAL_DMA_Start
C:\Users\user\AppData\Local\Temp\cci4XqOd.s:1230   .text.HAL_DMA_Start:000000f8 $d
C:\Users\user\AppData\Local\Temp\cci4XqOd.s:1237   .text.HAL_DMA_Start_IT:00000000 $t
C:\Users\user\AppData\Local\Temp\cci4XqOd.s:1243   .text.HAL_DMA_Start_IT:00000000 HAL_DMA_Start_IT
C:\Users\user\AppData\Local\Temp\cci4XqOd.s:1449   .text.HAL_DMA_Start_IT:0000016c $d
C:\Users\user\AppData\Local\Temp\cci4XqOd.s:1456   .text.HAL_DMA_Abort:00000000 $t
C:\Users\user\AppData\Local\Temp\cci4XqOd.s:1462   .text.HAL_DMA_Abort:00000000 HAL_DMA_Abort
C:\Users\user\AppData\Local\Temp\cci4XqOd.s:1681   .text.HAL_DMA_Abort_IT:00000000 $t
C:\Users\user\AppData\Local\Temp\cci4XqOd.s:1687   .text.HAL_DMA_Abort_IT:00000000 HAL_DMA_Abort_IT
C:\Users\user\AppData\Local\Temp\cci4XqOd.s:1914   .text.HAL_DMA_PollForTransfer:00000000 $t
C:\Users\user\AppData\Local\Temp\cci4XqOd.s:1920   .text.HAL_DMA_PollForTransfer:00000000 HAL_DMA_PollForTransfer
C:\Users\user\AppData\Local\Temp\cci4XqOd.s:2284   .text.HAL_DMA_IRQHandler:00000000 $t
C:\Users\user\AppData\Local\Temp\cci4XqOd.s:2290   .text.HAL_DMA_IRQHandler:00000000 HAL_DMA_IRQHandler
C:\Users\user\AppData\Local\Temp\cci4XqOd.s:2692   .text.HAL_DMA_RegisterCallback:00000000 $t
C:\Users\user\AppData\Local\Temp\cci4XqOd.s:2698   .text.HAL_DMA_RegisterCallback:00000000 HAL_DMA_RegisterCallback
C:\Users\user\AppData\Local\Temp\cci4XqOd.s:2748   .text.HAL_DMA_RegisterCallback:0000002a $d
C:\Users\user\AppData\Local\Temp\cci4XqOd.s:2828   .text.HAL_DMA_UnRegisterCallback:00000000 $t
C:\Users\user\AppData\Local\Temp\cci4XqOd.s:2834   .text.HAL_DMA_UnRegisterCallback:00000000 HAL_DMA_UnRegisterCallback
C:\Users\user\AppData\Local\Temp\cci4XqOd.s:2881   .text.HAL_DMA_UnRegisterCallback:0000002a $d
C:\Users\user\AppData\Local\Temp\cci4XqOd.s:2889   .text.HAL_DMA_UnRegisterCallback:00000032 $t
C:\Users\user\AppData\Local\Temp\cci4XqOd.s:2978   .text.HAL_DMA_ChannelReq:00000000 $t
C:\Users\user\AppData\Local\Temp\cci4XqOd.s:2984   .text.HAL_DMA_ChannelReq:00000000 HAL_DMA_ChannelReq
C:\Users\user\AppData\Local\Temp\cci4XqOd.s:3088   .text.HAL_DMA_ChannelReq:00000070 $d
C:\Users\user\AppData\Local\Temp\cci4XqOd.s:3095   .text.HAL_DMA_GetState:00000000 $t
C:\Users\user\AppData\Local\Temp\cci4XqOd.s:3101   .text.HAL_DMA_GetState:00000000 HAL_DMA_GetState
C:\Users\user\AppData\Local\Temp\cci4XqOd.s:3119   .text.HAL_DMA_GetError:00000000 $t
C:\Users\user\AppData\Local\Temp\cci4XqOd.s:3125   .text.HAL_DMA_GetError:00000000 HAL_DMA_GetError
C:\Users\user\AppData\Local\Temp\cci4XqOd.s:2755   .text.HAL_DMA_RegisterCallback:00000031 $d
C:\Users\user\AppData\Local\Temp\cci4XqOd.s:2755   .text.HAL_DMA_RegisterCallback:00000032 $t

UNDEFINED SYMBOLS
HAL_GetTick
