ARM GAS  C:\Users\user\AppData\Local\Temp\ccuc8vss.s 			page 1


   1              		.cpu cortex-m4
   2              		.arch armv7e-m
   3              		.fpu fpv4-sp-d16
   4              		.eabi_attribute 27, 1
   5              		.eabi_attribute 28, 1
   6              		.eabi_attribute 20, 1
   7              		.eabi_attribute 21, 1
   8              		.eabi_attribute 23, 3
   9              		.eabi_attribute 24, 1
  10              		.eabi_attribute 25, 1
  11              		.eabi_attribute 26, 1
  12              		.eabi_attribute 30, 1
  13              		.eabi_attribute 34, 1
  14              		.eabi_attribute 18, 4
  15              		.file	"py32e407_hal_rcc.c"
  16              		.text
  17              	.Ltext0:
  18              		.cfi_sections	.debug_frame
  19              		.section	.text.RCC_GetSysClockFreqFromPLLSource,"ax",%progbits
  20              		.align	1
  21              		.syntax unified
  22              		.thumb
  23              		.thumb_func
  25              	RCC_GetSysClockFreqFromPLLSource:
  26              	.LFB149:
  27              		.file 1 "../../../../../../Drivers/PY32E407_HAL_Driver/Src/py32e407_hal_rcc.c"
   1:../../../../../../Drivers/PY32E407_HAL_Driver/Src/py32e407_hal_rcc.c **** /**
   2:../../../../../../Drivers/PY32E407_HAL_Driver/Src/py32e407_hal_rcc.c ****   ******************************************************************************
   3:../../../../../../Drivers/PY32E407_HAL_Driver/Src/py32e407_hal_rcc.c ****   * @file    py32e407_hal_rcc.c
   4:../../../../../../Drivers/PY32E407_HAL_Driver/Src/py32e407_hal_rcc.c ****   * @author  MCU Application Team
   5:../../../../../../Drivers/PY32E407_HAL_Driver/Src/py32e407_hal_rcc.c ****   * @brief   RCC HAL module driver.
   6:../../../../../../Drivers/PY32E407_HAL_Driver/Src/py32e407_hal_rcc.c ****   *          This file provides firmware functions to manage the following
   7:../../../../../../Drivers/PY32E407_HAL_Driver/Src/py32e407_hal_rcc.c ****   *          functionalities of the Reset and Clock Control (RCC) peripheral:
   8:../../../../../../Drivers/PY32E407_HAL_Driver/Src/py32e407_hal_rcc.c ****   *           + Initialization and de-initialization functions
   9:../../../../../../Drivers/PY32E407_HAL_Driver/Src/py32e407_hal_rcc.c ****   *           + Peripheral Control functions
  10:../../../../../../Drivers/PY32E407_HAL_Driver/Src/py32e407_hal_rcc.c ****   *
  11:../../../../../../Drivers/PY32E407_HAL_Driver/Src/py32e407_hal_rcc.c ****   @verbatim
  12:../../../../../../Drivers/PY32E407_HAL_Driver/Src/py32e407_hal_rcc.c ****   ==============================================================================
  13:../../../../../../Drivers/PY32E407_HAL_Driver/Src/py32e407_hal_rcc.c ****                       ##### RCC specific features #####
  14:../../../../../../Drivers/PY32E407_HAL_Driver/Src/py32e407_hal_rcc.c ****   ==============================================================================
  15:../../../../../../Drivers/PY32E407_HAL_Driver/Src/py32e407_hal_rcc.c ****     [..]
  16:../../../../../../Drivers/PY32E407_HAL_Driver/Src/py32e407_hal_rcc.c ****       After reset the device is running from Internal High Speed oscillator
  17:../../../../../../Drivers/PY32E407_HAL_Driver/Src/py32e407_hal_rcc.c ****       (HSI 16MHz) with Flash 0 wait state, Flash prefetch buffer is enabled,
  18:../../../../../../Drivers/PY32E407_HAL_Driver/Src/py32e407_hal_rcc.c ****       and all peripherals are off except internal SRAM, Flash and JTAG.
  19:../../../../../../Drivers/PY32E407_HAL_Driver/Src/py32e407_hal_rcc.c ****       (+) There is no prescaler on High speed (AHB) and Low speed (APB) buses;
  20:../../../../../../Drivers/PY32E407_HAL_Driver/Src/py32e407_hal_rcc.c ****           all peripherals mapped on these buses are running at HSI speed.
  21:../../../../../../Drivers/PY32E407_HAL_Driver/Src/py32e407_hal_rcc.c ****       (+) The clock for all peripherals is switched off, except the SRAM and FLASH.
  22:../../../../../../Drivers/PY32E407_HAL_Driver/Src/py32e407_hal_rcc.c ****       (+) All GPIOs are in input floating state, except the JTAG pins which
  23:../../../../../../Drivers/PY32E407_HAL_Driver/Src/py32e407_hal_rcc.c ****           are assigned to be used for debug purpose.
  24:../../../../../../Drivers/PY32E407_HAL_Driver/Src/py32e407_hal_rcc.c ****     [..] Once the device started from reset, the user application has to:
  25:../../../../../../Drivers/PY32E407_HAL_Driver/Src/py32e407_hal_rcc.c ****       (+) Configure the clock source to be used to drive the System clock
  26:../../../../../../Drivers/PY32E407_HAL_Driver/Src/py32e407_hal_rcc.c ****           (if the application needs higher frequency/performance)
  27:../../../../../../Drivers/PY32E407_HAL_Driver/Src/py32e407_hal_rcc.c ****       (+) Configure the System clock frequency and Flash settings
  28:../../../../../../Drivers/PY32E407_HAL_Driver/Src/py32e407_hal_rcc.c ****       (+) Configure the AHB and APB buses prescalers
  29:../../../../../../Drivers/PY32E407_HAL_Driver/Src/py32e407_hal_rcc.c ****       (+) Enable the clock for the peripheral(s) to be used
  30:../../../../../../Drivers/PY32E407_HAL_Driver/Src/py32e407_hal_rcc.c ****       (+) Configure the clock source(s) for peripherals whose clocks are not
  31:../../../../../../Drivers/PY32E407_HAL_Driver/Src/py32e407_hal_rcc.c ****           derived from the System clock ( RTC, ADC, PVD, USB, CAN )
ARM GAS  C:\Users\user\AppData\Local\Temp\ccuc8vss.s 			page 2


  32:../../../../../../Drivers/PY32E407_HAL_Driver/Src/py32e407_hal_rcc.c **** 
  33:../../../../../../Drivers/PY32E407_HAL_Driver/Src/py32e407_hal_rcc.c ****                       ##### RCC Limitations #####
  34:../../../../../../Drivers/PY32E407_HAL_Driver/Src/py32e407_hal_rcc.c ****   ==============================================================================
  35:../../../../../../Drivers/PY32E407_HAL_Driver/Src/py32e407_hal_rcc.c ****     [..]
  36:../../../../../../Drivers/PY32E407_HAL_Driver/Src/py32e407_hal_rcc.c ****       A delay between an RCC peripheral clock enable and the effective peripheral
  37:../../../../../../Drivers/PY32E407_HAL_Driver/Src/py32e407_hal_rcc.c ****       enabling should be taken into account in order to manage the peripheral read/write
  38:../../../../../../Drivers/PY32E407_HAL_Driver/Src/py32e407_hal_rcc.c ****       from/to registers.
  39:../../../../../../Drivers/PY32E407_HAL_Driver/Src/py32e407_hal_rcc.c ****       (+) This delay depends on the peripheral mapping.
  40:../../../../../../Drivers/PY32E407_HAL_Driver/Src/py32e407_hal_rcc.c ****         (++) AHB & APB peripherals, 1 dummy read is necessary
  41:../../../../../../Drivers/PY32E407_HAL_Driver/Src/py32e407_hal_rcc.c **** 
  42:../../../../../../Drivers/PY32E407_HAL_Driver/Src/py32e407_hal_rcc.c ****     [..]
  43:../../../../../../Drivers/PY32E407_HAL_Driver/Src/py32e407_hal_rcc.c ****       Workarounds:
  44:../../../../../../Drivers/PY32E407_HAL_Driver/Src/py32e407_hal_rcc.c ****       (#) For AHB & APB peripherals, a dummy read to the peripheral register has been
  45:../../../../../../Drivers/PY32E407_HAL_Driver/Src/py32e407_hal_rcc.c ****           inserted in each __HAL_RCC_PPP_CLK_ENABLE() macro.
  46:../../../../../../Drivers/PY32E407_HAL_Driver/Src/py32e407_hal_rcc.c **** 
  47:../../../../../../Drivers/PY32E407_HAL_Driver/Src/py32e407_hal_rcc.c ****   @endverbatim
  48:../../../../../../Drivers/PY32E407_HAL_Driver/Src/py32e407_hal_rcc.c ****   ******************************************************************************
  49:../../../../../../Drivers/PY32E407_HAL_Driver/Src/py32e407_hal_rcc.c ****   * @attention
  50:../../../../../../Drivers/PY32E407_HAL_Driver/Src/py32e407_hal_rcc.c ****   *
  51:../../../../../../Drivers/PY32E407_HAL_Driver/Src/py32e407_hal_rcc.c ****   * <h2><center>&copy; Copyright (c) 2023 Puya Semiconductor Co.
  52:../../../../../../Drivers/PY32E407_HAL_Driver/Src/py32e407_hal_rcc.c ****   * All rights reserved.</center></h2>
  53:../../../../../../Drivers/PY32E407_HAL_Driver/Src/py32e407_hal_rcc.c ****   *
  54:../../../../../../Drivers/PY32E407_HAL_Driver/Src/py32e407_hal_rcc.c ****   * This software component is licensed by Puya under BSD 3-Clause license,
  55:../../../../../../Drivers/PY32E407_HAL_Driver/Src/py32e407_hal_rcc.c ****   * the "License"; You may not use this file except in compliance with the
  56:../../../../../../Drivers/PY32E407_HAL_Driver/Src/py32e407_hal_rcc.c ****   * License. You may obtain a copy of the License at:
  57:../../../../../../Drivers/PY32E407_HAL_Driver/Src/py32e407_hal_rcc.c ****   *                        opensource.org/licenses/BSD-3-Clause
  58:../../../../../../Drivers/PY32E407_HAL_Driver/Src/py32e407_hal_rcc.c ****   *
  59:../../../../../../Drivers/PY32E407_HAL_Driver/Src/py32e407_hal_rcc.c ****   ******************************************************************************
  60:../../../../../../Drivers/PY32E407_HAL_Driver/Src/py32e407_hal_rcc.c ****   * @attention
  61:../../../../../../Drivers/PY32E407_HAL_Driver/Src/py32e407_hal_rcc.c ****   *
  62:../../../../../../Drivers/PY32E407_HAL_Driver/Src/py32e407_hal_rcc.c ****   * <h2><center>&copy; Copyright (c) 2016 STMicroelectronics.
  63:../../../../../../Drivers/PY32E407_HAL_Driver/Src/py32e407_hal_rcc.c ****   * All rights reserved.</center></h2>
  64:../../../../../../Drivers/PY32E407_HAL_Driver/Src/py32e407_hal_rcc.c ****   *
  65:../../../../../../Drivers/PY32E407_HAL_Driver/Src/py32e407_hal_rcc.c ****   * This software component is licensed by ST under BSD 3-Clause license,
  66:../../../../../../Drivers/PY32E407_HAL_Driver/Src/py32e407_hal_rcc.c ****   * the "License"; You may not use this file except in compliance with the
  67:../../../../../../Drivers/PY32E407_HAL_Driver/Src/py32e407_hal_rcc.c ****   * License. You may obtain a copy of the License at:
  68:../../../../../../Drivers/PY32E407_HAL_Driver/Src/py32e407_hal_rcc.c ****   *                        opensource.org/licenses/BSD-3-Clause
  69:../../../../../../Drivers/PY32E407_HAL_Driver/Src/py32e407_hal_rcc.c ****   *
  70:../../../../../../Drivers/PY32E407_HAL_Driver/Src/py32e407_hal_rcc.c ****   ******************************************************************************
  71:../../../../../../Drivers/PY32E407_HAL_Driver/Src/py32e407_hal_rcc.c ****   */
  72:../../../../../../Drivers/PY32E407_HAL_Driver/Src/py32e407_hal_rcc.c **** 
  73:../../../../../../Drivers/PY32E407_HAL_Driver/Src/py32e407_hal_rcc.c **** /* Includes ------------------------------------------------------------------*/
  74:../../../../../../Drivers/PY32E407_HAL_Driver/Src/py32e407_hal_rcc.c **** #include "py32e4xx_hal.h"
  75:../../../../../../Drivers/PY32E407_HAL_Driver/Src/py32e407_hal_rcc.c **** 
  76:../../../../../../Drivers/PY32E407_HAL_Driver/Src/py32e407_hal_rcc.c **** /** @addtogroup PY32E407_HAL_Driver
  77:../../../../../../Drivers/PY32E407_HAL_Driver/Src/py32e407_hal_rcc.c ****   * @{
  78:../../../../../../Drivers/PY32E407_HAL_Driver/Src/py32e407_hal_rcc.c ****   */
  79:../../../../../../Drivers/PY32E407_HAL_Driver/Src/py32e407_hal_rcc.c **** 
  80:../../../../../../Drivers/PY32E407_HAL_Driver/Src/py32e407_hal_rcc.c **** /** @defgroup RCC RCC
  81:../../../../../../Drivers/PY32E407_HAL_Driver/Src/py32e407_hal_rcc.c **** * @brief RCC HAL module driver
  82:../../../../../../Drivers/PY32E407_HAL_Driver/Src/py32e407_hal_rcc.c ****   * @{
  83:../../../../../../Drivers/PY32E407_HAL_Driver/Src/py32e407_hal_rcc.c ****   */
  84:../../../../../../Drivers/PY32E407_HAL_Driver/Src/py32e407_hal_rcc.c **** #ifdef HAL_RCC_MODULE_ENABLED
  85:../../../../../../Drivers/PY32E407_HAL_Driver/Src/py32e407_hal_rcc.c **** 
  86:../../../../../../Drivers/PY32E407_HAL_Driver/Src/py32e407_hal_rcc.c **** /* Private typedef -----------------------------------------------------------*/
  87:../../../../../../Drivers/PY32E407_HAL_Driver/Src/py32e407_hal_rcc.c **** /* Private define ------------------------------------------------------------*/
  88:../../../../../../Drivers/PY32E407_HAL_Driver/Src/py32e407_hal_rcc.c **** /** @defgroup RCC_Private_Constants RCC Private Constants
ARM GAS  C:\Users\user\AppData\Local\Temp\ccuc8vss.s 			page 3


  89:../../../../../../Drivers/PY32E407_HAL_Driver/Src/py32e407_hal_rcc.c ****  * @{
  90:../../../../../../Drivers/PY32E407_HAL_Driver/Src/py32e407_hal_rcc.c ****  */
  91:../../../../../../Drivers/PY32E407_HAL_Driver/Src/py32e407_hal_rcc.c **** /**
  92:../../../../../../Drivers/PY32E407_HAL_Driver/Src/py32e407_hal_rcc.c ****   * @}
  93:../../../../../../Drivers/PY32E407_HAL_Driver/Src/py32e407_hal_rcc.c ****   */
  94:../../../../../../Drivers/PY32E407_HAL_Driver/Src/py32e407_hal_rcc.c **** /* Private macro -------------------------------------------------------------*/
  95:../../../../../../Drivers/PY32E407_HAL_Driver/Src/py32e407_hal_rcc.c **** /* Private variables ---------------------------------------------------------*/
  96:../../../../../../Drivers/PY32E407_HAL_Driver/Src/py32e407_hal_rcc.c **** 
  97:../../../../../../Drivers/PY32E407_HAL_Driver/Src/py32e407_hal_rcc.c **** /* Private function prototypes -----------------------------------------------*/
  98:../../../../../../Drivers/PY32E407_HAL_Driver/Src/py32e407_hal_rcc.c **** /** @defgroup RCC_Private_Functions RCC Private Functions
  99:../../../../../../Drivers/PY32E407_HAL_Driver/Src/py32e407_hal_rcc.c ****   * @{
 100:../../../../../../Drivers/PY32E407_HAL_Driver/Src/py32e407_hal_rcc.c ****   */
 101:../../../../../../Drivers/PY32E407_HAL_Driver/Src/py32e407_hal_rcc.c **** static uint32_t          RCC_GetSysClockFreqFromPLLSource(void);
 102:../../../../../../Drivers/PY32E407_HAL_Driver/Src/py32e407_hal_rcc.c **** /**
 103:../../../../../../Drivers/PY32E407_HAL_Driver/Src/py32e407_hal_rcc.c ****   * @}
 104:../../../../../../Drivers/PY32E407_HAL_Driver/Src/py32e407_hal_rcc.c ****   */
 105:../../../../../../Drivers/PY32E407_HAL_Driver/Src/py32e407_hal_rcc.c **** 
 106:../../../../../../Drivers/PY32E407_HAL_Driver/Src/py32e407_hal_rcc.c **** /* Exported functions --------------------------------------------------------*/
 107:../../../../../../Drivers/PY32E407_HAL_Driver/Src/py32e407_hal_rcc.c **** 
 108:../../../../../../Drivers/PY32E407_HAL_Driver/Src/py32e407_hal_rcc.c **** /** @defgroup RCC_Exported_Functions RCC Exported Functions
 109:../../../../../../Drivers/PY32E407_HAL_Driver/Src/py32e407_hal_rcc.c ****   * @{
 110:../../../../../../Drivers/PY32E407_HAL_Driver/Src/py32e407_hal_rcc.c ****   */
 111:../../../../../../Drivers/PY32E407_HAL_Driver/Src/py32e407_hal_rcc.c **** 
 112:../../../../../../Drivers/PY32E407_HAL_Driver/Src/py32e407_hal_rcc.c **** /** @defgroup RCC_Exported_Functions_Group1 Initialization and de-initialization functions
 113:../../../../../../Drivers/PY32E407_HAL_Driver/Src/py32e407_hal_rcc.c ****   *  @brief    Initialization and Configuration functions
 114:../../../../../../Drivers/PY32E407_HAL_Driver/Src/py32e407_hal_rcc.c ****   *
 115:../../../../../../Drivers/PY32E407_HAL_Driver/Src/py32e407_hal_rcc.c ****   @verbatim
 116:../../../../../../Drivers/PY32E407_HAL_Driver/Src/py32e407_hal_rcc.c ****   ===============================================================================
 117:../../../../../../Drivers/PY32E407_HAL_Driver/Src/py32e407_hal_rcc.c ****            ##### Initialization and de-initialization functions #####
 118:../../../../../../Drivers/PY32E407_HAL_Driver/Src/py32e407_hal_rcc.c ****   ===============================================================================
 119:../../../../../../Drivers/PY32E407_HAL_Driver/Src/py32e407_hal_rcc.c ****     [..]
 120:../../../../../../Drivers/PY32E407_HAL_Driver/Src/py32e407_hal_rcc.c ****       This section provides functions allowing to configure the internal/external oscillators
 121:../../../../../../Drivers/PY32E407_HAL_Driver/Src/py32e407_hal_rcc.c ****       (HSE, HSI, LSE, LSI, PLL, CSS and MCO) and the System buses clocks (SYSCLK, AHB, APB1
 122:../../../../../../Drivers/PY32E407_HAL_Driver/Src/py32e407_hal_rcc.c ****       and APB2).
 123:../../../../../../Drivers/PY32E407_HAL_Driver/Src/py32e407_hal_rcc.c **** 
 124:../../../../../../Drivers/PY32E407_HAL_Driver/Src/py32e407_hal_rcc.c ****     [..] Internal/external clock and PLL configuration
 125:../../../../../../Drivers/PY32E407_HAL_Driver/Src/py32e407_hal_rcc.c ****       (#) HSI (high-speed internal), 16 MHz factory-trimmed RC used directly or through
 126:../../../../../../Drivers/PY32E407_HAL_Driver/Src/py32e407_hal_rcc.c ****           the PLL as System clock source.
 127:../../../../../../Drivers/PY32E407_HAL_Driver/Src/py32e407_hal_rcc.c ****       (#) LSI (low-speed internal), ~40 KHz low consumption RC used as IWDG and/or RTC
 128:../../../../../../Drivers/PY32E407_HAL_Driver/Src/py32e407_hal_rcc.c ****           clock source.
 129:../../../../../../Drivers/PY32E407_HAL_Driver/Src/py32e407_hal_rcc.c **** 
 130:../../../../../../Drivers/PY32E407_HAL_Driver/Src/py32e407_hal_rcc.c ****       (#) HSE (high-speed external), 4 to 32 MHz (PY32E407) crystal oscillator used directly or
 131:../../../../../../Drivers/PY32E407_HAL_Driver/Src/py32e407_hal_rcc.c ****           through the PLL as System clock source. Can be used also as RTC clock source.
 132:../../../../../../Drivers/PY32E407_HAL_Driver/Src/py32e407_hal_rcc.c **** 
 133:../../../../../../Drivers/PY32E407_HAL_Driver/Src/py32e407_hal_rcc.c ****       (#) LSE (low-speed external), 32 KHz oscillator used as RTC clock source.
 134:../../../../../../Drivers/PY32E407_HAL_Driver/Src/py32e407_hal_rcc.c **** 
 135:../../../../../../Drivers/PY32E407_HAL_Driver/Src/py32e407_hal_rcc.c ****       (#) PLL (clocked by HSI or HSE), featuring different output clocks:
 136:../../../../../../Drivers/PY32E407_HAL_Driver/Src/py32e407_hal_rcc.c ****         (++) The first output is used to generate the high speed system clock 
 137:../../../../../../Drivers/PY32E407_HAL_Driver/Src/py32e407_hal_rcc.c ****         (++) The second output is used to generate the clock for the USB (48 MHz)
 138:../../../../../../Drivers/PY32E407_HAL_Driver/Src/py32e407_hal_rcc.c **** 
 139:../../../../../../Drivers/PY32E407_HAL_Driver/Src/py32e407_hal_rcc.c ****       (#) CSS (Clock security system), once enable using the function HAL_RCC_EnableCSS()
 140:../../../../../../Drivers/PY32E407_HAL_Driver/Src/py32e407_hal_rcc.c ****           and if a HSE clock failure occurs(HSE used directly or through PLL as System
 141:../../../../../../Drivers/PY32E407_HAL_Driver/Src/py32e407_hal_rcc.c ****           clock source), the System clocks automatically switched to HSI and an interrupt
 142:../../../../../../Drivers/PY32E407_HAL_Driver/Src/py32e407_hal_rcc.c ****           is generated if enabled. The interrupt is linked to the Cortex-M4 NMI
 143:../../../../../../Drivers/PY32E407_HAL_Driver/Src/py32e407_hal_rcc.c ****           (Non-Maskable Interrupt) exception vector.
 144:../../../../../../Drivers/PY32E407_HAL_Driver/Src/py32e407_hal_rcc.c **** 
 145:../../../../../../Drivers/PY32E407_HAL_Driver/Src/py32e407_hal_rcc.c ****       (#) MCO (microcontroller clock output), used to output SYSCLK, HSI,
ARM GAS  C:\Users\user\AppData\Local\Temp\ccuc8vss.s 			page 4


 146:../../../../../../Drivers/PY32E407_HAL_Driver/Src/py32e407_hal_rcc.c ****           HSE or PLL clock (divided by 2) on PA8 pin
 147:../../../../../../Drivers/PY32E407_HAL_Driver/Src/py32e407_hal_rcc.c **** 
 148:../../../../../../Drivers/PY32E407_HAL_Driver/Src/py32e407_hal_rcc.c ****     [..] System, AHB and APB buses clocks configuration
 149:../../../../../../Drivers/PY32E407_HAL_Driver/Src/py32e407_hal_rcc.c ****       (#) Several clock sources can be used to drive the System clock (SYSCLK): HSI,
 150:../../../../../../Drivers/PY32E407_HAL_Driver/Src/py32e407_hal_rcc.c ****           HSE and PLL.
 151:../../../../../../Drivers/PY32E407_HAL_Driver/Src/py32e407_hal_rcc.c ****           The AHB clock (HCLK) is derived from System clock through configurable
 152:../../../../../../Drivers/PY32E407_HAL_Driver/Src/py32e407_hal_rcc.c ****           prescaler and used to clock the CPU, memory and peripherals mapped
 153:../../../../../../Drivers/PY32E407_HAL_Driver/Src/py32e407_hal_rcc.c ****           on AHB bus (DMA, GPIO...). APB1 (PCLK1) and APB2 (PCLK2) clocks are derived
 154:../../../../../../Drivers/PY32E407_HAL_Driver/Src/py32e407_hal_rcc.c ****           from AHB clock through configurable prescalers and used to clock
 155:../../../../../../Drivers/PY32E407_HAL_Driver/Src/py32e407_hal_rcc.c ****           the peripherals mapped on these buses. You can use
 156:../../../../../../Drivers/PY32E407_HAL_Driver/Src/py32e407_hal_rcc.c ****           "@ref HAL_RCC_GetSysClockFreq()" function to retrieve the frequencies of these clocks.
 157:../../../../../../Drivers/PY32E407_HAL_Driver/Src/py32e407_hal_rcc.c **** 
 158:../../../../../../Drivers/PY32E407_HAL_Driver/Src/py32e407_hal_rcc.c ****       -@- All the peripheral clocks are derived from the System clock (SYSCLK) except:
 159:../../../../../../Drivers/PY32E407_HAL_Driver/Src/py32e407_hal_rcc.c ****           (+@) RTC: RTC clock can be derived either from the LSI, LSE or HSE clock
 160:../../../../../../Drivers/PY32E407_HAL_Driver/Src/py32e407_hal_rcc.c ****               divided by 128.
 161:../../../../../../Drivers/PY32E407_HAL_Driver/Src/py32e407_hal_rcc.c ****           (+@) USB : USB require a frequency equal to 48 MHz
 162:../../../../../../Drivers/PY32E407_HAL_Driver/Src/py32e407_hal_rcc.c ****               to work correctly. This clock is derived of the main PLL through PLL Multiplier.
 163:../../../../../../Drivers/PY32E407_HAL_Driver/Src/py32e407_hal_rcc.c ****           (+@) IWDG clock which is always the LSI clock.
 164:../../../../../../Drivers/PY32E407_HAL_Driver/Src/py32e407_hal_rcc.c ****   @endverbatim
 165:../../../../../../Drivers/PY32E407_HAL_Driver/Src/py32e407_hal_rcc.c ****   * @{
 166:../../../../../../Drivers/PY32E407_HAL_Driver/Src/py32e407_hal_rcc.c ****   */
 167:../../../../../../Drivers/PY32E407_HAL_Driver/Src/py32e407_hal_rcc.c **** 
 168:../../../../../../Drivers/PY32E407_HAL_Driver/Src/py32e407_hal_rcc.c **** /*
 169:../../../../../../Drivers/PY32E407_HAL_Driver/Src/py32e407_hal_rcc.c ****   Additional consideration on the SYSCLK based on Latency settings:
 170:../../../../../../Drivers/PY32E407_HAL_Driver/Src/py32e407_hal_rcc.c ****         +-----------------------------------------------+
 171:../../../../../../Drivers/PY32E407_HAL_Driver/Src/py32e407_hal_rcc.c ****         | Latency       | SYSCLK clock frequency (MHz)  |
 172:../../../../../../Drivers/PY32E407_HAL_Driver/Src/py32e407_hal_rcc.c ****         |---------------|-------------------------------|
 173:../../../../../../Drivers/PY32E407_HAL_Driver/Src/py32e407_hal_rcc.c ****         |0WS(1CPU cycle)|       0 < SYSCLK <= 25        |
 174:../../../../../../Drivers/PY32E407_HAL_Driver/Src/py32e407_hal_rcc.c ****         |---------------|-------------------------------|
 175:../../../../../../Drivers/PY32E407_HAL_Driver/Src/py32e407_hal_rcc.c ****         |1WS(2CPU cycle)|      25 < SYSCLK <= 50        |
 176:../../../../../../Drivers/PY32E407_HAL_Driver/Src/py32e407_hal_rcc.c ****         |---------------|-------------------------------|
 177:../../../../../../Drivers/PY32E407_HAL_Driver/Src/py32e407_hal_rcc.c ****         |3WS(4CPU cycle)|      50 < SYSCLK <= 75        |
 178:../../../../../../Drivers/PY32E407_HAL_Driver/Src/py32e407_hal_rcc.c ****         |---------------|-------------------------------|
 179:../../../../../../Drivers/PY32E407_HAL_Driver/Src/py32e407_hal_rcc.c ****         |4WS(5CPU cycle)|      75 < SYSCLK <= 100       |
 180:../../../../../../Drivers/PY32E407_HAL_Driver/Src/py32e407_hal_rcc.c ****         |---------------|-------------------------------|
 181:../../../../../../Drivers/PY32E407_HAL_Driver/Src/py32e407_hal_rcc.c ****         |5WS(6CPU cycle)|     100 < SYSCLK <= 125       |
 182:../../../../../../Drivers/PY32E407_HAL_Driver/Src/py32e407_hal_rcc.c ****         |---------------|-------------------------------|
 183:../../../../../../Drivers/PY32E407_HAL_Driver/Src/py32e407_hal_rcc.c ****         |6WS(7CPU cycle)|     125 < SYSCLK <= 150       |
 184:../../../../../../Drivers/PY32E407_HAL_Driver/Src/py32e407_hal_rcc.c ****         |---------------|-------------------------------|
 185:../../../../../../Drivers/PY32E407_HAL_Driver/Src/py32e407_hal_rcc.c ****         |7WS(8CPU cycle)|     150 < SYSCLK <= 170       |
 186:../../../../../../Drivers/PY32E407_HAL_Driver/Src/py32e407_hal_rcc.c ****         +-----------------------------------------------+
 187:../../../../../../Drivers/PY32E407_HAL_Driver/Src/py32e407_hal_rcc.c ****   */
 188:../../../../../../Drivers/PY32E407_HAL_Driver/Src/py32e407_hal_rcc.c **** 
 189:../../../../../../Drivers/PY32E407_HAL_Driver/Src/py32e407_hal_rcc.c **** /**
 190:../../../../../../Drivers/PY32E407_HAL_Driver/Src/py32e407_hal_rcc.c ****   * @brief  Resets the RCC clock configuration to the default reset state.
 191:../../../../../../Drivers/PY32E407_HAL_Driver/Src/py32e407_hal_rcc.c ****   * @note   The default reset state of the clock configuration is given below:
 192:../../../../../../Drivers/PY32E407_HAL_Driver/Src/py32e407_hal_rcc.c ****   *            - HSI ON and used as system clock source
 193:../../../../../../Drivers/PY32E407_HAL_Driver/Src/py32e407_hal_rcc.c ****   *            - HSE, PLL are OFF
 194:../../../../../../Drivers/PY32E407_HAL_Driver/Src/py32e407_hal_rcc.c ****   *            - AHB, APB1 and APB2 prescaler set to 1.
 195:../../../../../../Drivers/PY32E407_HAL_Driver/Src/py32e407_hal_rcc.c ****   *            - CSS and MCO1 OFF
 196:../../../../../../Drivers/PY32E407_HAL_Driver/Src/py32e407_hal_rcc.c ****   *            - All interrupts disabled
 197:../../../../../../Drivers/PY32E407_HAL_Driver/Src/py32e407_hal_rcc.c ****   *            - All flags are cleared
 198:../../../../../../Drivers/PY32E407_HAL_Driver/Src/py32e407_hal_rcc.c ****   * @note   This function does not modify the configuration of the
 199:../../../../../../Drivers/PY32E407_HAL_Driver/Src/py32e407_hal_rcc.c ****   *            - Peripheral clocks
 200:../../../../../../Drivers/PY32E407_HAL_Driver/Src/py32e407_hal_rcc.c ****   *            - LSI, LSE and RTC clocks
 201:../../../../../../Drivers/PY32E407_HAL_Driver/Src/py32e407_hal_rcc.c ****   * @retval HAL_StatusTypeDef
 202:../../../../../../Drivers/PY32E407_HAL_Driver/Src/py32e407_hal_rcc.c ****   */
ARM GAS  C:\Users\user\AppData\Local\Temp\ccuc8vss.s 			page 5


 203:../../../../../../Drivers/PY32E407_HAL_Driver/Src/py32e407_hal_rcc.c **** HAL_StatusTypeDef HAL_RCC_DeInit(void)
 204:../../../../../../Drivers/PY32E407_HAL_Driver/Src/py32e407_hal_rcc.c **** {
 205:../../../../../../Drivers/PY32E407_HAL_Driver/Src/py32e407_hal_rcc.c ****   uint32_t tickstart;
 206:../../../../../../Drivers/PY32E407_HAL_Driver/Src/py32e407_hal_rcc.c **** 
 207:../../../../../../Drivers/PY32E407_HAL_Driver/Src/py32e407_hal_rcc.c ****   /* Get Start Tick */
 208:../../../../../../Drivers/PY32E407_HAL_Driver/Src/py32e407_hal_rcc.c ****   tickstart = HAL_GetTick();
 209:../../../../../../Drivers/PY32E407_HAL_Driver/Src/py32e407_hal_rcc.c **** 
 210:../../../../../../Drivers/PY32E407_HAL_Driver/Src/py32e407_hal_rcc.c ****   /* Set HSION bit */
 211:../../../../../../Drivers/PY32E407_HAL_Driver/Src/py32e407_hal_rcc.c ****   SET_BIT(RCC->CR, RCC_CR_HSION);
 212:../../../../../../Drivers/PY32E407_HAL_Driver/Src/py32e407_hal_rcc.c **** 
 213:../../../../../../Drivers/PY32E407_HAL_Driver/Src/py32e407_hal_rcc.c ****   /* Wait till HSI is ready */
 214:../../../../../../Drivers/PY32E407_HAL_Driver/Src/py32e407_hal_rcc.c ****   while (READ_BIT(RCC->CR, RCC_CR_HSIRDY) == RESET)
 215:../../../../../../Drivers/PY32E407_HAL_Driver/Src/py32e407_hal_rcc.c ****   {
 216:../../../../../../Drivers/PY32E407_HAL_Driver/Src/py32e407_hal_rcc.c ****     if ((HAL_GetTick() - tickstart) > HSI_TIMEOUT_VALUE)
 217:../../../../../../Drivers/PY32E407_HAL_Driver/Src/py32e407_hal_rcc.c ****     {
 218:../../../../../../Drivers/PY32E407_HAL_Driver/Src/py32e407_hal_rcc.c ****       return HAL_TIMEOUT;
 219:../../../../../../Drivers/PY32E407_HAL_Driver/Src/py32e407_hal_rcc.c ****     }
 220:../../../../../../Drivers/PY32E407_HAL_Driver/Src/py32e407_hal_rcc.c ****   }
 221:../../../../../../Drivers/PY32E407_HAL_Driver/Src/py32e407_hal_rcc.c **** 
 222:../../../../../../Drivers/PY32E407_HAL_Driver/Src/py32e407_hal_rcc.c ****   /* Get Start Tick */
 223:../../../../../../Drivers/PY32E407_HAL_Driver/Src/py32e407_hal_rcc.c ****   tickstart = HAL_GetTick();
 224:../../../../../../Drivers/PY32E407_HAL_Driver/Src/py32e407_hal_rcc.c **** 
 225:../../../../../../Drivers/PY32E407_HAL_Driver/Src/py32e407_hal_rcc.c ****   /* HSI used as system clock source. Reset AHB, APB1, APB2 prescaler and the output clock of MCO *
 226:../../../../../../Drivers/PY32E407_HAL_Driver/Src/py32e407_hal_rcc.c ****   RCC->CFGR = (RCC->CFGR & 0x00FF0000);
 227:../../../../../../Drivers/PY32E407_HAL_Driver/Src/py32e407_hal_rcc.c **** 
 228:../../../../../../Drivers/PY32E407_HAL_Driver/Src/py32e407_hal_rcc.c ****   /* Reset the division coefficients of MCO */
 229:../../../../../../Drivers/PY32E407_HAL_Driver/Src/py32e407_hal_rcc.c ****   RCC->CFGR1 = (RCC->CFGR1 & 0xFFFFFFF8);
 230:../../../../../../Drivers/PY32E407_HAL_Driver/Src/py32e407_hal_rcc.c **** 
 231:../../../../../../Drivers/PY32E407_HAL_Driver/Src/py32e407_hal_rcc.c ****   /* Wait till clock switch is ready */
 232:../../../../../../Drivers/PY32E407_HAL_Driver/Src/py32e407_hal_rcc.c ****   while (READ_BIT(RCC->CFGR, RCC_CFGR_SWS) != RCC_CFGR_SWS_HSI)
 233:../../../../../../Drivers/PY32E407_HAL_Driver/Src/py32e407_hal_rcc.c ****   {
 234:../../../../../../Drivers/PY32E407_HAL_Driver/Src/py32e407_hal_rcc.c ****     if ((HAL_GetTick() - tickstart) > CLOCKSWITCH_TIMEOUT_VALUE)
 235:../../../../../../Drivers/PY32E407_HAL_Driver/Src/py32e407_hal_rcc.c ****     {
 236:../../../../../../Drivers/PY32E407_HAL_Driver/Src/py32e407_hal_rcc.c ****       return HAL_TIMEOUT;
 237:../../../../../../Drivers/PY32E407_HAL_Driver/Src/py32e407_hal_rcc.c ****     }
 238:../../../../../../Drivers/PY32E407_HAL_Driver/Src/py32e407_hal_rcc.c ****   }
 239:../../../../../../Drivers/PY32E407_HAL_Driver/Src/py32e407_hal_rcc.c **** 
 240:../../../../../../Drivers/PY32E407_HAL_Driver/Src/py32e407_hal_rcc.c ****   /* Update the SystemCoreClock global variable */
 241:../../../../../../Drivers/PY32E407_HAL_Driver/Src/py32e407_hal_rcc.c ****   SystemCoreClock = HSI_VALUE;
 242:../../../../../../Drivers/PY32E407_HAL_Driver/Src/py32e407_hal_rcc.c **** 
 243:../../../../../../Drivers/PY32E407_HAL_Driver/Src/py32e407_hal_rcc.c ****   /* Adapt Systick interrupt period */
 244:../../../../../../Drivers/PY32E407_HAL_Driver/Src/py32e407_hal_rcc.c ****   if (HAL_InitTick(uwTickPrio) != HAL_OK)
 245:../../../../../../Drivers/PY32E407_HAL_Driver/Src/py32e407_hal_rcc.c ****   {
 246:../../../../../../Drivers/PY32E407_HAL_Driver/Src/py32e407_hal_rcc.c ****     return HAL_ERROR;
 247:../../../../../../Drivers/PY32E407_HAL_Driver/Src/py32e407_hal_rcc.c ****   }
 248:../../../../../../Drivers/PY32E407_HAL_Driver/Src/py32e407_hal_rcc.c **** 
 249:../../../../../../Drivers/PY32E407_HAL_Driver/Src/py32e407_hal_rcc.c ****   /* Get Start Tick */
 250:../../../../../../Drivers/PY32E407_HAL_Driver/Src/py32e407_hal_rcc.c ****   tickstart = HAL_GetTick();
 251:../../../../../../Drivers/PY32E407_HAL_Driver/Src/py32e407_hal_rcc.c **** 
 252:../../../../../../Drivers/PY32E407_HAL_Driver/Src/py32e407_hal_rcc.c ****   /* Second step is to clear PLLON bit */
 253:../../../../../../Drivers/PY32E407_HAL_Driver/Src/py32e407_hal_rcc.c ****   CLEAR_BIT(RCC->CR, RCC_CR_PLLON);
 254:../../../../../../Drivers/PY32E407_HAL_Driver/Src/py32e407_hal_rcc.c **** 
 255:../../../../../../Drivers/PY32E407_HAL_Driver/Src/py32e407_hal_rcc.c ****   /* Wait till PLL is disabled */
 256:../../../../../../Drivers/PY32E407_HAL_Driver/Src/py32e407_hal_rcc.c ****   while (READ_BIT(RCC->CR, RCC_CR_PLLRDY) != RESET)
 257:../../../../../../Drivers/PY32E407_HAL_Driver/Src/py32e407_hal_rcc.c ****   {
 258:../../../../../../Drivers/PY32E407_HAL_Driver/Src/py32e407_hal_rcc.c ****     if ((HAL_GetTick() - tickstart) > PLL_TIMEOUT_VALUE)
 259:../../../../../../Drivers/PY32E407_HAL_Driver/Src/py32e407_hal_rcc.c ****     {
ARM GAS  C:\Users\user\AppData\Local\Temp\ccuc8vss.s 			page 6


 260:../../../../../../Drivers/PY32E407_HAL_Driver/Src/py32e407_hal_rcc.c ****       return HAL_TIMEOUT;
 261:../../../../../../Drivers/PY32E407_HAL_Driver/Src/py32e407_hal_rcc.c ****     }
 262:../../../../../../Drivers/PY32E407_HAL_Driver/Src/py32e407_hal_rcc.c ****   }
 263:../../../../../../Drivers/PY32E407_HAL_Driver/Src/py32e407_hal_rcc.c **** 
 264:../../../../../../Drivers/PY32E407_HAL_Driver/Src/py32e407_hal_rcc.c ****   /* Ensure to reset PLLSRC and PLLMUL bits */
 265:../../../../../../Drivers/PY32E407_HAL_Driver/Src/py32e407_hal_rcc.c ****   CLEAR_REG(RCC->CFGR3);
 266:../../../../../../Drivers/PY32E407_HAL_Driver/Src/py32e407_hal_rcc.c **** 
 267:../../../../../../Drivers/PY32E407_HAL_Driver/Src/py32e407_hal_rcc.c ****   /* Get Start Tick */
 268:../../../../../../Drivers/PY32E407_HAL_Driver/Src/py32e407_hal_rcc.c ****   tickstart = HAL_GetTick();
 269:../../../../../../Drivers/PY32E407_HAL_Driver/Src/py32e407_hal_rcc.c **** 
 270:../../../../../../Drivers/PY32E407_HAL_Driver/Src/py32e407_hal_rcc.c ****   /* Reset HSEON & CSSON bits */
 271:../../../../../../Drivers/PY32E407_HAL_Driver/Src/py32e407_hal_rcc.c ****   CLEAR_BIT(RCC->CR, RCC_CR_HSEON | RCC_CR_CSSON);
 272:../../../../../../Drivers/PY32E407_HAL_Driver/Src/py32e407_hal_rcc.c **** 
 273:../../../../../../Drivers/PY32E407_HAL_Driver/Src/py32e407_hal_rcc.c ****   /* Wait till HSE is disabled */
 274:../../../../../../Drivers/PY32E407_HAL_Driver/Src/py32e407_hal_rcc.c ****   while (READ_BIT(RCC->CR, RCC_CR_HSERDY) != RESET)
 275:../../../../../../Drivers/PY32E407_HAL_Driver/Src/py32e407_hal_rcc.c ****   {
 276:../../../../../../Drivers/PY32E407_HAL_Driver/Src/py32e407_hal_rcc.c ****     if ((HAL_GetTick() - tickstart) > HSE_TIMEOUT_VALUE)
 277:../../../../../../Drivers/PY32E407_HAL_Driver/Src/py32e407_hal_rcc.c ****     {
 278:../../../../../../Drivers/PY32E407_HAL_Driver/Src/py32e407_hal_rcc.c ****       return HAL_TIMEOUT;
 279:../../../../../../Drivers/PY32E407_HAL_Driver/Src/py32e407_hal_rcc.c ****     }
 280:../../../../../../Drivers/PY32E407_HAL_Driver/Src/py32e407_hal_rcc.c ****   }
 281:../../../../../../Drivers/PY32E407_HAL_Driver/Src/py32e407_hal_rcc.c **** 
 282:../../../../../../Drivers/PY32E407_HAL_Driver/Src/py32e407_hal_rcc.c ****   /* Reset HSEBYP bit */
 283:../../../../../../Drivers/PY32E407_HAL_Driver/Src/py32e407_hal_rcc.c ****   CLEAR_BIT(RCC->CR, RCC_CR_HSEBYP);
 284:../../../../../../Drivers/PY32E407_HAL_Driver/Src/py32e407_hal_rcc.c **** 
 285:../../../../../../Drivers/PY32E407_HAL_Driver/Src/py32e407_hal_rcc.c ****   /* Reset HSE drive capability */
 286:../../../../../../Drivers/PY32E407_HAL_Driver/Src/py32e407_hal_rcc.c ****   RCC->CFGR2 = (RCC->CFGR2 & 0x0000000F);
 287:../../../../../../Drivers/PY32E407_HAL_Driver/Src/py32e407_hal_rcc.c **** 
 288:../../../../../../Drivers/PY32E407_HAL_Driver/Src/py32e407_hal_rcc.c ****   /* Disable all interrupts */
 289:../../../../../../Drivers/PY32E407_HAL_Driver/Src/py32e407_hal_rcc.c ****   CLEAR_REG(RCC->CIR);
 290:../../../../../../Drivers/PY32E407_HAL_Driver/Src/py32e407_hal_rcc.c **** 
 291:../../../../../../Drivers/PY32E407_HAL_Driver/Src/py32e407_hal_rcc.c ****   /* Clear all interrupt flags */
 292:../../../../../../Drivers/PY32E407_HAL_Driver/Src/py32e407_hal_rcc.c ****   WRITE_REG(RCC->CIR, 0x00BF0000U);
 293:../../../../../../Drivers/PY32E407_HAL_Driver/Src/py32e407_hal_rcc.c **** 
 294:../../../../../../Drivers/PY32E407_HAL_Driver/Src/py32e407_hal_rcc.c ****   /* Reset all CSR flags */
 295:../../../../../../Drivers/PY32E407_HAL_Driver/Src/py32e407_hal_rcc.c ****   SET_BIT(RCC->CSR, RCC_CSR_RMVF);
 296:../../../../../../Drivers/PY32E407_HAL_Driver/Src/py32e407_hal_rcc.c **** 
 297:../../../../../../Drivers/PY32E407_HAL_Driver/Src/py32e407_hal_rcc.c ****   return HAL_OK;
 298:../../../../../../Drivers/PY32E407_HAL_Driver/Src/py32e407_hal_rcc.c **** }
 299:../../../../../../Drivers/PY32E407_HAL_Driver/Src/py32e407_hal_rcc.c **** 
 300:../../../../../../Drivers/PY32E407_HAL_Driver/Src/py32e407_hal_rcc.c **** /**
 301:../../../../../../Drivers/PY32E407_HAL_Driver/Src/py32e407_hal_rcc.c ****   * @brief  Initializes the RCC Oscillators according to the specified parameters in the
 302:../../../../../../Drivers/PY32E407_HAL_Driver/Src/py32e407_hal_rcc.c ****   *         RCC_OscInitTypeDef.
 303:../../../../../../Drivers/PY32E407_HAL_Driver/Src/py32e407_hal_rcc.c ****   * @param  RCC_OscInitStruct pointer to an RCC_OscInitTypeDef structure that
 304:../../../../../../Drivers/PY32E407_HAL_Driver/Src/py32e407_hal_rcc.c ****   *         contains the configuration information for the RCC Oscillators.
 305:../../../../../../Drivers/PY32E407_HAL_Driver/Src/py32e407_hal_rcc.c ****   * @note   The PLL is not disabled when used as system clock.
 306:../../../../../../Drivers/PY32E407_HAL_Driver/Src/py32e407_hal_rcc.c ****   * @note   The PLL is not disabled when USB clock is enabled (specific to devices with USB )
 307:../../../../../../Drivers/PY32E407_HAL_Driver/Src/py32e407_hal_rcc.c ****   * @note   Transitions LSE Bypass to LSE On and LSE On to LSE Bypass are not
 308:../../../../../../Drivers/PY32E407_HAL_Driver/Src/py32e407_hal_rcc.c ****   *         supported by this macro. User should request a transition to LSE Off
 309:../../../../../../Drivers/PY32E407_HAL_Driver/Src/py32e407_hal_rcc.c ****   *         first and then LSE On or LSE Bypass.
 310:../../../../../../Drivers/PY32E407_HAL_Driver/Src/py32e407_hal_rcc.c ****   * @note   Transition HSE Bypass to HSE On and HSE On to HSE Bypass are not
 311:../../../../../../Drivers/PY32E407_HAL_Driver/Src/py32e407_hal_rcc.c ****   *         supported by this macro. User should request a transition to HSE Off
 312:../../../../../../Drivers/PY32E407_HAL_Driver/Src/py32e407_hal_rcc.c ****   *         first and then HSE On or HSE Bypass.
 313:../../../../../../Drivers/PY32E407_HAL_Driver/Src/py32e407_hal_rcc.c ****   * @retval HAL status
 314:../../../../../../Drivers/PY32E407_HAL_Driver/Src/py32e407_hal_rcc.c ****   */
 315:../../../../../../Drivers/PY32E407_HAL_Driver/Src/py32e407_hal_rcc.c **** HAL_StatusTypeDef HAL_RCC_OscConfig(RCC_OscInitTypeDef  *RCC_OscInitStruct)
 316:../../../../../../Drivers/PY32E407_HAL_Driver/Src/py32e407_hal_rcc.c **** {
ARM GAS  C:\Users\user\AppData\Local\Temp\ccuc8vss.s 			page 7


 317:../../../../../../Drivers/PY32E407_HAL_Driver/Src/py32e407_hal_rcc.c ****   uint32_t tickstart;
 318:../../../../../../Drivers/PY32E407_HAL_Driver/Src/py32e407_hal_rcc.c ****   uint32_t pll_config;
 319:../../../../../../Drivers/PY32E407_HAL_Driver/Src/py32e407_hal_rcc.c **** 
 320:../../../../../../Drivers/PY32E407_HAL_Driver/Src/py32e407_hal_rcc.c ****   /* Check Null pointer */
 321:../../../../../../Drivers/PY32E407_HAL_Driver/Src/py32e407_hal_rcc.c ****   if (RCC_OscInitStruct == NULL)
 322:../../../../../../Drivers/PY32E407_HAL_Driver/Src/py32e407_hal_rcc.c ****   {
 323:../../../../../../Drivers/PY32E407_HAL_Driver/Src/py32e407_hal_rcc.c ****     return HAL_ERROR;
 324:../../../../../../Drivers/PY32E407_HAL_Driver/Src/py32e407_hal_rcc.c ****   }
 325:../../../../../../Drivers/PY32E407_HAL_Driver/Src/py32e407_hal_rcc.c **** 
 326:../../../../../../Drivers/PY32E407_HAL_Driver/Src/py32e407_hal_rcc.c ****   /* Check the parameters */
 327:../../../../../../Drivers/PY32E407_HAL_Driver/Src/py32e407_hal_rcc.c ****   assert_param(IS_RCC_OSCILLATORTYPE(RCC_OscInitStruct->OscillatorType));
 328:../../../../../../Drivers/PY32E407_HAL_Driver/Src/py32e407_hal_rcc.c **** 
 329:../../../../../../Drivers/PY32E407_HAL_Driver/Src/py32e407_hal_rcc.c ****   /*------------------------------- HSE Configuration ------------------------*/
 330:../../../../../../Drivers/PY32E407_HAL_Driver/Src/py32e407_hal_rcc.c ****   if (((RCC_OscInitStruct->OscillatorType) & RCC_OSCILLATORTYPE_HSE) == RCC_OSCILLATORTYPE_HSE)
 331:../../../../../../Drivers/PY32E407_HAL_Driver/Src/py32e407_hal_rcc.c ****   {
 332:../../../../../../Drivers/PY32E407_HAL_Driver/Src/py32e407_hal_rcc.c ****     /* Check the parameters */
 333:../../../../../../Drivers/PY32E407_HAL_Driver/Src/py32e407_hal_rcc.c ****     assert_param(IS_RCC_HSE(RCC_OscInitStruct->HSEState));
 334:../../../../../../Drivers/PY32E407_HAL_Driver/Src/py32e407_hal_rcc.c ****     assert_param(IS_RCC_HSE_FREQ(RCC_OscInitStruct->HSEFreq));
 335:../../../../../../Drivers/PY32E407_HAL_Driver/Src/py32e407_hal_rcc.c **** 
 336:../../../../../../Drivers/PY32E407_HAL_Driver/Src/py32e407_hal_rcc.c ****     /* When the HSE is used as system clock or clock source for PLL in these cases it is not allowe
 337:../../../../../../Drivers/PY32E407_HAL_Driver/Src/py32e407_hal_rcc.c ****     if ((__HAL_RCC_GET_SYSCLK_SOURCE() == RCC_SYSCLKSOURCE_STATUS_HSE) \
 338:../../../../../../Drivers/PY32E407_HAL_Driver/Src/py32e407_hal_rcc.c ****         || ((__HAL_RCC_GET_SYSCLK_SOURCE() == RCC_SYSCLKSOURCE_STATUS_PLLCLK) \
 339:../../../../../../Drivers/PY32E407_HAL_Driver/Src/py32e407_hal_rcc.c ****             && ((__HAL_RCC_GET_PLL_OSCSOURCE() == RCC_PLLSOURCE_HSE) || (__HAL_RCC_GET_PLL_OSCSOURC
 340:../../../../../../Drivers/PY32E407_HAL_Driver/Src/py32e407_hal_rcc.c ****     {
 341:../../../../../../Drivers/PY32E407_HAL_Driver/Src/py32e407_hal_rcc.c ****       if ((__HAL_RCC_GET_FLAG(RCC_FLAG_HSERDY) != RESET) && (RCC_OscInitStruct->HSEState == RCC_HSE
 342:../../../../../../Drivers/PY32E407_HAL_Driver/Src/py32e407_hal_rcc.c ****       {
 343:../../../../../../Drivers/PY32E407_HAL_Driver/Src/py32e407_hal_rcc.c ****         return HAL_ERROR;
 344:../../../../../../Drivers/PY32E407_HAL_Driver/Src/py32e407_hal_rcc.c ****       }
 345:../../../../../../Drivers/PY32E407_HAL_Driver/Src/py32e407_hal_rcc.c ****     }
 346:../../../../../../Drivers/PY32E407_HAL_Driver/Src/py32e407_hal_rcc.c ****     else
 347:../../../../../../Drivers/PY32E407_HAL_Driver/Src/py32e407_hal_rcc.c ****     {
 348:../../../../../../Drivers/PY32E407_HAL_Driver/Src/py32e407_hal_rcc.c ****       if (RCC_OscInitStruct->HSEState == RCC_HSE_ON)
 349:../../../../../../Drivers/PY32E407_HAL_Driver/Src/py32e407_hal_rcc.c ****       {
 350:../../../../../../Drivers/PY32E407_HAL_Driver/Src/py32e407_hal_rcc.c ****         __HAL_RCC_HSE_CONFIG(RCC_HSE_OFF);
 351:../../../../../../Drivers/PY32E407_HAL_Driver/Src/py32e407_hal_rcc.c ****         
 352:../../../../../../Drivers/PY32E407_HAL_Driver/Src/py32e407_hal_rcc.c ****         /* Get Start Tick*/
 353:../../../../../../Drivers/PY32E407_HAL_Driver/Src/py32e407_hal_rcc.c ****         tickstart = HAL_GetTick();
 354:../../../../../../Drivers/PY32E407_HAL_Driver/Src/py32e407_hal_rcc.c **** 
 355:../../../../../../Drivers/PY32E407_HAL_Driver/Src/py32e407_hal_rcc.c ****         /* Wait till HSE is off */
 356:../../../../../../Drivers/PY32E407_HAL_Driver/Src/py32e407_hal_rcc.c ****         while (READ_BIT(RCC->CR, RCC_CR_HSERDY) == SET)
 357:../../../../../../Drivers/PY32E407_HAL_Driver/Src/py32e407_hal_rcc.c ****         {
 358:../../../../../../Drivers/PY32E407_HAL_Driver/Src/py32e407_hal_rcc.c ****           if ((HAL_GetTick() - tickstart) > HSE_TIMEOUT_VALUE)
 359:../../../../../../Drivers/PY32E407_HAL_Driver/Src/py32e407_hal_rcc.c ****           {
 360:../../../../../../Drivers/PY32E407_HAL_Driver/Src/py32e407_hal_rcc.c ****             return HAL_TIMEOUT;
 361:../../../../../../Drivers/PY32E407_HAL_Driver/Src/py32e407_hal_rcc.c ****           }
 362:../../../../../../Drivers/PY32E407_HAL_Driver/Src/py32e407_hal_rcc.c ****         }
 363:../../../../../../Drivers/PY32E407_HAL_Driver/Src/py32e407_hal_rcc.c ****         
 364:../../../../../../Drivers/PY32E407_HAL_Driver/Src/py32e407_hal_rcc.c ****         /*Set HSE Driver*/
 365:../../../../../../Drivers/PY32E407_HAL_Driver/Src/py32e407_hal_rcc.c ****         __HAL_RCC_HSE_FREQ_CONFIG(RCC_OscInitStruct->HSEFreq);
 366:../../../../../../Drivers/PY32E407_HAL_Driver/Src/py32e407_hal_rcc.c ****       }
 367:../../../../../../Drivers/PY32E407_HAL_Driver/Src/py32e407_hal_rcc.c ****       
 368:../../../../../../Drivers/PY32E407_HAL_Driver/Src/py32e407_hal_rcc.c ****       /* Set the new HSE configuration ---------------------------------------*/
 369:../../../../../../Drivers/PY32E407_HAL_Driver/Src/py32e407_hal_rcc.c ****       __HAL_RCC_HSE_CONFIG(RCC_OscInitStruct->HSEState);
 370:../../../../../../Drivers/PY32E407_HAL_Driver/Src/py32e407_hal_rcc.c **** 
 371:../../../../../../Drivers/PY32E407_HAL_Driver/Src/py32e407_hal_rcc.c ****       /* Check the HSE State */
 372:../../../../../../Drivers/PY32E407_HAL_Driver/Src/py32e407_hal_rcc.c ****       if (RCC_OscInitStruct->HSEState != RCC_HSE_OFF)
 373:../../../../../../Drivers/PY32E407_HAL_Driver/Src/py32e407_hal_rcc.c ****       {
ARM GAS  C:\Users\user\AppData\Local\Temp\ccuc8vss.s 			page 8


 374:../../../../../../Drivers/PY32E407_HAL_Driver/Src/py32e407_hal_rcc.c **** #ifndef RCC_NO_DETECT_HSE_READY
 375:../../../../../../Drivers/PY32E407_HAL_Driver/Src/py32e407_hal_rcc.c ****         /* Get Start Tick */
 376:../../../../../../Drivers/PY32E407_HAL_Driver/Src/py32e407_hal_rcc.c ****         tickstart = HAL_GetTick();
 377:../../../../../../Drivers/PY32E407_HAL_Driver/Src/py32e407_hal_rcc.c **** 
 378:../../../../../../Drivers/PY32E407_HAL_Driver/Src/py32e407_hal_rcc.c ****         /* Wait till HSE is ready */
 379:../../../../../../Drivers/PY32E407_HAL_Driver/Src/py32e407_hal_rcc.c ****         while (__HAL_RCC_GET_FLAG(RCC_FLAG_HSERDY) == RESET)
 380:../../../../../../Drivers/PY32E407_HAL_Driver/Src/py32e407_hal_rcc.c ****         {
 381:../../../../../../Drivers/PY32E407_HAL_Driver/Src/py32e407_hal_rcc.c ****           if ((HAL_GetTick() - tickstart) > HSE_TIMEOUT_VALUE)
 382:../../../../../../Drivers/PY32E407_HAL_Driver/Src/py32e407_hal_rcc.c ****           {
 383:../../../../../../Drivers/PY32E407_HAL_Driver/Src/py32e407_hal_rcc.c ****             return HAL_TIMEOUT;
 384:../../../../../../Drivers/PY32E407_HAL_Driver/Src/py32e407_hal_rcc.c ****           }
 385:../../../../../../Drivers/PY32E407_HAL_Driver/Src/py32e407_hal_rcc.c ****         }
 386:../../../../../../Drivers/PY32E407_HAL_Driver/Src/py32e407_hal_rcc.c **** #endif
 387:../../../../../../Drivers/PY32E407_HAL_Driver/Src/py32e407_hal_rcc.c ****       }
 388:../../../../../../Drivers/PY32E407_HAL_Driver/Src/py32e407_hal_rcc.c ****       else
 389:../../../../../../Drivers/PY32E407_HAL_Driver/Src/py32e407_hal_rcc.c ****       {
 390:../../../../../../Drivers/PY32E407_HAL_Driver/Src/py32e407_hal_rcc.c ****         /* Get Start Tick */
 391:../../../../../../Drivers/PY32E407_HAL_Driver/Src/py32e407_hal_rcc.c ****         tickstart = HAL_GetTick();
 392:../../../../../../Drivers/PY32E407_HAL_Driver/Src/py32e407_hal_rcc.c **** 
 393:../../../../../../Drivers/PY32E407_HAL_Driver/Src/py32e407_hal_rcc.c ****         /* Wait till HSE is disabled */
 394:../../../../../../Drivers/PY32E407_HAL_Driver/Src/py32e407_hal_rcc.c ****         while (__HAL_RCC_GET_FLAG(RCC_FLAG_HSERDY) != RESET)
 395:../../../../../../Drivers/PY32E407_HAL_Driver/Src/py32e407_hal_rcc.c ****         {
 396:../../../../../../Drivers/PY32E407_HAL_Driver/Src/py32e407_hal_rcc.c ****           if ((HAL_GetTick() - tickstart) > HSE_TIMEOUT_VALUE)
 397:../../../../../../Drivers/PY32E407_HAL_Driver/Src/py32e407_hal_rcc.c ****           {
 398:../../../../../../Drivers/PY32E407_HAL_Driver/Src/py32e407_hal_rcc.c ****             return HAL_TIMEOUT;
 399:../../../../../../Drivers/PY32E407_HAL_Driver/Src/py32e407_hal_rcc.c ****           }
 400:../../../../../../Drivers/PY32E407_HAL_Driver/Src/py32e407_hal_rcc.c ****         }
 401:../../../../../../Drivers/PY32E407_HAL_Driver/Src/py32e407_hal_rcc.c ****       }
 402:../../../../../../Drivers/PY32E407_HAL_Driver/Src/py32e407_hal_rcc.c ****     }
 403:../../../../../../Drivers/PY32E407_HAL_Driver/Src/py32e407_hal_rcc.c ****   }
 404:../../../../../../Drivers/PY32E407_HAL_Driver/Src/py32e407_hal_rcc.c ****   /*----------------------------- HSI Configuration --------------------------*/
 405:../../../../../../Drivers/PY32E407_HAL_Driver/Src/py32e407_hal_rcc.c ****   if (((RCC_OscInitStruct->OscillatorType) & RCC_OSCILLATORTYPE_HSI) == RCC_OSCILLATORTYPE_HSI)
 406:../../../../../../Drivers/PY32E407_HAL_Driver/Src/py32e407_hal_rcc.c ****   {
 407:../../../../../../Drivers/PY32E407_HAL_Driver/Src/py32e407_hal_rcc.c ****     /* Check the parameters */
 408:../../../../../../Drivers/PY32E407_HAL_Driver/Src/py32e407_hal_rcc.c ****     assert_param(IS_RCC_HSI(RCC_OscInitStruct->HSIState));
 409:../../../../../../Drivers/PY32E407_HAL_Driver/Src/py32e407_hal_rcc.c **** 
 410:../../../../../../Drivers/PY32E407_HAL_Driver/Src/py32e407_hal_rcc.c ****     /* Check if HSI is used as system clock or as PLL source when PLL is selected as system clock *
 411:../../../../../../Drivers/PY32E407_HAL_Driver/Src/py32e407_hal_rcc.c ****     if ((__HAL_RCC_GET_SYSCLK_SOURCE() == RCC_SYSCLKSOURCE_STATUS_HSI) \
 412:../../../../../../Drivers/PY32E407_HAL_Driver/Src/py32e407_hal_rcc.c ****         || ((__HAL_RCC_GET_SYSCLK_SOURCE() == RCC_SYSCLKSOURCE_STATUS_PLLCLK) \
 413:../../../../../../Drivers/PY32E407_HAL_Driver/Src/py32e407_hal_rcc.c ****             && ((__HAL_RCC_GET_PLL_OSCSOURCE() == RCC_PLLSOURCE_HSI_DIV2))))
 414:../../../../../../Drivers/PY32E407_HAL_Driver/Src/py32e407_hal_rcc.c ****     {
 415:../../../../../../Drivers/PY32E407_HAL_Driver/Src/py32e407_hal_rcc.c ****       /* When HSI is used as system clock it will not disabled */
 416:../../../../../../Drivers/PY32E407_HAL_Driver/Src/py32e407_hal_rcc.c ****       if ((__HAL_RCC_GET_FLAG(RCC_FLAG_HSIRDY) != RESET) && (RCC_OscInitStruct->HSIState != RCC_HSI
 417:../../../../../../Drivers/PY32E407_HAL_Driver/Src/py32e407_hal_rcc.c ****       {
 418:../../../../../../Drivers/PY32E407_HAL_Driver/Src/py32e407_hal_rcc.c ****         return HAL_ERROR;
 419:../../../../../../Drivers/PY32E407_HAL_Driver/Src/py32e407_hal_rcc.c ****       }
 420:../../../../../../Drivers/PY32E407_HAL_Driver/Src/py32e407_hal_rcc.c ****     }
 421:../../../../../../Drivers/PY32E407_HAL_Driver/Src/py32e407_hal_rcc.c ****     else
 422:../../../../../../Drivers/PY32E407_HAL_Driver/Src/py32e407_hal_rcc.c ****     {
 423:../../../../../../Drivers/PY32E407_HAL_Driver/Src/py32e407_hal_rcc.c ****       /* Check the HSI State */
 424:../../../../../../Drivers/PY32E407_HAL_Driver/Src/py32e407_hal_rcc.c ****       if (RCC_OscInitStruct->HSIState != RCC_HSI_OFF)
 425:../../../../../../Drivers/PY32E407_HAL_Driver/Src/py32e407_hal_rcc.c ****       {
 426:../../../../../../Drivers/PY32E407_HAL_Driver/Src/py32e407_hal_rcc.c ****         /* Enable the Internal High Speed oscillator (HSI). */
 427:../../../../../../Drivers/PY32E407_HAL_Driver/Src/py32e407_hal_rcc.c ****         __HAL_RCC_HSI_ENABLE();
 428:../../../../../../Drivers/PY32E407_HAL_Driver/Src/py32e407_hal_rcc.c **** 
 429:../../../../../../Drivers/PY32E407_HAL_Driver/Src/py32e407_hal_rcc.c ****         /* Get Start Tick */
 430:../../../../../../Drivers/PY32E407_HAL_Driver/Src/py32e407_hal_rcc.c ****         tickstart = HAL_GetTick();
ARM GAS  C:\Users\user\AppData\Local\Temp\ccuc8vss.s 			page 9


 431:../../../../../../Drivers/PY32E407_HAL_Driver/Src/py32e407_hal_rcc.c **** 
 432:../../../../../../Drivers/PY32E407_HAL_Driver/Src/py32e407_hal_rcc.c ****         /* Wait till HSI is ready */
 433:../../../../../../Drivers/PY32E407_HAL_Driver/Src/py32e407_hal_rcc.c ****         while (__HAL_RCC_GET_FLAG(RCC_FLAG_HSIRDY) == RESET)
 434:../../../../../../Drivers/PY32E407_HAL_Driver/Src/py32e407_hal_rcc.c ****         {
 435:../../../../../../Drivers/PY32E407_HAL_Driver/Src/py32e407_hal_rcc.c ****           if ((HAL_GetTick() - tickstart) > HSI_TIMEOUT_VALUE)
 436:../../../../../../Drivers/PY32E407_HAL_Driver/Src/py32e407_hal_rcc.c ****           {
 437:../../../../../../Drivers/PY32E407_HAL_Driver/Src/py32e407_hal_rcc.c ****             return HAL_TIMEOUT;
 438:../../../../../../Drivers/PY32E407_HAL_Driver/Src/py32e407_hal_rcc.c ****           }
 439:../../../../../../Drivers/PY32E407_HAL_Driver/Src/py32e407_hal_rcc.c ****         }
 440:../../../../../../Drivers/PY32E407_HAL_Driver/Src/py32e407_hal_rcc.c ****       }
 441:../../../../../../Drivers/PY32E407_HAL_Driver/Src/py32e407_hal_rcc.c ****       else
 442:../../../../../../Drivers/PY32E407_HAL_Driver/Src/py32e407_hal_rcc.c ****       {
 443:../../../../../../Drivers/PY32E407_HAL_Driver/Src/py32e407_hal_rcc.c ****         /* Disable the Internal High Speed oscillator (HSI). */
 444:../../../../../../Drivers/PY32E407_HAL_Driver/Src/py32e407_hal_rcc.c ****         __HAL_RCC_HSI_DISABLE();
 445:../../../../../../Drivers/PY32E407_HAL_Driver/Src/py32e407_hal_rcc.c **** 
 446:../../../../../../Drivers/PY32E407_HAL_Driver/Src/py32e407_hal_rcc.c ****         /* Get Start Tick */
 447:../../../../../../Drivers/PY32E407_HAL_Driver/Src/py32e407_hal_rcc.c ****         tickstart = HAL_GetTick();
 448:../../../../../../Drivers/PY32E407_HAL_Driver/Src/py32e407_hal_rcc.c **** 
 449:../../../../../../Drivers/PY32E407_HAL_Driver/Src/py32e407_hal_rcc.c ****         /* Wait till HSI is disabled */
 450:../../../../../../Drivers/PY32E407_HAL_Driver/Src/py32e407_hal_rcc.c ****         while (__HAL_RCC_GET_FLAG(RCC_FLAG_HSIRDY) != RESET)
 451:../../../../../../Drivers/PY32E407_HAL_Driver/Src/py32e407_hal_rcc.c ****         {
 452:../../../../../../Drivers/PY32E407_HAL_Driver/Src/py32e407_hal_rcc.c ****           if ((HAL_GetTick() - tickstart) > HSI_TIMEOUT_VALUE)
 453:../../../../../../Drivers/PY32E407_HAL_Driver/Src/py32e407_hal_rcc.c ****           {
 454:../../../../../../Drivers/PY32E407_HAL_Driver/Src/py32e407_hal_rcc.c ****             return HAL_TIMEOUT;
 455:../../../../../../Drivers/PY32E407_HAL_Driver/Src/py32e407_hal_rcc.c ****           }
 456:../../../../../../Drivers/PY32E407_HAL_Driver/Src/py32e407_hal_rcc.c ****         }
 457:../../../../../../Drivers/PY32E407_HAL_Driver/Src/py32e407_hal_rcc.c ****       }
 458:../../../../../../Drivers/PY32E407_HAL_Driver/Src/py32e407_hal_rcc.c ****     }
 459:../../../../../../Drivers/PY32E407_HAL_Driver/Src/py32e407_hal_rcc.c ****   }
 460:../../../../../../Drivers/PY32E407_HAL_Driver/Src/py32e407_hal_rcc.c ****   /*----------------------------- HSI48M Configuration --------------------------*/
 461:../../../../../../Drivers/PY32E407_HAL_Driver/Src/py32e407_hal_rcc.c ****   if (((RCC_OscInitStruct->OscillatorType) & RCC_OSCILLATORTYPE_HSI48M) == RCC_OSCILLATORTYPE_HSI48
 462:../../../../../../Drivers/PY32E407_HAL_Driver/Src/py32e407_hal_rcc.c ****   {
 463:../../../../../../Drivers/PY32E407_HAL_Driver/Src/py32e407_hal_rcc.c ****     /* Check the parameters */
 464:../../../../../../Drivers/PY32E407_HAL_Driver/Src/py32e407_hal_rcc.c ****     assert_param(IS_RCC_HSI48M(RCC_OscInitStruct->HSI48MState));
 465:../../../../../../Drivers/PY32E407_HAL_Driver/Src/py32e407_hal_rcc.c ****     
 466:../../../../../../Drivers/PY32E407_HAL_Driver/Src/py32e407_hal_rcc.c ****     /* Check the HSI State */
 467:../../../../../../Drivers/PY32E407_HAL_Driver/Src/py32e407_hal_rcc.c ****     if (RCC_OscInitStruct->HSI48MState != RCC_HSI48M_OFF)
 468:../../../../../../Drivers/PY32E407_HAL_Driver/Src/py32e407_hal_rcc.c ****     {
 469:../../../../../../Drivers/PY32E407_HAL_Driver/Src/py32e407_hal_rcc.c ****       /* Enable the Internal High Speed oscillator (HSI). */
 470:../../../../../../Drivers/PY32E407_HAL_Driver/Src/py32e407_hal_rcc.c ****       __HAL_RCC_HSI48M_ENABLE();
 471:../../../../../../Drivers/PY32E407_HAL_Driver/Src/py32e407_hal_rcc.c **** 
 472:../../../../../../Drivers/PY32E407_HAL_Driver/Src/py32e407_hal_rcc.c ****       /* Get Start Tick */
 473:../../../../../../Drivers/PY32E407_HAL_Driver/Src/py32e407_hal_rcc.c ****       tickstart = HAL_GetTick();
 474:../../../../../../Drivers/PY32E407_HAL_Driver/Src/py32e407_hal_rcc.c **** 
 475:../../../../../../Drivers/PY32E407_HAL_Driver/Src/py32e407_hal_rcc.c ****       /* Wait till HSI48M is ready */
 476:../../../../../../Drivers/PY32E407_HAL_Driver/Src/py32e407_hal_rcc.c ****       while (__HAL_RCC_GET_FLAG(RCC_FLAG_HSI48MRDY) == RESET)
 477:../../../../../../Drivers/PY32E407_HAL_Driver/Src/py32e407_hal_rcc.c ****       {
 478:../../../../../../Drivers/PY32E407_HAL_Driver/Src/py32e407_hal_rcc.c ****         if ((HAL_GetTick() - tickstart) > HSI48M_TIMEOUT_VALUE)
 479:../../../../../../Drivers/PY32E407_HAL_Driver/Src/py32e407_hal_rcc.c ****         {
 480:../../../../../../Drivers/PY32E407_HAL_Driver/Src/py32e407_hal_rcc.c ****           return HAL_TIMEOUT;
 481:../../../../../../Drivers/PY32E407_HAL_Driver/Src/py32e407_hal_rcc.c ****         }
 482:../../../../../../Drivers/PY32E407_HAL_Driver/Src/py32e407_hal_rcc.c ****       }
 483:../../../../../../Drivers/PY32E407_HAL_Driver/Src/py32e407_hal_rcc.c ****     }
 484:../../../../../../Drivers/PY32E407_HAL_Driver/Src/py32e407_hal_rcc.c ****     else
 485:../../../../../../Drivers/PY32E407_HAL_Driver/Src/py32e407_hal_rcc.c ****     {
 486:../../../../../../Drivers/PY32E407_HAL_Driver/Src/py32e407_hal_rcc.c ****       /* Disable the Internal 48MHz High Speed oscillator (HSI48MHz). */
 487:../../../../../../Drivers/PY32E407_HAL_Driver/Src/py32e407_hal_rcc.c ****       __HAL_RCC_HSI48M_DISABLE();
ARM GAS  C:\Users\user\AppData\Local\Temp\ccuc8vss.s 			page 10


 488:../../../../../../Drivers/PY32E407_HAL_Driver/Src/py32e407_hal_rcc.c **** 
 489:../../../../../../Drivers/PY32E407_HAL_Driver/Src/py32e407_hal_rcc.c ****       /* Get Start Tick */
 490:../../../../../../Drivers/PY32E407_HAL_Driver/Src/py32e407_hal_rcc.c ****       tickstart = HAL_GetTick();
 491:../../../../../../Drivers/PY32E407_HAL_Driver/Src/py32e407_hal_rcc.c **** 
 492:../../../../../../Drivers/PY32E407_HAL_Driver/Src/py32e407_hal_rcc.c ****       /* Wait till HSI48M is disabled */
 493:../../../../../../Drivers/PY32E407_HAL_Driver/Src/py32e407_hal_rcc.c ****       while (__HAL_RCC_GET_FLAG(RCC_FLAG_HSI48MRDY) != RESET)
 494:../../../../../../Drivers/PY32E407_HAL_Driver/Src/py32e407_hal_rcc.c ****       {
 495:../../../../../../Drivers/PY32E407_HAL_Driver/Src/py32e407_hal_rcc.c ****         if ((HAL_GetTick() - tickstart) > HSI48M_TIMEOUT_VALUE)
 496:../../../../../../Drivers/PY32E407_HAL_Driver/Src/py32e407_hal_rcc.c ****         {
 497:../../../../../../Drivers/PY32E407_HAL_Driver/Src/py32e407_hal_rcc.c ****           return HAL_TIMEOUT;
 498:../../../../../../Drivers/PY32E407_HAL_Driver/Src/py32e407_hal_rcc.c ****         }
 499:../../../../../../Drivers/PY32E407_HAL_Driver/Src/py32e407_hal_rcc.c ****       }
 500:../../../../../../Drivers/PY32E407_HAL_Driver/Src/py32e407_hal_rcc.c ****     }
 501:../../../../../../Drivers/PY32E407_HAL_Driver/Src/py32e407_hal_rcc.c ****   }
 502:../../../../../../Drivers/PY32E407_HAL_Driver/Src/py32e407_hal_rcc.c ****   /*------------------------------ LSI Configuration -------------------------*/
 503:../../../../../../Drivers/PY32E407_HAL_Driver/Src/py32e407_hal_rcc.c ****   if (((RCC_OscInitStruct->OscillatorType) & RCC_OSCILLATORTYPE_LSI) == RCC_OSCILLATORTYPE_LSI)
 504:../../../../../../Drivers/PY32E407_HAL_Driver/Src/py32e407_hal_rcc.c ****   {
 505:../../../../../../Drivers/PY32E407_HAL_Driver/Src/py32e407_hal_rcc.c ****     /* Check the parameters */
 506:../../../../../../Drivers/PY32E407_HAL_Driver/Src/py32e407_hal_rcc.c ****     assert_param(IS_RCC_LSI(RCC_OscInitStruct->LSIState));
 507:../../../../../../Drivers/PY32E407_HAL_Driver/Src/py32e407_hal_rcc.c **** 
 508:../../../../../../Drivers/PY32E407_HAL_Driver/Src/py32e407_hal_rcc.c ****     /* Check the LSI State */
 509:../../../../../../Drivers/PY32E407_HAL_Driver/Src/py32e407_hal_rcc.c ****     if (RCC_OscInitStruct->LSIState != RCC_LSI_OFF)
 510:../../../../../../Drivers/PY32E407_HAL_Driver/Src/py32e407_hal_rcc.c ****     {
 511:../../../../../../Drivers/PY32E407_HAL_Driver/Src/py32e407_hal_rcc.c ****       /* Enable the Internal Low Speed oscillator (LSI). */
 512:../../../../../../Drivers/PY32E407_HAL_Driver/Src/py32e407_hal_rcc.c ****       __HAL_RCC_LSI_ENABLE();
 513:../../../../../../Drivers/PY32E407_HAL_Driver/Src/py32e407_hal_rcc.c **** 
 514:../../../../../../Drivers/PY32E407_HAL_Driver/Src/py32e407_hal_rcc.c ****       /* Get Start Tick */
 515:../../../../../../Drivers/PY32E407_HAL_Driver/Src/py32e407_hal_rcc.c ****       tickstart = HAL_GetTick();
 516:../../../../../../Drivers/PY32E407_HAL_Driver/Src/py32e407_hal_rcc.c **** 
 517:../../../../../../Drivers/PY32E407_HAL_Driver/Src/py32e407_hal_rcc.c ****       /* Wait till LSI is ready */
 518:../../../../../../Drivers/PY32E407_HAL_Driver/Src/py32e407_hal_rcc.c ****       while (__HAL_RCC_GET_FLAG(RCC_FLAG_LSIRDY) == RESET)
 519:../../../../../../Drivers/PY32E407_HAL_Driver/Src/py32e407_hal_rcc.c ****       {
 520:../../../../../../Drivers/PY32E407_HAL_Driver/Src/py32e407_hal_rcc.c ****         if ((HAL_GetTick() - tickstart) > LSI_TIMEOUT_VALUE)
 521:../../../../../../Drivers/PY32E407_HAL_Driver/Src/py32e407_hal_rcc.c ****         {
 522:../../../../../../Drivers/PY32E407_HAL_Driver/Src/py32e407_hal_rcc.c ****           return HAL_TIMEOUT;
 523:../../../../../../Drivers/PY32E407_HAL_Driver/Src/py32e407_hal_rcc.c ****         }
 524:../../../../../../Drivers/PY32E407_HAL_Driver/Src/py32e407_hal_rcc.c ****       }
 525:../../../../../../Drivers/PY32E407_HAL_Driver/Src/py32e407_hal_rcc.c ****     }
 526:../../../../../../Drivers/PY32E407_HAL_Driver/Src/py32e407_hal_rcc.c ****     else
 527:../../../../../../Drivers/PY32E407_HAL_Driver/Src/py32e407_hal_rcc.c ****     {
 528:../../../../../../Drivers/PY32E407_HAL_Driver/Src/py32e407_hal_rcc.c ****       /* Disable the Internal Low Speed oscillator (LSI). */
 529:../../../../../../Drivers/PY32E407_HAL_Driver/Src/py32e407_hal_rcc.c ****       __HAL_RCC_LSI_DISABLE();
 530:../../../../../../Drivers/PY32E407_HAL_Driver/Src/py32e407_hal_rcc.c ****   
 531:../../../../../../Drivers/PY32E407_HAL_Driver/Src/py32e407_hal_rcc.c ****       /* Get Start Tick */
 532:../../../../../../Drivers/PY32E407_HAL_Driver/Src/py32e407_hal_rcc.c ****       tickstart = HAL_GetTick();
 533:../../../../../../Drivers/PY32E407_HAL_Driver/Src/py32e407_hal_rcc.c **** 
 534:../../../../../../Drivers/PY32E407_HAL_Driver/Src/py32e407_hal_rcc.c ****       /* Wait till LSI is disabled */
 535:../../../../../../Drivers/PY32E407_HAL_Driver/Src/py32e407_hal_rcc.c ****       while (__HAL_RCC_GET_FLAG(RCC_FLAG_LSIRDY) != RESET)
 536:../../../../../../Drivers/PY32E407_HAL_Driver/Src/py32e407_hal_rcc.c ****       {
 537:../../../../../../Drivers/PY32E407_HAL_Driver/Src/py32e407_hal_rcc.c ****         /*
 538:../../../../../../Drivers/PY32E407_HAL_Driver/Src/py32e407_hal_rcc.c ****         if ((HAL_GetTick() - tickstart) > LSI_TIMEOUT_VALUE)
 539:../../../../../../Drivers/PY32E407_HAL_Driver/Src/py32e407_hal_rcc.c ****         {
 540:../../../../../../Drivers/PY32E407_HAL_Driver/Src/py32e407_hal_rcc.c ****           return HAL_TIMEOUT;
 541:../../../../../../Drivers/PY32E407_HAL_Driver/Src/py32e407_hal_rcc.c ****         }
 542:../../../../../../Drivers/PY32E407_HAL_Driver/Src/py32e407_hal_rcc.c ****         */
 543:../../../../../../Drivers/PY32E407_HAL_Driver/Src/py32e407_hal_rcc.c ****         if ((HAL_GetTick() - tickstart) > LSI_DIS_TIMEOUT_VALUE)
 544:../../../../../../Drivers/PY32E407_HAL_Driver/Src/py32e407_hal_rcc.c ****         {
ARM GAS  C:\Users\user\AppData\Local\Temp\ccuc8vss.s 			page 11


 545:../../../../../../Drivers/PY32E407_HAL_Driver/Src/py32e407_hal_rcc.c ****           break;
 546:../../../../../../Drivers/PY32E407_HAL_Driver/Src/py32e407_hal_rcc.c ****         }
 547:../../../../../../Drivers/PY32E407_HAL_Driver/Src/py32e407_hal_rcc.c ****       }
 548:../../../../../../Drivers/PY32E407_HAL_Driver/Src/py32e407_hal_rcc.c ****     }
 549:../../../../../../Drivers/PY32E407_HAL_Driver/Src/py32e407_hal_rcc.c ****   }
 550:../../../../../../Drivers/PY32E407_HAL_Driver/Src/py32e407_hal_rcc.c ****   /*------------------------------ LSE Configuration -------------------------*/
 551:../../../../../../Drivers/PY32E407_HAL_Driver/Src/py32e407_hal_rcc.c ****   if (((RCC_OscInitStruct->OscillatorType) & RCC_OSCILLATORTYPE_LSE) == RCC_OSCILLATORTYPE_LSE)
 552:../../../../../../Drivers/PY32E407_HAL_Driver/Src/py32e407_hal_rcc.c ****   {
 553:../../../../../../Drivers/PY32E407_HAL_Driver/Src/py32e407_hal_rcc.c ****     FlagStatus       pwrclkchanged = RESET;
 554:../../../../../../Drivers/PY32E407_HAL_Driver/Src/py32e407_hal_rcc.c **** 
 555:../../../../../../Drivers/PY32E407_HAL_Driver/Src/py32e407_hal_rcc.c ****     /* Check the parameters */
 556:../../../../../../Drivers/PY32E407_HAL_Driver/Src/py32e407_hal_rcc.c ****     assert_param(IS_RCC_LSE(RCC_OscInitStruct->LSEState));
 557:../../../../../../Drivers/PY32E407_HAL_Driver/Src/py32e407_hal_rcc.c ****     assert_param(IS_RCC_LSE_DRIVER(RCC_OscInitStruct->LSEDriver));
 558:../../../../../../Drivers/PY32E407_HAL_Driver/Src/py32e407_hal_rcc.c **** 
 559:../../../../../../Drivers/PY32E407_HAL_Driver/Src/py32e407_hal_rcc.c ****     /* Update LSE configuration in Backup Domain control register    */
 560:../../../../../../Drivers/PY32E407_HAL_Driver/Src/py32e407_hal_rcc.c ****     /* Requires to enable write access to Backup Domain of necessary */
 561:../../../../../../Drivers/PY32E407_HAL_Driver/Src/py32e407_hal_rcc.c ****     if (__HAL_RCC_PWR_IS_CLK_DISABLED())
 562:../../../../../../Drivers/PY32E407_HAL_Driver/Src/py32e407_hal_rcc.c ****     {
 563:../../../../../../Drivers/PY32E407_HAL_Driver/Src/py32e407_hal_rcc.c ****       __HAL_RCC_PWR_CLK_ENABLE();
 564:../../../../../../Drivers/PY32E407_HAL_Driver/Src/py32e407_hal_rcc.c ****       pwrclkchanged = SET;
 565:../../../../../../Drivers/PY32E407_HAL_Driver/Src/py32e407_hal_rcc.c ****     }
 566:../../../../../../Drivers/PY32E407_HAL_Driver/Src/py32e407_hal_rcc.c **** 
 567:../../../../../../Drivers/PY32E407_HAL_Driver/Src/py32e407_hal_rcc.c ****     if (HAL_IS_BIT_CLR(PWR->CR1, PWR_CR1_DBP))
 568:../../../../../../Drivers/PY32E407_HAL_Driver/Src/py32e407_hal_rcc.c ****      {
 569:../../../../../../Drivers/PY32E407_HAL_Driver/Src/py32e407_hal_rcc.c ****       /* Enable write access to Backup domain */
 570:../../../../../../Drivers/PY32E407_HAL_Driver/Src/py32e407_hal_rcc.c ****       SET_BIT(PWR->CR1, PWR_CR1_DBP);
 571:../../../../../../Drivers/PY32E407_HAL_Driver/Src/py32e407_hal_rcc.c **** 
 572:../../../../../../Drivers/PY32E407_HAL_Driver/Src/py32e407_hal_rcc.c ****       /* Wait for Backup domain Write protection disable */
 573:../../../../../../Drivers/PY32E407_HAL_Driver/Src/py32e407_hal_rcc.c ****       tickstart = HAL_GetTick();
 574:../../../../../../Drivers/PY32E407_HAL_Driver/Src/py32e407_hal_rcc.c **** 
 575:../../../../../../Drivers/PY32E407_HAL_Driver/Src/py32e407_hal_rcc.c ****       while (HAL_IS_BIT_CLR(PWR->CR1, PWR_CR1_DBP))
 576:../../../../../../Drivers/PY32E407_HAL_Driver/Src/py32e407_hal_rcc.c ****       {
 577:../../../../../../Drivers/PY32E407_HAL_Driver/Src/py32e407_hal_rcc.c ****         if ((HAL_GetTick() - tickstart) > RCC_DBP_TIMEOUT_VALUE)
 578:../../../../../../Drivers/PY32E407_HAL_Driver/Src/py32e407_hal_rcc.c ****         {
 579:../../../../../../Drivers/PY32E407_HAL_Driver/Src/py32e407_hal_rcc.c ****           return HAL_TIMEOUT;
 580:../../../../../../Drivers/PY32E407_HAL_Driver/Src/py32e407_hal_rcc.c ****         }
 581:../../../../../../Drivers/PY32E407_HAL_Driver/Src/py32e407_hal_rcc.c ****       }
 582:../../../../../../Drivers/PY32E407_HAL_Driver/Src/py32e407_hal_rcc.c ****     }
 583:../../../../../../Drivers/PY32E407_HAL_Driver/Src/py32e407_hal_rcc.c ****     
 584:../../../../../../Drivers/PY32E407_HAL_Driver/Src/py32e407_hal_rcc.c ****     if (RCC_OscInitStruct->LSEState == RCC_LSE_ON)
 585:../../../../../../Drivers/PY32E407_HAL_Driver/Src/py32e407_hal_rcc.c ****     {
 586:../../../../../../Drivers/PY32E407_HAL_Driver/Src/py32e407_hal_rcc.c ****       __HAL_RCC_LSE_CONFIG(RCC_LSE_OFF);
 587:../../../../../../Drivers/PY32E407_HAL_Driver/Src/py32e407_hal_rcc.c ****       
 588:../../../../../../Drivers/PY32E407_HAL_Driver/Src/py32e407_hal_rcc.c ****       /* Get Start Tick*/
 589:../../../../../../Drivers/PY32E407_HAL_Driver/Src/py32e407_hal_rcc.c ****       tickstart = HAL_GetTick();
 590:../../../../../../Drivers/PY32E407_HAL_Driver/Src/py32e407_hal_rcc.c **** 
 591:../../../../../../Drivers/PY32E407_HAL_Driver/Src/py32e407_hal_rcc.c ****       /* Wait till LSE is off */
 592:../../../../../../Drivers/PY32E407_HAL_Driver/Src/py32e407_hal_rcc.c ****       while (READ_BIT(RCC->BDCR, RCC_BDCR_LSERDY) == SET)
 593:../../../../../../Drivers/PY32E407_HAL_Driver/Src/py32e407_hal_rcc.c ****       {
 594:../../../../../../Drivers/PY32E407_HAL_Driver/Src/py32e407_hal_rcc.c ****         if ((HAL_GetTick() - tickstart) > RCC_LSE_TIMEOUT_VALUE)
 595:../../../../../../Drivers/PY32E407_HAL_Driver/Src/py32e407_hal_rcc.c ****         {
 596:../../../../../../Drivers/PY32E407_HAL_Driver/Src/py32e407_hal_rcc.c ****           return HAL_TIMEOUT;
 597:../../../../../../Drivers/PY32E407_HAL_Driver/Src/py32e407_hal_rcc.c ****         }
 598:../../../../../../Drivers/PY32E407_HAL_Driver/Src/py32e407_hal_rcc.c ****       }
 599:../../../../../../Drivers/PY32E407_HAL_Driver/Src/py32e407_hal_rcc.c ****       /*Set LSE Driver*/
 600:../../../../../../Drivers/PY32E407_HAL_Driver/Src/py32e407_hal_rcc.c ****       __HAL_RCC_LSE_DRIVER_CONFIG(RCC_OscInitStruct->LSEDriver);
 601:../../../../../../Drivers/PY32E407_HAL_Driver/Src/py32e407_hal_rcc.c ****     }
ARM GAS  C:\Users\user\AppData\Local\Temp\ccuc8vss.s 			page 12


 602:../../../../../../Drivers/PY32E407_HAL_Driver/Src/py32e407_hal_rcc.c **** 
 603:../../../../../../Drivers/PY32E407_HAL_Driver/Src/py32e407_hal_rcc.c ****     /* Set the new LSE configuration -----------------------------------------*/
 604:../../../../../../Drivers/PY32E407_HAL_Driver/Src/py32e407_hal_rcc.c ****     __HAL_RCC_LSE_CONFIG(RCC_OscInitStruct->LSEState);
 605:../../../../../../Drivers/PY32E407_HAL_Driver/Src/py32e407_hal_rcc.c ****     /* Check the LSE State */
 606:../../../../../../Drivers/PY32E407_HAL_Driver/Src/py32e407_hal_rcc.c ****     if (RCC_OscInitStruct->LSEState != RCC_LSE_OFF)
 607:../../../../../../Drivers/PY32E407_HAL_Driver/Src/py32e407_hal_rcc.c ****     {
 608:../../../../../../Drivers/PY32E407_HAL_Driver/Src/py32e407_hal_rcc.c ****       /* Get Start Tick */
 609:../../../../../../Drivers/PY32E407_HAL_Driver/Src/py32e407_hal_rcc.c ****       tickstart = HAL_GetTick();
 610:../../../../../../Drivers/PY32E407_HAL_Driver/Src/py32e407_hal_rcc.c **** 
 611:../../../../../../Drivers/PY32E407_HAL_Driver/Src/py32e407_hal_rcc.c ****       /* Wait till LSE is ready */
 612:../../../../../../Drivers/PY32E407_HAL_Driver/Src/py32e407_hal_rcc.c ****       while (__HAL_RCC_GET_FLAG(RCC_FLAG_LSERDY) == RESET)
 613:../../../../../../Drivers/PY32E407_HAL_Driver/Src/py32e407_hal_rcc.c ****       {
 614:../../../../../../Drivers/PY32E407_HAL_Driver/Src/py32e407_hal_rcc.c ****         if ((HAL_GetTick() - tickstart) > RCC_LSE_TIMEOUT_VALUE)
 615:../../../../../../Drivers/PY32E407_HAL_Driver/Src/py32e407_hal_rcc.c ****         {
 616:../../../../../../Drivers/PY32E407_HAL_Driver/Src/py32e407_hal_rcc.c ****           return HAL_TIMEOUT;
 617:../../../../../../Drivers/PY32E407_HAL_Driver/Src/py32e407_hal_rcc.c ****         }
 618:../../../../../../Drivers/PY32E407_HAL_Driver/Src/py32e407_hal_rcc.c ****       }
 619:../../../../../../Drivers/PY32E407_HAL_Driver/Src/py32e407_hal_rcc.c ****     }
 620:../../../../../../Drivers/PY32E407_HAL_Driver/Src/py32e407_hal_rcc.c ****     else
 621:../../../../../../Drivers/PY32E407_HAL_Driver/Src/py32e407_hal_rcc.c ****     {
 622:../../../../../../Drivers/PY32E407_HAL_Driver/Src/py32e407_hal_rcc.c ****       /* Get Start Tick */
 623:../../../../../../Drivers/PY32E407_HAL_Driver/Src/py32e407_hal_rcc.c ****       tickstart = HAL_GetTick();
 624:../../../../../../Drivers/PY32E407_HAL_Driver/Src/py32e407_hal_rcc.c **** 
 625:../../../../../../Drivers/PY32E407_HAL_Driver/Src/py32e407_hal_rcc.c ****       /* Wait till LSE is disabled */
 626:../../../../../../Drivers/PY32E407_HAL_Driver/Src/py32e407_hal_rcc.c ****       while (__HAL_RCC_GET_FLAG(RCC_FLAG_LSERDY) != RESET)
 627:../../../../../../Drivers/PY32E407_HAL_Driver/Src/py32e407_hal_rcc.c ****       {
 628:../../../../../../Drivers/PY32E407_HAL_Driver/Src/py32e407_hal_rcc.c ****         if ((HAL_GetTick() - tickstart) > RCC_LSE_TIMEOUT_VALUE)
 629:../../../../../../Drivers/PY32E407_HAL_Driver/Src/py32e407_hal_rcc.c ****         {
 630:../../../../../../Drivers/PY32E407_HAL_Driver/Src/py32e407_hal_rcc.c ****           return HAL_TIMEOUT;
 631:../../../../../../Drivers/PY32E407_HAL_Driver/Src/py32e407_hal_rcc.c ****         }
 632:../../../../../../Drivers/PY32E407_HAL_Driver/Src/py32e407_hal_rcc.c ****       }
 633:../../../../../../Drivers/PY32E407_HAL_Driver/Src/py32e407_hal_rcc.c ****     }
 634:../../../../../../Drivers/PY32E407_HAL_Driver/Src/py32e407_hal_rcc.c **** 
 635:../../../../../../Drivers/PY32E407_HAL_Driver/Src/py32e407_hal_rcc.c ****     /* Require to disable power clock if necessary */
 636:../../../../../../Drivers/PY32E407_HAL_Driver/Src/py32e407_hal_rcc.c ****     if (pwrclkchanged == SET)
 637:../../../../../../Drivers/PY32E407_HAL_Driver/Src/py32e407_hal_rcc.c ****     {
 638:../../../../../../Drivers/PY32E407_HAL_Driver/Src/py32e407_hal_rcc.c ****       __HAL_RCC_PWR_CLK_DISABLE();
 639:../../../../../../Drivers/PY32E407_HAL_Driver/Src/py32e407_hal_rcc.c ****     }
 640:../../../../../../Drivers/PY32E407_HAL_Driver/Src/py32e407_hal_rcc.c ****   }
 641:../../../../../../Drivers/PY32E407_HAL_Driver/Src/py32e407_hal_rcc.c **** 
 642:../../../../../../Drivers/PY32E407_HAL_Driver/Src/py32e407_hal_rcc.c ****   /*-------------------------------- PLL Configuration -----------------------*/
 643:../../../../../../Drivers/PY32E407_HAL_Driver/Src/py32e407_hal_rcc.c ****   /* Check the parameters */
 644:../../../../../../Drivers/PY32E407_HAL_Driver/Src/py32e407_hal_rcc.c ****   assert_param(IS_RCC_PLL(RCC_OscInitStruct->PLL.PLLState));
 645:../../../../../../Drivers/PY32E407_HAL_Driver/Src/py32e407_hal_rcc.c ****   if ((RCC_OscInitStruct->PLL.PLLState) != RCC_PLL_NONE)
 646:../../../../../../Drivers/PY32E407_HAL_Driver/Src/py32e407_hal_rcc.c ****   {
 647:../../../../../../Drivers/PY32E407_HAL_Driver/Src/py32e407_hal_rcc.c ****     /* Check if the PLL is used as system clock or not */
 648:../../../../../../Drivers/PY32E407_HAL_Driver/Src/py32e407_hal_rcc.c ****     if (__HAL_RCC_GET_SYSCLK_SOURCE() != RCC_SYSCLKSOURCE_STATUS_PLLCLK)
 649:../../../../../../Drivers/PY32E407_HAL_Driver/Src/py32e407_hal_rcc.c ****     {
 650:../../../../../../Drivers/PY32E407_HAL_Driver/Src/py32e407_hal_rcc.c ****       if ((RCC_OscInitStruct->PLL.PLLState) == RCC_PLL_ON)
 651:../../../../../../Drivers/PY32E407_HAL_Driver/Src/py32e407_hal_rcc.c ****       {
 652:../../../../../../Drivers/PY32E407_HAL_Driver/Src/py32e407_hal_rcc.c ****         /* Check the parameters */
 653:../../../../../../Drivers/PY32E407_HAL_Driver/Src/py32e407_hal_rcc.c ****         assert_param(IS_RCC_PLLSOURCE(RCC_OscInitStruct->PLL.PLLSource));
 654:../../../../../../Drivers/PY32E407_HAL_Driver/Src/py32e407_hal_rcc.c ****         assert_param(IS_RCC_PLL_MUL(RCC_OscInitStruct->PLL.PLLMUL));
 655:../../../../../../Drivers/PY32E407_HAL_Driver/Src/py32e407_hal_rcc.c ****         assert_param(IS_RCC_PLL_PREDIV(RCC_OscInitStruct->PLL.PLLPrediv));
 656:../../../../../../Drivers/PY32E407_HAL_Driver/Src/py32e407_hal_rcc.c ****         assert_param(IS_RCC_PLL_POSTDIV(RCC_OscInitStruct->PLL.PLLPostdiv));
 657:../../../../../../Drivers/PY32E407_HAL_Driver/Src/py32e407_hal_rcc.c **** 
 658:../../../../../../Drivers/PY32E407_HAL_Driver/Src/py32e407_hal_rcc.c ****         /* Disable the main PLL. */
ARM GAS  C:\Users\user\AppData\Local\Temp\ccuc8vss.s 			page 13


 659:../../../../../../Drivers/PY32E407_HAL_Driver/Src/py32e407_hal_rcc.c ****         __HAL_RCC_PLL_DISABLE();
 660:../../../../../../Drivers/PY32E407_HAL_Driver/Src/py32e407_hal_rcc.c **** 
 661:../../../../../../Drivers/PY32E407_HAL_Driver/Src/py32e407_hal_rcc.c ****         /* Get Start Tick */
 662:../../../../../../Drivers/PY32E407_HAL_Driver/Src/py32e407_hal_rcc.c ****         tickstart = HAL_GetTick();
 663:../../../../../../Drivers/PY32E407_HAL_Driver/Src/py32e407_hal_rcc.c **** 
 664:../../../../../../Drivers/PY32E407_HAL_Driver/Src/py32e407_hal_rcc.c ****         /* Wait till PLL is disabled */
 665:../../../../../../Drivers/PY32E407_HAL_Driver/Src/py32e407_hal_rcc.c ****         while (__HAL_RCC_GET_FLAG(RCC_FLAG_PLLRDY)  != RESET)
 666:../../../../../../Drivers/PY32E407_HAL_Driver/Src/py32e407_hal_rcc.c ****         {
 667:../../../../../../Drivers/PY32E407_HAL_Driver/Src/py32e407_hal_rcc.c ****           if ((HAL_GetTick() - tickstart) > PLL_TIMEOUT_VALUE)
 668:../../../../../../Drivers/PY32E407_HAL_Driver/Src/py32e407_hal_rcc.c ****           {
 669:../../../../../../Drivers/PY32E407_HAL_Driver/Src/py32e407_hal_rcc.c ****             return HAL_TIMEOUT;
 670:../../../../../../Drivers/PY32E407_HAL_Driver/Src/py32e407_hal_rcc.c ****           }
 671:../../../../../../Drivers/PY32E407_HAL_Driver/Src/py32e407_hal_rcc.c ****         }
 672:../../../../../../Drivers/PY32E407_HAL_Driver/Src/py32e407_hal_rcc.c **** 
 673:../../../../../../Drivers/PY32E407_HAL_Driver/Src/py32e407_hal_rcc.c ****         /* Configure the main PLL clock source, prediv factor, postdiv factor, and multiplication f
 674:../../../../../../Drivers/PY32E407_HAL_Driver/Src/py32e407_hal_rcc.c ****         __HAL_RCC_PLL_CONFIG(RCC_OscInitStruct->PLL.PLLSource,
 675:../../../../../../Drivers/PY32E407_HAL_Driver/Src/py32e407_hal_rcc.c ****                              RCC_OscInitStruct->PLL.PLLMUL,
 676:../../../../../../Drivers/PY32E407_HAL_Driver/Src/py32e407_hal_rcc.c ****                              RCC_OscInitStruct->PLL.PLLPrediv,
 677:../../../../../../Drivers/PY32E407_HAL_Driver/Src/py32e407_hal_rcc.c ****                              RCC_OscInitStruct->PLL.PLLPostdiv);
 678:../../../../../../Drivers/PY32E407_HAL_Driver/Src/py32e407_hal_rcc.c ****         /* Enable the main PLL. */
 679:../../../../../../Drivers/PY32E407_HAL_Driver/Src/py32e407_hal_rcc.c ****         __HAL_RCC_PLL_ENABLE();
 680:../../../../../../Drivers/PY32E407_HAL_Driver/Src/py32e407_hal_rcc.c **** 
 681:../../../../../../Drivers/PY32E407_HAL_Driver/Src/py32e407_hal_rcc.c ****         /* Get Start Tick */
 682:../../../../../../Drivers/PY32E407_HAL_Driver/Src/py32e407_hal_rcc.c ****         tickstart = HAL_GetTick();
 683:../../../../../../Drivers/PY32E407_HAL_Driver/Src/py32e407_hal_rcc.c **** 
 684:../../../../../../Drivers/PY32E407_HAL_Driver/Src/py32e407_hal_rcc.c ****         /* Wait till PLL is ready */
 685:../../../../../../Drivers/PY32E407_HAL_Driver/Src/py32e407_hal_rcc.c ****         while (__HAL_RCC_GET_FLAG(RCC_FLAG_PLLRDY)  == RESET)
 686:../../../../../../Drivers/PY32E407_HAL_Driver/Src/py32e407_hal_rcc.c ****         {
 687:../../../../../../Drivers/PY32E407_HAL_Driver/Src/py32e407_hal_rcc.c ****           if ((HAL_GetTick() - tickstart) > PLL_TIMEOUT_VALUE)
 688:../../../../../../Drivers/PY32E407_HAL_Driver/Src/py32e407_hal_rcc.c ****           {
 689:../../../../../../Drivers/PY32E407_HAL_Driver/Src/py32e407_hal_rcc.c ****             return HAL_TIMEOUT;
 690:../../../../../../Drivers/PY32E407_HAL_Driver/Src/py32e407_hal_rcc.c ****           }
 691:../../../../../../Drivers/PY32E407_HAL_Driver/Src/py32e407_hal_rcc.c ****         }
 692:../../../../../../Drivers/PY32E407_HAL_Driver/Src/py32e407_hal_rcc.c ****       }
 693:../../../../../../Drivers/PY32E407_HAL_Driver/Src/py32e407_hal_rcc.c ****       else
 694:../../../../../../Drivers/PY32E407_HAL_Driver/Src/py32e407_hal_rcc.c ****       {
 695:../../../../../../Drivers/PY32E407_HAL_Driver/Src/py32e407_hal_rcc.c ****         /* Disable the main PLL. */
 696:../../../../../../Drivers/PY32E407_HAL_Driver/Src/py32e407_hal_rcc.c ****         __HAL_RCC_PLL_DISABLE();
 697:../../../../../../Drivers/PY32E407_HAL_Driver/Src/py32e407_hal_rcc.c **** 
 698:../../../../../../Drivers/PY32E407_HAL_Driver/Src/py32e407_hal_rcc.c ****         /* Get Start Tick */
 699:../../../../../../Drivers/PY32E407_HAL_Driver/Src/py32e407_hal_rcc.c ****         tickstart = HAL_GetTick();
 700:../../../../../../Drivers/PY32E407_HAL_Driver/Src/py32e407_hal_rcc.c **** 
 701:../../../../../../Drivers/PY32E407_HAL_Driver/Src/py32e407_hal_rcc.c ****         /* Wait till PLL is disabled */
 702:../../../../../../Drivers/PY32E407_HAL_Driver/Src/py32e407_hal_rcc.c ****         while (__HAL_RCC_GET_FLAG(RCC_FLAG_PLLRDY)  != RESET)
 703:../../../../../../Drivers/PY32E407_HAL_Driver/Src/py32e407_hal_rcc.c ****         {
 704:../../../../../../Drivers/PY32E407_HAL_Driver/Src/py32e407_hal_rcc.c ****           if ((HAL_GetTick() - tickstart) > PLL_TIMEOUT_VALUE)
 705:../../../../../../Drivers/PY32E407_HAL_Driver/Src/py32e407_hal_rcc.c ****           {
 706:../../../../../../Drivers/PY32E407_HAL_Driver/Src/py32e407_hal_rcc.c ****             return HAL_TIMEOUT;
 707:../../../../../../Drivers/PY32E407_HAL_Driver/Src/py32e407_hal_rcc.c ****           }
 708:../../../../../../Drivers/PY32E407_HAL_Driver/Src/py32e407_hal_rcc.c ****         }
 709:../../../../../../Drivers/PY32E407_HAL_Driver/Src/py32e407_hal_rcc.c ****       }
 710:../../../../../../Drivers/PY32E407_HAL_Driver/Src/py32e407_hal_rcc.c ****     }
 711:../../../../../../Drivers/PY32E407_HAL_Driver/Src/py32e407_hal_rcc.c ****     else
 712:../../../../../../Drivers/PY32E407_HAL_Driver/Src/py32e407_hal_rcc.c ****     {
 713:../../../../../../Drivers/PY32E407_HAL_Driver/Src/py32e407_hal_rcc.c ****       /* Check if there is a request to disable the PLL used as System clock source */
 714:../../../../../../Drivers/PY32E407_HAL_Driver/Src/py32e407_hal_rcc.c ****       if ((RCC_OscInitStruct->PLL.PLLState) == RCC_PLL_OFF)
 715:../../../../../../Drivers/PY32E407_HAL_Driver/Src/py32e407_hal_rcc.c ****       {
ARM GAS  C:\Users\user\AppData\Local\Temp\ccuc8vss.s 			page 14


 716:../../../../../../Drivers/PY32E407_HAL_Driver/Src/py32e407_hal_rcc.c ****         return HAL_ERROR;
 717:../../../../../../Drivers/PY32E407_HAL_Driver/Src/py32e407_hal_rcc.c ****       }
 718:../../../../../../Drivers/PY32E407_HAL_Driver/Src/py32e407_hal_rcc.c ****       else
 719:../../../../../../Drivers/PY32E407_HAL_Driver/Src/py32e407_hal_rcc.c ****       {
 720:../../../../../../Drivers/PY32E407_HAL_Driver/Src/py32e407_hal_rcc.c ****         /* Do not return HAL_ERROR if request repeats the current configuration */
 721:../../../../../../Drivers/PY32E407_HAL_Driver/Src/py32e407_hal_rcc.c ****         pll_config = RCC->CFGR3;
 722:../../../../../../Drivers/PY32E407_HAL_Driver/Src/py32e407_hal_rcc.c ****         if ((READ_BIT(pll_config, (RCC_CFGR3_PLLSRC | RCC_CFGR3_PLLXTPRE)) != RCC_OscInitStruct->PL
 723:../../../../../../Drivers/PY32E407_HAL_Driver/Src/py32e407_hal_rcc.c ****             (READ_BIT(pll_config, RCC_CFGR3_PLLPREDIV) != RCC_OscInitStruct->PLL.PLLPrediv) ||
 724:../../../../../../Drivers/PY32E407_HAL_Driver/Src/py32e407_hal_rcc.c ****             (((READ_BIT(pll_config, RCC_CFGR3_PLLFBDIV) >> RCC_CFGR3_PLLFBDIV_Pos) + 2U) != RCC_Osc
 725:../../../../../../Drivers/PY32E407_HAL_Driver/Src/py32e407_hal_rcc.c ****             (READ_BIT(pll_config, RCC_CFGR3_PLLPOSTDIV) != RCC_OscInitStruct->PLL.PLLPostdiv))
 726:../../../../../../Drivers/PY32E407_HAL_Driver/Src/py32e407_hal_rcc.c ****         {
 727:../../../../../../Drivers/PY32E407_HAL_Driver/Src/py32e407_hal_rcc.c ****           return HAL_ERROR;
 728:../../../../../../Drivers/PY32E407_HAL_Driver/Src/py32e407_hal_rcc.c ****         }
 729:../../../../../../Drivers/PY32E407_HAL_Driver/Src/py32e407_hal_rcc.c ****       }
 730:../../../../../../Drivers/PY32E407_HAL_Driver/Src/py32e407_hal_rcc.c ****     }
 731:../../../../../../Drivers/PY32E407_HAL_Driver/Src/py32e407_hal_rcc.c ****   }
 732:../../../../../../Drivers/PY32E407_HAL_Driver/Src/py32e407_hal_rcc.c **** 
 733:../../../../../../Drivers/PY32E407_HAL_Driver/Src/py32e407_hal_rcc.c ****   return HAL_OK;
 734:../../../../../../Drivers/PY32E407_HAL_Driver/Src/py32e407_hal_rcc.c **** }
 735:../../../../../../Drivers/PY32E407_HAL_Driver/Src/py32e407_hal_rcc.c **** 
 736:../../../../../../Drivers/PY32E407_HAL_Driver/Src/py32e407_hal_rcc.c **** /**
 737:../../../../../../Drivers/PY32E407_HAL_Driver/Src/py32e407_hal_rcc.c ****   * @brief  Initializes the CPU, AHB and APB buses clocks according to the specified
 738:../../../../../../Drivers/PY32E407_HAL_Driver/Src/py32e407_hal_rcc.c ****   *         parameters in the RCC_ClkInitStruct.
 739:../../../../../../Drivers/PY32E407_HAL_Driver/Src/py32e407_hal_rcc.c ****   * @param  RCC_ClkInitStruct pointer to an RCC_OscInitTypeDef structure that
 740:../../../../../../Drivers/PY32E407_HAL_Driver/Src/py32e407_hal_rcc.c ****   *         contains the configuration information for the RCC peripheral.
 741:../../../../../../Drivers/PY32E407_HAL_Driver/Src/py32e407_hal_rcc.c ****   * @param  FLatency FLASH Latency
 742:../../../../../../Drivers/PY32E407_HAL_Driver/Src/py32e407_hal_rcc.c ****   *          The value of this parameter depend on device used within the same series
 743:../../../../../../Drivers/PY32E407_HAL_Driver/Src/py32e407_hal_rcc.c ****   * @note   The SystemCoreClock CMSIS variable is used to store System Clock Frequency
 744:../../../../../../Drivers/PY32E407_HAL_Driver/Src/py32e407_hal_rcc.c ****   *         and updated by @ref HAL_RCC_GetHCLKFreq() function called within this function
 745:../../../../../../Drivers/PY32E407_HAL_Driver/Src/py32e407_hal_rcc.c ****   *
 746:../../../../../../Drivers/PY32E407_HAL_Driver/Src/py32e407_hal_rcc.c ****   * @note   The HSI is used (enabled by hardware) as system clock source after
 747:../../../../../../Drivers/PY32E407_HAL_Driver/Src/py32e407_hal_rcc.c ****   *         start-up from Reset, wake-up from STOP and STANDBY mode, or in case
 748:../../../../../../Drivers/PY32E407_HAL_Driver/Src/py32e407_hal_rcc.c ****   *         of failure of the HSE used directly or indirectly as system clock
 749:../../../../../../Drivers/PY32E407_HAL_Driver/Src/py32e407_hal_rcc.c ****   *         (if the Clock Security System CSS is enabled).
 750:../../../../../../Drivers/PY32E407_HAL_Driver/Src/py32e407_hal_rcc.c ****   *
 751:../../../../../../Drivers/PY32E407_HAL_Driver/Src/py32e407_hal_rcc.c ****   * @note   A switch from one clock source to another occurs only if the target
 752:../../../../../../Drivers/PY32E407_HAL_Driver/Src/py32e407_hal_rcc.c ****   *         clock source is ready (clock stable after start-up delay or PLL locked).
 753:../../../../../../Drivers/PY32E407_HAL_Driver/Src/py32e407_hal_rcc.c ****   *         If a clock source which is not yet ready is selected, the switch will
 754:../../../../../../Drivers/PY32E407_HAL_Driver/Src/py32e407_hal_rcc.c ****   *         occur when the clock source will be ready.
 755:../../../../../../Drivers/PY32E407_HAL_Driver/Src/py32e407_hal_rcc.c ****   *         You can use @ref HAL_RCC_GetClockConfig() function to know which clock is
 756:../../../../../../Drivers/PY32E407_HAL_Driver/Src/py32e407_hal_rcc.c ****   *         currently used as system clock source.
 757:../../../../../../Drivers/PY32E407_HAL_Driver/Src/py32e407_hal_rcc.c ****   * @retval HAL status
 758:../../../../../../Drivers/PY32E407_HAL_Driver/Src/py32e407_hal_rcc.c ****   */
 759:../../../../../../Drivers/PY32E407_HAL_Driver/Src/py32e407_hal_rcc.c **** HAL_StatusTypeDef HAL_RCC_ClockConfig(RCC_ClkInitTypeDef  *RCC_ClkInitStruct, uint32_t FLatency)
 760:../../../../../../Drivers/PY32E407_HAL_Driver/Src/py32e407_hal_rcc.c **** {
 761:../../../../../../Drivers/PY32E407_HAL_Driver/Src/py32e407_hal_rcc.c ****   uint32_t tickstart;
 762:../../../../../../Drivers/PY32E407_HAL_Driver/Src/py32e407_hal_rcc.c ****   uint32_t pllfreq;
 763:../../../../../../Drivers/PY32E407_HAL_Driver/Src/py32e407_hal_rcc.c ****   uint32_t hpre = RCC_SYSCLK_DIV1;
 764:../../../../../../Drivers/PY32E407_HAL_Driver/Src/py32e407_hal_rcc.c **** 
 765:../../../../../../Drivers/PY32E407_HAL_Driver/Src/py32e407_hal_rcc.c ****   /* Check Null pointer */
 766:../../../../../../Drivers/PY32E407_HAL_Driver/Src/py32e407_hal_rcc.c ****   if (RCC_ClkInitStruct == NULL)
 767:../../../../../../Drivers/PY32E407_HAL_Driver/Src/py32e407_hal_rcc.c ****   {
 768:../../../../../../Drivers/PY32E407_HAL_Driver/Src/py32e407_hal_rcc.c ****     return HAL_ERROR;
 769:../../../../../../Drivers/PY32E407_HAL_Driver/Src/py32e407_hal_rcc.c ****   }
 770:../../../../../../Drivers/PY32E407_HAL_Driver/Src/py32e407_hal_rcc.c **** 
 771:../../../../../../Drivers/PY32E407_HAL_Driver/Src/py32e407_hal_rcc.c ****   /* Check the parameters */
 772:../../../../../../Drivers/PY32E407_HAL_Driver/Src/py32e407_hal_rcc.c ****   assert_param(IS_RCC_CLOCKTYPE(RCC_ClkInitStruct->ClockType));
ARM GAS  C:\Users\user\AppData\Local\Temp\ccuc8vss.s 			page 15


 773:../../../../../../Drivers/PY32E407_HAL_Driver/Src/py32e407_hal_rcc.c ****   assert_param(IS_FLASH_LATENCY(FLatency));
 774:../../../../../../Drivers/PY32E407_HAL_Driver/Src/py32e407_hal_rcc.c **** 
 775:../../../../../../Drivers/PY32E407_HAL_Driver/Src/py32e407_hal_rcc.c ****   /* To correctly read data from FLASH memory, the number of wait states (LATENCY)
 776:../../../../../../Drivers/PY32E407_HAL_Driver/Src/py32e407_hal_rcc.c ****   must be correctly programmed according to the frequency of the CPU clock
 777:../../../../../../Drivers/PY32E407_HAL_Driver/Src/py32e407_hal_rcc.c ****     (HCLK) and the supply voltage of the device. */
 778:../../../../../../Drivers/PY32E407_HAL_Driver/Src/py32e407_hal_rcc.c **** 
 779:../../../../../../Drivers/PY32E407_HAL_Driver/Src/py32e407_hal_rcc.c **** #if defined(FLASH_ACR_LATENCY)
 780:../../../../../../Drivers/PY32E407_HAL_Driver/Src/py32e407_hal_rcc.c ****   /* Increasing the number of wait states because of higher CPU frequency */
 781:../../../../../../Drivers/PY32E407_HAL_Driver/Src/py32e407_hal_rcc.c ****   if (FLatency > __HAL_FLASH_GET_LATENCY())
 782:../../../../../../Drivers/PY32E407_HAL_Driver/Src/py32e407_hal_rcc.c ****   {
 783:../../../../../../Drivers/PY32E407_HAL_Driver/Src/py32e407_hal_rcc.c ****     /* Program the new number of wait states to the LATENCY bits in the FLASH_ACR register */
 784:../../../../../../Drivers/PY32E407_HAL_Driver/Src/py32e407_hal_rcc.c ****     __HAL_FLASH_SET_LATENCY(FLatency);
 785:../../../../../../Drivers/PY32E407_HAL_Driver/Src/py32e407_hal_rcc.c **** 
 786:../../../../../../Drivers/PY32E407_HAL_Driver/Src/py32e407_hal_rcc.c ****     /* Check that the new number of wait states is taken into account to access the Flash
 787:../../../../../../Drivers/PY32E407_HAL_Driver/Src/py32e407_hal_rcc.c ****     memory by reading the FLASH_ACR register */
 788:../../../../../../Drivers/PY32E407_HAL_Driver/Src/py32e407_hal_rcc.c ****     if (__HAL_FLASH_GET_LATENCY() != FLatency)
 789:../../../../../../Drivers/PY32E407_HAL_Driver/Src/py32e407_hal_rcc.c ****     {
 790:../../../../../../Drivers/PY32E407_HAL_Driver/Src/py32e407_hal_rcc.c ****       return HAL_ERROR;
 791:../../../../../../Drivers/PY32E407_HAL_Driver/Src/py32e407_hal_rcc.c ****     }
 792:../../../../../../Drivers/PY32E407_HAL_Driver/Src/py32e407_hal_rcc.c ****   }
 793:../../../../../../Drivers/PY32E407_HAL_Driver/Src/py32e407_hal_rcc.c **** 
 794:../../../../../../Drivers/PY32E407_HAL_Driver/Src/py32e407_hal_rcc.c **** #endif /* FLASH_ACR_LATENCY */
 795:../../../../../../Drivers/PY32E407_HAL_Driver/Src/py32e407_hal_rcc.c **** 
 796:../../../../../../Drivers/PY32E407_HAL_Driver/Src/py32e407_hal_rcc.c ****   /*-------------------------- HCLK Configuration --------------------------*/
 797:../../../../../../Drivers/PY32E407_HAL_Driver/Src/py32e407_hal_rcc.c ****   if (((RCC_ClkInitStruct->ClockType) & RCC_CLOCKTYPE_HCLK) == RCC_CLOCKTYPE_HCLK)
 798:../../../../../../Drivers/PY32E407_HAL_Driver/Src/py32e407_hal_rcc.c ****   {
 799:../../../../../../Drivers/PY32E407_HAL_Driver/Src/py32e407_hal_rcc.c ****     /* Set the highest APB divider in order to ensure that we do not go through
 800:../../../../../../Drivers/PY32E407_HAL_Driver/Src/py32e407_hal_rcc.c ****        a non-spec phase whatever we decrease or increase HCLK. */
 801:../../../../../../Drivers/PY32E407_HAL_Driver/Src/py32e407_hal_rcc.c ****     if (((RCC_ClkInitStruct->ClockType) & RCC_CLOCKTYPE_PCLK1) == RCC_CLOCKTYPE_PCLK1)
 802:../../../../../../Drivers/PY32E407_HAL_Driver/Src/py32e407_hal_rcc.c ****     {
 803:../../../../../../Drivers/PY32E407_HAL_Driver/Src/py32e407_hal_rcc.c ****       MODIFY_REG(RCC->CFGR, RCC_CFGR_PPRE1, RCC_HCLK_DIV16);
 804:../../../../../../Drivers/PY32E407_HAL_Driver/Src/py32e407_hal_rcc.c ****     }
 805:../../../../../../Drivers/PY32E407_HAL_Driver/Src/py32e407_hal_rcc.c ****     if (((RCC_ClkInitStruct->ClockType) & RCC_CLOCKTYPE_PCLK2) == RCC_CLOCKTYPE_PCLK2)
 806:../../../../../../Drivers/PY32E407_HAL_Driver/Src/py32e407_hal_rcc.c ****     {
 807:../../../../../../Drivers/PY32E407_HAL_Driver/Src/py32e407_hal_rcc.c ****       MODIFY_REG(RCC->CFGR, RCC_CFGR_PPRE2, RCC_HCLK_DIV16 << 3U);
 808:../../../../../../Drivers/PY32E407_HAL_Driver/Src/py32e407_hal_rcc.c ****     }
 809:../../../../../../Drivers/PY32E407_HAL_Driver/Src/py32e407_hal_rcc.c **** 
 810:../../../../../../Drivers/PY32E407_HAL_Driver/Src/py32e407_hal_rcc.c ****     /* Set the new HCLK clock divider */
 811:../../../../../../Drivers/PY32E407_HAL_Driver/Src/py32e407_hal_rcc.c ****     assert_param(IS_RCC_HCLK(RCC_ClkInitStruct->AHBCLKDivider));
 812:../../../../../../Drivers/PY32E407_HAL_Driver/Src/py32e407_hal_rcc.c ****     MODIFY_REG(RCC->CFGR, RCC_CFGR_HPRE, RCC_ClkInitStruct->AHBCLKDivider);
 813:../../../../../../Drivers/PY32E407_HAL_Driver/Src/py32e407_hal_rcc.c ****   }
 814:../../../../../../Drivers/PY32E407_HAL_Driver/Src/py32e407_hal_rcc.c ****   
 815:../../../../../../Drivers/PY32E407_HAL_Driver/Src/py32e407_hal_rcc.c ****   /*------------------------- SYSCLK Configuration ---------------------------*/
 816:../../../../../../Drivers/PY32E407_HAL_Driver/Src/py32e407_hal_rcc.c ****   if (((RCC_ClkInitStruct->ClockType) & RCC_CLOCKTYPE_SYSCLK) == RCC_CLOCKTYPE_SYSCLK)
 817:../../../../../../Drivers/PY32E407_HAL_Driver/Src/py32e407_hal_rcc.c ****   {
 818:../../../../../../Drivers/PY32E407_HAL_Driver/Src/py32e407_hal_rcc.c ****     assert_param(IS_RCC_SYSCLKSOURCE(RCC_ClkInitStruct->SYSCLKSource));
 819:../../../../../../Drivers/PY32E407_HAL_Driver/Src/py32e407_hal_rcc.c **** 
 820:../../../../../../Drivers/PY32E407_HAL_Driver/Src/py32e407_hal_rcc.c ****     /* PLL is selected as System Clock Source */
 821:../../../../../../Drivers/PY32E407_HAL_Driver/Src/py32e407_hal_rcc.c ****     if (RCC_ClkInitStruct->SYSCLKSource == RCC_SYSCLKSOURCE_PLLCLK)
 822:../../../../../../Drivers/PY32E407_HAL_Driver/Src/py32e407_hal_rcc.c ****     {
 823:../../../../../../Drivers/PY32E407_HAL_Driver/Src/py32e407_hal_rcc.c ****       /* Check the PLL ready flag */
 824:../../../../../../Drivers/PY32E407_HAL_Driver/Src/py32e407_hal_rcc.c ****       if (__HAL_RCC_GET_FLAG(RCC_FLAG_PLLRDY) == RESET)
 825:../../../../../../Drivers/PY32E407_HAL_Driver/Src/py32e407_hal_rcc.c ****       {
 826:../../../../../../Drivers/PY32E407_HAL_Driver/Src/py32e407_hal_rcc.c ****         return HAL_ERROR;
 827:../../../../../../Drivers/PY32E407_HAL_Driver/Src/py32e407_hal_rcc.c ****       }
 828:../../../../../../Drivers/PY32E407_HAL_Driver/Src/py32e407_hal_rcc.c ****       /* Undershoot management when selection PLL as SYSCLK source and frequency above 80Mhz */
 829:../../../../../../Drivers/PY32E407_HAL_Driver/Src/py32e407_hal_rcc.c ****       /* Compute target PLL output frequency */
ARM GAS  C:\Users\user\AppData\Local\Temp\ccuc8vss.s 			page 16


 830:../../../../../../Drivers/PY32E407_HAL_Driver/Src/py32e407_hal_rcc.c ****       pllfreq = RCC_GetSysClockFreqFromPLLSource();
 831:../../../../../../Drivers/PY32E407_HAL_Driver/Src/py32e407_hal_rcc.c ****     }
 832:../../../../../../Drivers/PY32E407_HAL_Driver/Src/py32e407_hal_rcc.c ****     else
 833:../../../../../../Drivers/PY32E407_HAL_Driver/Src/py32e407_hal_rcc.c ****     {
 834:../../../../../../Drivers/PY32E407_HAL_Driver/Src/py32e407_hal_rcc.c ****       /* HSE is selected as System Clock Source */
 835:../../../../../../Drivers/PY32E407_HAL_Driver/Src/py32e407_hal_rcc.c ****       if (RCC_ClkInitStruct->SYSCLKSource == RCC_SYSCLKSOURCE_HSE)
 836:../../../../../../Drivers/PY32E407_HAL_Driver/Src/py32e407_hal_rcc.c ****       {
 837:../../../../../../Drivers/PY32E407_HAL_Driver/Src/py32e407_hal_rcc.c ****         /* Check the HSE ready flag */
 838:../../../../../../Drivers/PY32E407_HAL_Driver/Src/py32e407_hal_rcc.c ****         if(__HAL_RCC_GET_FLAG(RCC_FLAG_HSERDY) == RESET)
 839:../../../../../../Drivers/PY32E407_HAL_Driver/Src/py32e407_hal_rcc.c ****         {
 840:../../../../../../Drivers/PY32E407_HAL_Driver/Src/py32e407_hal_rcc.c ****           return HAL_ERROR;
 841:../../../../../../Drivers/PY32E407_HAL_Driver/Src/py32e407_hal_rcc.c ****         }
 842:../../../../../../Drivers/PY32E407_HAL_Driver/Src/py32e407_hal_rcc.c ****       }
 843:../../../../../../Drivers/PY32E407_HAL_Driver/Src/py32e407_hal_rcc.c ****       /* HSI is selected as System Clock Source */
 844:../../../../../../Drivers/PY32E407_HAL_Driver/Src/py32e407_hal_rcc.c ****       else
 845:../../../../../../Drivers/PY32E407_HAL_Driver/Src/py32e407_hal_rcc.c ****       {
 846:../../../../../../Drivers/PY32E407_HAL_Driver/Src/py32e407_hal_rcc.c ****         /* Check the HSI ready flag */
 847:../../../../../../Drivers/PY32E407_HAL_Driver/Src/py32e407_hal_rcc.c ****         if(__HAL_RCC_GET_FLAG(RCC_FLAG_HSIRDY) == RESET)
 848:../../../../../../Drivers/PY32E407_HAL_Driver/Src/py32e407_hal_rcc.c ****         {
 849:../../../../../../Drivers/PY32E407_HAL_Driver/Src/py32e407_hal_rcc.c ****           return HAL_ERROR;
 850:../../../../../../Drivers/PY32E407_HAL_Driver/Src/py32e407_hal_rcc.c ****         }
 851:../../../../../../Drivers/PY32E407_HAL_Driver/Src/py32e407_hal_rcc.c ****       }
 852:../../../../../../Drivers/PY32E407_HAL_Driver/Src/py32e407_hal_rcc.c ****       /* Overshoot management when going down from PLL as SYSCLK source and frequency above 80Mhz *
 853:../../../../../../Drivers/PY32E407_HAL_Driver/Src/py32e407_hal_rcc.c ****       pllfreq = HAL_RCC_GetSysClockFreq();
 854:../../../../../../Drivers/PY32E407_HAL_Driver/Src/py32e407_hal_rcc.c ****     }
 855:../../../../../../Drivers/PY32E407_HAL_Driver/Src/py32e407_hal_rcc.c ****     
 856:../../../../../../Drivers/PY32E407_HAL_Driver/Src/py32e407_hal_rcc.c ****     /* Before reducing the HCLK frequency below 80MHz or increasing it above 80MHz, 
 857:../../../../../../Drivers/PY32E407_HAL_Driver/Src/py32e407_hal_rcc.c ****     it is necessary to use 2 as an intermediate step for the prescaler */
 858:../../../../../../Drivers/PY32E407_HAL_Driver/Src/py32e407_hal_rcc.c ****     if(pllfreq > 80000000U)
 859:../../../../../../Drivers/PY32E407_HAL_Driver/Src/py32e407_hal_rcc.c ****     {
 860:../../../../../../Drivers/PY32E407_HAL_Driver/Src/py32e407_hal_rcc.c ****       if (READ_BIT(RCC->CFGR, RCC_CFGR_HPRE) == RCC_SYSCLK_DIV1)
 861:../../../../../../Drivers/PY32E407_HAL_Driver/Src/py32e407_hal_rcc.c ****       {
 862:../../../../../../Drivers/PY32E407_HAL_Driver/Src/py32e407_hal_rcc.c ****         MODIFY_REG(RCC->CFGR, RCC_CFGR_HPRE, RCC_SYSCLK_DIV2);
 863:../../../../../../Drivers/PY32E407_HAL_Driver/Src/py32e407_hal_rcc.c ****         hpre = RCC_SYSCLK_DIV2;
 864:../../../../../../Drivers/PY32E407_HAL_Driver/Src/py32e407_hal_rcc.c ****       }
 865:../../../../../../Drivers/PY32E407_HAL_Driver/Src/py32e407_hal_rcc.c ****     }
 866:../../../../../../Drivers/PY32E407_HAL_Driver/Src/py32e407_hal_rcc.c ****     
 867:../../../../../../Drivers/PY32E407_HAL_Driver/Src/py32e407_hal_rcc.c ****     __HAL_RCC_SYSCLK_CONFIG(RCC_ClkInitStruct->SYSCLKSource);
 868:../../../../../../Drivers/PY32E407_HAL_Driver/Src/py32e407_hal_rcc.c **** 
 869:../../../../../../Drivers/PY32E407_HAL_Driver/Src/py32e407_hal_rcc.c ****     /* Get Start Tick */
 870:../../../../../../Drivers/PY32E407_HAL_Driver/Src/py32e407_hal_rcc.c ****     tickstart = HAL_GetTick();
 871:../../../../../../Drivers/PY32E407_HAL_Driver/Src/py32e407_hal_rcc.c **** 
 872:../../../../../../Drivers/PY32E407_HAL_Driver/Src/py32e407_hal_rcc.c ****     while (__HAL_RCC_GET_SYSCLK_SOURCE() != (RCC_ClkInitStruct->SYSCLKSource << RCC_CFGR_SWS_Pos))
 873:../../../../../../Drivers/PY32E407_HAL_Driver/Src/py32e407_hal_rcc.c ****     {
 874:../../../../../../Drivers/PY32E407_HAL_Driver/Src/py32e407_hal_rcc.c ****       if ((HAL_GetTick() - tickstart) > CLOCKSWITCH_TIMEOUT_VALUE)
 875:../../../../../../Drivers/PY32E407_HAL_Driver/Src/py32e407_hal_rcc.c ****       {
 876:../../../../../../Drivers/PY32E407_HAL_Driver/Src/py32e407_hal_rcc.c ****         return HAL_TIMEOUT;
 877:../../../../../../Drivers/PY32E407_HAL_Driver/Src/py32e407_hal_rcc.c ****       }
 878:../../../../../../Drivers/PY32E407_HAL_Driver/Src/py32e407_hal_rcc.c ****     }
 879:../../../../../../Drivers/PY32E407_HAL_Driver/Src/py32e407_hal_rcc.c ****   }
 880:../../../../../../Drivers/PY32E407_HAL_Driver/Src/py32e407_hal_rcc.c **** 
 881:../../../../../../Drivers/PY32E407_HAL_Driver/Src/py32e407_hal_rcc.c ****   /*-------------------------- HCLK Configuration --------------------------*/
 882:../../../../../../Drivers/PY32E407_HAL_Driver/Src/py32e407_hal_rcc.c ****   /* Is intermediate HCLK prescaler 2 applied internally, complete with HCLK prescaler 1 */
 883:../../../../../../Drivers/PY32E407_HAL_Driver/Src/py32e407_hal_rcc.c ****   if(hpre == RCC_SYSCLK_DIV2)
 884:../../../../../../Drivers/PY32E407_HAL_Driver/Src/py32e407_hal_rcc.c ****   {
 885:../../../../../../Drivers/PY32E407_HAL_Driver/Src/py32e407_hal_rcc.c ****     MODIFY_REG(RCC->CFGR, RCC_CFGR_HPRE, RCC_SYSCLK_DIV1);
 886:../../../../../../Drivers/PY32E407_HAL_Driver/Src/py32e407_hal_rcc.c ****   }
ARM GAS  C:\Users\user\AppData\Local\Temp\ccuc8vss.s 			page 17


 887:../../../../../../Drivers/PY32E407_HAL_Driver/Src/py32e407_hal_rcc.c **** 
 888:../../../../../../Drivers/PY32E407_HAL_Driver/Src/py32e407_hal_rcc.c **** #if defined(FLASH_ACR_LATENCY)
 889:../../../../../../Drivers/PY32E407_HAL_Driver/Src/py32e407_hal_rcc.c ****   /* Decreasing the number of wait states because of lower CPU frequency */
 890:../../../../../../Drivers/PY32E407_HAL_Driver/Src/py32e407_hal_rcc.c ****   if (FLatency < __HAL_FLASH_GET_LATENCY())
 891:../../../../../../Drivers/PY32E407_HAL_Driver/Src/py32e407_hal_rcc.c ****   {
 892:../../../../../../Drivers/PY32E407_HAL_Driver/Src/py32e407_hal_rcc.c ****     /* Program the new number of wait states to the LATENCY bits in the FLASH_ACR register */
 893:../../../../../../Drivers/PY32E407_HAL_Driver/Src/py32e407_hal_rcc.c ****     __HAL_FLASH_SET_LATENCY(FLatency);
 894:../../../../../../Drivers/PY32E407_HAL_Driver/Src/py32e407_hal_rcc.c **** 
 895:../../../../../../Drivers/PY32E407_HAL_Driver/Src/py32e407_hal_rcc.c ****     /* Check that the new number of wait states is taken into account to access the Flash
 896:../../../../../../Drivers/PY32E407_HAL_Driver/Src/py32e407_hal_rcc.c ****     memory by polling the FLASH_ACR register */
 897:../../../../../../Drivers/PY32E407_HAL_Driver/Src/py32e407_hal_rcc.c ****     tickstart = HAL_GetTick();
 898:../../../../../../Drivers/PY32E407_HAL_Driver/Src/py32e407_hal_rcc.c **** 
 899:../../../../../../Drivers/PY32E407_HAL_Driver/Src/py32e407_hal_rcc.c ****     while (__HAL_FLASH_GET_LATENCY() != FLatency)
 900:../../../../../../Drivers/PY32E407_HAL_Driver/Src/py32e407_hal_rcc.c ****     {
 901:../../../../../../Drivers/PY32E407_HAL_Driver/Src/py32e407_hal_rcc.c ****       if ((HAL_GetTick() - tickstart) > CLOCKSWITCH_TIMEOUT_VALUE)
 902:../../../../../../Drivers/PY32E407_HAL_Driver/Src/py32e407_hal_rcc.c ****       {
 903:../../../../../../Drivers/PY32E407_HAL_Driver/Src/py32e407_hal_rcc.c ****         return HAL_TIMEOUT;
 904:../../../../../../Drivers/PY32E407_HAL_Driver/Src/py32e407_hal_rcc.c ****       }
 905:../../../../../../Drivers/PY32E407_HAL_Driver/Src/py32e407_hal_rcc.c ****     }
 906:../../../../../../Drivers/PY32E407_HAL_Driver/Src/py32e407_hal_rcc.c ****   }
 907:../../../../../../Drivers/PY32E407_HAL_Driver/Src/py32e407_hal_rcc.c **** #endif /* FLASH_ACR_LATENCY */
 908:../../../../../../Drivers/PY32E407_HAL_Driver/Src/py32e407_hal_rcc.c **** 
 909:../../../../../../Drivers/PY32E407_HAL_Driver/Src/py32e407_hal_rcc.c **** /*-------------------------- PCLK1 Configuration ---------------------------*/
 910:../../../../../../Drivers/PY32E407_HAL_Driver/Src/py32e407_hal_rcc.c ****   if (((RCC_ClkInitStruct->ClockType) & RCC_CLOCKTYPE_PCLK1) == RCC_CLOCKTYPE_PCLK1)
 911:../../../../../../Drivers/PY32E407_HAL_Driver/Src/py32e407_hal_rcc.c ****   {
 912:../../../../../../Drivers/PY32E407_HAL_Driver/Src/py32e407_hal_rcc.c ****     assert_param(IS_RCC_PCLK(RCC_ClkInitStruct->APB1CLKDivider));
 913:../../../../../../Drivers/PY32E407_HAL_Driver/Src/py32e407_hal_rcc.c ****     MODIFY_REG(RCC->CFGR, RCC_CFGR_PPRE1, RCC_ClkInitStruct->APB1CLKDivider);
 914:../../../../../../Drivers/PY32E407_HAL_Driver/Src/py32e407_hal_rcc.c ****   }
 915:../../../../../../Drivers/PY32E407_HAL_Driver/Src/py32e407_hal_rcc.c **** 
 916:../../../../../../Drivers/PY32E407_HAL_Driver/Src/py32e407_hal_rcc.c ****   /*-------------------------- PCLK2 Configuration ---------------------------*/
 917:../../../../../../Drivers/PY32E407_HAL_Driver/Src/py32e407_hal_rcc.c ****   if (((RCC_ClkInitStruct->ClockType) & RCC_CLOCKTYPE_PCLK2) == RCC_CLOCKTYPE_PCLK2)
 918:../../../../../../Drivers/PY32E407_HAL_Driver/Src/py32e407_hal_rcc.c ****   {
 919:../../../../../../Drivers/PY32E407_HAL_Driver/Src/py32e407_hal_rcc.c ****     assert_param(IS_RCC_PCLK(RCC_ClkInitStruct->APB2CLKDivider));
 920:../../../../../../Drivers/PY32E407_HAL_Driver/Src/py32e407_hal_rcc.c ****     MODIFY_REG(RCC->CFGR, RCC_CFGR_PPRE2, ((RCC_ClkInitStruct->APB2CLKDivider) << 3U));
 921:../../../../../../Drivers/PY32E407_HAL_Driver/Src/py32e407_hal_rcc.c ****   }
 922:../../../../../../Drivers/PY32E407_HAL_Driver/Src/py32e407_hal_rcc.c **** 
 923:../../../../../../Drivers/PY32E407_HAL_Driver/Src/py32e407_hal_rcc.c ****   /* Update the SystemCoreClock global variable */
 924:../../../../../../Drivers/PY32E407_HAL_Driver/Src/py32e407_hal_rcc.c ****   SystemCoreClock = HAL_RCC_GetSysClockFreq() >> AHBPrescTable[(RCC->CFGR & RCC_CFGR_HPRE) >> RCC_C
 925:../../../../../../Drivers/PY32E407_HAL_Driver/Src/py32e407_hal_rcc.c **** 
 926:../../../../../../Drivers/PY32E407_HAL_Driver/Src/py32e407_hal_rcc.c ****   /* Configure the source of time base considering new system clocks settings*/
 927:../../../../../../Drivers/PY32E407_HAL_Driver/Src/py32e407_hal_rcc.c ****   return HAL_InitTick(uwTickPrio);
 928:../../../../../../Drivers/PY32E407_HAL_Driver/Src/py32e407_hal_rcc.c **** }
 929:../../../../../../Drivers/PY32E407_HAL_Driver/Src/py32e407_hal_rcc.c **** 
 930:../../../../../../Drivers/PY32E407_HAL_Driver/Src/py32e407_hal_rcc.c **** /**
 931:../../../../../../Drivers/PY32E407_HAL_Driver/Src/py32e407_hal_rcc.c ****   * @}
 932:../../../../../../Drivers/PY32E407_HAL_Driver/Src/py32e407_hal_rcc.c ****   */
 933:../../../../../../Drivers/PY32E407_HAL_Driver/Src/py32e407_hal_rcc.c **** 
 934:../../../../../../Drivers/PY32E407_HAL_Driver/Src/py32e407_hal_rcc.c **** /** @defgroup RCC_Exported_Functions_Group2 Peripheral Control functions
 935:../../../../../../Drivers/PY32E407_HAL_Driver/Src/py32e407_hal_rcc.c ****   *  @brief   RCC clocks control functions
 936:../../../../../../Drivers/PY32E407_HAL_Driver/Src/py32e407_hal_rcc.c ****   *
 937:../../../../../../Drivers/PY32E407_HAL_Driver/Src/py32e407_hal_rcc.c ****   @verbatim
 938:../../../../../../Drivers/PY32E407_HAL_Driver/Src/py32e407_hal_rcc.c ****   ===============================================================================
 939:../../../../../../Drivers/PY32E407_HAL_Driver/Src/py32e407_hal_rcc.c ****                   ##### Peripheral Control functions #####
 940:../../../../../../Drivers/PY32E407_HAL_Driver/Src/py32e407_hal_rcc.c ****   ===============================================================================
 941:../../../../../../Drivers/PY32E407_HAL_Driver/Src/py32e407_hal_rcc.c ****     [..]
 942:../../../../../../Drivers/PY32E407_HAL_Driver/Src/py32e407_hal_rcc.c ****     This subsection provides a set of functions allowing to control the RCC Clocks
 943:../../../../../../Drivers/PY32E407_HAL_Driver/Src/py32e407_hal_rcc.c ****     frequencies.
ARM GAS  C:\Users\user\AppData\Local\Temp\ccuc8vss.s 			page 18


 944:../../../../../../Drivers/PY32E407_HAL_Driver/Src/py32e407_hal_rcc.c **** 
 945:../../../../../../Drivers/PY32E407_HAL_Driver/Src/py32e407_hal_rcc.c ****   @endverbatim
 946:../../../../../../Drivers/PY32E407_HAL_Driver/Src/py32e407_hal_rcc.c ****   * @{
 947:../../../../../../Drivers/PY32E407_HAL_Driver/Src/py32e407_hal_rcc.c ****   */
 948:../../../../../../Drivers/PY32E407_HAL_Driver/Src/py32e407_hal_rcc.c **** 
 949:../../../../../../Drivers/PY32E407_HAL_Driver/Src/py32e407_hal_rcc.c **** /**
 950:../../../../../../Drivers/PY32E407_HAL_Driver/Src/py32e407_hal_rcc.c ****   * @brief  Select the clock source to output on MCO pin(PA8/PF5).
 951:../../../../../../Drivers/PY32E407_HAL_Driver/Src/py32e407_hal_rcc.c ****   * @note   PA8/PF5 should be configured in alternate function mode.
 952:../../../../../../Drivers/PY32E407_HAL_Driver/Src/py32e407_hal_rcc.c ****   * @note   The default configuration of the GPIOF pin 5 (PF5) is set to reset mode (NRST pin)
 953:../../../../../../Drivers/PY32E407_HAL_Driver/Src/py32e407_hal_rcc.c ****   *         and user shall set the NRST_MODE Bit in the FLASH OPTR register to be able to use it 
 954:../../../../../../Drivers/PY32E407_HAL_Driver/Src/py32e407_hal_rcc.c ****   *         as an MCO pin.
 955:../../../../../../Drivers/PY32E407_HAL_Driver/Src/py32e407_hal_rcc.c ****   *         The @ref HAL_FLASH_OBProgram() API can be used to configure the NRST_MODE Bit value.
 956:../../../../../../Drivers/PY32E407_HAL_Driver/Src/py32e407_hal_rcc.c ****   * @param  RCC_MCOx  specifies the output direction for the clock source.
 957:../../../../../../Drivers/PY32E407_HAL_Driver/Src/py32e407_hal_rcc.c ****   *          For PY32E407xx family this parameter can have only one value:
 958:../../../../../../Drivers/PY32E407_HAL_Driver/Src/py32e407_hal_rcc.c ****   *            @arg @ref RCC_MCO1  Clock source to output on MCO1 pin(PA8).
 959:../../../../../../Drivers/PY32E407_HAL_Driver/Src/py32e407_hal_rcc.c ****   *            @arg @ref RCC_MCO2  Clock source to output on MCO1 pin(PF5).
 960:../../../../../../Drivers/PY32E407_HAL_Driver/Src/py32e407_hal_rcc.c ****   * @param  RCC_MCOSource  specifies the clock source to output.
 961:../../../../../../Drivers/PY32E407_HAL_Driver/Src/py32e407_hal_rcc.c ****   *          This parameter can be one of the following values:
 962:../../../../../../Drivers/PY32E407_HAL_Driver/Src/py32e407_hal_rcc.c ****   *            @arg @ref RCC_MCOSOURCE_NOCLOCK  MCO output disabled, no clock on MCO
 963:../../../../../../Drivers/PY32E407_HAL_Driver/Src/py32e407_hal_rcc.c ****   *            @arg @ref RCC_MCOSOURCE_SYSCLK  system  clock selected as MCO source
 964:../../../../../../Drivers/PY32E407_HAL_Driver/Src/py32e407_hal_rcc.c ****   *            @arg @ref RCC_MCOSOURCE_HSI16M  HSI16M clock selected as MCO source
 965:../../../../../../Drivers/PY32E407_HAL_Driver/Src/py32e407_hal_rcc.c ****   *            @arg @ref RCC_MCOSOURCE_LSI  LSI clock selected as MCO source
 966:../../../../../../Drivers/PY32E407_HAL_Driver/Src/py32e407_hal_rcc.c ****   *            @arg @ref RCC_MCOSOURCE_HSE  HSE clock selected as MCO sourcee
 967:../../../../../../Drivers/PY32E407_HAL_Driver/Src/py32e407_hal_rcc.c ****   *            @arg @ref RCC_MCOSOURCE_LSE  LSE clock selected as MCO source
 968:../../../../../../Drivers/PY32E407_HAL_Driver/Src/py32e407_hal_rcc.c ****   *            @arg @ref RCC_MCOSOURCE_PLLCLK  main PLL clock selected as MCO source
 969:../../../../../../Drivers/PY32E407_HAL_Driver/Src/py32e407_hal_rcc.c ****   *            @arg @ref RCC_MCOSOURCE_HSI48M  HSI48M clock selected as MCO source for devices with
 970:../../../../../../Drivers/PY32E407_HAL_Driver/Src/py32e407_hal_rcc.c ****   *            @arg @ref RCC_MCOSOURCE_HCLK  HCLK clock selected as MCO source
 971:../../../../../../Drivers/PY32E407_HAL_Driver/Src/py32e407_hal_rcc.c ****   *            @arg @ref RCC_MCOSOURCE_PCLK1  APB1 clock selected as MCO sourcee
 972:../../../../../../Drivers/PY32E407_HAL_Driver/Src/py32e407_hal_rcc.c ****   *            @arg @ref RCC_MCOSOURCE_PCLK2  APB2 clock selected as MCO source
 973:../../../../../../Drivers/PY32E407_HAL_Driver/Src/py32e407_hal_rcc.c ****   *            @arg @ref RCC_MCOSOURCE_HSI10M  HSI10M clock selected as MCO source
 974:../../../../../../Drivers/PY32E407_HAL_Driver/Src/py32e407_hal_rcc.c ****   * @param  RCC_MCODiv  specifies the MCO prescaler.
 975:../../../../../../Drivers/PY32E407_HAL_Driver/Src/py32e407_hal_rcc.c ****   *          This parameter can be one of the following values:
 976:../../../../../../Drivers/PY32E407_HAL_Driver/Src/py32e407_hal_rcc.c ****   *            @arg @ref RCC_MCODIV_1  no division applied to MCO clock
 977:../../../../../../Drivers/PY32E407_HAL_Driver/Src/py32e407_hal_rcc.c ****   *            @arg @ref RCC_MCODIV_2  division by 2 applied to MCO clock
 978:../../../../../../Drivers/PY32E407_HAL_Driver/Src/py32e407_hal_rcc.c ****   *            @arg @ref RCC_MCODIV_4  division by 4 applied to MCO clock
 979:../../../../../../Drivers/PY32E407_HAL_Driver/Src/py32e407_hal_rcc.c ****   *            @arg @ref RCC_MCODIV_8  division by 8 applied to MCO clock
 980:../../../../../../Drivers/PY32E407_HAL_Driver/Src/py32e407_hal_rcc.c ****   *            @arg @ref RCC_MCODIV_16  division by 16 applied to MCO clock
 981:../../../../../../Drivers/PY32E407_HAL_Driver/Src/py32e407_hal_rcc.c ****   *            @arg @ref RCC_MCODIV_32  division by 32 applied to MCO clock
 982:../../../../../../Drivers/PY32E407_HAL_Driver/Src/py32e407_hal_rcc.c ****   *            @arg @ref RCC_MCODIV_64  division by 64 applied to MCO clock
 983:../../../../../../Drivers/PY32E407_HAL_Driver/Src/py32e407_hal_rcc.c ****   *            @arg @ref RCC_MCODIV_128  division by 128 applied to MCO clock
 984:../../../../../../Drivers/PY32E407_HAL_Driver/Src/py32e407_hal_rcc.c ****   * @retval None
 985:../../../../../../Drivers/PY32E407_HAL_Driver/Src/py32e407_hal_rcc.c ****   */
 986:../../../../../../Drivers/PY32E407_HAL_Driver/Src/py32e407_hal_rcc.c **** void HAL_RCC_MCOConfig(uint32_t RCC_MCOx, uint32_t RCC_MCOSource, uint32_t RCC_MCODiv)
 987:../../../../../../Drivers/PY32E407_HAL_Driver/Src/py32e407_hal_rcc.c **** {
 988:../../../../../../Drivers/PY32E407_HAL_Driver/Src/py32e407_hal_rcc.c ****   GPIO_InitTypeDef GPIO_InitStruct = {0};
 989:../../../../../../Drivers/PY32E407_HAL_Driver/Src/py32e407_hal_rcc.c **** 
 990:../../../../../../Drivers/PY32E407_HAL_Driver/Src/py32e407_hal_rcc.c ****   /* Check the parameters */
 991:../../../../../../Drivers/PY32E407_HAL_Driver/Src/py32e407_hal_rcc.c ****   assert_param(IS_RCC_MCO(RCC_MCOx));
 992:../../../../../../Drivers/PY32E407_HAL_Driver/Src/py32e407_hal_rcc.c ****   assert_param(IS_RCC_MCODIV(RCC_MCODiv));
 993:../../../../../../Drivers/PY32E407_HAL_Driver/Src/py32e407_hal_rcc.c ****   assert_param(IS_RCC_MCOSOURCE(RCC_MCOSource));
 994:../../../../../../Drivers/PY32E407_HAL_Driver/Src/py32e407_hal_rcc.c **** 
 995:../../../../../../Drivers/PY32E407_HAL_Driver/Src/py32e407_hal_rcc.c ****   GPIO_InitStruct.Mode = GPIO_MODE_AF_PP;
 996:../../../../../../Drivers/PY32E407_HAL_Driver/Src/py32e407_hal_rcc.c ****   GPIO_InitStruct.Speed = GPIO_SPEED_FREQ_VERY_HIGH;
 997:../../../../../../Drivers/PY32E407_HAL_Driver/Src/py32e407_hal_rcc.c ****   GPIO_InitStruct.Pull = GPIO_NOPULL;
 998:../../../../../../Drivers/PY32E407_HAL_Driver/Src/py32e407_hal_rcc.c ****   switch(RCC_MCOx)
 999:../../../../../../Drivers/PY32E407_HAL_Driver/Src/py32e407_hal_rcc.c ****   {
1000:../../../../../../Drivers/PY32E407_HAL_Driver/Src/py32e407_hal_rcc.c ****     case RCC_MCO2 :  /* Configure PF05 as the clock output */
ARM GAS  C:\Users\user\AppData\Local\Temp\ccuc8vss.s 			page 19


1001:../../../../../../Drivers/PY32E407_HAL_Driver/Src/py32e407_hal_rcc.c ****       __HAL_RCC_GPIOF_CLK_ENABLE();
1002:../../../../../../Drivers/PY32E407_HAL_Driver/Src/py32e407_hal_rcc.c ****       GPIO_InitStruct.Pin = GPIO_PIN_5;
1003:../../../../../../Drivers/PY32E407_HAL_Driver/Src/py32e407_hal_rcc.c ****       GPIO_InitStruct.Alternate = GPIO_AF0_MCO;
1004:../../../../../../Drivers/PY32E407_HAL_Driver/Src/py32e407_hal_rcc.c ****       HAL_GPIO_Init(GPIOF, &GPIO_InitStruct);
1005:../../../../../../Drivers/PY32E407_HAL_Driver/Src/py32e407_hal_rcc.c ****       break;
1006:../../../../../../Drivers/PY32E407_HAL_Driver/Src/py32e407_hal_rcc.c ****     case RCC_MCO1 :  /* PA08 */
1007:../../../../../../Drivers/PY32E407_HAL_Driver/Src/py32e407_hal_rcc.c ****     default :
1008:../../../../../../Drivers/PY32E407_HAL_Driver/Src/py32e407_hal_rcc.c ****       __HAL_RCC_GPIOA_CLK_ENABLE();
1009:../../../../../../Drivers/PY32E407_HAL_Driver/Src/py32e407_hal_rcc.c ****       GPIO_InitStruct.Pin = GPIO_PIN_8;
1010:../../../../../../Drivers/PY32E407_HAL_Driver/Src/py32e407_hal_rcc.c ****       GPIO_InitStruct.Alternate = GPIO_AF0_MCO;
1011:../../../../../../Drivers/PY32E407_HAL_Driver/Src/py32e407_hal_rcc.c ****       HAL_GPIO_Init(GPIOA, &GPIO_InitStruct);
1012:../../../../../../Drivers/PY32E407_HAL_Driver/Src/py32e407_hal_rcc.c ****       break;
1013:../../../../../../Drivers/PY32E407_HAL_Driver/Src/py32e407_hal_rcc.c ****   }
1014:../../../../../../Drivers/PY32E407_HAL_Driver/Src/py32e407_hal_rcc.c **** 
1015:../../../../../../Drivers/PY32E407_HAL_Driver/Src/py32e407_hal_rcc.c ****     /* Mask MCO[] and MCOPRE[] bits then set MCO clock source and prescaler */
1016:../../../../../../Drivers/PY32E407_HAL_Driver/Src/py32e407_hal_rcc.c ****     MODIFY_REG(RCC->CFGR, RCC_CFGR_MCO, RCC_MCOSource);
1017:../../../../../../Drivers/PY32E407_HAL_Driver/Src/py32e407_hal_rcc.c ****     MODIFY_REG(RCC->CFGR1, RCC_CFGR1_MCOPRE, RCC_MCODiv);
1018:../../../../../../Drivers/PY32E407_HAL_Driver/Src/py32e407_hal_rcc.c **** }
1019:../../../../../../Drivers/PY32E407_HAL_Driver/Src/py32e407_hal_rcc.c **** 
1020:../../../../../../Drivers/PY32E407_HAL_Driver/Src/py32e407_hal_rcc.c **** /**
1021:../../../../../../Drivers/PY32E407_HAL_Driver/Src/py32e407_hal_rcc.c ****   * @brief  Enables the Clock Security System.
1022:../../../../../../Drivers/PY32E407_HAL_Driver/Src/py32e407_hal_rcc.c ****   * @note   If a failure is detected on the HSE oscillator clock, this oscillator
1023:../../../../../../Drivers/PY32E407_HAL_Driver/Src/py32e407_hal_rcc.c ****   *         is automatically disabled and an interrupt is generated to inform the
1024:../../../../../../Drivers/PY32E407_HAL_Driver/Src/py32e407_hal_rcc.c ****   *         software about the failure (Clock Security System Interrupt, CSSI),
1025:../../../../../../Drivers/PY32E407_HAL_Driver/Src/py32e407_hal_rcc.c ****   *         allowing the MCU to perform rescue operations. The CSSI is linked to
1026:../../../../../../Drivers/PY32E407_HAL_Driver/Src/py32e407_hal_rcc.c ****   *         the Cortex-M4 NMI (Non-Maskable Interrupt) exception vector.
1027:../../../../../../Drivers/PY32E407_HAL_Driver/Src/py32e407_hal_rcc.c ****   * @retval None
1028:../../../../../../Drivers/PY32E407_HAL_Driver/Src/py32e407_hal_rcc.c ****   */
1029:../../../../../../Drivers/PY32E407_HAL_Driver/Src/py32e407_hal_rcc.c **** void HAL_RCC_EnableCSS(void)
1030:../../../../../../Drivers/PY32E407_HAL_Driver/Src/py32e407_hal_rcc.c **** {
1031:../../../../../../Drivers/PY32E407_HAL_Driver/Src/py32e407_hal_rcc.c ****   SET_BIT(RCC->CR, RCC_CR_CSSON);
1032:../../../../../../Drivers/PY32E407_HAL_Driver/Src/py32e407_hal_rcc.c **** }
1033:../../../../../../Drivers/PY32E407_HAL_Driver/Src/py32e407_hal_rcc.c **** 
1034:../../../../../../Drivers/PY32E407_HAL_Driver/Src/py32e407_hal_rcc.c **** /**
1035:../../../../../../Drivers/PY32E407_HAL_Driver/Src/py32e407_hal_rcc.c ****   * @brief  Returns the SYSCLK frequency
1036:../../../../../../Drivers/PY32E407_HAL_Driver/Src/py32e407_hal_rcc.c ****   * @note   The system frequency computed by this function is not the real
1037:../../../../../../Drivers/PY32E407_HAL_Driver/Src/py32e407_hal_rcc.c ****   *         frequency in the chip. It is calculated based on the predefined
1038:../../../../../../Drivers/PY32E407_HAL_Driver/Src/py32e407_hal_rcc.c ****   *         constant and the selected clock source:
1039:../../../../../../Drivers/PY32E407_HAL_Driver/Src/py32e407_hal_rcc.c ****   * @note     If SYSCLK source is HSI, function returns values based on HSI_VALUE(*)
1040:../../../../../../Drivers/PY32E407_HAL_Driver/Src/py32e407_hal_rcc.c ****   * @note     If SYSCLK source is HSE, function returns a value based on HSE_VALUE(**)
1041:../../../../../../Drivers/PY32E407_HAL_Driver/Src/py32e407_hal_rcc.c ****   * @note     If SYSCLK source is PLL, function returns values based on HSE_VALUE(**),
1042:../../../../../../Drivers/PY32E407_HAL_Driver/Src/py32e407_hal_rcc.c ****   *           HSI_VALUE(*) Value multiplied/divided by the PLL factors.
1043:../../../../../../Drivers/PY32E407_HAL_Driver/Src/py32e407_hal_rcc.c ****   * @note     (*) HSI_VALUE is a constant defined in py32e407_hal_conf.h file,
1044:../../../../../../Drivers/PY32E407_HAL_Driver/Src/py32e407_hal_rcc.c ****   *               but the real value may vary depending on the variations
1045:../../../../../../Drivers/PY32E407_HAL_Driver/Src/py32e407_hal_rcc.c ****   *               in voltage and temperature.
1046:../../../../../../Drivers/PY32E407_HAL_Driver/Src/py32e407_hal_rcc.c ****   * @note     (**) HSE_VALUE is a constant defined in py32e407_hal_conf.h file,
1047:../../../../../../Drivers/PY32E407_HAL_Driver/Src/py32e407_hal_rcc.c ****   *                user has to ensure that HSE_VALUE is same as the real
1048:../../../../../../Drivers/PY32E407_HAL_Driver/Src/py32e407_hal_rcc.c ****   *                frequency of the crystal used. Otherwise, this function may
1049:../../../../../../Drivers/PY32E407_HAL_Driver/Src/py32e407_hal_rcc.c ****   *                have wrong result.
1050:../../../../../../Drivers/PY32E407_HAL_Driver/Src/py32e407_hal_rcc.c ****   *
1051:../../../../../../Drivers/PY32E407_HAL_Driver/Src/py32e407_hal_rcc.c ****   * @note   The result of this function could be not correct when using fractional
1052:../../../../../../Drivers/PY32E407_HAL_Driver/Src/py32e407_hal_rcc.c ****   *         value for HSE crystal.
1053:../../../../../../Drivers/PY32E407_HAL_Driver/Src/py32e407_hal_rcc.c ****   *
1054:../../../../../../Drivers/PY32E407_HAL_Driver/Src/py32e407_hal_rcc.c ****   * @note   This function can be used by the user application to compute the
1055:../../../../../../Drivers/PY32E407_HAL_Driver/Src/py32e407_hal_rcc.c ****   *         baud-rate for the communication peripherals or configure other parameters.
1056:../../../../../../Drivers/PY32E407_HAL_Driver/Src/py32e407_hal_rcc.c ****   *
1057:../../../../../../Drivers/PY32E407_HAL_Driver/Src/py32e407_hal_rcc.c ****   * @note   Each time SYSCLK changes, this function must be called to update the
ARM GAS  C:\Users\user\AppData\Local\Temp\ccuc8vss.s 			page 20


1058:../../../../../../Drivers/PY32E407_HAL_Driver/Src/py32e407_hal_rcc.c ****   *         right SYSCLK value. Otherwise, any configuration based on this function will be incorre
1059:../../../../../../Drivers/PY32E407_HAL_Driver/Src/py32e407_hal_rcc.c ****   *
1060:../../../../../../Drivers/PY32E407_HAL_Driver/Src/py32e407_hal_rcc.c ****   * @retval SYSCLK frequency
1061:../../../../../../Drivers/PY32E407_HAL_Driver/Src/py32e407_hal_rcc.c ****   */
1062:../../../../../../Drivers/PY32E407_HAL_Driver/Src/py32e407_hal_rcc.c **** uint32_t HAL_RCC_GetSysClockFreq(void)
1063:../../../../../../Drivers/PY32E407_HAL_Driver/Src/py32e407_hal_rcc.c **** {
1064:../../../../../../Drivers/PY32E407_HAL_Driver/Src/py32e407_hal_rcc.c ****   const uint8_t aDivFactorTable[4] = {1, 2, 4, 8};
1065:../../../../../../Drivers/PY32E407_HAL_Driver/Src/py32e407_hal_rcc.c ****   const uint8_t aXTPredivFactorTable[2] = {1, 2};
1066:../../../../../../Drivers/PY32E407_HAL_Driver/Src/py32e407_hal_rcc.c **** 
1067:../../../../../../Drivers/PY32E407_HAL_Driver/Src/py32e407_hal_rcc.c ****   uint32_t tmpreg = 0U, tmppllreg=0, pllxtprediv = 0U, pllclk = 0U, pllmul = 0U, pllprediv = 0U, pl
1068:../../../../../../Drivers/PY32E407_HAL_Driver/Src/py32e407_hal_rcc.c ****   uint32_t sysclockfreq = 0U;
1069:../../../../../../Drivers/PY32E407_HAL_Driver/Src/py32e407_hal_rcc.c **** 
1070:../../../../../../Drivers/PY32E407_HAL_Driver/Src/py32e407_hal_rcc.c ****   tmpreg = RCC->CFGR;
1071:../../../../../../Drivers/PY32E407_HAL_Driver/Src/py32e407_hal_rcc.c ****   
1072:../../../../../../Drivers/PY32E407_HAL_Driver/Src/py32e407_hal_rcc.c ****   tmppllreg = RCC->CFGR3;
1073:../../../../../../Drivers/PY32E407_HAL_Driver/Src/py32e407_hal_rcc.c **** 
1074:../../../../../../Drivers/PY32E407_HAL_Driver/Src/py32e407_hal_rcc.c ****   /* Get SYSCLK source -------------------------------------------------------*/
1075:../../../../../../Drivers/PY32E407_HAL_Driver/Src/py32e407_hal_rcc.c ****   switch (tmpreg & RCC_CFGR_SWS)
1076:../../../../../../Drivers/PY32E407_HAL_Driver/Src/py32e407_hal_rcc.c ****   {
1077:../../../../../../Drivers/PY32E407_HAL_Driver/Src/py32e407_hal_rcc.c ****     case RCC_SYSCLKSOURCE_STATUS_HSE:  /* HSE used as system clock */
1078:../../../../../../Drivers/PY32E407_HAL_Driver/Src/py32e407_hal_rcc.c ****     {
1079:../../../../../../Drivers/PY32E407_HAL_Driver/Src/py32e407_hal_rcc.c ****       sysclockfreq = HSE_VALUE;
1080:../../../../../../Drivers/PY32E407_HAL_Driver/Src/py32e407_hal_rcc.c ****       break;
1081:../../../../../../Drivers/PY32E407_HAL_Driver/Src/py32e407_hal_rcc.c ****     }
1082:../../../../../../Drivers/PY32E407_HAL_Driver/Src/py32e407_hal_rcc.c ****     case RCC_SYSCLKSOURCE_STATUS_PLLCLK:  /* PLL used as system clock */
1083:../../../../../../Drivers/PY32E407_HAL_Driver/Src/py32e407_hal_rcc.c ****     {
1084:../../../../../../Drivers/PY32E407_HAL_Driver/Src/py32e407_hal_rcc.c ****       pllprediv = aDivFactorTable[(uint32_t)(RCC->CFGR3 & RCC_CFGR3_PLLPREDIV) >> RCC_CFGR3_PLLPRED
1085:../../../../../../Drivers/PY32E407_HAL_Driver/Src/py32e407_hal_rcc.c ****       pllpostdiv = aDivFactorTable[(uint32_t)(RCC->CFGR3 & RCC_CFGR3_PLLPOSTDIV) >> RCC_CFGR3_PLLPO
1086:../../../../../../Drivers/PY32E407_HAL_Driver/Src/py32e407_hal_rcc.c ****       pllmul = (READ_BIT(RCC->CFGR3, RCC_CFGR3_PLLFBDIV) >> RCC_CFGR3_PLLFBDIV_Pos) + 2U;
1087:../../../../../../Drivers/PY32E407_HAL_Driver/Src/py32e407_hal_rcc.c ****       if (((tmppllreg & (RCC_CFGR3_PLLSRC | RCC_CFGR3_PLLXTPRE)) == RCC_PLLSOURCE_HSE) || \
1088:../../../../../../Drivers/PY32E407_HAL_Driver/Src/py32e407_hal_rcc.c ****           ((tmppllreg & (RCC_CFGR3_PLLSRC | RCC_CFGR3_PLLXTPRE)) == RCC_PLLSOURCE_HSE_DIV2))
1089:../../../../../../Drivers/PY32E407_HAL_Driver/Src/py32e407_hal_rcc.c ****       {
1090:../../../../../../Drivers/PY32E407_HAL_Driver/Src/py32e407_hal_rcc.c ****         pllxtprediv = aXTPredivFactorTable[(uint32_t)(RCC->CFGR3 & RCC_CFGR3_PLLXTPRE) >> RCC_CFGR3
1091:../../../../../../Drivers/PY32E407_HAL_Driver/Src/py32e407_hal_rcc.c ****         
1092:../../../../../../Drivers/PY32E407_HAL_Driver/Src/py32e407_hal_rcc.c ****         /* HSE used as PLL clock source : PLLCLK = (HSE / PLLXTPREDIV) / PLLPREDIV * PLLMUL / PLLLP
1093:../../../../../../Drivers/PY32E407_HAL_Driver/Src/py32e407_hal_rcc.c ****         pllclk = (uint32_t)((HSE_VALUE / pllxtprediv) / pllprediv * pllmul / pllpostdiv);
1094:../../../../../../Drivers/PY32E407_HAL_Driver/Src/py32e407_hal_rcc.c ****       }
1095:../../../../../../Drivers/PY32E407_HAL_Driver/Src/py32e407_hal_rcc.c ****       else
1096:../../../../../../Drivers/PY32E407_HAL_Driver/Src/py32e407_hal_rcc.c ****       {
1097:../../../../../../Drivers/PY32E407_HAL_Driver/Src/py32e407_hal_rcc.c ****         /* HSI used as PLL clock source : PLLCLK = HSI/2 / PLLPREDIV * PLLMUL / PLLLPOSTDIV */
1098:../../../../../../Drivers/PY32E407_HAL_Driver/Src/py32e407_hal_rcc.c ****         pllclk = (uint32_t)((HSI_VALUE >> 1U) / pllprediv * pllmul / pllpostdiv);
1099:../../../../../../Drivers/PY32E407_HAL_Driver/Src/py32e407_hal_rcc.c ****       }
1100:../../../../../../Drivers/PY32E407_HAL_Driver/Src/py32e407_hal_rcc.c ****       sysclockfreq = pllclk;
1101:../../../../../../Drivers/PY32E407_HAL_Driver/Src/py32e407_hal_rcc.c ****       break;
1102:../../../../../../Drivers/PY32E407_HAL_Driver/Src/py32e407_hal_rcc.c ****     }
1103:../../../../../../Drivers/PY32E407_HAL_Driver/Src/py32e407_hal_rcc.c ****     case RCC_SYSCLKSOURCE_STATUS_HSI:  /* HSI used as system clock source */
1104:../../../../../../Drivers/PY32E407_HAL_Driver/Src/py32e407_hal_rcc.c ****     default: /* HSI used as system clock */
1105:../../../../../../Drivers/PY32E407_HAL_Driver/Src/py32e407_hal_rcc.c ****     {
1106:../../../../../../Drivers/PY32E407_HAL_Driver/Src/py32e407_hal_rcc.c ****       sysclockfreq = HSI_VALUE;
1107:../../../../../../Drivers/PY32E407_HAL_Driver/Src/py32e407_hal_rcc.c ****       break;
1108:../../../../../../Drivers/PY32E407_HAL_Driver/Src/py32e407_hal_rcc.c ****     }
1109:../../../../../../Drivers/PY32E407_HAL_Driver/Src/py32e407_hal_rcc.c ****   }
1110:../../../../../../Drivers/PY32E407_HAL_Driver/Src/py32e407_hal_rcc.c ****   return sysclockfreq;
1111:../../../../../../Drivers/PY32E407_HAL_Driver/Src/py32e407_hal_rcc.c **** }
1112:../../../../../../Drivers/PY32E407_HAL_Driver/Src/py32e407_hal_rcc.c **** 
1113:../../../../../../Drivers/PY32E407_HAL_Driver/Src/py32e407_hal_rcc.c **** /**
1114:../../../../../../Drivers/PY32E407_HAL_Driver/Src/py32e407_hal_rcc.c ****   * @brief  Returns the HCLK frequency
ARM GAS  C:\Users\user\AppData\Local\Temp\ccuc8vss.s 			page 21


1115:../../../../../../Drivers/PY32E407_HAL_Driver/Src/py32e407_hal_rcc.c ****   * @note   Each time HCLK changes, this function must be called to update the
1116:../../../../../../Drivers/PY32E407_HAL_Driver/Src/py32e407_hal_rcc.c ****   *         right HCLK value. Otherwise, any configuration based on this function will be incorrect
1117:../../../../../../Drivers/PY32E407_HAL_Driver/Src/py32e407_hal_rcc.c ****   *
1118:../../../../../../Drivers/PY32E407_HAL_Driver/Src/py32e407_hal_rcc.c ****   * @note   The SystemCoreClock CMSIS variable is used to store System Clock Frequency
1119:../../../../../../Drivers/PY32E407_HAL_Driver/Src/py32e407_hal_rcc.c ****   *         and updated within this function
1120:../../../../../../Drivers/PY32E407_HAL_Driver/Src/py32e407_hal_rcc.c ****   * @retval HCLK frequency
1121:../../../../../../Drivers/PY32E407_HAL_Driver/Src/py32e407_hal_rcc.c ****   */
1122:../../../../../../Drivers/PY32E407_HAL_Driver/Src/py32e407_hal_rcc.c **** uint32_t HAL_RCC_GetHCLKFreq(void)
1123:../../../../../../Drivers/PY32E407_HAL_Driver/Src/py32e407_hal_rcc.c **** {
1124:../../../../../../Drivers/PY32E407_HAL_Driver/Src/py32e407_hal_rcc.c ****   return SystemCoreClock;
1125:../../../../../../Drivers/PY32E407_HAL_Driver/Src/py32e407_hal_rcc.c **** }
1126:../../../../../../Drivers/PY32E407_HAL_Driver/Src/py32e407_hal_rcc.c **** 
1127:../../../../../../Drivers/PY32E407_HAL_Driver/Src/py32e407_hal_rcc.c **** /**
1128:../../../../../../Drivers/PY32E407_HAL_Driver/Src/py32e407_hal_rcc.c ****   * @brief  Returns the PCLK1 frequency
1129:../../../../../../Drivers/PY32E407_HAL_Driver/Src/py32e407_hal_rcc.c ****   * @note   Each time PCLK1 changes, this function must be called to update the
1130:../../../../../../Drivers/PY32E407_HAL_Driver/Src/py32e407_hal_rcc.c ****   *         right PCLK1 value. Otherwise, any configuration based on this function will be incorrec
1131:../../../../../../Drivers/PY32E407_HAL_Driver/Src/py32e407_hal_rcc.c ****   * @retval PCLK1 frequency
1132:../../../../../../Drivers/PY32E407_HAL_Driver/Src/py32e407_hal_rcc.c ****   */
1133:../../../../../../Drivers/PY32E407_HAL_Driver/Src/py32e407_hal_rcc.c **** uint32_t HAL_RCC_GetPCLK1Freq(void)
1134:../../../../../../Drivers/PY32E407_HAL_Driver/Src/py32e407_hal_rcc.c **** {
1135:../../../../../../Drivers/PY32E407_HAL_Driver/Src/py32e407_hal_rcc.c ****   /* Get HCLK source and Compute PCLK1 frequency ---------------------------*/
1136:../../../../../../Drivers/PY32E407_HAL_Driver/Src/py32e407_hal_rcc.c ****   return (HAL_RCC_GetHCLKFreq() >> APBPrescTable[(RCC->CFGR & RCC_CFGR_PPRE1) >> RCC_CFGR_PPRE1_Pos
1137:../../../../../../Drivers/PY32E407_HAL_Driver/Src/py32e407_hal_rcc.c **** }
1138:../../../../../../Drivers/PY32E407_HAL_Driver/Src/py32e407_hal_rcc.c **** 
1139:../../../../../../Drivers/PY32E407_HAL_Driver/Src/py32e407_hal_rcc.c **** /**
1140:../../../../../../Drivers/PY32E407_HAL_Driver/Src/py32e407_hal_rcc.c ****   * @brief  Returns the PCLK2 frequency
1141:../../../../../../Drivers/PY32E407_HAL_Driver/Src/py32e407_hal_rcc.c ****   * @note   Each time PCLK2 changes, this function must be called to update the
1142:../../../../../../Drivers/PY32E407_HAL_Driver/Src/py32e407_hal_rcc.c ****   *         right PCLK2 value. Otherwise, any configuration based on this function will be incorrec
1143:../../../../../../Drivers/PY32E407_HAL_Driver/Src/py32e407_hal_rcc.c ****   * @retval PCLK2 frequency
1144:../../../../../../Drivers/PY32E407_HAL_Driver/Src/py32e407_hal_rcc.c ****   */
1145:../../../../../../Drivers/PY32E407_HAL_Driver/Src/py32e407_hal_rcc.c **** uint32_t HAL_RCC_GetPCLK2Freq(void)
1146:../../../../../../Drivers/PY32E407_HAL_Driver/Src/py32e407_hal_rcc.c **** {
1147:../../../../../../Drivers/PY32E407_HAL_Driver/Src/py32e407_hal_rcc.c ****   /* Get HCLK source and Compute PCLK2 frequency ---------------------------*/
1148:../../../../../../Drivers/PY32E407_HAL_Driver/Src/py32e407_hal_rcc.c ****   return (HAL_RCC_GetHCLKFreq() >> APBPrescTable[(RCC->CFGR & RCC_CFGR_PPRE2) >> RCC_CFGR_PPRE2_Pos
1149:../../../../../../Drivers/PY32E407_HAL_Driver/Src/py32e407_hal_rcc.c **** }
1150:../../../../../../Drivers/PY32E407_HAL_Driver/Src/py32e407_hal_rcc.c **** 
1151:../../../../../../Drivers/PY32E407_HAL_Driver/Src/py32e407_hal_rcc.c **** /**
1152:../../../../../../Drivers/PY32E407_HAL_Driver/Src/py32e407_hal_rcc.c ****   * @brief  Configures the RCC_OscInitStruct according to the internal
1153:../../../../../../Drivers/PY32E407_HAL_Driver/Src/py32e407_hal_rcc.c ****   * RCC configuration registers.
1154:../../../../../../Drivers/PY32E407_HAL_Driver/Src/py32e407_hal_rcc.c ****   * @param  RCC_OscInitStruct pointer to an RCC_OscInitTypeDef structure that
1155:../../../../../../Drivers/PY32E407_HAL_Driver/Src/py32e407_hal_rcc.c ****   * will be configured.
1156:../../../../../../Drivers/PY32E407_HAL_Driver/Src/py32e407_hal_rcc.c ****   * @retval None
1157:../../../../../../Drivers/PY32E407_HAL_Driver/Src/py32e407_hal_rcc.c ****   */
1158:../../../../../../Drivers/PY32E407_HAL_Driver/Src/py32e407_hal_rcc.c **** void HAL_RCC_GetOscConfig(RCC_OscInitTypeDef  *RCC_OscInitStruct)
1159:../../../../../../Drivers/PY32E407_HAL_Driver/Src/py32e407_hal_rcc.c **** {
1160:../../../../../../Drivers/PY32E407_HAL_Driver/Src/py32e407_hal_rcc.c ****   /* Check the parameters */
1161:../../../../../../Drivers/PY32E407_HAL_Driver/Src/py32e407_hal_rcc.c ****   assert_param(RCC_OscInitStruct != NULL);
1162:../../../../../../Drivers/PY32E407_HAL_Driver/Src/py32e407_hal_rcc.c **** 
1163:../../../../../../Drivers/PY32E407_HAL_Driver/Src/py32e407_hal_rcc.c ****   /* Set all possible values for the Oscillator type parameter ---------------*/
1164:../../../../../../Drivers/PY32E407_HAL_Driver/Src/py32e407_hal_rcc.c ****   RCC_OscInitStruct->OscillatorType = RCC_OSCILLATORTYPE_HSE | RCC_OSCILLATORTYPE_HSI  \
1165:../../../../../../Drivers/PY32E407_HAL_Driver/Src/py32e407_hal_rcc.c ****                                       | RCC_OSCILLATORTYPE_LSE | RCC_OSCILLATORTYPE_LSI  \
1166:../../../../../../Drivers/PY32E407_HAL_Driver/Src/py32e407_hal_rcc.c ****                                       | RCC_OSCILLATORTYPE_HSI48M;
1167:../../../../../../Drivers/PY32E407_HAL_Driver/Src/py32e407_hal_rcc.c **** 
1168:../../../../../../Drivers/PY32E407_HAL_Driver/Src/py32e407_hal_rcc.c ****   /* Get the HSE configuration -----------------------------------------------*/
1169:../../../../../../Drivers/PY32E407_HAL_Driver/Src/py32e407_hal_rcc.c ****   if ((RCC->CR & RCC_CR_HSEBYP) == RCC_CR_HSEBYP)
1170:../../../../../../Drivers/PY32E407_HAL_Driver/Src/py32e407_hal_rcc.c ****   {
1171:../../../../../../Drivers/PY32E407_HAL_Driver/Src/py32e407_hal_rcc.c ****     RCC_OscInitStruct->HSEState = RCC_HSE_BYPASS;
ARM GAS  C:\Users\user\AppData\Local\Temp\ccuc8vss.s 			page 22


1172:../../../../../../Drivers/PY32E407_HAL_Driver/Src/py32e407_hal_rcc.c ****   }
1173:../../../../../../Drivers/PY32E407_HAL_Driver/Src/py32e407_hal_rcc.c ****   else if ((RCC->CR & RCC_CR_HSEON) == RCC_CR_HSEON)
1174:../../../../../../Drivers/PY32E407_HAL_Driver/Src/py32e407_hal_rcc.c ****   {
1175:../../../../../../Drivers/PY32E407_HAL_Driver/Src/py32e407_hal_rcc.c ****     RCC_OscInitStruct->HSEState = RCC_HSE_ON;
1176:../../../../../../Drivers/PY32E407_HAL_Driver/Src/py32e407_hal_rcc.c ****   }
1177:../../../../../../Drivers/PY32E407_HAL_Driver/Src/py32e407_hal_rcc.c ****   else
1178:../../../../../../Drivers/PY32E407_HAL_Driver/Src/py32e407_hal_rcc.c ****   {
1179:../../../../../../Drivers/PY32E407_HAL_Driver/Src/py32e407_hal_rcc.c ****     RCC_OscInitStruct->HSEState = RCC_HSE_OFF;
1180:../../../../../../Drivers/PY32E407_HAL_Driver/Src/py32e407_hal_rcc.c ****   }
1181:../../../../../../Drivers/PY32E407_HAL_Driver/Src/py32e407_hal_rcc.c ****   RCC_OscInitStruct->HSEFreq = (uint32_t)(RCC->CFGR2 & RCC_CFGR2_HSEDRV);
1182:../../../../../../Drivers/PY32E407_HAL_Driver/Src/py32e407_hal_rcc.c ****   
1183:../../../../../../Drivers/PY32E407_HAL_Driver/Src/py32e407_hal_rcc.c ****   /* Get the HSI configuration -----------------------------------------------*/
1184:../../../../../../Drivers/PY32E407_HAL_Driver/Src/py32e407_hal_rcc.c ****   if ((RCC->CR & RCC_CR_HSION) == RCC_CR_HSION)
1185:../../../../../../Drivers/PY32E407_HAL_Driver/Src/py32e407_hal_rcc.c ****   {
1186:../../../../../../Drivers/PY32E407_HAL_Driver/Src/py32e407_hal_rcc.c ****     RCC_OscInitStruct->HSIState = RCC_HSI_ON;
1187:../../../../../../Drivers/PY32E407_HAL_Driver/Src/py32e407_hal_rcc.c ****   }
1188:../../../../../../Drivers/PY32E407_HAL_Driver/Src/py32e407_hal_rcc.c ****   else
1189:../../../../../../Drivers/PY32E407_HAL_Driver/Src/py32e407_hal_rcc.c ****   {
1190:../../../../../../Drivers/PY32E407_HAL_Driver/Src/py32e407_hal_rcc.c ****     RCC_OscInitStruct->HSIState = RCC_HSI_OFF;
1191:../../../../../../Drivers/PY32E407_HAL_Driver/Src/py32e407_hal_rcc.c ****   }
1192:../../../../../../Drivers/PY32E407_HAL_Driver/Src/py32e407_hal_rcc.c **** 
1193:../../../../../../Drivers/PY32E407_HAL_Driver/Src/py32e407_hal_rcc.c ****   /* Get the HSI48M configuration -----------------------------------------------*/
1194:../../../../../../Drivers/PY32E407_HAL_Driver/Src/py32e407_hal_rcc.c ****   if ((RCC->CFGR1 & RCC_CFGR1_HSI48ON) == RCC_CFGR1_HSI48ON)
1195:../../../../../../Drivers/PY32E407_HAL_Driver/Src/py32e407_hal_rcc.c ****   {
1196:../../../../../../Drivers/PY32E407_HAL_Driver/Src/py32e407_hal_rcc.c ****     RCC_OscInitStruct->HSI48MState = RCC_HSI48M_ON;
1197:../../../../../../Drivers/PY32E407_HAL_Driver/Src/py32e407_hal_rcc.c ****   }
1198:../../../../../../Drivers/PY32E407_HAL_Driver/Src/py32e407_hal_rcc.c ****   else
1199:../../../../../../Drivers/PY32E407_HAL_Driver/Src/py32e407_hal_rcc.c ****   {
1200:../../../../../../Drivers/PY32E407_HAL_Driver/Src/py32e407_hal_rcc.c ****     RCC_OscInitStruct->HSI48MState = RCC_HSI48M_OFF;
1201:../../../../../../Drivers/PY32E407_HAL_Driver/Src/py32e407_hal_rcc.c ****   }
1202:../../../../../../Drivers/PY32E407_HAL_Driver/Src/py32e407_hal_rcc.c **** 
1203:../../../../../../Drivers/PY32E407_HAL_Driver/Src/py32e407_hal_rcc.c ****   /* Get the LSE configuration -----------------------------------------------*/
1204:../../../../../../Drivers/PY32E407_HAL_Driver/Src/py32e407_hal_rcc.c ****   if ((RCC->BDCR & RCC_BDCR_LSEBYP) == RCC_BDCR_LSEBYP)
1205:../../../../../../Drivers/PY32E407_HAL_Driver/Src/py32e407_hal_rcc.c ****   {
1206:../../../../../../Drivers/PY32E407_HAL_Driver/Src/py32e407_hal_rcc.c ****     RCC_OscInitStruct->LSEState = RCC_LSE_BYPASS;
1207:../../../../../../Drivers/PY32E407_HAL_Driver/Src/py32e407_hal_rcc.c ****   }
1208:../../../../../../Drivers/PY32E407_HAL_Driver/Src/py32e407_hal_rcc.c ****   else if ((RCC->BDCR & RCC_BDCR_LSEON) == RCC_BDCR_LSEON)
1209:../../../../../../Drivers/PY32E407_HAL_Driver/Src/py32e407_hal_rcc.c ****   {
1210:../../../../../../Drivers/PY32E407_HAL_Driver/Src/py32e407_hal_rcc.c ****     RCC_OscInitStruct->LSEState = RCC_LSE_ON;
1211:../../../../../../Drivers/PY32E407_HAL_Driver/Src/py32e407_hal_rcc.c ****   }
1212:../../../../../../Drivers/PY32E407_HAL_Driver/Src/py32e407_hal_rcc.c ****   else
1213:../../../../../../Drivers/PY32E407_HAL_Driver/Src/py32e407_hal_rcc.c ****   {
1214:../../../../../../Drivers/PY32E407_HAL_Driver/Src/py32e407_hal_rcc.c ****     RCC_OscInitStruct->LSEState = RCC_LSE_OFF;
1215:../../../../../../Drivers/PY32E407_HAL_Driver/Src/py32e407_hal_rcc.c ****   }
1216:../../../../../../Drivers/PY32E407_HAL_Driver/Src/py32e407_hal_rcc.c ****   RCC_OscInitStruct->LSEDriver = (uint32_t)(RCC->BDCR & RCC_BDCR_LSEDRV);
1217:../../../../../../Drivers/PY32E407_HAL_Driver/Src/py32e407_hal_rcc.c **** 
1218:../../../../../../Drivers/PY32E407_HAL_Driver/Src/py32e407_hal_rcc.c ****   /* Get the LSI configuration -----------------------------------------------*/
1219:../../../../../../Drivers/PY32E407_HAL_Driver/Src/py32e407_hal_rcc.c ****   if ((RCC->CSR & RCC_CSR_LSION) == RCC_CSR_LSION)
1220:../../../../../../Drivers/PY32E407_HAL_Driver/Src/py32e407_hal_rcc.c ****   {
1221:../../../../../../Drivers/PY32E407_HAL_Driver/Src/py32e407_hal_rcc.c ****     RCC_OscInitStruct->LSIState = RCC_LSI_ON;
1222:../../../../../../Drivers/PY32E407_HAL_Driver/Src/py32e407_hal_rcc.c ****   }
1223:../../../../../../Drivers/PY32E407_HAL_Driver/Src/py32e407_hal_rcc.c ****   else
1224:../../../../../../Drivers/PY32E407_HAL_Driver/Src/py32e407_hal_rcc.c ****   {
1225:../../../../../../Drivers/PY32E407_HAL_Driver/Src/py32e407_hal_rcc.c ****     RCC_OscInitStruct->LSIState = RCC_LSI_OFF;
1226:../../../../../../Drivers/PY32E407_HAL_Driver/Src/py32e407_hal_rcc.c ****   }
1227:../../../../../../Drivers/PY32E407_HAL_Driver/Src/py32e407_hal_rcc.c ****   
1228:../../../../../../Drivers/PY32E407_HAL_Driver/Src/py32e407_hal_rcc.c ****   /* Get the PLL configuration -----------------------------------------------*/
ARM GAS  C:\Users\user\AppData\Local\Temp\ccuc8vss.s 			page 23


1229:../../../../../../Drivers/PY32E407_HAL_Driver/Src/py32e407_hal_rcc.c ****   if ((RCC->CR & RCC_CR_PLLON) == RCC_CR_PLLON)
1230:../../../../../../Drivers/PY32E407_HAL_Driver/Src/py32e407_hal_rcc.c ****   {
1231:../../../../../../Drivers/PY32E407_HAL_Driver/Src/py32e407_hal_rcc.c ****     RCC_OscInitStruct->PLL.PLLState = RCC_PLL_ON;
1232:../../../../../../Drivers/PY32E407_HAL_Driver/Src/py32e407_hal_rcc.c ****   }
1233:../../../../../../Drivers/PY32E407_HAL_Driver/Src/py32e407_hal_rcc.c ****   else
1234:../../../../../../Drivers/PY32E407_HAL_Driver/Src/py32e407_hal_rcc.c ****   {
1235:../../../../../../Drivers/PY32E407_HAL_Driver/Src/py32e407_hal_rcc.c ****     RCC_OscInitStruct->PLL.PLLState = RCC_PLL_OFF;
1236:../../../../../../Drivers/PY32E407_HAL_Driver/Src/py32e407_hal_rcc.c ****   }
1237:../../../../../../Drivers/PY32E407_HAL_Driver/Src/py32e407_hal_rcc.c ****   RCC_OscInitStruct->PLL.PLLSource = (uint32_t)(RCC->CFGR3 & (RCC_CFGR3_PLLSRC | RCC_CFGR3_PLLXTPRE
1238:../../../../../../Drivers/PY32E407_HAL_Driver/Src/py32e407_hal_rcc.c ****   RCC_OscInitStruct->PLL.PLLMUL = (uint32_t)(((RCC->CFGR3 & RCC_CFGR3_PLLFBDIV) >> RCC_CFGR3_PLLFBD
1239:../../../../../../Drivers/PY32E407_HAL_Driver/Src/py32e407_hal_rcc.c ****   RCC_OscInitStruct->PLL.PLLPrediv = (uint32_t)(RCC->CFGR3 & RCC_CFGR3_PLLPREDIV);
1240:../../../../../../Drivers/PY32E407_HAL_Driver/Src/py32e407_hal_rcc.c ****   RCC_OscInitStruct->PLL.PLLPostdiv = (uint32_t)(RCC->CFGR3 & RCC_CFGR3_PLLPOSTDIV);
1241:../../../../../../Drivers/PY32E407_HAL_Driver/Src/py32e407_hal_rcc.c **** }
1242:../../../../../../Drivers/PY32E407_HAL_Driver/Src/py32e407_hal_rcc.c **** 
1243:../../../../../../Drivers/PY32E407_HAL_Driver/Src/py32e407_hal_rcc.c **** /**
1244:../../../../../../Drivers/PY32E407_HAL_Driver/Src/py32e407_hal_rcc.c ****   * @brief  Get the RCC_ClkInitStruct according to the internal
1245:../../../../../../Drivers/PY32E407_HAL_Driver/Src/py32e407_hal_rcc.c ****   *         RCC configuration registers.
1246:../../../../../../Drivers/PY32E407_HAL_Driver/Src/py32e407_hal_rcc.c ****   * @param  RCC_ClkInitStruct pointer to an RCC_ClkInitTypeDef structure that
1247:../../../../../../Drivers/PY32E407_HAL_Driver/Src/py32e407_hal_rcc.c ****   *         contains the current clock configuration.
1248:../../../../../../Drivers/PY32E407_HAL_Driver/Src/py32e407_hal_rcc.c ****   * @param  pFLatency Pointer on the Flash Latency.
1249:../../../../../../Drivers/PY32E407_HAL_Driver/Src/py32e407_hal_rcc.c ****   * @retval None
1250:../../../../../../Drivers/PY32E407_HAL_Driver/Src/py32e407_hal_rcc.c ****   */
1251:../../../../../../Drivers/PY32E407_HAL_Driver/Src/py32e407_hal_rcc.c **** void HAL_RCC_GetClockConfig(RCC_ClkInitTypeDef  *RCC_ClkInitStruct, uint32_t *pFLatency)
1252:../../../../../../Drivers/PY32E407_HAL_Driver/Src/py32e407_hal_rcc.c **** {
1253:../../../../../../Drivers/PY32E407_HAL_Driver/Src/py32e407_hal_rcc.c ****   /* Check the parameters */
1254:../../../../../../Drivers/PY32E407_HAL_Driver/Src/py32e407_hal_rcc.c ****   assert_param(RCC_ClkInitStruct != NULL);
1255:../../../../../../Drivers/PY32E407_HAL_Driver/Src/py32e407_hal_rcc.c ****   assert_param(pFLatency != NULL);
1256:../../../../../../Drivers/PY32E407_HAL_Driver/Src/py32e407_hal_rcc.c **** 
1257:../../../../../../Drivers/PY32E407_HAL_Driver/Src/py32e407_hal_rcc.c ****   /* Set all possible values for the Clock type parameter --------------------*/
1258:../../../../../../Drivers/PY32E407_HAL_Driver/Src/py32e407_hal_rcc.c ****   RCC_ClkInitStruct->ClockType = RCC_CLOCKTYPE_SYSCLK | RCC_CLOCKTYPE_HCLK | RCC_CLOCKTYPE_PCLK1 | 
1259:../../../../../../Drivers/PY32E407_HAL_Driver/Src/py32e407_hal_rcc.c **** 
1260:../../../../../../Drivers/PY32E407_HAL_Driver/Src/py32e407_hal_rcc.c ****   /* Get the SYSCLK configuration --------------------------------------------*/
1261:../../../../../../Drivers/PY32E407_HAL_Driver/Src/py32e407_hal_rcc.c ****   RCC_ClkInitStruct->SYSCLKSource = (uint32_t)(RCC->CFGR & RCC_CFGR_SW);
1262:../../../../../../Drivers/PY32E407_HAL_Driver/Src/py32e407_hal_rcc.c **** 
1263:../../../../../../Drivers/PY32E407_HAL_Driver/Src/py32e407_hal_rcc.c ****   /* Get the HCLK configuration ----------------------------------------------*/
1264:../../../../../../Drivers/PY32E407_HAL_Driver/Src/py32e407_hal_rcc.c ****   RCC_ClkInitStruct->AHBCLKDivider = (uint32_t)(RCC->CFGR & RCC_CFGR_HPRE);
1265:../../../../../../Drivers/PY32E407_HAL_Driver/Src/py32e407_hal_rcc.c **** 
1266:../../../../../../Drivers/PY32E407_HAL_Driver/Src/py32e407_hal_rcc.c ****   /* Get the APB1 configuration ----------------------------------------------*/
1267:../../../../../../Drivers/PY32E407_HAL_Driver/Src/py32e407_hal_rcc.c ****   RCC_ClkInitStruct->APB1CLKDivider = (uint32_t)(RCC->CFGR & RCC_CFGR_PPRE1);
1268:../../../../../../Drivers/PY32E407_HAL_Driver/Src/py32e407_hal_rcc.c **** 
1269:../../../../../../Drivers/PY32E407_HAL_Driver/Src/py32e407_hal_rcc.c ****   /* Get the APB2 configuration ----------------------------------------------*/
1270:../../../../../../Drivers/PY32E407_HAL_Driver/Src/py32e407_hal_rcc.c ****   RCC_ClkInitStruct->APB2CLKDivider = (uint32_t)((RCC->CFGR & RCC_CFGR_PPRE2) >> 3);
1271:../../../../../../Drivers/PY32E407_HAL_Driver/Src/py32e407_hal_rcc.c **** 
1272:../../../../../../Drivers/PY32E407_HAL_Driver/Src/py32e407_hal_rcc.c **** #if   defined(FLASH_ACR_LATENCY)
1273:../../../../../../Drivers/PY32E407_HAL_Driver/Src/py32e407_hal_rcc.c ****   /* Get the Flash Wait State (Latency) configuration ------------------------*/
1274:../../../../../../Drivers/PY32E407_HAL_Driver/Src/py32e407_hal_rcc.c ****   *pFLatency = (uint32_t)(FLASH->ACR & FLASH_ACR_LATENCY);
1275:../../../../../../Drivers/PY32E407_HAL_Driver/Src/py32e407_hal_rcc.c **** #else
1276:../../../../../../Drivers/PY32E407_HAL_Driver/Src/py32e407_hal_rcc.c ****   /* For VALUE lines devices, only LATENCY_0 can be set*/
1277:../../../../../../Drivers/PY32E407_HAL_Driver/Src/py32e407_hal_rcc.c ****   *pFLatency = (uint32_t)FLASH_LATENCY_0;
1278:../../../../../../Drivers/PY32E407_HAL_Driver/Src/py32e407_hal_rcc.c **** #endif
1279:../../../../../../Drivers/PY32E407_HAL_Driver/Src/py32e407_hal_rcc.c **** }
1280:../../../../../../Drivers/PY32E407_HAL_Driver/Src/py32e407_hal_rcc.c **** 
1281:../../../../../../Drivers/PY32E407_HAL_Driver/Src/py32e407_hal_rcc.c **** /**
1282:../../../../../../Drivers/PY32E407_HAL_Driver/Src/py32e407_hal_rcc.c ****   * @brief This function handles the RCC CSS interrupt request.
1283:../../../../../../Drivers/PY32E407_HAL_Driver/Src/py32e407_hal_rcc.c ****   * @note This API should be called under the NMI_Handler().
1284:../../../../../../Drivers/PY32E407_HAL_Driver/Src/py32e407_hal_rcc.c ****   * @retval None
1285:../../../../../../Drivers/PY32E407_HAL_Driver/Src/py32e407_hal_rcc.c ****   */
ARM GAS  C:\Users\user\AppData\Local\Temp\ccuc8vss.s 			page 24


1286:../../../../../../Drivers/PY32E407_HAL_Driver/Src/py32e407_hal_rcc.c **** void HAL_RCC_NMI_IRQHandler(void)
1287:../../../../../../Drivers/PY32E407_HAL_Driver/Src/py32e407_hal_rcc.c **** {
1288:../../../../../../Drivers/PY32E407_HAL_Driver/Src/py32e407_hal_rcc.c ****   /* Check RCC CSSF flag  */
1289:../../../../../../Drivers/PY32E407_HAL_Driver/Src/py32e407_hal_rcc.c ****   if (__HAL_RCC_GET_IT(RCC_IT_CSS))
1290:../../../../../../Drivers/PY32E407_HAL_Driver/Src/py32e407_hal_rcc.c ****   {
1291:../../../../../../Drivers/PY32E407_HAL_Driver/Src/py32e407_hal_rcc.c ****     /* RCC Clock Security System interrupt user callback */
1292:../../../../../../Drivers/PY32E407_HAL_Driver/Src/py32e407_hal_rcc.c ****     HAL_RCC_CSSCallback();
1293:../../../../../../Drivers/PY32E407_HAL_Driver/Src/py32e407_hal_rcc.c **** 
1294:../../../../../../Drivers/PY32E407_HAL_Driver/Src/py32e407_hal_rcc.c ****     /* Clear RCC CSS pending bit */
1295:../../../../../../Drivers/PY32E407_HAL_Driver/Src/py32e407_hal_rcc.c ****     __HAL_RCC_CLEAR_IT(RCC_IT_CSS);
1296:../../../../../../Drivers/PY32E407_HAL_Driver/Src/py32e407_hal_rcc.c ****   }
1297:../../../../../../Drivers/PY32E407_HAL_Driver/Src/py32e407_hal_rcc.c **** }
1298:../../../../../../Drivers/PY32E407_HAL_Driver/Src/py32e407_hal_rcc.c **** 
1299:../../../../../../Drivers/PY32E407_HAL_Driver/Src/py32e407_hal_rcc.c **** /**
1300:../../../../../../Drivers/PY32E407_HAL_Driver/Src/py32e407_hal_rcc.c ****   * @brief  RCC Clock Security System interrupt callback
1301:../../../../../../Drivers/PY32E407_HAL_Driver/Src/py32e407_hal_rcc.c ****   * @retval none
1302:../../../../../../Drivers/PY32E407_HAL_Driver/Src/py32e407_hal_rcc.c ****   */
1303:../../../../../../Drivers/PY32E407_HAL_Driver/Src/py32e407_hal_rcc.c **** __weak void HAL_RCC_CSSCallback(void)
1304:../../../../../../Drivers/PY32E407_HAL_Driver/Src/py32e407_hal_rcc.c **** {
1305:../../../../../../Drivers/PY32E407_HAL_Driver/Src/py32e407_hal_rcc.c ****   /* NOTE : This function Should not be modified, when the callback is needed,
1306:../../../../../../Drivers/PY32E407_HAL_Driver/Src/py32e407_hal_rcc.c ****     the HAL_RCC_CSSCallback could be implemented in the user file
1307:../../../../../../Drivers/PY32E407_HAL_Driver/Src/py32e407_hal_rcc.c ****     */
1308:../../../../../../Drivers/PY32E407_HAL_Driver/Src/py32e407_hal_rcc.c **** }
1309:../../../../../../Drivers/PY32E407_HAL_Driver/Src/py32e407_hal_rcc.c **** 
1310:../../../../../../Drivers/PY32E407_HAL_Driver/Src/py32e407_hal_rcc.c **** /**
1311:../../../../../../Drivers/PY32E407_HAL_Driver/Src/py32e407_hal_rcc.c ****   * @}
1312:../../../../../../Drivers/PY32E407_HAL_Driver/Src/py32e407_hal_rcc.c ****   */
1313:../../../../../../Drivers/PY32E407_HAL_Driver/Src/py32e407_hal_rcc.c **** 
1314:../../../../../../Drivers/PY32E407_HAL_Driver/Src/py32e407_hal_rcc.c **** /**
1315:../../../../../../Drivers/PY32E407_HAL_Driver/Src/py32e407_hal_rcc.c ****   * @}
1316:../../../../../../Drivers/PY32E407_HAL_Driver/Src/py32e407_hal_rcc.c ****   */
1317:../../../../../../Drivers/PY32E407_HAL_Driver/Src/py32e407_hal_rcc.c **** 
1318:../../../../../../Drivers/PY32E407_HAL_Driver/Src/py32e407_hal_rcc.c **** /* Private function prototypes -----------------------------------------------*/
1319:../../../../../../Drivers/PY32E407_HAL_Driver/Src/py32e407_hal_rcc.c **** /** @addtogroup RCC_Private_Functions
1320:../../../../../../Drivers/PY32E407_HAL_Driver/Src/py32e407_hal_rcc.c ****   * @{
1321:../../../../../../Drivers/PY32E407_HAL_Driver/Src/py32e407_hal_rcc.c ****   */
1322:../../../../../../Drivers/PY32E407_HAL_Driver/Src/py32e407_hal_rcc.c **** 
1323:../../../../../../Drivers/PY32E407_HAL_Driver/Src/py32e407_hal_rcc.c **** /**
1324:../../../../../../Drivers/PY32E407_HAL_Driver/Src/py32e407_hal_rcc.c ****   * @brief  Compute SYSCLK frequency based on PLL SYSCLK source.
1325:../../../../../../Drivers/PY32E407_HAL_Driver/Src/py32e407_hal_rcc.c ****   * @retval SYSCLK frequency
1326:../../../../../../Drivers/PY32E407_HAL_Driver/Src/py32e407_hal_rcc.c ****   */
1327:../../../../../../Drivers/PY32E407_HAL_Driver/Src/py32e407_hal_rcc.c **** static uint32_t RCC_GetSysClockFreqFromPLLSource(void)
1328:../../../../../../Drivers/PY32E407_HAL_Driver/Src/py32e407_hal_rcc.c **** {
  28              		.loc 1 1328 1 view -0
  29              		.cfi_startproc
  30              		@ args = 0, pretend = 0, frame = 8
  31              		@ frame_needed = 0, uses_anonymous_args = 0
  32              		@ link register save eliminated.
  33 0000 82B0     		sub	sp, sp, #8
  34              	.LCFI0:
  35              		.cfi_def_cfa_offset 8
1329:../../../../../../Drivers/PY32E407_HAL_Driver/Src/py32e407_hal_rcc.c ****   const uint8_t aDivFactorTable[4] = {1, 2, 4, 8};
  36              		.loc 1 1329 3 view .LVU1
  37              		.loc 1 1329 17 is_stmt 0 view .LVU2
  38 0002 1C4B     		ldr	r3, .L8
  39 0004 0193     		str	r3, [sp, #4]
1330:../../../../../../Drivers/PY32E407_HAL_Driver/Src/py32e407_hal_rcc.c **** 
ARM GAS  C:\Users\user\AppData\Local\Temp\ccuc8vss.s 			page 25


1331:../../../../../../Drivers/PY32E407_HAL_Driver/Src/py32e407_hal_rcc.c ****   uint32_t pllsource = 0U, pllmul = 0U, pllprediv = 0U, pllpostdiv = 0U, sysclockfreq = 0U;
  40              		.loc 1 1331 3 is_stmt 1 view .LVU3
  41              	.LVL0:
1332:../../../../../../Drivers/PY32E407_HAL_Driver/Src/py32e407_hal_rcc.c ****   
1333:../../../../../../Drivers/PY32E407_HAL_Driver/Src/py32e407_hal_rcc.c ****   /* SYSCLK = (HSE_VALUE, HSE_VALUE/2 or HSI_VALUE/2) / PLLPREDIV * PLLMUL / PLLLPOSTDIV */
1334:../../../../../../Drivers/PY32E407_HAL_Driver/Src/py32e407_hal_rcc.c ****   pllsource = READ_BIT(RCC->CFGR3, RCC_CFGR3_PLLSRC | RCC_CFGR3_PLLXTPRE);
  42              		.loc 1 1334 3 view .LVU4
  43              		.loc 1 1334 15 is_stmt 0 view .LVU5
  44 0006 1C49     		ldr	r1, .L8+4
  45 0008 D1F88020 		ldr	r2, [r1, #128]
  46              		.loc 1 1334 13 view .LVU6
  47 000c 02F00302 		and	r2, r2, #3
  48              	.LVL1:
1335:../../../../../../Drivers/PY32E407_HAL_Driver/Src/py32e407_hal_rcc.c ****   pllprediv = aDivFactorTable[(uint32_t)(RCC->CFGR3 & RCC_CFGR3_PLLPREDIV) >> RCC_CFGR3_PLLPREDIV_P
  49              		.loc 1 1335 3 is_stmt 1 view .LVU7
  50              		.loc 1 1335 45 is_stmt 0 view .LVU8
  51 0010 D1F88030 		ldr	r3, [r1, #128]
  52              		.loc 1 1335 76 view .LVU9
  53 0014 C3F38103 		ubfx	r3, r3, #2, #2
  54              		.loc 1 1335 30 view .LVU10
  55 0018 0833     		adds	r3, r3, #8
  56 001a 6B44     		add	r3, sp, r3
  57 001c 13F804CC 		ldrb	ip, [r3, #-4]	@ zero_extendqisi2
  58              	.LVL2:
1336:../../../../../../Drivers/PY32E407_HAL_Driver/Src/py32e407_hal_rcc.c ****   pllpostdiv = aDivFactorTable[(uint32_t)(RCC->CFGR3 & RCC_CFGR3_PLLPOSTDIV) >> RCC_CFGR3_PLLPOSTDI
  59              		.loc 1 1336 3 is_stmt 1 view .LVU11
  60              		.loc 1 1336 46 is_stmt 0 view .LVU12
  61 0020 D1F88030 		ldr	r3, [r1, #128]
  62              		.loc 1 1336 78 view .LVU13
  63 0024 C3F30113 		ubfx	r3, r3, #4, #2
  64              		.loc 1 1336 31 view .LVU14
  65 0028 0833     		adds	r3, r3, #8
  66 002a 6B44     		add	r3, sp, r3
  67 002c 13F8040C 		ldrb	r0, [r3, #-4]	@ zero_extendqisi2
  68              	.LVL3:
1337:../../../../../../Drivers/PY32E407_HAL_Driver/Src/py32e407_hal_rcc.c ****   pllmul = (READ_BIT(RCC->CFGR3, RCC_CFGR3_PLLFBDIV) >> RCC_CFGR3_PLLFBDIV_Pos) + 2U;
  69              		.loc 1 1337 3 is_stmt 1 view .LVU15
  70              		.loc 1 1337 13 is_stmt 0 view .LVU16
  71 0030 D1F88030 		ldr	r3, [r1, #128]
  72              		.loc 1 1337 54 view .LVU17
  73 0034 C3F30723 		ubfx	r3, r3, #8, #8
  74              		.loc 1 1337 10 view .LVU18
  75 0038 0233     		adds	r3, r3, #2
  76              	.LVL4:
1338:../../../../../../Drivers/PY32E407_HAL_Driver/Src/py32e407_hal_rcc.c **** 
1339:../../../../../../Drivers/PY32E407_HAL_Driver/Src/py32e407_hal_rcc.c ****   switch (pllsource)
  77              		.loc 1 1339 3 is_stmt 1 view .LVU19
  78 003a 012A     		cmp	r2, #1
  79 003c 09D0     		beq	.L2
  80 003e 032A     		cmp	r2, #3
  81 0040 10D0     		beq	.L3
1340:../../../../../../Drivers/PY32E407_HAL_Driver/Src/py32e407_hal_rcc.c ****   {
1341:../../../../../../Drivers/PY32E407_HAL_Driver/Src/py32e407_hal_rcc.c ****   case RCC_PLLSOURCE_HSE:  /* HSE used as PLL clock source */
1342:../../../../../../Drivers/PY32E407_HAL_Driver/Src/py32e407_hal_rcc.c ****     sysclockfreq = (HSE_VALUE) / pllprediv * pllmul / pllpostdiv;
1343:../../../../../../Drivers/PY32E407_HAL_Driver/Src/py32e407_hal_rcc.c ****     break;
1344:../../../../../../Drivers/PY32E407_HAL_Driver/Src/py32e407_hal_rcc.c ****   
1345:../../../../../../Drivers/PY32E407_HAL_Driver/Src/py32e407_hal_rcc.c ****   case RCC_PLLSOURCE_HSE_DIV2:  /* HSE/2 used as PLL clock source */
ARM GAS  C:\Users\user\AppData\Local\Temp\ccuc8vss.s 			page 26


1346:../../../../../../Drivers/PY32E407_HAL_Driver/Src/py32e407_hal_rcc.c ****     sysclockfreq = (HSE_VALUE / 2U) / pllprediv * pllmul / pllpostdiv;
1347:../../../../../../Drivers/PY32E407_HAL_Driver/Src/py32e407_hal_rcc.c ****     break;
1348:../../../../../../Drivers/PY32E407_HAL_Driver/Src/py32e407_hal_rcc.c ****   
1349:../../../../../../Drivers/PY32E407_HAL_Driver/Src/py32e407_hal_rcc.c ****   case RCC_PLLSOURCE_HSI_DIV2:  /* HSI/2 used as PLL clock source */
1350:../../../../../../Drivers/PY32E407_HAL_Driver/Src/py32e407_hal_rcc.c ****   default:
1351:../../../../../../Drivers/PY32E407_HAL_Driver/Src/py32e407_hal_rcc.c ****     sysclockfreq = (HSI_VALUE / 2U) / pllprediv * pllmul / pllpostdiv;
  82              		.loc 1 1351 5 view .LVU20
  83              		.loc 1 1351 37 is_stmt 0 view .LVU21
  84 0042 0E4A     		ldr	r2, .L8+8
  85              	.LVL5:
  86              		.loc 1 1351 37 view .LVU22
  87 0044 B2FBFCFC 		udiv	ip, r2, ip
  88              	.LVL6:
  89              		.loc 1 1351 49 view .LVU23
  90 0048 03FB0CF3 		mul	r3, r3, ip
  91              	.LVL7:
  92              		.loc 1 1351 18 view .LVU24
  93 004c B3FBF0F0 		udiv	r0, r3, r0
  94              	.LVL8:
1352:../../../../../../Drivers/PY32E407_HAL_Driver/Src/py32e407_hal_rcc.c ****     break;
  95              		.loc 1 1352 5 is_stmt 1 view .LVU25
1353:../../../../../../Drivers/PY32E407_HAL_Driver/Src/py32e407_hal_rcc.c ****   }
1354:../../../../../../Drivers/PY32E407_HAL_Driver/Src/py32e407_hal_rcc.c **** 
1355:../../../../../../Drivers/PY32E407_HAL_Driver/Src/py32e407_hal_rcc.c ****   return sysclockfreq;
  96              		.loc 1 1355 3 view .LVU26
  97              		.loc 1 1355 10 is_stmt 0 view .LVU27
  98 0050 06E0     		b	.L1
  99              	.LVL9:
 100              	.L2:
1342:../../../../../../Drivers/PY32E407_HAL_Driver/Src/py32e407_hal_rcc.c ****     break;
 101              		.loc 1 1342 5 is_stmt 1 view .LVU28
1342:../../../../../../Drivers/PY32E407_HAL_Driver/Src/py32e407_hal_rcc.c ****     break;
 102              		.loc 1 1342 32 is_stmt 0 view .LVU29
 103 0052 0B4A     		ldr	r2, .L8+12
 104              	.LVL10:
1342:../../../../../../Drivers/PY32E407_HAL_Driver/Src/py32e407_hal_rcc.c ****     break;
 105              		.loc 1 1342 32 view .LVU30
 106 0054 B2FBFCFC 		udiv	ip, r2, ip
 107              	.LVL11:
1342:../../../../../../Drivers/PY32E407_HAL_Driver/Src/py32e407_hal_rcc.c ****     break;
 108              		.loc 1 1342 44 view .LVU31
 109 0058 03FB0CF3 		mul	r3, r3, ip
 110              	.LVL12:
1342:../../../../../../Drivers/PY32E407_HAL_Driver/Src/py32e407_hal_rcc.c ****     break;
 111              		.loc 1 1342 18 view .LVU32
 112 005c B3FBF0F0 		udiv	r0, r3, r0
 113              	.LVL13:
1343:../../../../../../Drivers/PY32E407_HAL_Driver/Src/py32e407_hal_rcc.c ****   
 114              		.loc 1 1343 5 is_stmt 1 view .LVU33
 115              	.L1:
1356:../../../../../../Drivers/PY32E407_HAL_Driver/Src/py32e407_hal_rcc.c **** }
 116              		.loc 1 1356 1 is_stmt 0 view .LVU34
 117 0060 02B0     		add	sp, sp, #8
 118              	.LCFI1:
 119              		.cfi_remember_state
 120              		.cfi_def_cfa_offset 0
 121              		.loc 1 1356 1 view .LVU35
ARM GAS  C:\Users\user\AppData\Local\Temp\ccuc8vss.s 			page 27


 122              		@ sp needed
 123 0062 7047     		bx	lr
 124              	.LVL14:
 125              	.L3:
 126              	.LCFI2:
 127              		.cfi_restore_state
1346:../../../../../../Drivers/PY32E407_HAL_Driver/Src/py32e407_hal_rcc.c ****     break;
 128              		.loc 1 1346 5 is_stmt 1 view .LVU36
1346:../../../../../../Drivers/PY32E407_HAL_Driver/Src/py32e407_hal_rcc.c ****     break;
 129              		.loc 1 1346 37 is_stmt 0 view .LVU37
 130 0064 074A     		ldr	r2, .L8+16
 131              	.LVL15:
1346:../../../../../../Drivers/PY32E407_HAL_Driver/Src/py32e407_hal_rcc.c ****     break;
 132              		.loc 1 1346 37 view .LVU38
 133 0066 B2FBFCFC 		udiv	ip, r2, ip
 134              	.LVL16:
1346:../../../../../../Drivers/PY32E407_HAL_Driver/Src/py32e407_hal_rcc.c ****     break;
 135              		.loc 1 1346 49 view .LVU39
 136 006a 03FB0CF3 		mul	r3, r3, ip
 137              	.LVL17:
1346:../../../../../../Drivers/PY32E407_HAL_Driver/Src/py32e407_hal_rcc.c ****     break;
 138              		.loc 1 1346 18 view .LVU40
 139 006e B3FBF0F0 		udiv	r0, r3, r0
 140              	.LVL18:
1347:../../../../../../Drivers/PY32E407_HAL_Driver/Src/py32e407_hal_rcc.c ****   
 141              		.loc 1 1347 5 is_stmt 1 view .LVU41
 142 0072 F5E7     		b	.L1
 143              	.L9:
 144              		.align	2
 145              	.L8:
 146 0074 01020408 		.word	134480385
 147 0078 00100240 		.word	1073876992
 148 007c 00127A00 		.word	8000000
 149 0080 00366E01 		.word	24000000
 150 0084 001BB700 		.word	12000000
 151              		.cfi_endproc
 152              	.LFE149:
 154              		.section	.text.HAL_RCC_DeInit,"ax",%progbits
 155              		.align	1
 156              		.global	HAL_RCC_DeInit
 157              		.syntax unified
 158              		.thumb
 159              		.thumb_func
 161              	HAL_RCC_DeInit:
 162              	.LFB136:
 204:../../../../../../Drivers/PY32E407_HAL_Driver/Src/py32e407_hal_rcc.c ****   uint32_t tickstart;
 163              		.loc 1 204 1 view -0
 164              		.cfi_startproc
 165              		@ args = 0, pretend = 0, frame = 0
 166              		@ frame_needed = 0, uses_anonymous_args = 0
 167 0000 70B5     		push	{r4, r5, r6, lr}
 168              	.LCFI3:
 169              		.cfi_def_cfa_offset 16
 170              		.cfi_offset 4, -16
 171              		.cfi_offset 5, -12
 172              		.cfi_offset 6, -8
 173              		.cfi_offset 14, -4
ARM GAS  C:\Users\user\AppData\Local\Temp\ccuc8vss.s 			page 28


 205:../../../../../../Drivers/PY32E407_HAL_Driver/Src/py32e407_hal_rcc.c **** 
 174              		.loc 1 205 3 view .LVU43
 208:../../../../../../Drivers/PY32E407_HAL_Driver/Src/py32e407_hal_rcc.c **** 
 175              		.loc 1 208 3 view .LVU44
 208:../../../../../../Drivers/PY32E407_HAL_Driver/Src/py32e407_hal_rcc.c **** 
 176              		.loc 1 208 15 is_stmt 0 view .LVU45
 177 0002 FFF7FEFF 		bl	HAL_GetTick
 178              	.LVL19:
 179 0006 0446     		mov	r4, r0
 180              	.LVL20:
 211:../../../../../../Drivers/PY32E407_HAL_Driver/Src/py32e407_hal_rcc.c **** 
 181              		.loc 1 211 3 is_stmt 1 view .LVU46
 182 0008 3A4A     		ldr	r2, .L31
 183 000a 1368     		ldr	r3, [r2]
 184 000c 43F00103 		orr	r3, r3, #1
 185 0010 1360     		str	r3, [r2]
 214:../../../../../../Drivers/PY32E407_HAL_Driver/Src/py32e407_hal_rcc.c ****   {
 186              		.loc 1 214 3 view .LVU47
 187              	.LVL21:
 188              	.L11:
 214:../../../../../../Drivers/PY32E407_HAL_Driver/Src/py32e407_hal_rcc.c ****   {
 189              		.loc 1 214 9 view .LVU48
 214:../../../../../../Drivers/PY32E407_HAL_Driver/Src/py32e407_hal_rcc.c ****   {
 190              		.loc 1 214 10 is_stmt 0 view .LVU49
 191 0012 384B     		ldr	r3, .L31
 192 0014 1B68     		ldr	r3, [r3]
 214:../../../../../../Drivers/PY32E407_HAL_Driver/Src/py32e407_hal_rcc.c ****   {
 193              		.loc 1 214 9 view .LVU50
 194 0016 13F0020F 		tst	r3, #2
 195 001a 07D1     		bne	.L26
 216:../../../../../../Drivers/PY32E407_HAL_Driver/Src/py32e407_hal_rcc.c ****     {
 196              		.loc 1 216 5 is_stmt 1 view .LVU51
 216:../../../../../../Drivers/PY32E407_HAL_Driver/Src/py32e407_hal_rcc.c ****     {
 197              		.loc 1 216 10 is_stmt 0 view .LVU52
 198 001c FFF7FEFF 		bl	HAL_GetTick
 199              	.LVL22:
 216:../../../../../../Drivers/PY32E407_HAL_Driver/Src/py32e407_hal_rcc.c ****     {
 200              		.loc 1 216 24 view .LVU53
 201 0020 001B     		subs	r0, r0, r4
 216:../../../../../../Drivers/PY32E407_HAL_Driver/Src/py32e407_hal_rcc.c ****     {
 202              		.loc 1 216 8 view .LVU54
 203 0022 0228     		cmp	r0, #2
 204 0024 F5D9     		bls	.L11
 218:../../../../../../Drivers/PY32E407_HAL_Driver/Src/py32e407_hal_rcc.c ****     }
 205              		.loc 1 218 14 view .LVU55
 206 0026 0324     		movs	r4, #3
 207              	.LVL23:
 208              	.L12:
 298:../../../../../../Drivers/PY32E407_HAL_Driver/Src/py32e407_hal_rcc.c **** 
 209              		.loc 1 298 1 view .LVU56
 210 0028 2046     		mov	r0, r4
 211 002a 70BD     		pop	{r4, r5, r6, pc}
 212              	.LVL24:
 213              	.L26:
 223:../../../../../../Drivers/PY32E407_HAL_Driver/Src/py32e407_hal_rcc.c **** 
 214              		.loc 1 223 3 is_stmt 1 view .LVU57
 223:../../../../../../Drivers/PY32E407_HAL_Driver/Src/py32e407_hal_rcc.c **** 
ARM GAS  C:\Users\user\AppData\Local\Temp\ccuc8vss.s 			page 29


 215              		.loc 1 223 15 is_stmt 0 view .LVU58
 216 002c FFF7FEFF 		bl	HAL_GetTick
 217              	.LVL25:
 218 0030 0446     		mov	r4, r0
 219              	.LVL26:
 226:../../../../../../Drivers/PY32E407_HAL_Driver/Src/py32e407_hal_rcc.c **** 
 220              		.loc 1 226 3 is_stmt 1 view .LVU59
 226:../../../../../../Drivers/PY32E407_HAL_Driver/Src/py32e407_hal_rcc.c **** 
 221              		.loc 1 226 19 is_stmt 0 view .LVU60
 222 0032 304B     		ldr	r3, .L31
 223 0034 5A68     		ldr	r2, [r3, #4]
 226:../../../../../../Drivers/PY32E407_HAL_Driver/Src/py32e407_hal_rcc.c **** 
 224              		.loc 1 226 26 view .LVU61
 225 0036 02F47F02 		and	r2, r2, #16711680
 226:../../../../../../Drivers/PY32E407_HAL_Driver/Src/py32e407_hal_rcc.c **** 
 226              		.loc 1 226 13 view .LVU62
 227 003a 5A60     		str	r2, [r3, #4]
 229:../../../../../../Drivers/PY32E407_HAL_Driver/Src/py32e407_hal_rcc.c **** 
 228              		.loc 1 229 3 is_stmt 1 view .LVU63
 229:../../../../../../Drivers/PY32E407_HAL_Driver/Src/py32e407_hal_rcc.c **** 
 229              		.loc 1 229 20 is_stmt 0 view .LVU64
 230 003c 9A6F     		ldr	r2, [r3, #120]
 229:../../../../../../Drivers/PY32E407_HAL_Driver/Src/py32e407_hal_rcc.c **** 
 231              		.loc 1 229 28 view .LVU65
 232 003e 22F00702 		bic	r2, r2, #7
 229:../../../../../../Drivers/PY32E407_HAL_Driver/Src/py32e407_hal_rcc.c **** 
 233              		.loc 1 229 14 view .LVU66
 234 0042 9A67     		str	r2, [r3, #120]
 232:../../../../../../Drivers/PY32E407_HAL_Driver/Src/py32e407_hal_rcc.c ****   {
 235              		.loc 1 232 3 is_stmt 1 view .LVU67
 236              	.LVL27:
 237              	.L14:
 232:../../../../../../Drivers/PY32E407_HAL_Driver/Src/py32e407_hal_rcc.c ****   {
 238              		.loc 1 232 9 view .LVU68
 232:../../../../../../Drivers/PY32E407_HAL_Driver/Src/py32e407_hal_rcc.c ****   {
 239              		.loc 1 232 10 is_stmt 0 view .LVU69
 240 0044 2B4B     		ldr	r3, .L31
 241 0046 5B68     		ldr	r3, [r3, #4]
 232:../../../../../../Drivers/PY32E407_HAL_Driver/Src/py32e407_hal_rcc.c ****   {
 242              		.loc 1 232 9 view .LVU70
 243 0048 13F00C0F 		tst	r3, #12
 244 004c 08D0     		beq	.L27
 234:../../../../../../Drivers/PY32E407_HAL_Driver/Src/py32e407_hal_rcc.c ****     {
 245              		.loc 1 234 5 is_stmt 1 view .LVU71
 234:../../../../../../Drivers/PY32E407_HAL_Driver/Src/py32e407_hal_rcc.c ****     {
 246              		.loc 1 234 10 is_stmt 0 view .LVU72
 247 004e FFF7FEFF 		bl	HAL_GetTick
 248              	.LVL28:
 234:../../../../../../Drivers/PY32E407_HAL_Driver/Src/py32e407_hal_rcc.c ****     {
 249              		.loc 1 234 24 view .LVU73
 250 0052 001B     		subs	r0, r0, r4
 234:../../../../../../Drivers/PY32E407_HAL_Driver/Src/py32e407_hal_rcc.c ****     {
 251              		.loc 1 234 8 view .LVU74
 252 0054 41F28833 		movw	r3, #5000
 253 0058 9842     		cmp	r0, r3
 254 005a F3D9     		bls	.L14
 236:../../../../../../Drivers/PY32E407_HAL_Driver/Src/py32e407_hal_rcc.c ****     }
ARM GAS  C:\Users\user\AppData\Local\Temp\ccuc8vss.s 			page 30


 255              		.loc 1 236 14 view .LVU75
 256 005c 0324     		movs	r4, #3
 257              	.LVL29:
 236:../../../../../../Drivers/PY32E407_HAL_Driver/Src/py32e407_hal_rcc.c ****     }
 258              		.loc 1 236 14 view .LVU76
 259 005e E3E7     		b	.L12
 260              	.LVL30:
 261              	.L27:
 241:../../../../../../Drivers/PY32E407_HAL_Driver/Src/py32e407_hal_rcc.c **** 
 262              		.loc 1 241 3 is_stmt 1 view .LVU77
 241:../../../../../../Drivers/PY32E407_HAL_Driver/Src/py32e407_hal_rcc.c **** 
 263              		.loc 1 241 19 is_stmt 0 view .LVU78
 264 0060 254B     		ldr	r3, .L31+4
 265 0062 264A     		ldr	r2, .L31+8
 266 0064 1A60     		str	r2, [r3]
 244:../../../../../../Drivers/PY32E407_HAL_Driver/Src/py32e407_hal_rcc.c ****   {
 267              		.loc 1 244 3 is_stmt 1 view .LVU79
 244:../../../../../../Drivers/PY32E407_HAL_Driver/Src/py32e407_hal_rcc.c ****   {
 268              		.loc 1 244 7 is_stmt 0 view .LVU80
 269 0066 264B     		ldr	r3, .L31+12
 270 0068 1868     		ldr	r0, [r3]
 271 006a FFF7FEFF 		bl	HAL_InitTick
 272              	.LVL31:
 244:../../../../../../Drivers/PY32E407_HAL_Driver/Src/py32e407_hal_rcc.c ****   {
 273              		.loc 1 244 6 view .LVU81
 274 006e 0446     		mov	r4, r0
 275              	.LVL32:
 244:../../../../../../Drivers/PY32E407_HAL_Driver/Src/py32e407_hal_rcc.c ****   {
 276              		.loc 1 244 6 view .LVU82
 277 0070 08B1     		cbz	r0, .L28
 246:../../../../../../Drivers/PY32E407_HAL_Driver/Src/py32e407_hal_rcc.c ****   }
 278              		.loc 1 246 12 view .LVU83
 279 0072 0124     		movs	r4, #1
 280 0074 D8E7     		b	.L12
 281              	.L28:
 250:../../../../../../Drivers/PY32E407_HAL_Driver/Src/py32e407_hal_rcc.c **** 
 282              		.loc 1 250 3 is_stmt 1 view .LVU84
 250:../../../../../../Drivers/PY32E407_HAL_Driver/Src/py32e407_hal_rcc.c **** 
 283              		.loc 1 250 15 is_stmt 0 view .LVU85
 284 0076 FFF7FEFF 		bl	HAL_GetTick
 285              	.LVL33:
 286 007a 0546     		mov	r5, r0
 287              	.LVL34:
 253:../../../../../../Drivers/PY32E407_HAL_Driver/Src/py32e407_hal_rcc.c **** 
 288              		.loc 1 253 3 is_stmt 1 view .LVU86
 289 007c 1D4A     		ldr	r2, .L31
 290 007e 1368     		ldr	r3, [r2]
 291 0080 23F08073 		bic	r3, r3, #16777216
 292 0084 1360     		str	r3, [r2]
 256:../../../../../../Drivers/PY32E407_HAL_Driver/Src/py32e407_hal_rcc.c ****   {
 293              		.loc 1 256 3 view .LVU87
 294              	.LVL35:
 295              	.L16:
 256:../../../../../../Drivers/PY32E407_HAL_Driver/Src/py32e407_hal_rcc.c ****   {
 296              		.loc 1 256 9 view .LVU88
 256:../../../../../../Drivers/PY32E407_HAL_Driver/Src/py32e407_hal_rcc.c ****   {
 297              		.loc 1 256 10 is_stmt 0 view .LVU89
ARM GAS  C:\Users\user\AppData\Local\Temp\ccuc8vss.s 			page 31


 298 0086 1B4B     		ldr	r3, .L31
 299 0088 1B68     		ldr	r3, [r3]
 256:../../../../../../Drivers/PY32E407_HAL_Driver/Src/py32e407_hal_rcc.c ****   {
 300              		.loc 1 256 9 view .LVU90
 301 008a 13F0007F 		tst	r3, #33554432
 302 008e 06D0     		beq	.L29
 258:../../../../../../Drivers/PY32E407_HAL_Driver/Src/py32e407_hal_rcc.c ****     {
 303              		.loc 1 258 5 is_stmt 1 view .LVU91
 258:../../../../../../Drivers/PY32E407_HAL_Driver/Src/py32e407_hal_rcc.c ****     {
 304              		.loc 1 258 10 is_stmt 0 view .LVU92
 305 0090 FFF7FEFF 		bl	HAL_GetTick
 306              	.LVL36:
 258:../../../../../../Drivers/PY32E407_HAL_Driver/Src/py32e407_hal_rcc.c ****     {
 307              		.loc 1 258 24 view .LVU93
 308 0094 401B     		subs	r0, r0, r5
 258:../../../../../../Drivers/PY32E407_HAL_Driver/Src/py32e407_hal_rcc.c ****     {
 309              		.loc 1 258 8 view .LVU94
 310 0096 0328     		cmp	r0, #3
 311 0098 F5D9     		bls	.L16
 260:../../../../../../Drivers/PY32E407_HAL_Driver/Src/py32e407_hal_rcc.c ****     }
 312              		.loc 1 260 14 view .LVU95
 313 009a 0324     		movs	r4, #3
 314 009c C4E7     		b	.L12
 315              	.L29:
 265:../../../../../../Drivers/PY32E407_HAL_Driver/Src/py32e407_hal_rcc.c **** 
 316              		.loc 1 265 3 is_stmt 1 view .LVU96
 317 009e 154E     		ldr	r6, .L31
 318 00a0 0023     		movs	r3, #0
 319 00a2 C6F88030 		str	r3, [r6, #128]
 268:../../../../../../Drivers/PY32E407_HAL_Driver/Src/py32e407_hal_rcc.c **** 
 320              		.loc 1 268 3 view .LVU97
 268:../../../../../../Drivers/PY32E407_HAL_Driver/Src/py32e407_hal_rcc.c **** 
 321              		.loc 1 268 15 is_stmt 0 view .LVU98
 322 00a6 FFF7FEFF 		bl	HAL_GetTick
 323              	.LVL37:
 324 00aa 0546     		mov	r5, r0
 325              	.LVL38:
 271:../../../../../../Drivers/PY32E407_HAL_Driver/Src/py32e407_hal_rcc.c **** 
 326              		.loc 1 271 3 is_stmt 1 view .LVU99
 327 00ac 3368     		ldr	r3, [r6]
 328 00ae 23F41023 		bic	r3, r3, #589824
 329 00b2 3360     		str	r3, [r6]
 274:../../../../../../Drivers/PY32E407_HAL_Driver/Src/py32e407_hal_rcc.c ****   {
 330              		.loc 1 274 3 view .LVU100
 331              	.LVL39:
 332              	.L18:
 274:../../../../../../Drivers/PY32E407_HAL_Driver/Src/py32e407_hal_rcc.c ****   {
 333              		.loc 1 274 9 view .LVU101
 274:../../../../../../Drivers/PY32E407_HAL_Driver/Src/py32e407_hal_rcc.c ****   {
 334              		.loc 1 274 10 is_stmt 0 view .LVU102
 335 00b4 0F4B     		ldr	r3, .L31
 336 00b6 1B68     		ldr	r3, [r3]
 274:../../../../../../Drivers/PY32E407_HAL_Driver/Src/py32e407_hal_rcc.c ****   {
 337              		.loc 1 274 9 view .LVU103
 338 00b8 13F4003F 		tst	r3, #131072
 339 00bc 06D0     		beq	.L30
 276:../../../../../../Drivers/PY32E407_HAL_Driver/Src/py32e407_hal_rcc.c ****     {
ARM GAS  C:\Users\user\AppData\Local\Temp\ccuc8vss.s 			page 32


 340              		.loc 1 276 5 is_stmt 1 view .LVU104
 276:../../../../../../Drivers/PY32E407_HAL_Driver/Src/py32e407_hal_rcc.c ****     {
 341              		.loc 1 276 10 is_stmt 0 view .LVU105
 342 00be FFF7FEFF 		bl	HAL_GetTick
 343              	.LVL40:
 276:../../../../../../Drivers/PY32E407_HAL_Driver/Src/py32e407_hal_rcc.c ****     {
 344              		.loc 1 276 24 view .LVU106
 345 00c2 401B     		subs	r0, r0, r5
 276:../../../../../../Drivers/PY32E407_HAL_Driver/Src/py32e407_hal_rcc.c ****     {
 346              		.loc 1 276 8 view .LVU107
 347 00c4 6428     		cmp	r0, #100
 348 00c6 F5D9     		bls	.L18
 278:../../../../../../Drivers/PY32E407_HAL_Driver/Src/py32e407_hal_rcc.c ****     }
 349              		.loc 1 278 14 view .LVU108
 350 00c8 0324     		movs	r4, #3
 351 00ca ADE7     		b	.L12
 352              	.L30:
 283:../../../../../../Drivers/PY32E407_HAL_Driver/Src/py32e407_hal_rcc.c **** 
 353              		.loc 1 283 3 is_stmt 1 view .LVU109
 354 00cc 094B     		ldr	r3, .L31
 355 00ce 1A68     		ldr	r2, [r3]
 356 00d0 22F48022 		bic	r2, r2, #262144
 357 00d4 1A60     		str	r2, [r3]
 286:../../../../../../Drivers/PY32E407_HAL_Driver/Src/py32e407_hal_rcc.c **** 
 358              		.loc 1 286 3 view .LVU110
 286:../../../../../../Drivers/PY32E407_HAL_Driver/Src/py32e407_hal_rcc.c **** 
 359              		.loc 1 286 20 is_stmt 0 view .LVU111
 360 00d6 DA6F     		ldr	r2, [r3, #124]
 286:../../../../../../Drivers/PY32E407_HAL_Driver/Src/py32e407_hal_rcc.c **** 
 361              		.loc 1 286 28 view .LVU112
 362 00d8 02F00F02 		and	r2, r2, #15
 286:../../../../../../Drivers/PY32E407_HAL_Driver/Src/py32e407_hal_rcc.c **** 
 363              		.loc 1 286 14 view .LVU113
 364 00dc DA67     		str	r2, [r3, #124]
 289:../../../../../../Drivers/PY32E407_HAL_Driver/Src/py32e407_hal_rcc.c **** 
 365              		.loc 1 289 3 is_stmt 1 view .LVU114
 366 00de 0022     		movs	r2, #0
 367 00e0 9A60     		str	r2, [r3, #8]
 292:../../../../../../Drivers/PY32E407_HAL_Driver/Src/py32e407_hal_rcc.c **** 
 368              		.loc 1 292 3 view .LVU115
 369 00e2 4FF43F02 		mov	r2, #12517376
 370 00e6 9A60     		str	r2, [r3, #8]
 295:../../../../../../Drivers/PY32E407_HAL_Driver/Src/py32e407_hal_rcc.c **** 
 371              		.loc 1 295 3 view .LVU116
 372 00e8 5A6F     		ldr	r2, [r3, #116]
 373 00ea 42F08072 		orr	r2, r2, #16777216
 374 00ee 5A67     		str	r2, [r3, #116]
 297:../../../../../../Drivers/PY32E407_HAL_Driver/Src/py32e407_hal_rcc.c **** }
 375              		.loc 1 297 3 view .LVU117
 297:../../../../../../Drivers/PY32E407_HAL_Driver/Src/py32e407_hal_rcc.c **** }
 376              		.loc 1 297 10 is_stmt 0 view .LVU118
 377 00f0 9AE7     		b	.L12
 378              	.L32:
 379 00f2 00BF     		.align	2
 380              	.L31:
 381 00f4 00100240 		.word	1073876992
 382 00f8 00000000 		.word	SystemCoreClock
ARM GAS  C:\Users\user\AppData\Local\Temp\ccuc8vss.s 			page 33


 383 00fc 0024F400 		.word	16000000
 384 0100 00000000 		.word	uwTickPrio
 385              		.cfi_endproc
 386              	.LFE136:
 388              		.section	.text.HAL_RCC_OscConfig,"ax",%progbits
 389              		.align	1
 390              		.global	HAL_RCC_OscConfig
 391              		.syntax unified
 392              		.thumb
 393              		.thumb_func
 395              	HAL_RCC_OscConfig:
 396              	.LVL41:
 397              	.LFB137:
 316:../../../../../../Drivers/PY32E407_HAL_Driver/Src/py32e407_hal_rcc.c ****   uint32_t tickstart;
 398              		.loc 1 316 1 is_stmt 1 view -0
 399              		.cfi_startproc
 400              		@ args = 0, pretend = 0, frame = 8
 401              		@ frame_needed = 0, uses_anonymous_args = 0
 317:../../../../../../Drivers/PY32E407_HAL_Driver/Src/py32e407_hal_rcc.c ****   uint32_t pll_config;
 402              		.loc 1 317 3 view .LVU120
 318:../../../../../../Drivers/PY32E407_HAL_Driver/Src/py32e407_hal_rcc.c **** 
 403              		.loc 1 318 3 view .LVU121
 321:../../../../../../Drivers/PY32E407_HAL_Driver/Src/py32e407_hal_rcc.c ****   {
 404              		.loc 1 321 3 view .LVU122
 321:../../../../../../Drivers/PY32E407_HAL_Driver/Src/py32e407_hal_rcc.c ****   {
 405              		.loc 1 321 6 is_stmt 0 view .LVU123
 406 0000 0028     		cmp	r0, #0
 407 0002 00F07782 		beq	.L96
 316:../../../../../../Drivers/PY32E407_HAL_Driver/Src/py32e407_hal_rcc.c ****   uint32_t tickstart;
 408              		.loc 1 316 1 view .LVU124
 409 0006 70B5     		push	{r4, r5, r6, lr}
 410              	.LCFI4:
 411              		.cfi_def_cfa_offset 16
 412              		.cfi_offset 4, -16
 413              		.cfi_offset 5, -12
 414              		.cfi_offset 6, -8
 415              		.cfi_offset 14, -4
 416 0008 82B0     		sub	sp, sp, #8
 417              	.LCFI5:
 418              		.cfi_def_cfa_offset 24
 419 000a 0446     		mov	r4, r0
 327:../../../../../../Drivers/PY32E407_HAL_Driver/Src/py32e407_hal_rcc.c **** 
 420              		.loc 1 327 3 is_stmt 1 view .LVU125
 330:../../../../../../Drivers/PY32E407_HAL_Driver/Src/py32e407_hal_rcc.c ****   {
 421              		.loc 1 330 3 view .LVU126
 330:../../../../../../Drivers/PY32E407_HAL_Driver/Src/py32e407_hal_rcc.c ****   {
 422              		.loc 1 330 26 is_stmt 0 view .LVU127
 423 000c 0368     		ldr	r3, [r0]
 330:../../../../../../Drivers/PY32E407_HAL_Driver/Src/py32e407_hal_rcc.c ****   {
 424              		.loc 1 330 6 view .LVU128
 425 000e 13F0010F 		tst	r3, #1
 426 0012 3AD0     		beq	.L35
 333:../../../../../../Drivers/PY32E407_HAL_Driver/Src/py32e407_hal_rcc.c ****     assert_param(IS_RCC_HSE_FREQ(RCC_OscInitStruct->HSEFreq));
 427              		.loc 1 333 5 is_stmt 1 view .LVU129
 334:../../../../../../Drivers/PY32E407_HAL_Driver/Src/py32e407_hal_rcc.c **** 
 428              		.loc 1 334 5 view .LVU130
 337:../../../../../../Drivers/PY32E407_HAL_Driver/Src/py32e407_hal_rcc.c ****         || ((__HAL_RCC_GET_SYSCLK_SOURCE() == RCC_SYSCLKSOURCE_STATUS_PLLCLK) \
ARM GAS  C:\Users\user\AppData\Local\Temp\ccuc8vss.s 			page 34


 429              		.loc 1 337 5 view .LVU131
 337:../../../../../../Drivers/PY32E407_HAL_Driver/Src/py32e407_hal_rcc.c ****         || ((__HAL_RCC_GET_SYSCLK_SOURCE() == RCC_SYSCLKSOURCE_STATUS_PLLCLK) \
 430              		.loc 1 337 10 is_stmt 0 view .LVU132
 431 0014 994B     		ldr	r3, .L142
 432 0016 5B68     		ldr	r3, [r3, #4]
 433 0018 03F00C03 		and	r3, r3, #12
 337:../../../../../../Drivers/PY32E407_HAL_Driver/Src/py32e407_hal_rcc.c ****         || ((__HAL_RCC_GET_SYSCLK_SOURCE() == RCC_SYSCLKSOURCE_STATUS_PLLCLK) \
 434              		.loc 1 337 8 view .LVU133
 435 001c 042B     		cmp	r3, #4
 436 001e 2BD0     		beq	.L36
 338:../../../../../../Drivers/PY32E407_HAL_Driver/Src/py32e407_hal_rcc.c ****             && ((__HAL_RCC_GET_PLL_OSCSOURCE() == RCC_PLLSOURCE_HSE) || (__HAL_RCC_GET_PLL_OSCSOURC
 437              		.loc 1 338 14 view .LVU134
 438 0020 964B     		ldr	r3, .L142
 439 0022 5B68     		ldr	r3, [r3, #4]
 440 0024 03F00C03 		and	r3, r3, #12
 338:../../../../../../Drivers/PY32E407_HAL_Driver/Src/py32e407_hal_rcc.c ****             && ((__HAL_RCC_GET_PLL_OSCSOURCE() == RCC_PLLSOURCE_HSE) || (__HAL_RCC_GET_PLL_OSCSOURC
 441              		.loc 1 338 9 view .LVU135
 442 0028 082B     		cmp	r3, #8
 443 002a 17D0     		beq	.L125
 444              	.L37:
 348:../../../../../../Drivers/PY32E407_HAL_Driver/Src/py32e407_hal_rcc.c ****       {
 445              		.loc 1 348 7 is_stmt 1 view .LVU136
 348:../../../../../../Drivers/PY32E407_HAL_Driver/Src/py32e407_hal_rcc.c ****       {
 446              		.loc 1 348 28 is_stmt 0 view .LVU137
 447 002c 6368     		ldr	r3, [r4, #4]
 348:../../../../../../Drivers/PY32E407_HAL_Driver/Src/py32e407_hal_rcc.c ****       {
 448              		.loc 1 348 10 view .LVU138
 449 002e B3F5803F 		cmp	r3, #65536
 450 0032 53D0     		beq	.L126
 451              	.LVL42:
 452              	.L38:
 369:../../../../../../Drivers/PY32E407_HAL_Driver/Src/py32e407_hal_rcc.c **** 
 453              		.loc 1 369 7 is_stmt 1 view .LVU139
 369:../../../../../../Drivers/PY32E407_HAL_Driver/Src/py32e407_hal_rcc.c **** 
 454              		.loc 1 369 7 view .LVU140
 455 0034 6368     		ldr	r3, [r4, #4]
 456 0036 B3F5803F 		cmp	r3, #65536
 457 003a 73D0     		beq	.L127
 369:../../../../../../Drivers/PY32E407_HAL_Driver/Src/py32e407_hal_rcc.c **** 
 458              		.loc 1 369 7 discriminator 2 view .LVU141
 459 003c 002B     		cmp	r3, #0
 460 003e 40F08780 		bne	.L43
 369:../../../../../../Drivers/PY32E407_HAL_Driver/Src/py32e407_hal_rcc.c **** 
 461              		.loc 1 369 7 discriminator 4 view .LVU142
 462 0042 03F18043 		add	r3, r3, #1073741824
 463 0046 03F50433 		add	r3, r3, #135168
 464 004a 1A68     		ldr	r2, [r3]
 465 004c 22F48032 		bic	r2, r2, #65536
 466 0050 1A60     		str	r2, [r3]
 369:../../../../../../Drivers/PY32E407_HAL_Driver/Src/py32e407_hal_rcc.c **** 
 467              		.loc 1 369 7 discriminator 4 view .LVU143
 468 0052 1A68     		ldr	r2, [r3]
 469 0054 22F48022 		bic	r2, r2, #262144
 470 0058 1A60     		str	r2, [r3]
 471 005a 68E0     		b	.L42
 472              	.LVL43:
 473              	.L125:
ARM GAS  C:\Users\user\AppData\Local\Temp\ccuc8vss.s 			page 35


 339:../../../../../../Drivers/PY32E407_HAL_Driver/Src/py32e407_hal_rcc.c ****     {
 474              		.loc 1 339 18 is_stmt 0 view .LVU144
 475 005c 874B     		ldr	r3, .L142
 476 005e D3F88030 		ldr	r3, [r3, #128]
 477 0062 03F00303 		and	r3, r3, #3
 339:../../../../../../Drivers/PY32E407_HAL_Driver/Src/py32e407_hal_rcc.c ****     {
 478              		.loc 1 339 13 view .LVU145
 479 0066 012B     		cmp	r3, #1
 480 0068 06D0     		beq	.L36
 339:../../../../../../Drivers/PY32E407_HAL_Driver/Src/py32e407_hal_rcc.c ****     {
 481              		.loc 1 339 74 discriminator 1 view .LVU146
 482 006a 844B     		ldr	r3, .L142
 483 006c D3F88030 		ldr	r3, [r3, #128]
 484 0070 03F00303 		and	r3, r3, #3
 339:../../../../../../Drivers/PY32E407_HAL_Driver/Src/py32e407_hal_rcc.c ****     {
 485              		.loc 1 339 70 discriminator 1 view .LVU147
 486 0074 032B     		cmp	r3, #3
 487 0076 D9D1     		bne	.L37
 488              	.L36:
 341:../../../../../../Drivers/PY32E407_HAL_Driver/Src/py32e407_hal_rcc.c ****       {
 489              		.loc 1 341 7 is_stmt 1 view .LVU148
 341:../../../../../../Drivers/PY32E407_HAL_Driver/Src/py32e407_hal_rcc.c ****       {
 490              		.loc 1 341 12 is_stmt 0 view .LVU149
 491 0078 804B     		ldr	r3, .L142
 492 007a 1B68     		ldr	r3, [r3]
 341:../../../../../../Drivers/PY32E407_HAL_Driver/Src/py32e407_hal_rcc.c ****       {
 493              		.loc 1 341 10 view .LVU150
 494 007c 13F4003F 		tst	r3, #131072
 495 0080 03D0     		beq	.L35
 341:../../../../../../Drivers/PY32E407_HAL_Driver/Src/py32e407_hal_rcc.c ****       {
 496              		.loc 1 341 79 discriminator 1 view .LVU151
 497 0082 6368     		ldr	r3, [r4, #4]
 341:../../../../../../Drivers/PY32E407_HAL_Driver/Src/py32e407_hal_rcc.c ****       {
 498              		.loc 1 341 58 discriminator 1 view .LVU152
 499 0084 002B     		cmp	r3, #0
 500 0086 00F03782 		beq	.L128
 501              	.LVL44:
 502              	.L35:
 405:../../../../../../Drivers/PY32E407_HAL_Driver/Src/py32e407_hal_rcc.c ****   {
 503              		.loc 1 405 3 is_stmt 1 view .LVU153
 405:../../../../../../Drivers/PY32E407_HAL_Driver/Src/py32e407_hal_rcc.c ****   {
 504              		.loc 1 405 26 is_stmt 0 view .LVU154
 505 008a 2368     		ldr	r3, [r4]
 405:../../../../../../Drivers/PY32E407_HAL_Driver/Src/py32e407_hal_rcc.c ****   {
 506              		.loc 1 405 6 view .LVU155
 507 008c 13F0020F 		tst	r3, #2
 508 0090 00F09880 		beq	.L50
 408:../../../../../../Drivers/PY32E407_HAL_Driver/Src/py32e407_hal_rcc.c **** 
 509              		.loc 1 408 5 is_stmt 1 view .LVU156
 411:../../../../../../Drivers/PY32E407_HAL_Driver/Src/py32e407_hal_rcc.c ****         || ((__HAL_RCC_GET_SYSCLK_SOURCE() == RCC_SYSCLKSOURCE_STATUS_PLLCLK) \
 510              		.loc 1 411 5 view .LVU157
 411:../../../../../../Drivers/PY32E407_HAL_Driver/Src/py32e407_hal_rcc.c ****         || ((__HAL_RCC_GET_SYSCLK_SOURCE() == RCC_SYSCLKSOURCE_STATUS_PLLCLK) \
 511              		.loc 1 411 10 is_stmt 0 view .LVU158
 512 0094 794B     		ldr	r3, .L142
 513 0096 5B68     		ldr	r3, [r3, #4]
 411:../../../../../../Drivers/PY32E407_HAL_Driver/Src/py32e407_hal_rcc.c ****         || ((__HAL_RCC_GET_SYSCLK_SOURCE() == RCC_SYSCLKSOURCE_STATUS_PLLCLK) \
 514              		.loc 1 411 8 view .LVU159
ARM GAS  C:\Users\user\AppData\Local\Temp\ccuc8vss.s 			page 36


 515 0098 13F00C0F 		tst	r3, #12
 516 009c 00F08980 		beq	.L51
 412:../../../../../../Drivers/PY32E407_HAL_Driver/Src/py32e407_hal_rcc.c ****             && ((__HAL_RCC_GET_PLL_OSCSOURCE() == RCC_PLLSOURCE_HSI_DIV2))))
 517              		.loc 1 412 14 view .LVU160
 518 00a0 764B     		ldr	r3, .L142
 519 00a2 5B68     		ldr	r3, [r3, #4]
 520 00a4 03F00C03 		and	r3, r3, #12
 412:../../../../../../Drivers/PY32E407_HAL_Driver/Src/py32e407_hal_rcc.c ****             && ((__HAL_RCC_GET_PLL_OSCSOURCE() == RCC_PLLSOURCE_HSI_DIV2))))
 521              		.loc 1 412 9 view .LVU161
 522 00a8 082B     		cmp	r3, #8
 523 00aa 7BD0     		beq	.L129
 524              	.L52:
 424:../../../../../../Drivers/PY32E407_HAL_Driver/Src/py32e407_hal_rcc.c ****       {
 525              		.loc 1 424 7 is_stmt 1 view .LVU162
 424:../../../../../../Drivers/PY32E407_HAL_Driver/Src/py32e407_hal_rcc.c ****       {
 526              		.loc 1 424 28 is_stmt 0 view .LVU163
 527 00ac 6369     		ldr	r3, [r4, #20]
 424:../../../../../../Drivers/PY32E407_HAL_Driver/Src/py32e407_hal_rcc.c ****       {
 528              		.loc 1 424 10 view .LVU164
 529 00ae 002B     		cmp	r3, #0
 530 00b0 00F0A280 		beq	.L53
 427:../../../../../../Drivers/PY32E407_HAL_Driver/Src/py32e407_hal_rcc.c **** 
 531              		.loc 1 427 9 is_stmt 1 view .LVU165
 532 00b4 714A     		ldr	r2, .L142
 533 00b6 1368     		ldr	r3, [r2]
 534 00b8 43F00103 		orr	r3, r3, #1
 535 00bc 1360     		str	r3, [r2]
 430:../../../../../../Drivers/PY32E407_HAL_Driver/Src/py32e407_hal_rcc.c **** 
 536              		.loc 1 430 9 view .LVU166
 430:../../../../../../Drivers/PY32E407_HAL_Driver/Src/py32e407_hal_rcc.c **** 
 537              		.loc 1 430 21 is_stmt 0 view .LVU167
 538 00be FFF7FEFF 		bl	HAL_GetTick
 539              	.LVL45:
 540 00c2 0546     		mov	r5, r0
 541              	.LVL46:
 433:../../../../../../Drivers/PY32E407_HAL_Driver/Src/py32e407_hal_rcc.c ****         {
 542              		.loc 1 433 9 is_stmt 1 view .LVU168
 543              	.L54:
 433:../../../../../../Drivers/PY32E407_HAL_Driver/Src/py32e407_hal_rcc.c ****         {
 544              		.loc 1 433 15 view .LVU169
 433:../../../../../../Drivers/PY32E407_HAL_Driver/Src/py32e407_hal_rcc.c ****         {
 545              		.loc 1 433 16 is_stmt 0 view .LVU170
 546 00c4 6D4B     		ldr	r3, .L142
 547 00c6 1B68     		ldr	r3, [r3]
 433:../../../../../../Drivers/PY32E407_HAL_Driver/Src/py32e407_hal_rcc.c ****         {
 548              		.loc 1 433 15 view .LVU171
 549 00c8 13F0020F 		tst	r3, #2
 550 00cc 7AD1     		bne	.L50
 435:../../../../../../Drivers/PY32E407_HAL_Driver/Src/py32e407_hal_rcc.c ****           {
 551              		.loc 1 435 11 is_stmt 1 view .LVU172
 435:../../../../../../Drivers/PY32E407_HAL_Driver/Src/py32e407_hal_rcc.c ****           {
 552              		.loc 1 435 16 is_stmt 0 view .LVU173
 553 00ce FFF7FEFF 		bl	HAL_GetTick
 554              	.LVL47:
 435:../../../../../../Drivers/PY32E407_HAL_Driver/Src/py32e407_hal_rcc.c ****           {
 555              		.loc 1 435 30 view .LVU174
 556 00d2 401B     		subs	r0, r0, r5
ARM GAS  C:\Users\user\AppData\Local\Temp\ccuc8vss.s 			page 37


 435:../../../../../../Drivers/PY32E407_HAL_Driver/Src/py32e407_hal_rcc.c ****           {
 557              		.loc 1 435 14 view .LVU175
 558 00d4 0228     		cmp	r0, #2
 559 00d6 F5D9     		bls	.L54
 437:../../../../../../Drivers/PY32E407_HAL_Driver/Src/py32e407_hal_rcc.c ****           }
 560              		.loc 1 437 20 view .LVU176
 561 00d8 0320     		movs	r0, #3
 562 00da 12E2     		b	.L34
 563              	.LVL48:
 564              	.L126:
 350:../../../../../../Drivers/PY32E407_HAL_Driver/Src/py32e407_hal_rcc.c ****         
 565              		.loc 1 350 9 is_stmt 1 discriminator 4 view .LVU177
 350:../../../../../../Drivers/PY32E407_HAL_Driver/Src/py32e407_hal_rcc.c ****         
 566              		.loc 1 350 9 discriminator 4 view .LVU178
 350:../../../../../../Drivers/PY32E407_HAL_Driver/Src/py32e407_hal_rcc.c ****         
 567              		.loc 1 350 9 discriminator 4 view .LVU179
 350:../../../../../../Drivers/PY32E407_HAL_Driver/Src/py32e407_hal_rcc.c ****         
 568              		.loc 1 350 9 discriminator 4 view .LVU180
 569 00dc 03F18043 		add	r3, r3, #1073741824
 570 00e0 03F58833 		add	r3, r3, #69632
 571 00e4 1A68     		ldr	r2, [r3]
 572 00e6 22F48032 		bic	r2, r2, #65536
 573 00ea 1A60     		str	r2, [r3]
 350:../../../../../../Drivers/PY32E407_HAL_Driver/Src/py32e407_hal_rcc.c ****         
 574              		.loc 1 350 9 discriminator 4 view .LVU181
 575 00ec 1A68     		ldr	r2, [r3]
 576 00ee 22F48022 		bic	r2, r2, #262144
 577 00f2 1A60     		str	r2, [r3]
 350:../../../../../../Drivers/PY32E407_HAL_Driver/Src/py32e407_hal_rcc.c ****         
 578              		.loc 1 350 9 discriminator 4 view .LVU182
 353:../../../../../../Drivers/PY32E407_HAL_Driver/Src/py32e407_hal_rcc.c **** 
 579              		.loc 1 353 9 discriminator 4 view .LVU183
 353:../../../../../../Drivers/PY32E407_HAL_Driver/Src/py32e407_hal_rcc.c **** 
 580              		.loc 1 353 21 is_stmt 0 discriminator 4 view .LVU184
 581 00f4 FFF7FEFF 		bl	HAL_GetTick
 582              	.LVL49:
 353:../../../../../../Drivers/PY32E407_HAL_Driver/Src/py32e407_hal_rcc.c **** 
 583              		.loc 1 353 21 discriminator 4 view .LVU185
 584 00f8 0546     		mov	r5, r0
 585              	.LVL50:
 356:../../../../../../Drivers/PY32E407_HAL_Driver/Src/py32e407_hal_rcc.c ****         {
 586              		.loc 1 356 9 is_stmt 1 discriminator 4 view .LVU186
 587              	.L39:
 356:../../../../../../Drivers/PY32E407_HAL_Driver/Src/py32e407_hal_rcc.c ****         {
 588              		.loc 1 356 15 view .LVU187
 356:../../../../../../Drivers/PY32E407_HAL_Driver/Src/py32e407_hal_rcc.c ****         {
 589              		.loc 1 356 16 is_stmt 0 view .LVU188
 590 00fa 604B     		ldr	r3, .L142
 591 00fc 1B68     		ldr	r3, [r3]
 592 00fe 03F40033 		and	r3, r3, #131072
 356:../../../../../../Drivers/PY32E407_HAL_Driver/Src/py32e407_hal_rcc.c ****         {
 593              		.loc 1 356 15 view .LVU189
 594 0102 012B     		cmp	r3, #1
 595 0104 06D1     		bne	.L130
 358:../../../../../../Drivers/PY32E407_HAL_Driver/Src/py32e407_hal_rcc.c ****           {
 596              		.loc 1 358 11 is_stmt 1 view .LVU190
 358:../../../../../../Drivers/PY32E407_HAL_Driver/Src/py32e407_hal_rcc.c ****           {
ARM GAS  C:\Users\user\AppData\Local\Temp\ccuc8vss.s 			page 38


 597              		.loc 1 358 16 is_stmt 0 view .LVU191
 598 0106 FFF7FEFF 		bl	HAL_GetTick
 599              	.LVL51:
 358:../../../../../../Drivers/PY32E407_HAL_Driver/Src/py32e407_hal_rcc.c ****           {
 600              		.loc 1 358 30 view .LVU192
 601 010a 401B     		subs	r0, r0, r5
 358:../../../../../../Drivers/PY32E407_HAL_Driver/Src/py32e407_hal_rcc.c ****           {
 602              		.loc 1 358 14 view .LVU193
 603 010c 6428     		cmp	r0, #100
 604 010e F4D9     		bls	.L39
 360:../../../../../../Drivers/PY32E407_HAL_Driver/Src/py32e407_hal_rcc.c ****           }
 605              		.loc 1 360 20 view .LVU194
 606 0110 0320     		movs	r0, #3
 607 0112 F6E1     		b	.L34
 608              	.L130:
 365:../../../../../../Drivers/PY32E407_HAL_Driver/Src/py32e407_hal_rcc.c ****       }
 609              		.loc 1 365 9 is_stmt 1 view .LVU195
 610 0114 594A     		ldr	r2, .L142
 611 0116 D36F     		ldr	r3, [r2, #124]
 612 0118 23F44073 		bic	r3, r3, #768
 613 011c A168     		ldr	r1, [r4, #8]
 614 011e 0B43     		orrs	r3, r3, r1
 615 0120 D367     		str	r3, [r2, #124]
 616 0122 87E7     		b	.L38
 617              	.LVL52:
 618              	.L127:
 369:../../../../../../Drivers/PY32E407_HAL_Driver/Src/py32e407_hal_rcc.c **** 
 619              		.loc 1 369 7 discriminator 1 view .LVU196
 620 0124 554A     		ldr	r2, .L142
 621 0126 1368     		ldr	r3, [r2]
 622 0128 43F48033 		orr	r3, r3, #65536
 623 012c 1360     		str	r3, [r2]
 624              	.L42:
 369:../../../../../../Drivers/PY32E407_HAL_Driver/Src/py32e407_hal_rcc.c **** 
 625              		.loc 1 369 7 discriminator 10 view .LVU197
 372:../../../../../../Drivers/PY32E407_HAL_Driver/Src/py32e407_hal_rcc.c ****       {
 626              		.loc 1 372 7 discriminator 10 view .LVU198
 372:../../../../../../Drivers/PY32E407_HAL_Driver/Src/py32e407_hal_rcc.c ****       {
 627              		.loc 1 372 28 is_stmt 0 discriminator 10 view .LVU199
 628 012e 6368     		ldr	r3, [r4, #4]
 372:../../../../../../Drivers/PY32E407_HAL_Driver/Src/py32e407_hal_rcc.c ****       {
 629              		.loc 1 372 10 discriminator 10 view .LVU200
 630 0130 43B3     		cbz	r3, .L45
 376:../../../../../../Drivers/PY32E407_HAL_Driver/Src/py32e407_hal_rcc.c **** 
 631              		.loc 1 376 9 is_stmt 1 view .LVU201
 376:../../../../../../Drivers/PY32E407_HAL_Driver/Src/py32e407_hal_rcc.c **** 
 632              		.loc 1 376 21 is_stmt 0 view .LVU202
 633 0132 FFF7FEFF 		bl	HAL_GetTick
 634              	.LVL53:
 635 0136 0546     		mov	r5, r0
 636              	.LVL54:
 379:../../../../../../Drivers/PY32E407_HAL_Driver/Src/py32e407_hal_rcc.c ****         {
 637              		.loc 1 379 9 is_stmt 1 view .LVU203
 638              	.L46:
 379:../../../../../../Drivers/PY32E407_HAL_Driver/Src/py32e407_hal_rcc.c ****         {
 639              		.loc 1 379 15 view .LVU204
 379:../../../../../../Drivers/PY32E407_HAL_Driver/Src/py32e407_hal_rcc.c ****         {
ARM GAS  C:\Users\user\AppData\Local\Temp\ccuc8vss.s 			page 39


 640              		.loc 1 379 16 is_stmt 0 view .LVU205
 641 0138 504B     		ldr	r3, .L142
 642 013a 1B68     		ldr	r3, [r3]
 379:../../../../../../Drivers/PY32E407_HAL_Driver/Src/py32e407_hal_rcc.c ****         {
 643              		.loc 1 379 15 view .LVU206
 644 013c 13F4003F 		tst	r3, #131072
 645 0140 A3D1     		bne	.L35
 381:../../../../../../Drivers/PY32E407_HAL_Driver/Src/py32e407_hal_rcc.c ****           {
 646              		.loc 1 381 11 is_stmt 1 view .LVU207
 381:../../../../../../Drivers/PY32E407_HAL_Driver/Src/py32e407_hal_rcc.c ****           {
 647              		.loc 1 381 16 is_stmt 0 view .LVU208
 648 0142 FFF7FEFF 		bl	HAL_GetTick
 649              	.LVL55:
 381:../../../../../../Drivers/PY32E407_HAL_Driver/Src/py32e407_hal_rcc.c ****           {
 650              		.loc 1 381 30 view .LVU209
 651 0146 401B     		subs	r0, r0, r5
 381:../../../../../../Drivers/PY32E407_HAL_Driver/Src/py32e407_hal_rcc.c ****           {
 652              		.loc 1 381 14 view .LVU210
 653 0148 6428     		cmp	r0, #100
 654 014a F5D9     		bls	.L46
 383:../../../../../../Drivers/PY32E407_HAL_Driver/Src/py32e407_hal_rcc.c ****           }
 655              		.loc 1 383 20 view .LVU211
 656 014c 0320     		movs	r0, #3
 657 014e D8E1     		b	.L34
 658              	.LVL56:
 659              	.L43:
 369:../../../../../../Drivers/PY32E407_HAL_Driver/Src/py32e407_hal_rcc.c **** 
 660              		.loc 1 369 7 is_stmt 1 discriminator 5 view .LVU212
 661 0150 B3F5A02F 		cmp	r3, #327680
 662 0154 09D0     		beq	.L131
 369:../../../../../../Drivers/PY32E407_HAL_Driver/Src/py32e407_hal_rcc.c **** 
 663              		.loc 1 369 7 discriminator 8 view .LVU213
 664 0156 494B     		ldr	r3, .L142
 665 0158 1A68     		ldr	r2, [r3]
 666 015a 22F48032 		bic	r2, r2, #65536
 667 015e 1A60     		str	r2, [r3]
 369:../../../../../../Drivers/PY32E407_HAL_Driver/Src/py32e407_hal_rcc.c **** 
 668              		.loc 1 369 7 discriminator 8 view .LVU214
 669 0160 1A68     		ldr	r2, [r3]
 670 0162 22F48022 		bic	r2, r2, #262144
 671 0166 1A60     		str	r2, [r3]
 672 0168 E1E7     		b	.L42
 673              	.L131:
 369:../../../../../../Drivers/PY32E407_HAL_Driver/Src/py32e407_hal_rcc.c **** 
 674              		.loc 1 369 7 discriminator 7 view .LVU215
 675 016a 03F18043 		add	r3, r3, #1073741824
 676 016e A3F53C33 		sub	r3, r3, #192512
 677 0172 1A68     		ldr	r2, [r3]
 678 0174 42F48022 		orr	r2, r2, #262144
 679 0178 1A60     		str	r2, [r3]
 369:../../../../../../Drivers/PY32E407_HAL_Driver/Src/py32e407_hal_rcc.c **** 
 680              		.loc 1 369 7 discriminator 7 view .LVU216
 681 017a 1A68     		ldr	r2, [r3]
 682 017c 42F48032 		orr	r2, r2, #65536
 683 0180 1A60     		str	r2, [r3]
 684 0182 D4E7     		b	.L42
 685              	.L45:
ARM GAS  C:\Users\user\AppData\Local\Temp\ccuc8vss.s 			page 40


 391:../../../../../../Drivers/PY32E407_HAL_Driver/Src/py32e407_hal_rcc.c **** 
 686              		.loc 1 391 9 view .LVU217
 391:../../../../../../Drivers/PY32E407_HAL_Driver/Src/py32e407_hal_rcc.c **** 
 687              		.loc 1 391 21 is_stmt 0 view .LVU218
 688 0184 FFF7FEFF 		bl	HAL_GetTick
 689              	.LVL57:
 690 0188 0546     		mov	r5, r0
 691              	.LVL58:
 394:../../../../../../Drivers/PY32E407_HAL_Driver/Src/py32e407_hal_rcc.c ****         {
 692              		.loc 1 394 9 is_stmt 1 view .LVU219
 693              	.L48:
 394:../../../../../../Drivers/PY32E407_HAL_Driver/Src/py32e407_hal_rcc.c ****         {
 694              		.loc 1 394 15 view .LVU220
 394:../../../../../../Drivers/PY32E407_HAL_Driver/Src/py32e407_hal_rcc.c ****         {
 695              		.loc 1 394 16 is_stmt 0 view .LVU221
 696 018a 3C4B     		ldr	r3, .L142
 697 018c 1B68     		ldr	r3, [r3]
 394:../../../../../../Drivers/PY32E407_HAL_Driver/Src/py32e407_hal_rcc.c ****         {
 698              		.loc 1 394 15 view .LVU222
 699 018e 13F4003F 		tst	r3, #131072
 700 0192 3FF47AAF 		beq	.L35
 396:../../../../../../Drivers/PY32E407_HAL_Driver/Src/py32e407_hal_rcc.c ****           {
 701              		.loc 1 396 11 is_stmt 1 view .LVU223
 396:../../../../../../Drivers/PY32E407_HAL_Driver/Src/py32e407_hal_rcc.c ****           {
 702              		.loc 1 396 16 is_stmt 0 view .LVU224
 703 0196 FFF7FEFF 		bl	HAL_GetTick
 704              	.LVL59:
 396:../../../../../../Drivers/PY32E407_HAL_Driver/Src/py32e407_hal_rcc.c ****           {
 705              		.loc 1 396 30 view .LVU225
 706 019a 401B     		subs	r0, r0, r5
 396:../../../../../../Drivers/PY32E407_HAL_Driver/Src/py32e407_hal_rcc.c ****           {
 707              		.loc 1 396 14 view .LVU226
 708 019c 6428     		cmp	r0, #100
 709 019e F4D9     		bls	.L48
 398:../../../../../../Drivers/PY32E407_HAL_Driver/Src/py32e407_hal_rcc.c ****           }
 710              		.loc 1 398 20 view .LVU227
 711 01a0 0320     		movs	r0, #3
 712 01a2 AEE1     		b	.L34
 713              	.LVL60:
 714              	.L129:
 413:../../../../../../Drivers/PY32E407_HAL_Driver/Src/py32e407_hal_rcc.c ****     {
 715              		.loc 1 413 18 view .LVU228
 716 01a4 354B     		ldr	r3, .L142
 717 01a6 D3F88030 		ldr	r3, [r3, #128]
 413:../../../../../../Drivers/PY32E407_HAL_Driver/Src/py32e407_hal_rcc.c ****     {
 718              		.loc 1 413 13 view .LVU229
 719 01aa 13F0030F 		tst	r3, #3
 720 01ae 7FF47DAF 		bne	.L52
 721              	.L51:
 416:../../../../../../Drivers/PY32E407_HAL_Driver/Src/py32e407_hal_rcc.c ****       {
 722              		.loc 1 416 7 is_stmt 1 view .LVU230
 416:../../../../../../Drivers/PY32E407_HAL_Driver/Src/py32e407_hal_rcc.c ****       {
 723              		.loc 1 416 12 is_stmt 0 view .LVU231
 724 01b2 324B     		ldr	r3, .L142
 725 01b4 1B68     		ldr	r3, [r3]
 416:../../../../../../Drivers/PY32E407_HAL_Driver/Src/py32e407_hal_rcc.c ****       {
 726              		.loc 1 416 10 view .LVU232
ARM GAS  C:\Users\user\AppData\Local\Temp\ccuc8vss.s 			page 41


 727 01b6 13F0020F 		tst	r3, #2
 728 01ba 03D0     		beq	.L50
 416:../../../../../../Drivers/PY32E407_HAL_Driver/Src/py32e407_hal_rcc.c ****       {
 729              		.loc 1 416 79 discriminator 1 view .LVU233
 730 01bc 6369     		ldr	r3, [r4, #20]
 416:../../../../../../Drivers/PY32E407_HAL_Driver/Src/py32e407_hal_rcc.c ****       {
 731              		.loc 1 416 58 discriminator 1 view .LVU234
 732 01be 012B     		cmp	r3, #1
 733 01c0 40F09C81 		bne	.L101
 734              	.L50:
 461:../../../../../../Drivers/PY32E407_HAL_Driver/Src/py32e407_hal_rcc.c ****   {
 735              		.loc 1 461 3 is_stmt 1 view .LVU235
 461:../../../../../../Drivers/PY32E407_HAL_Driver/Src/py32e407_hal_rcc.c ****   {
 736              		.loc 1 461 26 is_stmt 0 view .LVU236
 737 01c4 2368     		ldr	r3, [r4]
 461:../../../../../../Drivers/PY32E407_HAL_Driver/Src/py32e407_hal_rcc.c ****   {
 738              		.loc 1 461 6 view .LVU237
 739 01c6 13F0100F 		tst	r3, #16
 740 01ca 3DD0     		beq	.L58
 464:../../../../../../Drivers/PY32E407_HAL_Driver/Src/py32e407_hal_rcc.c ****     
 741              		.loc 1 464 5 is_stmt 1 view .LVU238
 467:../../../../../../Drivers/PY32E407_HAL_Driver/Src/py32e407_hal_rcc.c ****     {
 742              		.loc 1 467 5 view .LVU239
 467:../../../../../../Drivers/PY32E407_HAL_Driver/Src/py32e407_hal_rcc.c ****     {
 743              		.loc 1 467 26 is_stmt 0 view .LVU240
 744 01cc A369     		ldr	r3, [r4, #24]
 467:../../../../../../Drivers/PY32E407_HAL_Driver/Src/py32e407_hal_rcc.c ****     {
 745              		.loc 1 467 8 view .LVU241
 746 01ce 3BB3     		cbz	r3, .L59
 470:../../../../../../Drivers/PY32E407_HAL_Driver/Src/py32e407_hal_rcc.c **** 
 747              		.loc 1 470 7 is_stmt 1 view .LVU242
 748 01d0 2A4A     		ldr	r2, .L142
 749 01d2 936F     		ldr	r3, [r2, #120]
 750 01d4 43F01003 		orr	r3, r3, #16
 751 01d8 9367     		str	r3, [r2, #120]
 473:../../../../../../Drivers/PY32E407_HAL_Driver/Src/py32e407_hal_rcc.c **** 
 752              		.loc 1 473 7 view .LVU243
 473:../../../../../../Drivers/PY32E407_HAL_Driver/Src/py32e407_hal_rcc.c **** 
 753              		.loc 1 473 19 is_stmt 0 view .LVU244
 754 01da FFF7FEFF 		bl	HAL_GetTick
 755              	.LVL61:
 756 01de 0546     		mov	r5, r0
 757              	.LVL62:
 476:../../../../../../Drivers/PY32E407_HAL_Driver/Src/py32e407_hal_rcc.c ****       {
 758              		.loc 1 476 7 is_stmt 1 view .LVU245
 759              	.L60:
 476:../../../../../../Drivers/PY32E407_HAL_Driver/Src/py32e407_hal_rcc.c ****       {
 760              		.loc 1 476 13 view .LVU246
 476:../../../../../../Drivers/PY32E407_HAL_Driver/Src/py32e407_hal_rcc.c ****       {
 761              		.loc 1 476 14 is_stmt 0 view .LVU247
 762 01e0 264B     		ldr	r3, .L142
 763 01e2 9B6F     		ldr	r3, [r3, #120]
 476:../../../../../../Drivers/PY32E407_HAL_Driver/Src/py32e407_hal_rcc.c ****       {
 764              		.loc 1 476 13 view .LVU248
 765 01e4 13F0200F 		tst	r3, #32
 766 01e8 2ED1     		bne	.L58
 478:../../../../../../Drivers/PY32E407_HAL_Driver/Src/py32e407_hal_rcc.c ****         {
ARM GAS  C:\Users\user\AppData\Local\Temp\ccuc8vss.s 			page 42


 767              		.loc 1 478 9 is_stmt 1 view .LVU249
 478:../../../../../../Drivers/PY32E407_HAL_Driver/Src/py32e407_hal_rcc.c ****         {
 768              		.loc 1 478 14 is_stmt 0 view .LVU250
 769 01ea FFF7FEFF 		bl	HAL_GetTick
 770              	.LVL63:
 478:../../../../../../Drivers/PY32E407_HAL_Driver/Src/py32e407_hal_rcc.c ****         {
 771              		.loc 1 478 28 view .LVU251
 772 01ee 401B     		subs	r0, r0, r5
 478:../../../../../../Drivers/PY32E407_HAL_Driver/Src/py32e407_hal_rcc.c ****         {
 773              		.loc 1 478 12 view .LVU252
 774 01f0 0228     		cmp	r0, #2
 775 01f2 F5D9     		bls	.L60
 480:../../../../../../Drivers/PY32E407_HAL_Driver/Src/py32e407_hal_rcc.c ****         }
 776              		.loc 1 480 18 view .LVU253
 777 01f4 0320     		movs	r0, #3
 778 01f6 84E1     		b	.L34
 779              	.LVL64:
 780              	.L53:
 444:../../../../../../Drivers/PY32E407_HAL_Driver/Src/py32e407_hal_rcc.c **** 
 781              		.loc 1 444 9 is_stmt 1 view .LVU254
 782 01f8 204A     		ldr	r2, .L142
 783 01fa 1368     		ldr	r3, [r2]
 784 01fc 23F00103 		bic	r3, r3, #1
 785 0200 1360     		str	r3, [r2]
 447:../../../../../../Drivers/PY32E407_HAL_Driver/Src/py32e407_hal_rcc.c **** 
 786              		.loc 1 447 9 view .LVU255
 447:../../../../../../Drivers/PY32E407_HAL_Driver/Src/py32e407_hal_rcc.c **** 
 787              		.loc 1 447 21 is_stmt 0 view .LVU256
 788 0202 FFF7FEFF 		bl	HAL_GetTick
 789              	.LVL65:
 790 0206 0546     		mov	r5, r0
 791              	.LVL66:
 450:../../../../../../Drivers/PY32E407_HAL_Driver/Src/py32e407_hal_rcc.c ****         {
 792              		.loc 1 450 9 is_stmt 1 view .LVU257
 793              	.L56:
 450:../../../../../../Drivers/PY32E407_HAL_Driver/Src/py32e407_hal_rcc.c ****         {
 794              		.loc 1 450 15 view .LVU258
 450:../../../../../../Drivers/PY32E407_HAL_Driver/Src/py32e407_hal_rcc.c ****         {
 795              		.loc 1 450 16 is_stmt 0 view .LVU259
 796 0208 1C4B     		ldr	r3, .L142
 797 020a 1B68     		ldr	r3, [r3]
 450:../../../../../../Drivers/PY32E407_HAL_Driver/Src/py32e407_hal_rcc.c ****         {
 798              		.loc 1 450 15 view .LVU260
 799 020c 13F0020F 		tst	r3, #2
 800 0210 D8D0     		beq	.L50
 452:../../../../../../Drivers/PY32E407_HAL_Driver/Src/py32e407_hal_rcc.c ****           {
 801              		.loc 1 452 11 is_stmt 1 view .LVU261
 452:../../../../../../Drivers/PY32E407_HAL_Driver/Src/py32e407_hal_rcc.c ****           {
 802              		.loc 1 452 16 is_stmt 0 view .LVU262
 803 0212 FFF7FEFF 		bl	HAL_GetTick
 804              	.LVL67:
 452:../../../../../../Drivers/PY32E407_HAL_Driver/Src/py32e407_hal_rcc.c ****           {
 805              		.loc 1 452 30 view .LVU263
 806 0216 401B     		subs	r0, r0, r5
 452:../../../../../../Drivers/PY32E407_HAL_Driver/Src/py32e407_hal_rcc.c ****           {
 807              		.loc 1 452 14 view .LVU264
 808 0218 0228     		cmp	r0, #2
ARM GAS  C:\Users\user\AppData\Local\Temp\ccuc8vss.s 			page 43


 809 021a F5D9     		bls	.L56
 454:../../../../../../Drivers/PY32E407_HAL_Driver/Src/py32e407_hal_rcc.c ****           }
 810              		.loc 1 454 20 view .LVU265
 811 021c 0320     		movs	r0, #3
 812 021e 70E1     		b	.L34
 813              	.LVL68:
 814              	.L59:
 487:../../../../../../Drivers/PY32E407_HAL_Driver/Src/py32e407_hal_rcc.c **** 
 815              		.loc 1 487 7 is_stmt 1 view .LVU266
 816 0220 164A     		ldr	r2, .L142
 817 0222 936F     		ldr	r3, [r2, #120]
 818 0224 23F01003 		bic	r3, r3, #16
 819 0228 9367     		str	r3, [r2, #120]
 490:../../../../../../Drivers/PY32E407_HAL_Driver/Src/py32e407_hal_rcc.c **** 
 820              		.loc 1 490 7 view .LVU267
 490:../../../../../../Drivers/PY32E407_HAL_Driver/Src/py32e407_hal_rcc.c **** 
 821              		.loc 1 490 19 is_stmt 0 view .LVU268
 822 022a FFF7FEFF 		bl	HAL_GetTick
 823              	.LVL69:
 824 022e 0546     		mov	r5, r0
 825              	.LVL70:
 493:../../../../../../Drivers/PY32E407_HAL_Driver/Src/py32e407_hal_rcc.c ****       {
 826              		.loc 1 493 7 is_stmt 1 view .LVU269
 827              	.L62:
 493:../../../../../../Drivers/PY32E407_HAL_Driver/Src/py32e407_hal_rcc.c ****       {
 828              		.loc 1 493 13 view .LVU270
 493:../../../../../../Drivers/PY32E407_HAL_Driver/Src/py32e407_hal_rcc.c ****       {
 829              		.loc 1 493 14 is_stmt 0 view .LVU271
 830 0230 124B     		ldr	r3, .L142
 831 0232 9B6F     		ldr	r3, [r3, #120]
 493:../../../../../../Drivers/PY32E407_HAL_Driver/Src/py32e407_hal_rcc.c ****       {
 832              		.loc 1 493 13 view .LVU272
 833 0234 13F0200F 		tst	r3, #32
 834 0238 06D0     		beq	.L58
 495:../../../../../../Drivers/PY32E407_HAL_Driver/Src/py32e407_hal_rcc.c ****         {
 835              		.loc 1 495 9 is_stmt 1 view .LVU273
 495:../../../../../../Drivers/PY32E407_HAL_Driver/Src/py32e407_hal_rcc.c ****         {
 836              		.loc 1 495 14 is_stmt 0 view .LVU274
 837 023a FFF7FEFF 		bl	HAL_GetTick
 838              	.LVL71:
 495:../../../../../../Drivers/PY32E407_HAL_Driver/Src/py32e407_hal_rcc.c ****         {
 839              		.loc 1 495 28 view .LVU275
 840 023e 401B     		subs	r0, r0, r5
 495:../../../../../../Drivers/PY32E407_HAL_Driver/Src/py32e407_hal_rcc.c ****         {
 841              		.loc 1 495 12 view .LVU276
 842 0240 0228     		cmp	r0, #2
 843 0242 F5D9     		bls	.L62
 497:../../../../../../Drivers/PY32E407_HAL_Driver/Src/py32e407_hal_rcc.c ****         }
 844              		.loc 1 497 18 view .LVU277
 845 0244 0320     		movs	r0, #3
 846 0246 5CE1     		b	.L34
 847              	.LVL72:
 848              	.L58:
 503:../../../../../../Drivers/PY32E407_HAL_Driver/Src/py32e407_hal_rcc.c ****   {
 849              		.loc 1 503 3 is_stmt 1 view .LVU278
 503:../../../../../../Drivers/PY32E407_HAL_Driver/Src/py32e407_hal_rcc.c ****   {
 850              		.loc 1 503 26 is_stmt 0 view .LVU279
ARM GAS  C:\Users\user\AppData\Local\Temp\ccuc8vss.s 			page 44


 851 0248 2368     		ldr	r3, [r4]
 503:../../../../../../Drivers/PY32E407_HAL_Driver/Src/py32e407_hal_rcc.c ****   {
 852              		.loc 1 503 6 view .LVU280
 853 024a 13F0080F 		tst	r3, #8
 854 024e 29D0     		beq	.L64
 506:../../../../../../Drivers/PY32E407_HAL_Driver/Src/py32e407_hal_rcc.c **** 
 855              		.loc 1 506 5 is_stmt 1 view .LVU281
 509:../../../../../../Drivers/PY32E407_HAL_Driver/Src/py32e407_hal_rcc.c ****     {
 856              		.loc 1 509 5 view .LVU282
 509:../../../../../../Drivers/PY32E407_HAL_Driver/Src/py32e407_hal_rcc.c ****     {
 857              		.loc 1 509 26 is_stmt 0 view .LVU283
 858 0250 E369     		ldr	r3, [r4, #28]
 509:../../../../../../Drivers/PY32E407_HAL_Driver/Src/py32e407_hal_rcc.c ****     {
 859              		.loc 1 509 8 view .LVU284
 860 0252 ABB1     		cbz	r3, .L65
 512:../../../../../../Drivers/PY32E407_HAL_Driver/Src/py32e407_hal_rcc.c **** 
 861              		.loc 1 512 7 is_stmt 1 view .LVU285
 862 0254 094A     		ldr	r2, .L142
 863 0256 536F     		ldr	r3, [r2, #116]
 864 0258 43F00103 		orr	r3, r3, #1
 865 025c 5367     		str	r3, [r2, #116]
 515:../../../../../../Drivers/PY32E407_HAL_Driver/Src/py32e407_hal_rcc.c **** 
 866              		.loc 1 515 7 view .LVU286
 515:../../../../../../Drivers/PY32E407_HAL_Driver/Src/py32e407_hal_rcc.c **** 
 867              		.loc 1 515 19 is_stmt 0 view .LVU287
 868 025e FFF7FEFF 		bl	HAL_GetTick
 869              	.LVL73:
 870 0262 0546     		mov	r5, r0
 871              	.LVL74:
 518:../../../../../../Drivers/PY32E407_HAL_Driver/Src/py32e407_hal_rcc.c ****       {
 872              		.loc 1 518 7 is_stmt 1 view .LVU288
 873              	.L66:
 518:../../../../../../Drivers/PY32E407_HAL_Driver/Src/py32e407_hal_rcc.c ****       {
 874              		.loc 1 518 13 view .LVU289
 518:../../../../../../Drivers/PY32E407_HAL_Driver/Src/py32e407_hal_rcc.c ****       {
 875              		.loc 1 518 14 is_stmt 0 view .LVU290
 876 0264 054B     		ldr	r3, .L142
 877 0266 5B6F     		ldr	r3, [r3, #116]
 518:../../../../../../Drivers/PY32E407_HAL_Driver/Src/py32e407_hal_rcc.c ****       {
 878              		.loc 1 518 13 view .LVU291
 879 0268 13F0020F 		tst	r3, #2
 880 026c 1AD1     		bne	.L64
 520:../../../../../../Drivers/PY32E407_HAL_Driver/Src/py32e407_hal_rcc.c ****         {
 881              		.loc 1 520 9 is_stmt 1 view .LVU292
 520:../../../../../../Drivers/PY32E407_HAL_Driver/Src/py32e407_hal_rcc.c ****         {
 882              		.loc 1 520 14 is_stmt 0 view .LVU293
 883 026e FFF7FEFF 		bl	HAL_GetTick
 884              	.LVL75:
 520:../../../../../../Drivers/PY32E407_HAL_Driver/Src/py32e407_hal_rcc.c ****         {
 885              		.loc 1 520 28 view .LVU294
 886 0272 401B     		subs	r0, r0, r5
 520:../../../../../../Drivers/PY32E407_HAL_Driver/Src/py32e407_hal_rcc.c ****         {
 887              		.loc 1 520 12 view .LVU295
 888 0274 0228     		cmp	r0, #2
 889 0276 F5D9     		bls	.L66
 522:../../../../../../Drivers/PY32E407_HAL_Driver/Src/py32e407_hal_rcc.c ****         }
 890              		.loc 1 522 18 view .LVU296
ARM GAS  C:\Users\user\AppData\Local\Temp\ccuc8vss.s 			page 45


 891 0278 0320     		movs	r0, #3
 892 027a 42E1     		b	.L34
 893              	.L143:
 894              		.align	2
 895              	.L142:
 896 027c 00100240 		.word	1073876992
 897              	.LVL76:
 898              	.L65:
 529:../../../../../../Drivers/PY32E407_HAL_Driver/Src/py32e407_hal_rcc.c ****   
 899              		.loc 1 529 7 is_stmt 1 view .LVU297
 900 0280 A54A     		ldr	r2, .L144
 901 0282 536F     		ldr	r3, [r2, #116]
 902 0284 23F00103 		bic	r3, r3, #1
 903 0288 5367     		str	r3, [r2, #116]
 532:../../../../../../Drivers/PY32E407_HAL_Driver/Src/py32e407_hal_rcc.c **** 
 904              		.loc 1 532 7 view .LVU298
 532:../../../../../../Drivers/PY32E407_HAL_Driver/Src/py32e407_hal_rcc.c **** 
 905              		.loc 1 532 19 is_stmt 0 view .LVU299
 906 028a FFF7FEFF 		bl	HAL_GetTick
 907              	.LVL77:
 908 028e 0546     		mov	r5, r0
 909              	.LVL78:
 535:../../../../../../Drivers/PY32E407_HAL_Driver/Src/py32e407_hal_rcc.c ****       {
 910              		.loc 1 535 7 is_stmt 1 view .LVU300
 911              	.L68:
 535:../../../../../../Drivers/PY32E407_HAL_Driver/Src/py32e407_hal_rcc.c ****       {
 912              		.loc 1 535 13 view .LVU301
 535:../../../../../../Drivers/PY32E407_HAL_Driver/Src/py32e407_hal_rcc.c ****       {
 913              		.loc 1 535 14 is_stmt 0 view .LVU302
 914 0290 A14B     		ldr	r3, .L144
 915 0292 5B6F     		ldr	r3, [r3, #116]
 535:../../../../../../Drivers/PY32E407_HAL_Driver/Src/py32e407_hal_rcc.c ****       {
 916              		.loc 1 535 13 view .LVU303
 917 0294 13F0020F 		tst	r3, #2
 918 0298 04D0     		beq	.L64
 543:../../../../../../Drivers/PY32E407_HAL_Driver/Src/py32e407_hal_rcc.c ****         {
 919              		.loc 1 543 9 is_stmt 1 view .LVU304
 543:../../../../../../Drivers/PY32E407_HAL_Driver/Src/py32e407_hal_rcc.c ****         {
 920              		.loc 1 543 14 is_stmt 0 view .LVU305
 921 029a FFF7FEFF 		bl	HAL_GetTick
 922              	.LVL79:
 543:../../../../../../Drivers/PY32E407_HAL_Driver/Src/py32e407_hal_rcc.c ****         {
 923              		.loc 1 543 28 view .LVU306
 924 029e 401B     		subs	r0, r0, r5
 543:../../../../../../Drivers/PY32E407_HAL_Driver/Src/py32e407_hal_rcc.c ****         {
 925              		.loc 1 543 12 view .LVU307
 926 02a0 0228     		cmp	r0, #2
 927 02a2 F5D9     		bls	.L68
 928              	.LVL80:
 929              	.L64:
 551:../../../../../../Drivers/PY32E407_HAL_Driver/Src/py32e407_hal_rcc.c ****   {
 930              		.loc 1 551 3 is_stmt 1 view .LVU308
 551:../../../../../../Drivers/PY32E407_HAL_Driver/Src/py32e407_hal_rcc.c ****   {
 931              		.loc 1 551 26 is_stmt 0 view .LVU309
 932 02a4 2368     		ldr	r3, [r4]
 551:../../../../../../Drivers/PY32E407_HAL_Driver/Src/py32e407_hal_rcc.c ****   {
 933              		.loc 1 551 6 view .LVU310
ARM GAS  C:\Users\user\AppData\Local\Temp\ccuc8vss.s 			page 46


 934 02a6 13F0040F 		tst	r3, #4
 935 02aa 00F0A380 		beq	.L70
 936              	.LBB2:
 553:../../../../../../Drivers/PY32E407_HAL_Driver/Src/py32e407_hal_rcc.c **** 
 937              		.loc 1 553 5 is_stmt 1 view .LVU311
 938              	.LVL81:
 556:../../../../../../Drivers/PY32E407_HAL_Driver/Src/py32e407_hal_rcc.c ****     assert_param(IS_RCC_LSE_DRIVER(RCC_OscInitStruct->LSEDriver));
 939              		.loc 1 556 5 view .LVU312
 557:../../../../../../Drivers/PY32E407_HAL_Driver/Src/py32e407_hal_rcc.c **** 
 940              		.loc 1 557 5 view .LVU313
 561:../../../../../../Drivers/PY32E407_HAL_Driver/Src/py32e407_hal_rcc.c ****     {
 941              		.loc 1 561 5 view .LVU314
 561:../../../../../../Drivers/PY32E407_HAL_Driver/Src/py32e407_hal_rcc.c ****     {
 942              		.loc 1 561 9 is_stmt 0 view .LVU315
 943 02ae 9A4B     		ldr	r3, .L144
 944 02b0 9B6D     		ldr	r3, [r3, #88]
 561:../../../../../../Drivers/PY32E407_HAL_Driver/Src/py32e407_hal_rcc.c ****     {
 945              		.loc 1 561 8 view .LVU316
 946 02b2 13F0805F 		tst	r3, #268435456
 947 02b6 24D1     		bne	.L107
 563:../../../../../../Drivers/PY32E407_HAL_Driver/Src/py32e407_hal_rcc.c ****       pwrclkchanged = SET;
 948              		.loc 1 563 7 is_stmt 1 view .LVU317
 949              	.LBB3:
 563:../../../../../../Drivers/PY32E407_HAL_Driver/Src/py32e407_hal_rcc.c ****       pwrclkchanged = SET;
 950              		.loc 1 563 7 view .LVU318
 563:../../../../../../Drivers/PY32E407_HAL_Driver/Src/py32e407_hal_rcc.c ****       pwrclkchanged = SET;
 951              		.loc 1 563 7 view .LVU319
 952 02b8 974B     		ldr	r3, .L144
 953 02ba 9A6D     		ldr	r2, [r3, #88]
 954 02bc 42F08052 		orr	r2, r2, #268435456
 955 02c0 9A65     		str	r2, [r3, #88]
 563:../../../../../../Drivers/PY32E407_HAL_Driver/Src/py32e407_hal_rcc.c ****       pwrclkchanged = SET;
 956              		.loc 1 563 7 view .LVU320
 957 02c2 9B6D     		ldr	r3, [r3, #88]
 958 02c4 03F08053 		and	r3, r3, #268435456
 959 02c8 0193     		str	r3, [sp, #4]
 563:../../../../../../Drivers/PY32E407_HAL_Driver/Src/py32e407_hal_rcc.c ****       pwrclkchanged = SET;
 960              		.loc 1 563 7 view .LVU321
 961 02ca 019B     		ldr	r3, [sp, #4]
 962              	.LBE3:
 563:../../../../../../Drivers/PY32E407_HAL_Driver/Src/py32e407_hal_rcc.c ****       pwrclkchanged = SET;
 963              		.loc 1 563 7 view .LVU322
 564:../../../../../../Drivers/PY32E407_HAL_Driver/Src/py32e407_hal_rcc.c ****     }
 964              		.loc 1 564 7 view .LVU323
 965              	.LVL82:
 564:../../../../../../Drivers/PY32E407_HAL_Driver/Src/py32e407_hal_rcc.c ****     }
 966              		.loc 1 564 21 is_stmt 0 view .LVU324
 967 02cc 0125     		movs	r5, #1
 968              	.LVL83:
 969              	.L71:
 567:../../../../../../Drivers/PY32E407_HAL_Driver/Src/py32e407_hal_rcc.c ****      {
 970              		.loc 1 567 5 is_stmt 1 view .LVU325
 567:../../../../../../Drivers/PY32E407_HAL_Driver/Src/py32e407_hal_rcc.c ****      {
 971              		.loc 1 567 9 is_stmt 0 view .LVU326
 972 02ce 934B     		ldr	r3, .L144+4
 973 02d0 1B68     		ldr	r3, [r3]
 567:../../../../../../Drivers/PY32E407_HAL_Driver/Src/py32e407_hal_rcc.c ****      {
ARM GAS  C:\Users\user\AppData\Local\Temp\ccuc8vss.s 			page 47


 974              		.loc 1 567 8 view .LVU327
 975 02d2 13F4807F 		tst	r3, #256
 976 02d6 16D0     		beq	.L132
 977              	.L72:
 584:../../../../../../Drivers/PY32E407_HAL_Driver/Src/py32e407_hal_rcc.c ****     {
 978              		.loc 1 584 5 is_stmt 1 view .LVU328
 584:../../../../../../Drivers/PY32E407_HAL_Driver/Src/py32e407_hal_rcc.c ****     {
 979              		.loc 1 584 26 is_stmt 0 view .LVU329
 980 02d8 E368     		ldr	r3, [r4, #12]
 584:../../../../../../Drivers/PY32E407_HAL_Driver/Src/py32e407_hal_rcc.c ****     {
 981              		.loc 1 584 8 view .LVU330
 982 02da 012B     		cmp	r3, #1
 983 02dc 27D0     		beq	.L133
 984              	.L75:
 604:../../../../../../Drivers/PY32E407_HAL_Driver/Src/py32e407_hal_rcc.c ****     /* Check the LSE State */
 985              		.loc 1 604 5 is_stmt 1 view .LVU331
 604:../../../../../../Drivers/PY32E407_HAL_Driver/Src/py32e407_hal_rcc.c ****     /* Check the LSE State */
 986              		.loc 1 604 5 view .LVU332
 987 02de E368     		ldr	r3, [r4, #12]
 988 02e0 012B     		cmp	r3, #1
 989 02e2 47D0     		beq	.L134
 604:../../../../../../Drivers/PY32E407_HAL_Driver/Src/py32e407_hal_rcc.c ****     /* Check the LSE State */
 990              		.loc 1 604 5 discriminator 2 view .LVU333
 991 02e4 002B     		cmp	r3, #0
 992 02e6 5DD1     		bne	.L80
 604:../../../../../../Drivers/PY32E407_HAL_Driver/Src/py32e407_hal_rcc.c ****     /* Check the LSE State */
 993              		.loc 1 604 5 discriminator 4 view .LVU334
 994 02e8 03F18043 		add	r3, r3, #1073741824
 995 02ec 03F50433 		add	r3, r3, #135168
 996 02f0 1A6F     		ldr	r2, [r3, #112]
 997 02f2 22F00102 		bic	r2, r2, #1
 998 02f6 1A67     		str	r2, [r3, #112]
 604:../../../../../../Drivers/PY32E407_HAL_Driver/Src/py32e407_hal_rcc.c ****     /* Check the LSE State */
 999              		.loc 1 604 5 discriminator 4 view .LVU335
 1000 02f8 1A6F     		ldr	r2, [r3, #112]
 1001 02fa 22F00402 		bic	r2, r2, #4
 1002 02fe 1A67     		str	r2, [r3, #112]
 1003 0300 3DE0     		b	.L79
 1004              	.LVL84:
 1005              	.L107:
 553:../../../../../../Drivers/PY32E407_HAL_Driver/Src/py32e407_hal_rcc.c **** 
 1006              		.loc 1 553 22 is_stmt 0 view .LVU336
 1007 0302 0025     		movs	r5, #0
 1008 0304 E3E7     		b	.L71
 1009              	.LVL85:
 1010              	.L132:
 570:../../../../../../Drivers/PY32E407_HAL_Driver/Src/py32e407_hal_rcc.c **** 
 1011              		.loc 1 570 7 is_stmt 1 view .LVU337
 1012 0306 854A     		ldr	r2, .L144+4
 1013 0308 1368     		ldr	r3, [r2]
 1014 030a 43F48073 		orr	r3, r3, #256
 1015 030e 1360     		str	r3, [r2]
 573:../../../../../../Drivers/PY32E407_HAL_Driver/Src/py32e407_hal_rcc.c **** 
 1016              		.loc 1 573 7 view .LVU338
 573:../../../../../../Drivers/PY32E407_HAL_Driver/Src/py32e407_hal_rcc.c **** 
 1017              		.loc 1 573 19 is_stmt 0 view .LVU339
 1018 0310 FFF7FEFF 		bl	HAL_GetTick
ARM GAS  C:\Users\user\AppData\Local\Temp\ccuc8vss.s 			page 48


 1019              	.LVL86:
 1020 0314 0646     		mov	r6, r0
 1021              	.LVL87:
 575:../../../../../../Drivers/PY32E407_HAL_Driver/Src/py32e407_hal_rcc.c ****       {
 1022              		.loc 1 575 7 is_stmt 1 view .LVU340
 1023              	.L73:
 575:../../../../../../Drivers/PY32E407_HAL_Driver/Src/py32e407_hal_rcc.c ****       {
 1024              		.loc 1 575 13 view .LVU341
 575:../../../../../../Drivers/PY32E407_HAL_Driver/Src/py32e407_hal_rcc.c ****       {
 1025              		.loc 1 575 14 is_stmt 0 view .LVU342
 1026 0316 814B     		ldr	r3, .L144+4
 1027 0318 1B68     		ldr	r3, [r3]
 575:../../../../../../Drivers/PY32E407_HAL_Driver/Src/py32e407_hal_rcc.c ****       {
 1028              		.loc 1 575 13 view .LVU343
 1029 031a 13F4807F 		tst	r3, #256
 1030 031e DBD1     		bne	.L72
 577:../../../../../../Drivers/PY32E407_HAL_Driver/Src/py32e407_hal_rcc.c ****         {
 1031              		.loc 1 577 9 is_stmt 1 view .LVU344
 577:../../../../../../Drivers/PY32E407_HAL_Driver/Src/py32e407_hal_rcc.c ****         {
 1032              		.loc 1 577 14 is_stmt 0 view .LVU345
 1033 0320 FFF7FEFF 		bl	HAL_GetTick
 1034              	.LVL88:
 577:../../../../../../Drivers/PY32E407_HAL_Driver/Src/py32e407_hal_rcc.c ****         {
 1035              		.loc 1 577 28 view .LVU346
 1036 0324 801B     		subs	r0, r0, r6
 577:../../../../../../Drivers/PY32E407_HAL_Driver/Src/py32e407_hal_rcc.c ****         {
 1037              		.loc 1 577 12 view .LVU347
 1038 0326 6428     		cmp	r0, #100
 1039 0328 F5D9     		bls	.L73
 579:../../../../../../Drivers/PY32E407_HAL_Driver/Src/py32e407_hal_rcc.c ****         }
 1040              		.loc 1 579 18 view .LVU348
 1041 032a 0320     		movs	r0, #3
 1042 032c E9E0     		b	.L34
 1043              	.LVL89:
 1044              	.L133:
 586:../../../../../../Drivers/PY32E407_HAL_Driver/Src/py32e407_hal_rcc.c ****       
 1045              		.loc 1 586 7 is_stmt 1 discriminator 4 view .LVU349
 586:../../../../../../Drivers/PY32E407_HAL_Driver/Src/py32e407_hal_rcc.c ****       
 1046              		.loc 1 586 7 discriminator 4 view .LVU350
 586:../../../../../../Drivers/PY32E407_HAL_Driver/Src/py32e407_hal_rcc.c ****       
 1047              		.loc 1 586 7 discriminator 4 view .LVU351
 586:../../../../../../Drivers/PY32E407_HAL_Driver/Src/py32e407_hal_rcc.c ****       
 1048              		.loc 1 586 7 discriminator 4 view .LVU352
 1049 032e 7A4B     		ldr	r3, .L144
 1050 0330 1A6F     		ldr	r2, [r3, #112]
 1051 0332 22F00102 		bic	r2, r2, #1
 1052 0336 1A67     		str	r2, [r3, #112]
 586:../../../../../../Drivers/PY32E407_HAL_Driver/Src/py32e407_hal_rcc.c ****       
 1053              		.loc 1 586 7 discriminator 4 view .LVU353
 1054 0338 1A6F     		ldr	r2, [r3, #112]
 1055 033a 22F00402 		bic	r2, r2, #4
 1056 033e 1A67     		str	r2, [r3, #112]
 586:../../../../../../Drivers/PY32E407_HAL_Driver/Src/py32e407_hal_rcc.c ****       
 1057              		.loc 1 586 7 discriminator 4 view .LVU354
 589:../../../../../../Drivers/PY32E407_HAL_Driver/Src/py32e407_hal_rcc.c **** 
 1058              		.loc 1 589 7 discriminator 4 view .LVU355
 589:../../../../../../Drivers/PY32E407_HAL_Driver/Src/py32e407_hal_rcc.c **** 
ARM GAS  C:\Users\user\AppData\Local\Temp\ccuc8vss.s 			page 49


 1059              		.loc 1 589 19 is_stmt 0 discriminator 4 view .LVU356
 1060 0340 FFF7FEFF 		bl	HAL_GetTick
 1061              	.LVL90:
 1062 0344 0646     		mov	r6, r0
 1063              	.LVL91:
 592:../../../../../../Drivers/PY32E407_HAL_Driver/Src/py32e407_hal_rcc.c ****       {
 1064              		.loc 1 592 7 is_stmt 1 discriminator 4 view .LVU357
 1065              	.L76:
 592:../../../../../../Drivers/PY32E407_HAL_Driver/Src/py32e407_hal_rcc.c ****       {
 1066              		.loc 1 592 13 view .LVU358
 592:../../../../../../Drivers/PY32E407_HAL_Driver/Src/py32e407_hal_rcc.c ****       {
 1067              		.loc 1 592 14 is_stmt 0 view .LVU359
 1068 0346 744B     		ldr	r3, .L144
 1069 0348 1B6F     		ldr	r3, [r3, #112]
 1070 034a 03F00203 		and	r3, r3, #2
 592:../../../../../../Drivers/PY32E407_HAL_Driver/Src/py32e407_hal_rcc.c ****       {
 1071              		.loc 1 592 13 view .LVU360
 1072 034e 012B     		cmp	r3, #1
 1073 0350 08D1     		bne	.L135
 594:../../../../../../Drivers/PY32E407_HAL_Driver/Src/py32e407_hal_rcc.c ****         {
 1074              		.loc 1 594 9 is_stmt 1 view .LVU361
 594:../../../../../../Drivers/PY32E407_HAL_Driver/Src/py32e407_hal_rcc.c ****         {
 1075              		.loc 1 594 14 is_stmt 0 view .LVU362
 1076 0352 FFF7FEFF 		bl	HAL_GetTick
 1077              	.LVL92:
 594:../../../../../../Drivers/PY32E407_HAL_Driver/Src/py32e407_hal_rcc.c ****         {
 1078              		.loc 1 594 28 view .LVU363
 1079 0356 801B     		subs	r0, r0, r6
 594:../../../../../../Drivers/PY32E407_HAL_Driver/Src/py32e407_hal_rcc.c ****         {
 1080              		.loc 1 594 12 view .LVU364
 1081 0358 41F28833 		movw	r3, #5000
 1082 035c 9842     		cmp	r0, r3
 1083 035e F2D9     		bls	.L76
 596:../../../../../../Drivers/PY32E407_HAL_Driver/Src/py32e407_hal_rcc.c ****         }
 1084              		.loc 1 596 18 view .LVU365
 1085 0360 0320     		movs	r0, #3
 1086 0362 CEE0     		b	.L34
 1087              	.L135:
 600:../../../../../../Drivers/PY32E407_HAL_Driver/Src/py32e407_hal_rcc.c ****     }
 1088              		.loc 1 600 7 is_stmt 1 view .LVU366
 1089 0364 6C4A     		ldr	r2, .L144
 1090 0366 136F     		ldr	r3, [r2, #112]
 1091 0368 23F01803 		bic	r3, r3, #24
 1092 036c 2169     		ldr	r1, [r4, #16]
 1093 036e 0B43     		orrs	r3, r3, r1
 1094 0370 1367     		str	r3, [r2, #112]
 1095 0372 B4E7     		b	.L75
 1096              	.LVL93:
 1097              	.L134:
 604:../../../../../../Drivers/PY32E407_HAL_Driver/Src/py32e407_hal_rcc.c ****     /* Check the LSE State */
 1098              		.loc 1 604 5 discriminator 1 view .LVU367
 1099 0374 684A     		ldr	r2, .L144
 1100 0376 136F     		ldr	r3, [r2, #112]
 1101 0378 43F00103 		orr	r3, r3, #1
 1102 037c 1367     		str	r3, [r2, #112]
 1103              	.L79:
 604:../../../../../../Drivers/PY32E407_HAL_Driver/Src/py32e407_hal_rcc.c ****     /* Check the LSE State */
ARM GAS  C:\Users\user\AppData\Local\Temp\ccuc8vss.s 			page 50


 1104              		.loc 1 604 5 discriminator 10 view .LVU368
 606:../../../../../../Drivers/PY32E407_HAL_Driver/Src/py32e407_hal_rcc.c ****     {
 1105              		.loc 1 606 5 discriminator 10 view .LVU369
 606:../../../../../../Drivers/PY32E407_HAL_Driver/Src/py32e407_hal_rcc.c ****     {
 1106              		.loc 1 606 26 is_stmt 0 discriminator 10 view .LVU370
 1107 037e E368     		ldr	r3, [r4, #12]
 606:../../../../../../Drivers/PY32E407_HAL_Driver/Src/py32e407_hal_rcc.c ****     {
 1108              		.loc 1 606 8 discriminator 10 view .LVU371
 1109 0380 33B3     		cbz	r3, .L82
 609:../../../../../../Drivers/PY32E407_HAL_Driver/Src/py32e407_hal_rcc.c **** 
 1110              		.loc 1 609 7 is_stmt 1 view .LVU372
 609:../../../../../../Drivers/PY32E407_HAL_Driver/Src/py32e407_hal_rcc.c **** 
 1111              		.loc 1 609 19 is_stmt 0 view .LVU373
 1112 0382 FFF7FEFF 		bl	HAL_GetTick
 1113              	.LVL94:
 1114 0386 0646     		mov	r6, r0
 1115              	.LVL95:
 612:../../../../../../Drivers/PY32E407_HAL_Driver/Src/py32e407_hal_rcc.c ****       {
 1116              		.loc 1 612 7 is_stmt 1 view .LVU374
 1117              	.L83:
 612:../../../../../../Drivers/PY32E407_HAL_Driver/Src/py32e407_hal_rcc.c ****       {
 1118              		.loc 1 612 13 view .LVU375
 612:../../../../../../Drivers/PY32E407_HAL_Driver/Src/py32e407_hal_rcc.c ****       {
 1119              		.loc 1 612 14 is_stmt 0 view .LVU376
 1120 0388 634B     		ldr	r3, .L144
 1121 038a 1B6F     		ldr	r3, [r3, #112]
 612:../../../../../../Drivers/PY32E407_HAL_Driver/Src/py32e407_hal_rcc.c ****       {
 1122              		.loc 1 612 13 view .LVU377
 1123 038c 13F0020F 		tst	r3, #2
 1124 0390 2FD1     		bne	.L85
 614:../../../../../../Drivers/PY32E407_HAL_Driver/Src/py32e407_hal_rcc.c ****         {
 1125              		.loc 1 614 9 is_stmt 1 view .LVU378
 614:../../../../../../Drivers/PY32E407_HAL_Driver/Src/py32e407_hal_rcc.c ****         {
 1126              		.loc 1 614 14 is_stmt 0 view .LVU379
 1127 0392 FFF7FEFF 		bl	HAL_GetTick
 1128              	.LVL96:
 614:../../../../../../Drivers/PY32E407_HAL_Driver/Src/py32e407_hal_rcc.c ****         {
 1129              		.loc 1 614 28 view .LVU380
 1130 0396 801B     		subs	r0, r0, r6
 614:../../../../../../Drivers/PY32E407_HAL_Driver/Src/py32e407_hal_rcc.c ****         {
 1131              		.loc 1 614 12 view .LVU381
 1132 0398 41F28833 		movw	r3, #5000
 1133 039c 9842     		cmp	r0, r3
 1134 039e F3D9     		bls	.L83
 616:../../../../../../Drivers/PY32E407_HAL_Driver/Src/py32e407_hal_rcc.c ****         }
 1135              		.loc 1 616 18 view .LVU382
 1136 03a0 0320     		movs	r0, #3
 1137 03a2 AEE0     		b	.L34
 1138              	.LVL97:
 1139              	.L80:
 604:../../../../../../Drivers/PY32E407_HAL_Driver/Src/py32e407_hal_rcc.c ****     /* Check the LSE State */
 1140              		.loc 1 604 5 is_stmt 1 discriminator 5 view .LVU383
 1141 03a4 052B     		cmp	r3, #5
 1142 03a6 09D0     		beq	.L136
 604:../../../../../../Drivers/PY32E407_HAL_Driver/Src/py32e407_hal_rcc.c ****     /* Check the LSE State */
 1143              		.loc 1 604 5 discriminator 8 view .LVU384
 1144 03a8 5B4B     		ldr	r3, .L144
ARM GAS  C:\Users\user\AppData\Local\Temp\ccuc8vss.s 			page 51


 1145 03aa 1A6F     		ldr	r2, [r3, #112]
 1146 03ac 22F00102 		bic	r2, r2, #1
 1147 03b0 1A67     		str	r2, [r3, #112]
 604:../../../../../../Drivers/PY32E407_HAL_Driver/Src/py32e407_hal_rcc.c ****     /* Check the LSE State */
 1148              		.loc 1 604 5 discriminator 8 view .LVU385
 1149 03b2 1A6F     		ldr	r2, [r3, #112]
 1150 03b4 22F00402 		bic	r2, r2, #4
 1151 03b8 1A67     		str	r2, [r3, #112]
 1152 03ba E0E7     		b	.L79
 1153              	.L136:
 604:../../../../../../Drivers/PY32E407_HAL_Driver/Src/py32e407_hal_rcc.c ****     /* Check the LSE State */
 1154              		.loc 1 604 5 discriminator 7 view .LVU386
 1155 03bc 564B     		ldr	r3, .L144
 1156 03be 1A6F     		ldr	r2, [r3, #112]
 1157 03c0 42F00402 		orr	r2, r2, #4
 1158 03c4 1A67     		str	r2, [r3, #112]
 604:../../../../../../Drivers/PY32E407_HAL_Driver/Src/py32e407_hal_rcc.c ****     /* Check the LSE State */
 1159              		.loc 1 604 5 discriminator 7 view .LVU387
 1160 03c6 1A6F     		ldr	r2, [r3, #112]
 1161 03c8 42F00102 		orr	r2, r2, #1
 1162 03cc 1A67     		str	r2, [r3, #112]
 1163 03ce D6E7     		b	.L79
 1164              	.L82:
 623:../../../../../../Drivers/PY32E407_HAL_Driver/Src/py32e407_hal_rcc.c **** 
 1165              		.loc 1 623 7 view .LVU388
 623:../../../../../../Drivers/PY32E407_HAL_Driver/Src/py32e407_hal_rcc.c **** 
 1166              		.loc 1 623 19 is_stmt 0 view .LVU389
 1167 03d0 FFF7FEFF 		bl	HAL_GetTick
 1168              	.LVL98:
 1169 03d4 0646     		mov	r6, r0
 1170              	.LVL99:
 626:../../../../../../Drivers/PY32E407_HAL_Driver/Src/py32e407_hal_rcc.c ****       {
 1171              		.loc 1 626 7 is_stmt 1 view .LVU390
 1172              	.L86:
 626:../../../../../../Drivers/PY32E407_HAL_Driver/Src/py32e407_hal_rcc.c ****       {
 1173              		.loc 1 626 13 view .LVU391
 626:../../../../../../Drivers/PY32E407_HAL_Driver/Src/py32e407_hal_rcc.c ****       {
 1174              		.loc 1 626 14 is_stmt 0 view .LVU392
 1175 03d6 504B     		ldr	r3, .L144
 1176 03d8 1B6F     		ldr	r3, [r3, #112]
 626:../../../../../../Drivers/PY32E407_HAL_Driver/Src/py32e407_hal_rcc.c ****       {
 1177              		.loc 1 626 13 view .LVU393
 1178 03da 13F0020F 		tst	r3, #2
 1179 03de 08D0     		beq	.L85
 628:../../../../../../Drivers/PY32E407_HAL_Driver/Src/py32e407_hal_rcc.c ****         {
 1180              		.loc 1 628 9 is_stmt 1 view .LVU394
 628:../../../../../../Drivers/PY32E407_HAL_Driver/Src/py32e407_hal_rcc.c ****         {
 1181              		.loc 1 628 14 is_stmt 0 view .LVU395
 1182 03e0 FFF7FEFF 		bl	HAL_GetTick
 1183              	.LVL100:
 628:../../../../../../Drivers/PY32E407_HAL_Driver/Src/py32e407_hal_rcc.c ****         {
 1184              		.loc 1 628 28 view .LVU396
 1185 03e4 801B     		subs	r0, r0, r6
 628:../../../../../../Drivers/PY32E407_HAL_Driver/Src/py32e407_hal_rcc.c ****         {
 1186              		.loc 1 628 12 view .LVU397
 1187 03e6 41F28833 		movw	r3, #5000
 1188 03ea 9842     		cmp	r0, r3
ARM GAS  C:\Users\user\AppData\Local\Temp\ccuc8vss.s 			page 52


 1189 03ec F3D9     		bls	.L86
 630:../../../../../../Drivers/PY32E407_HAL_Driver/Src/py32e407_hal_rcc.c ****         }
 1190              		.loc 1 630 18 view .LVU398
 1191 03ee 0320     		movs	r0, #3
 1192 03f0 87E0     		b	.L34
 1193              	.L85:
 636:../../../../../../Drivers/PY32E407_HAL_Driver/Src/py32e407_hal_rcc.c ****     {
 1194              		.loc 1 636 5 is_stmt 1 view .LVU399
 636:../../../../../../Drivers/PY32E407_HAL_Driver/Src/py32e407_hal_rcc.c ****     {
 1195              		.loc 1 636 8 is_stmt 0 view .LVU400
 1196 03f2 FDB9     		cbnz	r5, .L137
 1197              	.LVL101:
 1198              	.L70:
 636:../../../../../../Drivers/PY32E407_HAL_Driver/Src/py32e407_hal_rcc.c ****     {
 1199              		.loc 1 636 8 view .LVU401
 1200              	.LBE2:
 644:../../../../../../Drivers/PY32E407_HAL_Driver/Src/py32e407_hal_rcc.c ****   if ((RCC_OscInitStruct->PLL.PLLState) != RCC_PLL_NONE)
 1201              		.loc 1 644 3 is_stmt 1 view .LVU402
 645:../../../../../../Drivers/PY32E407_HAL_Driver/Src/py32e407_hal_rcc.c ****   {
 1202              		.loc 1 645 3 view .LVU403
 645:../../../../../../Drivers/PY32E407_HAL_Driver/Src/py32e407_hal_rcc.c ****   {
 1203              		.loc 1 645 30 is_stmt 0 view .LVU404
 1204 03f4 236A     		ldr	r3, [r4, #32]
 645:../../../../../../Drivers/PY32E407_HAL_Driver/Src/py32e407_hal_rcc.c ****   {
 1205              		.loc 1 645 6 view .LVU405
 1206 03f6 002B     		cmp	r3, #0
 1207 03f8 00F08280 		beq	.L112
 648:../../../../../../Drivers/PY32E407_HAL_Driver/Src/py32e407_hal_rcc.c ****     {
 1208              		.loc 1 648 5 is_stmt 1 view .LVU406
 648:../../../../../../Drivers/PY32E407_HAL_Driver/Src/py32e407_hal_rcc.c ****     {
 1209              		.loc 1 648 9 is_stmt 0 view .LVU407
 1210 03fc 464A     		ldr	r2, .L144
 1211 03fe 5268     		ldr	r2, [r2, #4]
 1212 0400 02F00C02 		and	r2, r2, #12
 648:../../../../../../Drivers/PY32E407_HAL_Driver/Src/py32e407_hal_rcc.c ****     {
 1213              		.loc 1 648 8 view .LVU408
 1214 0404 082A     		cmp	r2, #8
 1215 0406 59D0     		beq	.L88
 650:../../../../../../Drivers/PY32E407_HAL_Driver/Src/py32e407_hal_rcc.c ****       {
 1216              		.loc 1 650 7 is_stmt 1 view .LVU409
 650:../../../../../../Drivers/PY32E407_HAL_Driver/Src/py32e407_hal_rcc.c ****       {
 1217              		.loc 1 650 10 is_stmt 0 view .LVU410
 1218 0408 022B     		cmp	r3, #2
 1219 040a 19D0     		beq	.L138
 696:../../../../../../Drivers/PY32E407_HAL_Driver/Src/py32e407_hal_rcc.c **** 
 1220              		.loc 1 696 9 is_stmt 1 view .LVU411
 1221 040c 424A     		ldr	r2, .L144
 1222 040e 1368     		ldr	r3, [r2]
 1223 0410 23F08073 		bic	r3, r3, #16777216
 1224 0414 1360     		str	r3, [r2]
 699:../../../../../../Drivers/PY32E407_HAL_Driver/Src/py32e407_hal_rcc.c **** 
 1225              		.loc 1 699 9 view .LVU412
 699:../../../../../../Drivers/PY32E407_HAL_Driver/Src/py32e407_hal_rcc.c **** 
 1226              		.loc 1 699 21 is_stmt 0 view .LVU413
 1227 0416 FFF7FEFF 		bl	HAL_GetTick
 1228              	.LVL102:
 1229 041a 0446     		mov	r4, r0
ARM GAS  C:\Users\user\AppData\Local\Temp\ccuc8vss.s 			page 53


 1230              	.LVL103:
 702:../../../../../../Drivers/PY32E407_HAL_Driver/Src/py32e407_hal_rcc.c ****         {
 1231              		.loc 1 702 9 is_stmt 1 view .LVU414
 1232              	.L94:
 702:../../../../../../Drivers/PY32E407_HAL_Driver/Src/py32e407_hal_rcc.c ****         {
 1233              		.loc 1 702 15 view .LVU415
 702:../../../../../../Drivers/PY32E407_HAL_Driver/Src/py32e407_hal_rcc.c ****         {
 1234              		.loc 1 702 16 is_stmt 0 view .LVU416
 1235 041c 3E4B     		ldr	r3, .L144
 1236 041e 1B68     		ldr	r3, [r3]
 702:../../../../../../Drivers/PY32E407_HAL_Driver/Src/py32e407_hal_rcc.c ****         {
 1237              		.loc 1 702 15 view .LVU417
 1238 0420 13F0007F 		tst	r3, #33554432
 1239 0424 48D0     		beq	.L139
 704:../../../../../../Drivers/PY32E407_HAL_Driver/Src/py32e407_hal_rcc.c ****           {
 1240              		.loc 1 704 11 is_stmt 1 view .LVU418
 704:../../../../../../Drivers/PY32E407_HAL_Driver/Src/py32e407_hal_rcc.c ****           {
 1241              		.loc 1 704 16 is_stmt 0 view .LVU419
 1242 0426 FFF7FEFF 		bl	HAL_GetTick
 1243              	.LVL104:
 704:../../../../../../Drivers/PY32E407_HAL_Driver/Src/py32e407_hal_rcc.c ****           {
 1244              		.loc 1 704 30 view .LVU420
 1245 042a 001B     		subs	r0, r0, r4
 704:../../../../../../Drivers/PY32E407_HAL_Driver/Src/py32e407_hal_rcc.c ****           {
 1246              		.loc 1 704 14 view .LVU421
 1247 042c 0328     		cmp	r0, #3
 1248 042e F5D9     		bls	.L94
 706:../../../../../../Drivers/PY32E407_HAL_Driver/Src/py32e407_hal_rcc.c ****           }
 1249              		.loc 1 706 20 view .LVU422
 1250 0430 0320     		movs	r0, #3
 1251 0432 66E0     		b	.L34
 1252              	.LVL105:
 1253              	.L137:
 1254              	.LBB4:
 638:../../../../../../Drivers/PY32E407_HAL_Driver/Src/py32e407_hal_rcc.c ****     }
 1255              		.loc 1 638 7 is_stmt 1 view .LVU423
 1256 0434 384A     		ldr	r2, .L144
 1257 0436 936D     		ldr	r3, [r2, #88]
 1258 0438 23F08053 		bic	r3, r3, #268435456
 1259 043c 9365     		str	r3, [r2, #88]
 1260 043e D9E7     		b	.L70
 1261              	.LVL106:
 1262              	.L138:
 638:../../../../../../Drivers/PY32E407_HAL_Driver/Src/py32e407_hal_rcc.c ****     }
 1263              		.loc 1 638 7 is_stmt 0 view .LVU424
 1264              	.LBE4:
 653:../../../../../../Drivers/PY32E407_HAL_Driver/Src/py32e407_hal_rcc.c ****         assert_param(IS_RCC_PLL_MUL(RCC_OscInitStruct->PLL.PLLMUL));
 1265              		.loc 1 653 9 is_stmt 1 view .LVU425
 654:../../../../../../Drivers/PY32E407_HAL_Driver/Src/py32e407_hal_rcc.c ****         assert_param(IS_RCC_PLL_PREDIV(RCC_OscInitStruct->PLL.PLLPrediv));
 1266              		.loc 1 654 9 view .LVU426
 655:../../../../../../Drivers/PY32E407_HAL_Driver/Src/py32e407_hal_rcc.c ****         assert_param(IS_RCC_PLL_POSTDIV(RCC_OscInitStruct->PLL.PLLPostdiv));
 1267              		.loc 1 655 9 view .LVU427
 656:../../../../../../Drivers/PY32E407_HAL_Driver/Src/py32e407_hal_rcc.c **** 
 1268              		.loc 1 656 9 view .LVU428
 659:../../../../../../Drivers/PY32E407_HAL_Driver/Src/py32e407_hal_rcc.c **** 
 1269              		.loc 1 659 9 view .LVU429
 1270 0440 354A     		ldr	r2, .L144
ARM GAS  C:\Users\user\AppData\Local\Temp\ccuc8vss.s 			page 54


 1271 0442 1368     		ldr	r3, [r2]
 1272 0444 23F08073 		bic	r3, r3, #16777216
 1273 0448 1360     		str	r3, [r2]
 662:../../../../../../Drivers/PY32E407_HAL_Driver/Src/py32e407_hal_rcc.c **** 
 1274              		.loc 1 662 9 view .LVU430
 662:../../../../../../Drivers/PY32E407_HAL_Driver/Src/py32e407_hal_rcc.c **** 
 1275              		.loc 1 662 21 is_stmt 0 view .LVU431
 1276 044a FFF7FEFF 		bl	HAL_GetTick
 1277              	.LVL107:
 1278 044e 0546     		mov	r5, r0
 1279              	.LVL108:
 665:../../../../../../Drivers/PY32E407_HAL_Driver/Src/py32e407_hal_rcc.c ****         {
 1280              		.loc 1 665 9 is_stmt 1 view .LVU432
 1281              	.L90:
 665:../../../../../../Drivers/PY32E407_HAL_Driver/Src/py32e407_hal_rcc.c ****         {
 1282              		.loc 1 665 15 view .LVU433
 665:../../../../../../Drivers/PY32E407_HAL_Driver/Src/py32e407_hal_rcc.c ****         {
 1283              		.loc 1 665 16 is_stmt 0 view .LVU434
 1284 0450 314B     		ldr	r3, .L144
 1285 0452 1B68     		ldr	r3, [r3]
 665:../../../../../../Drivers/PY32E407_HAL_Driver/Src/py32e407_hal_rcc.c ****         {
 1286              		.loc 1 665 15 view .LVU435
 1287 0454 13F0007F 		tst	r3, #33554432
 1288 0458 06D0     		beq	.L140
 667:../../../../../../Drivers/PY32E407_HAL_Driver/Src/py32e407_hal_rcc.c ****           {
 1289              		.loc 1 667 11 is_stmt 1 view .LVU436
 667:../../../../../../Drivers/PY32E407_HAL_Driver/Src/py32e407_hal_rcc.c ****           {
 1290              		.loc 1 667 16 is_stmt 0 view .LVU437
 1291 045a FFF7FEFF 		bl	HAL_GetTick
 1292              	.LVL109:
 667:../../../../../../Drivers/PY32E407_HAL_Driver/Src/py32e407_hal_rcc.c ****           {
 1293              		.loc 1 667 30 view .LVU438
 1294 045e 401B     		subs	r0, r0, r5
 667:../../../../../../Drivers/PY32E407_HAL_Driver/Src/py32e407_hal_rcc.c ****           {
 1295              		.loc 1 667 14 view .LVU439
 1296 0460 0328     		cmp	r0, #3
 1297 0462 F5D9     		bls	.L90
 669:../../../../../../Drivers/PY32E407_HAL_Driver/Src/py32e407_hal_rcc.c ****           }
 1298              		.loc 1 669 20 view .LVU440
 1299 0464 0320     		movs	r0, #3
 1300 0466 4CE0     		b	.L34
 1301              	.L140:
 674:../../../../../../Drivers/PY32E407_HAL_Driver/Src/py32e407_hal_rcc.c ****                              RCC_OscInitStruct->PLL.PLLMUL,
 1302              		.loc 1 674 9 is_stmt 1 view .LVU441
 1303 0468 2B49     		ldr	r1, .L144
 1304 046a D1F88030 		ldr	r3, [r1, #128]
 1305 046e 23F47F43 		bic	r3, r3, #65280
 1306 0472 23F03F03 		bic	r3, r3, #63
 1307 0476 626A     		ldr	r2, [r4, #36]
 1308 0478 E06A     		ldr	r0, [r4, #44]
 1309 047a 0243     		orrs	r2, r2, r0
 1310 047c 206B     		ldr	r0, [r4, #48]
 1311 047e 0243     		orrs	r2, r2, r0
 1312 0480 A06A     		ldr	r0, [r4, #40]
 1313 0482 0238     		subs	r0, r0, #2
 1314 0484 42EA0022 		orr	r2, r2, r0, lsl #8
 1315 0488 1343     		orrs	r3, r3, r2
ARM GAS  C:\Users\user\AppData\Local\Temp\ccuc8vss.s 			page 55


 1316 048a C1F88030 		str	r3, [r1, #128]
 679:../../../../../../Drivers/PY32E407_HAL_Driver/Src/py32e407_hal_rcc.c **** 
 1317              		.loc 1 679 9 view .LVU442
 1318 048e 0B68     		ldr	r3, [r1]
 1319 0490 43F08073 		orr	r3, r3, #16777216
 1320 0494 0B60     		str	r3, [r1]
 682:../../../../../../Drivers/PY32E407_HAL_Driver/Src/py32e407_hal_rcc.c **** 
 1321              		.loc 1 682 9 view .LVU443
 682:../../../../../../Drivers/PY32E407_HAL_Driver/Src/py32e407_hal_rcc.c **** 
 1322              		.loc 1 682 21 is_stmt 0 view .LVU444
 1323 0496 FFF7FEFF 		bl	HAL_GetTick
 1324              	.LVL110:
 1325 049a 0446     		mov	r4, r0
 1326              	.LVL111:
 685:../../../../../../Drivers/PY32E407_HAL_Driver/Src/py32e407_hal_rcc.c ****         {
 1327              		.loc 1 685 9 is_stmt 1 view .LVU445
 1328              	.L92:
 685:../../../../../../Drivers/PY32E407_HAL_Driver/Src/py32e407_hal_rcc.c ****         {
 1329              		.loc 1 685 15 view .LVU446
 685:../../../../../../Drivers/PY32E407_HAL_Driver/Src/py32e407_hal_rcc.c ****         {
 1330              		.loc 1 685 16 is_stmt 0 view .LVU447
 1331 049c 1E4B     		ldr	r3, .L144
 1332 049e 1B68     		ldr	r3, [r3]
 685:../../../../../../Drivers/PY32E407_HAL_Driver/Src/py32e407_hal_rcc.c ****         {
 1333              		.loc 1 685 15 view .LVU448
 1334 04a0 13F0007F 		tst	r3, #33554432
 1335 04a4 06D1     		bne	.L141
 687:../../../../../../Drivers/PY32E407_HAL_Driver/Src/py32e407_hal_rcc.c ****           {
 1336              		.loc 1 687 11 is_stmt 1 view .LVU449
 687:../../../../../../Drivers/PY32E407_HAL_Driver/Src/py32e407_hal_rcc.c ****           {
 1337              		.loc 1 687 16 is_stmt 0 view .LVU450
 1338 04a6 FFF7FEFF 		bl	HAL_GetTick
 1339              	.LVL112:
 687:../../../../../../Drivers/PY32E407_HAL_Driver/Src/py32e407_hal_rcc.c ****           {
 1340              		.loc 1 687 30 view .LVU451
 1341 04aa 001B     		subs	r0, r0, r4
 687:../../../../../../Drivers/PY32E407_HAL_Driver/Src/py32e407_hal_rcc.c ****           {
 1342              		.loc 1 687 14 view .LVU452
 1343 04ac 0328     		cmp	r0, #3
 1344 04ae F5D9     		bls	.L92
 689:../../../../../../Drivers/PY32E407_HAL_Driver/Src/py32e407_hal_rcc.c ****           }
 1345              		.loc 1 689 20 view .LVU453
 1346 04b0 0320     		movs	r0, #3
 1347 04b2 26E0     		b	.L34
 1348              	.L141:
 733:../../../../../../Drivers/PY32E407_HAL_Driver/Src/py32e407_hal_rcc.c **** }
 1349              		.loc 1 733 10 view .LVU454
 1350 04b4 0020     		movs	r0, #0
 1351 04b6 24E0     		b	.L34
 1352              	.L139:
 733:../../../../../../Drivers/PY32E407_HAL_Driver/Src/py32e407_hal_rcc.c **** }
 1353              		.loc 1 733 10 view .LVU455
 1354 04b8 0020     		movs	r0, #0
 1355 04ba 22E0     		b	.L34
 1356              	.LVL113:
 1357              	.L88:
 714:../../../../../../Drivers/PY32E407_HAL_Driver/Src/py32e407_hal_rcc.c ****       {
ARM GAS  C:\Users\user\AppData\Local\Temp\ccuc8vss.s 			page 56


 1358              		.loc 1 714 7 is_stmt 1 view .LVU456
 714:../../../../../../Drivers/PY32E407_HAL_Driver/Src/py32e407_hal_rcc.c ****       {
 1359              		.loc 1 714 10 is_stmt 0 view .LVU457
 1360 04bc 012B     		cmp	r3, #1
 1361 04be 22D0     		beq	.L116
 721:../../../../../../Drivers/PY32E407_HAL_Driver/Src/py32e407_hal_rcc.c ****         if ((READ_BIT(pll_config, (RCC_CFGR3_PLLSRC | RCC_CFGR3_PLLXTPRE)) != RCC_OscInitStruct->PL
 1362              		.loc 1 721 9 is_stmt 1 view .LVU458
 721:../../../../../../Drivers/PY32E407_HAL_Driver/Src/py32e407_hal_rcc.c ****         if ((READ_BIT(pll_config, (RCC_CFGR3_PLLSRC | RCC_CFGR3_PLLXTPRE)) != RCC_OscInitStruct->PL
 1363              		.loc 1 721 20 is_stmt 0 view .LVU459
 1364 04c0 154B     		ldr	r3, .L144
 1365 04c2 D3F88030 		ldr	r3, [r3, #128]
 1366              	.LVL114:
 722:../../../../../../Drivers/PY32E407_HAL_Driver/Src/py32e407_hal_rcc.c ****             (READ_BIT(pll_config, RCC_CFGR3_PLLPREDIV) != RCC_OscInitStruct->PLL.PLLPrediv) ||
 1367              		.loc 1 722 9 is_stmt 1 view .LVU460
 722:../../../../../../Drivers/PY32E407_HAL_Driver/Src/py32e407_hal_rcc.c ****             (READ_BIT(pll_config, RCC_CFGR3_PLLPREDIV) != RCC_OscInitStruct->PLL.PLLPrediv) ||
 1368              		.loc 1 722 14 is_stmt 0 view .LVU461
 1369 04c6 03F00301 		and	r1, r3, #3
 722:../../../../../../Drivers/PY32E407_HAL_Driver/Src/py32e407_hal_rcc.c ****             (READ_BIT(pll_config, RCC_CFGR3_PLLPREDIV) != RCC_OscInitStruct->PLL.PLLPrediv) ||
 1370              		.loc 1 722 101 view .LVU462
 1371 04ca 626A     		ldr	r2, [r4, #36]
 722:../../../../../../Drivers/PY32E407_HAL_Driver/Src/py32e407_hal_rcc.c ****             (READ_BIT(pll_config, RCC_CFGR3_PLLPREDIV) != RCC_OscInitStruct->PLL.PLLPrediv) ||
 1372              		.loc 1 722 12 view .LVU463
 1373 04cc 9142     		cmp	r1, r2
 1374 04ce 1CD1     		bne	.L117
 723:../../../../../../Drivers/PY32E407_HAL_Driver/Src/py32e407_hal_rcc.c ****             (((READ_BIT(pll_config, RCC_CFGR3_PLLFBDIV) >> RCC_CFGR3_PLLFBDIV_Pos) + 2U) != RCC_Osc
 1375              		.loc 1 723 14 discriminator 1 view .LVU464
 1376 04d0 03F00C02 		and	r2, r3, #12
 723:../../../../../../Drivers/PY32E407_HAL_Driver/Src/py32e407_hal_rcc.c ****             (((READ_BIT(pll_config, RCC_CFGR3_PLLFBDIV) >> RCC_CFGR3_PLLFBDIV_Pos) + 2U) != RCC_Osc
 1377              		.loc 1 723 81 discriminator 1 view .LVU465
 1378 04d4 E16A     		ldr	r1, [r4, #44]
 722:../../../../../../Drivers/PY32E407_HAL_Driver/Src/py32e407_hal_rcc.c ****             (READ_BIT(pll_config, RCC_CFGR3_PLLPREDIV) != RCC_OscInitStruct->PLL.PLLPrediv) ||
 1379              		.loc 1 722 113 discriminator 1 view .LVU466
 1380 04d6 8A42     		cmp	r2, r1
 1381 04d8 19D1     		bne	.L118
 724:../../../../../../Drivers/PY32E407_HAL_Driver/Src/py32e407_hal_rcc.c ****             (READ_BIT(pll_config, RCC_CFGR3_PLLPOSTDIV) != RCC_OscInitStruct->PLL.PLLPostdiv))
 1382              		.loc 1 724 57 view .LVU467
 1383 04da C3F30722 		ubfx	r2, r3, #8, #8
 724:../../../../../../Drivers/PY32E407_HAL_Driver/Src/py32e407_hal_rcc.c ****             (READ_BIT(pll_config, RCC_CFGR3_PLLPOSTDIV) != RCC_OscInitStruct->PLL.PLLPostdiv))
 1384              		.loc 1 724 84 view .LVU468
 1385 04de 0232     		adds	r2, r2, #2
 724:../../../../../../Drivers/PY32E407_HAL_Driver/Src/py32e407_hal_rcc.c ****             (READ_BIT(pll_config, RCC_CFGR3_PLLPOSTDIV) != RCC_OscInitStruct->PLL.PLLPostdiv))
 1386              		.loc 1 724 115 view .LVU469
 1387 04e0 A16A     		ldr	r1, [r4, #40]
 723:../../../../../../Drivers/PY32E407_HAL_Driver/Src/py32e407_hal_rcc.c ****             (((READ_BIT(pll_config, RCC_CFGR3_PLLFBDIV) >> RCC_CFGR3_PLLFBDIV_Pos) + 2U) != RCC_Osc
 1388              		.loc 1 723 93 view .LVU470
 1389 04e2 8A42     		cmp	r2, r1
 1390 04e4 15D1     		bne	.L119
 725:../../../../../../Drivers/PY32E407_HAL_Driver/Src/py32e407_hal_rcc.c ****         {
 1391              		.loc 1 725 14 view .LVU471
 1392 04e6 03F03003 		and	r3, r3, #48
 1393              	.LVL115:
 725:../../../../../../Drivers/PY32E407_HAL_Driver/Src/py32e407_hal_rcc.c ****         {
 1394              		.loc 1 725 82 view .LVU472
 1395 04ea 226B     		ldr	r2, [r4, #48]
 724:../../../../../../Drivers/PY32E407_HAL_Driver/Src/py32e407_hal_rcc.c ****             (READ_BIT(pll_config, RCC_CFGR3_PLLPOSTDIV) != RCC_OscInitStruct->PLL.PLLPostdiv))
 1396              		.loc 1 724 124 view .LVU473
 1397 04ec 9342     		cmp	r3, r2
ARM GAS  C:\Users\user\AppData\Local\Temp\ccuc8vss.s 			page 57


 1398 04ee 17D1     		bne	.L120
 733:../../../../../../Drivers/PY32E407_HAL_Driver/Src/py32e407_hal_rcc.c **** }
 1399              		.loc 1 733 10 view .LVU474
 1400 04f0 0020     		movs	r0, #0
 1401 04f2 06E0     		b	.L34
 1402              	.LVL116:
 1403              	.L96:
 1404              	.LCFI6:
 1405              		.cfi_def_cfa_offset 0
 1406              		.cfi_restore 4
 1407              		.cfi_restore 5
 1408              		.cfi_restore 6
 1409              		.cfi_restore 14
 323:../../../../../../Drivers/PY32E407_HAL_Driver/Src/py32e407_hal_rcc.c ****   }
 1410              		.loc 1 323 12 view .LVU475
 1411 04f4 0120     		movs	r0, #1
 1412              	.LVL117:
 734:../../../../../../Drivers/PY32E407_HAL_Driver/Src/py32e407_hal_rcc.c **** 
 1413              		.loc 1 734 1 view .LVU476
 1414 04f6 7047     		bx	lr
 1415              	.LVL118:
 1416              	.L128:
 1417              	.LCFI7:
 1418              		.cfi_def_cfa_offset 24
 1419              		.cfi_offset 4, -16
 1420              		.cfi_offset 5, -12
 1421              		.cfi_offset 6, -8
 1422              		.cfi_offset 14, -4
 343:../../../../../../Drivers/PY32E407_HAL_Driver/Src/py32e407_hal_rcc.c ****       }
 1423              		.loc 1 343 16 view .LVU477
 1424 04f8 0120     		movs	r0, #1
 1425              	.LVL119:
 343:../../../../../../Drivers/PY32E407_HAL_Driver/Src/py32e407_hal_rcc.c ****       }
 1426              		.loc 1 343 16 view .LVU478
 1427 04fa 02E0     		b	.L34
 1428              	.L101:
 418:../../../../../../Drivers/PY32E407_HAL_Driver/Src/py32e407_hal_rcc.c ****       }
 1429              		.loc 1 418 16 view .LVU479
 1430 04fc 0120     		movs	r0, #1
 1431 04fe 00E0     		b	.L34
 1432              	.L112:
 733:../../../../../../Drivers/PY32E407_HAL_Driver/Src/py32e407_hal_rcc.c **** }
 1433              		.loc 1 733 10 view .LVU480
 1434 0500 0020     		movs	r0, #0
 1435              	.LVL120:
 1436              	.L34:
 734:../../../../../../Drivers/PY32E407_HAL_Driver/Src/py32e407_hal_rcc.c **** 
 1437              		.loc 1 734 1 view .LVU481
 1438 0502 02B0     		add	sp, sp, #8
 1439              	.LCFI8:
 1440              		.cfi_remember_state
 1441              		.cfi_def_cfa_offset 16
 1442              		@ sp needed
 1443 0504 70BD     		pop	{r4, r5, r6, pc}
 1444              	.LVL121:
 1445              	.L116:
 1446              	.LCFI9:
ARM GAS  C:\Users\user\AppData\Local\Temp\ccuc8vss.s 			page 58


 1447              		.cfi_restore_state
 716:../../../../../../Drivers/PY32E407_HAL_Driver/Src/py32e407_hal_rcc.c ****       }
 1448              		.loc 1 716 16 view .LVU482
 1449 0506 0120     		movs	r0, #1
 1450 0508 FBE7     		b	.L34
 1451              	.LVL122:
 1452              	.L117:
 727:../../../../../../Drivers/PY32E407_HAL_Driver/Src/py32e407_hal_rcc.c ****         }
 1453              		.loc 1 727 18 view .LVU483
 1454 050a 0120     		movs	r0, #1
 1455 050c F9E7     		b	.L34
 1456              	.L118:
 1457 050e 0120     		movs	r0, #1
 1458 0510 F7E7     		b	.L34
 1459              	.L119:
 1460 0512 0120     		movs	r0, #1
 1461 0514 F5E7     		b	.L34
 1462              	.L145:
 1463 0516 00BF     		.align	2
 1464              	.L144:
 1465 0518 00100240 		.word	1073876992
 1466 051c 00700040 		.word	1073770496
 1467              	.LVL123:
 1468              	.L120:
 727:../../../../../../Drivers/PY32E407_HAL_Driver/Src/py32e407_hal_rcc.c ****         }
 1469              		.loc 1 727 18 view .LVU484
 1470 0520 0120     		movs	r0, #1
 1471 0522 EEE7     		b	.L34
 1472              		.cfi_endproc
 1473              	.LFE137:
 1475              		.section	.text.HAL_RCC_MCOConfig,"ax",%progbits
 1476              		.align	1
 1477              		.global	HAL_RCC_MCOConfig
 1478              		.syntax unified
 1479              		.thumb
 1480              		.thumb_func
 1482              	HAL_RCC_MCOConfig:
 1483              	.LVL124:
 1484              	.LFB139:
 987:../../../../../../Drivers/PY32E407_HAL_Driver/Src/py32e407_hal_rcc.c ****   GPIO_InitTypeDef GPIO_InitStruct = {0};
 1485              		.loc 1 987 1 is_stmt 1 view -0
 1486              		.cfi_startproc
 1487              		@ args = 0, pretend = 0, frame = 32
 1488              		@ frame_needed = 0, uses_anonymous_args = 0
 987:../../../../../../Drivers/PY32E407_HAL_Driver/Src/py32e407_hal_rcc.c ****   GPIO_InitTypeDef GPIO_InitStruct = {0};
 1489              		.loc 1 987 1 is_stmt 0 view .LVU486
 1490 0000 30B5     		push	{r4, r5, lr}
 1491              	.LCFI10:
 1492              		.cfi_def_cfa_offset 12
 1493              		.cfi_offset 4, -12
 1494              		.cfi_offset 5, -8
 1495              		.cfi_offset 14, -4
 1496 0002 89B0     		sub	sp, sp, #36
 1497              	.LCFI11:
 1498              		.cfi_def_cfa_offset 48
 1499 0004 0D46     		mov	r5, r1
 1500 0006 1446     		mov	r4, r2
ARM GAS  C:\Users\user\AppData\Local\Temp\ccuc8vss.s 			page 59


 988:../../../../../../Drivers/PY32E407_HAL_Driver/Src/py32e407_hal_rcc.c **** 
 1501              		.loc 1 988 3 is_stmt 1 view .LVU487
 988:../../../../../../Drivers/PY32E407_HAL_Driver/Src/py32e407_hal_rcc.c **** 
 1502              		.loc 1 988 20 is_stmt 0 view .LVU488
 1503 0008 0023     		movs	r3, #0
 1504 000a 0393     		str	r3, [sp, #12]
 1505 000c 0493     		str	r3, [sp, #16]
 1506 000e 0593     		str	r3, [sp, #20]
 1507 0010 0693     		str	r3, [sp, #24]
 1508 0012 0793     		str	r3, [sp, #28]
 991:../../../../../../Drivers/PY32E407_HAL_Driver/Src/py32e407_hal_rcc.c ****   assert_param(IS_RCC_MCODIV(RCC_MCODiv));
 1509              		.loc 1 991 3 is_stmt 1 view .LVU489
 992:../../../../../../Drivers/PY32E407_HAL_Driver/Src/py32e407_hal_rcc.c ****   assert_param(IS_RCC_MCOSOURCE(RCC_MCOSource));
 1510              		.loc 1 992 3 view .LVU490
 993:../../../../../../Drivers/PY32E407_HAL_Driver/Src/py32e407_hal_rcc.c **** 
 1511              		.loc 1 993 3 view .LVU491
 995:../../../../../../Drivers/PY32E407_HAL_Driver/Src/py32e407_hal_rcc.c ****   GPIO_InitStruct.Speed = GPIO_SPEED_FREQ_VERY_HIGH;
 1512              		.loc 1 995 3 view .LVU492
 995:../../../../../../Drivers/PY32E407_HAL_Driver/Src/py32e407_hal_rcc.c ****   GPIO_InitStruct.Speed = GPIO_SPEED_FREQ_VERY_HIGH;
 1513              		.loc 1 995 24 is_stmt 0 view .LVU493
 1514 0014 0223     		movs	r3, #2
 1515 0016 0493     		str	r3, [sp, #16]
 996:../../../../../../Drivers/PY32E407_HAL_Driver/Src/py32e407_hal_rcc.c ****   GPIO_InitStruct.Pull = GPIO_NOPULL;
 1516              		.loc 1 996 3 is_stmt 1 view .LVU494
 996:../../../../../../Drivers/PY32E407_HAL_Driver/Src/py32e407_hal_rcc.c ****   GPIO_InitStruct.Pull = GPIO_NOPULL;
 1517              		.loc 1 996 25 is_stmt 0 view .LVU495
 1518 0018 0323     		movs	r3, #3
 1519 001a 0693     		str	r3, [sp, #24]
 997:../../../../../../Drivers/PY32E407_HAL_Driver/Src/py32e407_hal_rcc.c ****   switch(RCC_MCOx)
 1520              		.loc 1 997 3 is_stmt 1 view .LVU496
 998:../../../../../../Drivers/PY32E407_HAL_Driver/Src/py32e407_hal_rcc.c ****   {
 1521              		.loc 1 998 3 view .LVU497
 1522 001c 0128     		cmp	r0, #1
 1523 001e 1ED0     		beq	.L150
1008:../../../../../../Drivers/PY32E407_HAL_Driver/Src/py32e407_hal_rcc.c ****       GPIO_InitStruct.Pin = GPIO_PIN_8;
 1524              		.loc 1 1008 7 view .LVU498
 1525              	.LBB5:
1008:../../../../../../Drivers/PY32E407_HAL_Driver/Src/py32e407_hal_rcc.c ****       GPIO_InitStruct.Pin = GPIO_PIN_8;
 1526              		.loc 1 1008 7 view .LVU499
1008:../../../../../../Drivers/PY32E407_HAL_Driver/Src/py32e407_hal_rcc.c ****       GPIO_InitStruct.Pin = GPIO_PIN_8;
 1527              		.loc 1 1008 7 view .LVU500
 1528 0020 174B     		ldr	r3, .L151
 1529 0022 DA6C     		ldr	r2, [r3, #76]
 1530              	.LVL125:
1008:../../../../../../Drivers/PY32E407_HAL_Driver/Src/py32e407_hal_rcc.c ****       GPIO_InitStruct.Pin = GPIO_PIN_8;
 1531              		.loc 1 1008 7 is_stmt 0 view .LVU501
 1532 0024 42F00402 		orr	r2, r2, #4
 1533 0028 DA64     		str	r2, [r3, #76]
1008:../../../../../../Drivers/PY32E407_HAL_Driver/Src/py32e407_hal_rcc.c ****       GPIO_InitStruct.Pin = GPIO_PIN_8;
 1534              		.loc 1 1008 7 is_stmt 1 view .LVU502
 1535 002a DB6C     		ldr	r3, [r3, #76]
 1536 002c 03F00403 		and	r3, r3, #4
 1537 0030 0293     		str	r3, [sp, #8]
1008:../../../../../../Drivers/PY32E407_HAL_Driver/Src/py32e407_hal_rcc.c ****       GPIO_InitStruct.Pin = GPIO_PIN_8;
 1538              		.loc 1 1008 7 view .LVU503
 1539 0032 029B     		ldr	r3, [sp, #8]
 1540              	.LBE5:
ARM GAS  C:\Users\user\AppData\Local\Temp\ccuc8vss.s 			page 60


1008:../../../../../../Drivers/PY32E407_HAL_Driver/Src/py32e407_hal_rcc.c ****       GPIO_InitStruct.Pin = GPIO_PIN_8;
 1541              		.loc 1 1008 7 view .LVU504
1009:../../../../../../Drivers/PY32E407_HAL_Driver/Src/py32e407_hal_rcc.c ****       GPIO_InitStruct.Alternate = GPIO_AF0_MCO;
 1542              		.loc 1 1009 7 view .LVU505
1009:../../../../../../Drivers/PY32E407_HAL_Driver/Src/py32e407_hal_rcc.c ****       GPIO_InitStruct.Alternate = GPIO_AF0_MCO;
 1543              		.loc 1 1009 27 is_stmt 0 view .LVU506
 1544 0034 4FF48073 		mov	r3, #256
 1545 0038 0393     		str	r3, [sp, #12]
1010:../../../../../../Drivers/PY32E407_HAL_Driver/Src/py32e407_hal_rcc.c ****       HAL_GPIO_Init(GPIOA, &GPIO_InitStruct);
 1546              		.loc 1 1010 7 is_stmt 1 view .LVU507
1011:../../../../../../Drivers/PY32E407_HAL_Driver/Src/py32e407_hal_rcc.c ****       break;
 1547              		.loc 1 1011 7 view .LVU508
 1548 003a 03A9     		add	r1, sp, #12
 1549              	.LVL126:
1011:../../../../../../Drivers/PY32E407_HAL_Driver/Src/py32e407_hal_rcc.c ****       break;
 1550              		.loc 1 1011 7 is_stmt 0 view .LVU509
 1551 003c 4FF09040 		mov	r0, #1207959552
 1552              	.LVL127:
1011:../../../../../../Drivers/PY32E407_HAL_Driver/Src/py32e407_hal_rcc.c ****       break;
 1553              		.loc 1 1011 7 view .LVU510
 1554 0040 FFF7FEFF 		bl	HAL_GPIO_Init
 1555              	.LVL128:
1012:../../../../../../Drivers/PY32E407_HAL_Driver/Src/py32e407_hal_rcc.c ****   }
 1556              		.loc 1 1012 7 is_stmt 1 view .LVU511
 1557              	.L148:
1016:../../../../../../Drivers/PY32E407_HAL_Driver/Src/py32e407_hal_rcc.c ****     MODIFY_REG(RCC->CFGR1, RCC_CFGR1_MCOPRE, RCC_MCODiv);
 1558              		.loc 1 1016 5 view .LVU512
 1559 0044 0E48     		ldr	r0, .L151
 1560 0046 4368     		ldr	r3, [r0, #4]
 1561 0048 23F07063 		bic	r3, r3, #251658240
 1562 004c 2B43     		orrs	r3, r3, r5
 1563 004e 4360     		str	r3, [r0, #4]
1017:../../../../../../Drivers/PY32E407_HAL_Driver/Src/py32e407_hal_rcc.c **** }
 1564              		.loc 1 1017 5 view .LVU513
 1565 0050 836F     		ldr	r3, [r0, #120]
 1566 0052 23F00703 		bic	r3, r3, #7
 1567 0056 2343     		orrs	r3, r3, r4
 1568 0058 8367     		str	r3, [r0, #120]
1018:../../../../../../Drivers/PY32E407_HAL_Driver/Src/py32e407_hal_rcc.c **** 
 1569              		.loc 1 1018 1 is_stmt 0 view .LVU514
 1570 005a 09B0     		add	sp, sp, #36
 1571              	.LCFI12:
 1572              		.cfi_remember_state
 1573              		.cfi_def_cfa_offset 12
 1574              		@ sp needed
 1575 005c 30BD     		pop	{r4, r5, pc}
 1576              	.LVL129:
 1577              	.L150:
 1578              	.LCFI13:
 1579              		.cfi_restore_state
1001:../../../../../../Drivers/PY32E407_HAL_Driver/Src/py32e407_hal_rcc.c ****       GPIO_InitStruct.Pin = GPIO_PIN_5;
 1580              		.loc 1 1001 7 is_stmt 1 view .LVU515
 1581              	.LBB6:
1001:../../../../../../Drivers/PY32E407_HAL_Driver/Src/py32e407_hal_rcc.c ****       GPIO_InitStruct.Pin = GPIO_PIN_5;
 1582              		.loc 1 1001 7 view .LVU516
1001:../../../../../../Drivers/PY32E407_HAL_Driver/Src/py32e407_hal_rcc.c ****       GPIO_InitStruct.Pin = GPIO_PIN_5;
 1583              		.loc 1 1001 7 view .LVU517
ARM GAS  C:\Users\user\AppData\Local\Temp\ccuc8vss.s 			page 61


 1584 005e 084B     		ldr	r3, .L151
 1585 0060 DA6C     		ldr	r2, [r3, #76]
 1586              	.LVL130:
1001:../../../../../../Drivers/PY32E407_HAL_Driver/Src/py32e407_hal_rcc.c ****       GPIO_InitStruct.Pin = GPIO_PIN_5;
 1587              		.loc 1 1001 7 is_stmt 0 view .LVU518
 1588 0062 42F08002 		orr	r2, r2, #128
 1589 0066 DA64     		str	r2, [r3, #76]
1001:../../../../../../Drivers/PY32E407_HAL_Driver/Src/py32e407_hal_rcc.c ****       GPIO_InitStruct.Pin = GPIO_PIN_5;
 1590              		.loc 1 1001 7 is_stmt 1 view .LVU519
 1591 0068 DB6C     		ldr	r3, [r3, #76]
 1592 006a 03F08003 		and	r3, r3, #128
 1593 006e 0193     		str	r3, [sp, #4]
1001:../../../../../../Drivers/PY32E407_HAL_Driver/Src/py32e407_hal_rcc.c ****       GPIO_InitStruct.Pin = GPIO_PIN_5;
 1594              		.loc 1 1001 7 view .LVU520
 1595 0070 019B     		ldr	r3, [sp, #4]
 1596              	.LBE6:
1001:../../../../../../Drivers/PY32E407_HAL_Driver/Src/py32e407_hal_rcc.c ****       GPIO_InitStruct.Pin = GPIO_PIN_5;
 1597              		.loc 1 1001 7 view .LVU521
1002:../../../../../../Drivers/PY32E407_HAL_Driver/Src/py32e407_hal_rcc.c ****       GPIO_InitStruct.Alternate = GPIO_AF0_MCO;
 1598              		.loc 1 1002 7 view .LVU522
1002:../../../../../../Drivers/PY32E407_HAL_Driver/Src/py32e407_hal_rcc.c ****       GPIO_InitStruct.Alternate = GPIO_AF0_MCO;
 1599              		.loc 1 1002 27 is_stmt 0 view .LVU523
 1600 0072 2023     		movs	r3, #32
 1601 0074 0393     		str	r3, [sp, #12]
1003:../../../../../../Drivers/PY32E407_HAL_Driver/Src/py32e407_hal_rcc.c ****       HAL_GPIO_Init(GPIOF, &GPIO_InitStruct);
 1602              		.loc 1 1003 7 is_stmt 1 view .LVU524
1004:../../../../../../Drivers/PY32E407_HAL_Driver/Src/py32e407_hal_rcc.c ****       break;
 1603              		.loc 1 1004 7 view .LVU525
 1604 0076 03A9     		add	r1, sp, #12
 1605              	.LVL131:
1004:../../../../../../Drivers/PY32E407_HAL_Driver/Src/py32e407_hal_rcc.c ****       break;
 1606              		.loc 1 1004 7 is_stmt 0 view .LVU526
 1607 0078 0248     		ldr	r0, .L151+4
 1608              	.LVL132:
1004:../../../../../../Drivers/PY32E407_HAL_Driver/Src/py32e407_hal_rcc.c ****       break;
 1609              		.loc 1 1004 7 view .LVU527
 1610 007a FFF7FEFF 		bl	HAL_GPIO_Init
 1611              	.LVL133:
1005:../../../../../../Drivers/PY32E407_HAL_Driver/Src/py32e407_hal_rcc.c ****     case RCC_MCO1 :  /* PA08 */
 1612              		.loc 1 1005 7 is_stmt 1 view .LVU528
 1613 007e E1E7     		b	.L148
 1614              	.L152:
 1615              		.align	2
 1616              	.L151:
 1617 0080 00100240 		.word	1073876992
 1618 0084 00140048 		.word	1207964672
 1619              		.cfi_endproc
 1620              	.LFE139:
 1622              		.section	.text.HAL_RCC_EnableCSS,"ax",%progbits
 1623              		.align	1
 1624              		.global	HAL_RCC_EnableCSS
 1625              		.syntax unified
 1626              		.thumb
 1627              		.thumb_func
 1629              	HAL_RCC_EnableCSS:
 1630              	.LFB140:
1030:../../../../../../Drivers/PY32E407_HAL_Driver/Src/py32e407_hal_rcc.c ****   SET_BIT(RCC->CR, RCC_CR_CSSON);
ARM GAS  C:\Users\user\AppData\Local\Temp\ccuc8vss.s 			page 62


 1631              		.loc 1 1030 1 view -0
 1632              		.cfi_startproc
 1633              		@ args = 0, pretend = 0, frame = 0
 1634              		@ frame_needed = 0, uses_anonymous_args = 0
 1635              		@ link register save eliminated.
1031:../../../../../../Drivers/PY32E407_HAL_Driver/Src/py32e407_hal_rcc.c **** }
 1636              		.loc 1 1031 3 view .LVU530
 1637 0000 024A     		ldr	r2, .L154
 1638 0002 1368     		ldr	r3, [r2]
 1639 0004 43F40023 		orr	r3, r3, #524288
 1640 0008 1360     		str	r3, [r2]
1032:../../../../../../Drivers/PY32E407_HAL_Driver/Src/py32e407_hal_rcc.c **** 
 1641              		.loc 1 1032 1 is_stmt 0 view .LVU531
 1642 000a 7047     		bx	lr
 1643              	.L155:
 1644              		.align	2
 1645              	.L154:
 1646 000c 00100240 		.word	1073876992
 1647              		.cfi_endproc
 1648              	.LFE140:
 1650              		.section	.text.HAL_RCC_GetSysClockFreq,"ax",%progbits
 1651              		.align	1
 1652              		.global	HAL_RCC_GetSysClockFreq
 1653              		.syntax unified
 1654              		.thumb
 1655              		.thumb_func
 1657              	HAL_RCC_GetSysClockFreq:
 1658              	.LFB141:
1063:../../../../../../Drivers/PY32E407_HAL_Driver/Src/py32e407_hal_rcc.c ****   const uint8_t aDivFactorTable[4] = {1, 2, 4, 8};
 1659              		.loc 1 1063 1 is_stmt 1 view -0
 1660              		.cfi_startproc
 1661              		@ args = 0, pretend = 0, frame = 8
 1662              		@ frame_needed = 0, uses_anonymous_args = 0
 1663              		@ link register save eliminated.
 1664 0000 82B0     		sub	sp, sp, #8
 1665              	.LCFI14:
 1666              		.cfi_def_cfa_offset 8
1064:../../../../../../Drivers/PY32E407_HAL_Driver/Src/py32e407_hal_rcc.c ****   const uint8_t aXTPredivFactorTable[2] = {1, 2};
 1667              		.loc 1 1064 3 view .LVU533
1064:../../../../../../Drivers/PY32E407_HAL_Driver/Src/py32e407_hal_rcc.c ****   const uint8_t aXTPredivFactorTable[2] = {1, 2};
 1668              		.loc 1 1064 17 is_stmt 0 view .LVU534
 1669 0002 274B     		ldr	r3, .L163
 1670 0004 0193     		str	r3, [sp, #4]
1065:../../../../../../Drivers/PY32E407_HAL_Driver/Src/py32e407_hal_rcc.c **** 
 1671              		.loc 1 1065 3 is_stmt 1 view .LVU535
1065:../../../../../../Drivers/PY32E407_HAL_Driver/Src/py32e407_hal_rcc.c **** 
 1672              		.loc 1 1065 17 is_stmt 0 view .LVU536
 1673 0006 40F20123 		movw	r3, #513
 1674 000a ADF80030 		strh	r3, [sp]	@ movhi
1067:../../../../../../Drivers/PY32E407_HAL_Driver/Src/py32e407_hal_rcc.c ****   uint32_t sysclockfreq = 0U;
 1675              		.loc 1 1067 3 is_stmt 1 view .LVU537
 1676              	.LVL134:
1068:../../../../../../Drivers/PY32E407_HAL_Driver/Src/py32e407_hal_rcc.c **** 
 1677              		.loc 1 1068 3 view .LVU538
1070:../../../../../../Drivers/PY32E407_HAL_Driver/Src/py32e407_hal_rcc.c ****   
 1678              		.loc 1 1070 3 view .LVU539
1070:../../../../../../Drivers/PY32E407_HAL_Driver/Src/py32e407_hal_rcc.c ****   
ARM GAS  C:\Users\user\AppData\Local\Temp\ccuc8vss.s 			page 63


 1679              		.loc 1 1070 10 is_stmt 0 view .LVU540
 1680 000e 254A     		ldr	r2, .L163+4
 1681 0010 5368     		ldr	r3, [r2, #4]
 1682              	.LVL135:
1072:../../../../../../Drivers/PY32E407_HAL_Driver/Src/py32e407_hal_rcc.c **** 
 1683              		.loc 1 1072 3 is_stmt 1 view .LVU541
1072:../../../../../../Drivers/PY32E407_HAL_Driver/Src/py32e407_hal_rcc.c **** 
 1684              		.loc 1 1072 13 is_stmt 0 view .LVU542
 1685 0012 D2F88020 		ldr	r2, [r2, #128]
 1686              	.LVL136:
1075:../../../../../../Drivers/PY32E407_HAL_Driver/Src/py32e407_hal_rcc.c ****   {
 1687              		.loc 1 1075 3 is_stmt 1 view .LVU543
1075:../../../../../../Drivers/PY32E407_HAL_Driver/Src/py32e407_hal_rcc.c ****   {
 1688              		.loc 1 1075 18 is_stmt 0 view .LVU544
 1689 0016 03F00C03 		and	r3, r3, #12
 1690              	.LVL137:
1075:../../../../../../Drivers/PY32E407_HAL_Driver/Src/py32e407_hal_rcc.c ****   {
 1691              		.loc 1 1075 3 view .LVU545
 1692 001a 042B     		cmp	r3, #4
 1693 001c 3AD0     		beq	.L160
 1694 001e 082B     		cmp	r3, #8
 1695 0020 3AD1     		bne	.L161
1084:../../../../../../Drivers/PY32E407_HAL_Driver/Src/py32e407_hal_rcc.c ****       pllpostdiv = aDivFactorTable[(uint32_t)(RCC->CFGR3 & RCC_CFGR3_PLLPOSTDIV) >> RCC_CFGR3_PLLPO
 1696              		.loc 1 1084 7 is_stmt 1 view .LVU546
1084:../../../../../../Drivers/PY32E407_HAL_Driver/Src/py32e407_hal_rcc.c ****       pllpostdiv = aDivFactorTable[(uint32_t)(RCC->CFGR3 & RCC_CFGR3_PLLPOSTDIV) >> RCC_CFGR3_PLLPO
 1697              		.loc 1 1084 49 is_stmt 0 view .LVU547
 1698 0022 2049     		ldr	r1, .L163+4
 1699 0024 D1F88030 		ldr	r3, [r1, #128]
1084:../../../../../../Drivers/PY32E407_HAL_Driver/Src/py32e407_hal_rcc.c ****       pllpostdiv = aDivFactorTable[(uint32_t)(RCC->CFGR3 & RCC_CFGR3_PLLPOSTDIV) >> RCC_CFGR3_PLLPO
 1700              		.loc 1 1084 80 view .LVU548
 1701 0028 C3F38103 		ubfx	r3, r3, #2, #2
1084:../../../../../../Drivers/PY32E407_HAL_Driver/Src/py32e407_hal_rcc.c ****       pllpostdiv = aDivFactorTable[(uint32_t)(RCC->CFGR3 & RCC_CFGR3_PLLPOSTDIV) >> RCC_CFGR3_PLLPO
 1702              		.loc 1 1084 34 view .LVU549
 1703 002c 0833     		adds	r3, r3, #8
 1704 002e 6B44     		add	r3, sp, r3
 1705 0030 13F804CC 		ldrb	ip, [r3, #-4]	@ zero_extendqisi2
 1706              	.LVL138:
1085:../../../../../../Drivers/PY32E407_HAL_Driver/Src/py32e407_hal_rcc.c ****       pllmul = (READ_BIT(RCC->CFGR3, RCC_CFGR3_PLLFBDIV) >> RCC_CFGR3_PLLFBDIV_Pos) + 2U;
 1707              		.loc 1 1085 7 is_stmt 1 view .LVU550
1085:../../../../../../Drivers/PY32E407_HAL_Driver/Src/py32e407_hal_rcc.c ****       pllmul = (READ_BIT(RCC->CFGR3, RCC_CFGR3_PLLFBDIV) >> RCC_CFGR3_PLLFBDIV_Pos) + 2U;
 1708              		.loc 1 1085 50 is_stmt 0 view .LVU551
 1709 0034 D1F88030 		ldr	r3, [r1, #128]
1085:../../../../../../Drivers/PY32E407_HAL_Driver/Src/py32e407_hal_rcc.c ****       pllmul = (READ_BIT(RCC->CFGR3, RCC_CFGR3_PLLFBDIV) >> RCC_CFGR3_PLLFBDIV_Pos) + 2U;
 1710              		.loc 1 1085 82 view .LVU552
 1711 0038 C3F30113 		ubfx	r3, r3, #4, #2
1085:../../../../../../Drivers/PY32E407_HAL_Driver/Src/py32e407_hal_rcc.c ****       pllmul = (READ_BIT(RCC->CFGR3, RCC_CFGR3_PLLFBDIV) >> RCC_CFGR3_PLLFBDIV_Pos) + 2U;
 1712              		.loc 1 1085 35 view .LVU553
 1713 003c 0833     		adds	r3, r3, #8
 1714 003e 6B44     		add	r3, sp, r3
 1715 0040 13F8040C 		ldrb	r0, [r3, #-4]	@ zero_extendqisi2
 1716              	.LVL139:
1086:../../../../../../Drivers/PY32E407_HAL_Driver/Src/py32e407_hal_rcc.c ****       if (((tmppllreg & (RCC_CFGR3_PLLSRC | RCC_CFGR3_PLLXTPRE)) == RCC_PLLSOURCE_HSE) || \
 1717              		.loc 1 1086 7 is_stmt 1 view .LVU554
1086:../../../../../../Drivers/PY32E407_HAL_Driver/Src/py32e407_hal_rcc.c ****       if (((tmppllreg & (RCC_CFGR3_PLLSRC | RCC_CFGR3_PLLXTPRE)) == RCC_PLLSOURCE_HSE) || \
 1718              		.loc 1 1086 17 is_stmt 0 view .LVU555
 1719 0044 D1F88030 		ldr	r3, [r1, #128]
1086:../../../../../../Drivers/PY32E407_HAL_Driver/Src/py32e407_hal_rcc.c ****       if (((tmppllreg & (RCC_CFGR3_PLLSRC | RCC_CFGR3_PLLXTPRE)) == RCC_PLLSOURCE_HSE) || \
ARM GAS  C:\Users\user\AppData\Local\Temp\ccuc8vss.s 			page 64


 1720              		.loc 1 1086 58 view .LVU556
 1721 0048 C3F30723 		ubfx	r3, r3, #8, #8
1086:../../../../../../Drivers/PY32E407_HAL_Driver/Src/py32e407_hal_rcc.c ****       if (((tmppllreg & (RCC_CFGR3_PLLSRC | RCC_CFGR3_PLLXTPRE)) == RCC_PLLSOURCE_HSE) || \
 1722              		.loc 1 1086 14 view .LVU557
 1723 004c 0233     		adds	r3, r3, #2
 1724              	.LVL140:
1087:../../../../../../Drivers/PY32E407_HAL_Driver/Src/py32e407_hal_rcc.c ****           ((tmppllreg & (RCC_CFGR3_PLLSRC | RCC_CFGR3_PLLXTPRE)) == RCC_PLLSOURCE_HSE_DIV2))
 1725              		.loc 1 1087 7 is_stmt 1 view .LVU558
1087:../../../../../../Drivers/PY32E407_HAL_Driver/Src/py32e407_hal_rcc.c ****           ((tmppllreg & (RCC_CFGR3_PLLSRC | RCC_CFGR3_PLLXTPRE)) == RCC_PLLSOURCE_HSE_DIV2))
 1726              		.loc 1 1087 23 is_stmt 0 view .LVU559
 1727 004e 02F00302 		and	r2, r2, #3
 1728              	.LVL141:
1087:../../../../../../Drivers/PY32E407_HAL_Driver/Src/py32e407_hal_rcc.c ****           ((tmppllreg & (RCC_CFGR3_PLLSRC | RCC_CFGR3_PLLXTPRE)) == RCC_PLLSOURCE_HSE_DIV2))
 1729              		.loc 1 1087 10 view .LVU560
 1730 0052 012A     		cmp	r2, #1
 1731 0054 09D0     		beq	.L158
1087:../../../../../../Drivers/PY32E407_HAL_Driver/Src/py32e407_hal_rcc.c ****           ((tmppllreg & (RCC_CFGR3_PLLSRC | RCC_CFGR3_PLLXTPRE)) == RCC_PLLSOURCE_HSE_DIV2))
 1732              		.loc 1 1087 88 discriminator 1 view .LVU561
 1733 0056 032A     		cmp	r2, #3
 1734 0058 07D0     		beq	.L158
1098:../../../../../../Drivers/PY32E407_HAL_Driver/Src/py32e407_hal_rcc.c ****       }
 1735              		.loc 1 1098 9 is_stmt 1 view .LVU562
1098:../../../../../../Drivers/PY32E407_HAL_Driver/Src/py32e407_hal_rcc.c ****       }
 1736              		.loc 1 1098 47 is_stmt 0 view .LVU563
 1737 005a 134A     		ldr	r2, .L163+8
 1738 005c B2FBFCF2 		udiv	r2, r2, ip
1098:../../../../../../Drivers/PY32E407_HAL_Driver/Src/py32e407_hal_rcc.c ****       }
 1739              		.loc 1 1098 59 view .LVU564
 1740 0060 02FB03F3 		mul	r3, r2, r3
 1741              	.LVL142:
1098:../../../../../../Drivers/PY32E407_HAL_Driver/Src/py32e407_hal_rcc.c ****       }
 1742              		.loc 1 1098 16 view .LVU565
 1743 0064 B3FBF0F0 		udiv	r0, r3, r0
 1744              	.LVL143:
1098:../../../../../../Drivers/PY32E407_HAL_Driver/Src/py32e407_hal_rcc.c ****       }
 1745              		.loc 1 1098 16 view .LVU566
 1746 0068 17E0     		b	.L156
 1747              	.LVL144:
 1748              	.L158:
1090:../../../../../../Drivers/PY32E407_HAL_Driver/Src/py32e407_hal_rcc.c ****         
 1749              		.loc 1 1090 9 is_stmt 1 view .LVU567
1090:../../../../../../Drivers/PY32E407_HAL_Driver/Src/py32e407_hal_rcc.c ****         
 1750              		.loc 1 1090 58 is_stmt 0 view .LVU568
 1751 006a 0E4A     		ldr	r2, .L163+4
 1752 006c D2F88010 		ldr	r1, [r2, #128]
1090:../../../../../../Drivers/PY32E407_HAL_Driver/Src/py32e407_hal_rcc.c ****         
 1753              		.loc 1 1090 88 view .LVU569
 1754 0070 C1F34001 		ubfx	r1, r1, #1, #1
1090:../../../../../../Drivers/PY32E407_HAL_Driver/Src/py32e407_hal_rcc.c ****         
 1755              		.loc 1 1090 43 view .LVU570
 1756 0074 01F10802 		add	r2, r1, #8
 1757 0078 0DEB0201 		add	r1, sp, r2
 1758 007c 11F8081C 		ldrb	r1, [r1, #-8]	@ zero_extendqisi2
 1759              	.LVL145:
1093:../../../../../../Drivers/PY32E407_HAL_Driver/Src/py32e407_hal_rcc.c ****       }
 1760              		.loc 1 1093 9 is_stmt 1 view .LVU571
1093:../../../../../../Drivers/PY32E407_HAL_Driver/Src/py32e407_hal_rcc.c ****       }
ARM GAS  C:\Users\user\AppData\Local\Temp\ccuc8vss.s 			page 65


 1761              		.loc 1 1093 40 is_stmt 0 view .LVU572
 1762 0080 0A4A     		ldr	r2, .L163+12
 1763 0082 B2FBF1F2 		udiv	r2, r2, r1
1093:../../../../../../Drivers/PY32E407_HAL_Driver/Src/py32e407_hal_rcc.c ****       }
 1764              		.loc 1 1093 55 view .LVU573
 1765 0086 B2FBFCF2 		udiv	r2, r2, ip
1093:../../../../../../Drivers/PY32E407_HAL_Driver/Src/py32e407_hal_rcc.c ****       }
 1766              		.loc 1 1093 67 view .LVU574
 1767 008a 02FB03F3 		mul	r3, r2, r3
 1768              	.LVL146:
1093:../../../../../../Drivers/PY32E407_HAL_Driver/Src/py32e407_hal_rcc.c ****       }
 1769              		.loc 1 1093 16 view .LVU575
 1770 008e B3FBF0F0 		udiv	r0, r3, r0
 1771              	.LVL147:
1093:../../../../../../Drivers/PY32E407_HAL_Driver/Src/py32e407_hal_rcc.c ****       }
 1772              		.loc 1 1093 16 view .LVU576
 1773 0092 02E0     		b	.L156
 1774              	.LVL148:
 1775              	.L160:
1075:../../../../../../Drivers/PY32E407_HAL_Driver/Src/py32e407_hal_rcc.c ****   {
 1776              		.loc 1 1075 3 view .LVU577
 1777 0094 0548     		ldr	r0, .L163+12
 1778 0096 00E0     		b	.L156
 1779              	.L161:
1106:../../../../../../Drivers/PY32E407_HAL_Driver/Src/py32e407_hal_rcc.c ****       break;
 1780              		.loc 1 1106 20 view .LVU578
 1781 0098 0548     		ldr	r0, .L163+16
 1782              	.LVL149:
1110:../../../../../../Drivers/PY32E407_HAL_Driver/Src/py32e407_hal_rcc.c **** }
 1783              		.loc 1 1110 3 is_stmt 1 view .LVU579
 1784              	.L156:
1111:../../../../../../Drivers/PY32E407_HAL_Driver/Src/py32e407_hal_rcc.c **** 
 1785              		.loc 1 1111 1 is_stmt 0 view .LVU580
 1786 009a 02B0     		add	sp, sp, #8
 1787              	.LCFI15:
 1788              		.cfi_def_cfa_offset 0
 1789              		@ sp needed
 1790 009c 7047     		bx	lr
 1791              	.L164:
 1792 009e 00BF     		.align	2
 1793              	.L163:
 1794 00a0 01020408 		.word	134480385
 1795 00a4 00100240 		.word	1073876992
 1796 00a8 00127A00 		.word	8000000
 1797 00ac 00366E01 		.word	24000000
 1798 00b0 0024F400 		.word	16000000
 1799              		.cfi_endproc
 1800              	.LFE141:
 1802              		.section	.text.HAL_RCC_ClockConfig,"ax",%progbits
 1803              		.align	1
 1804              		.global	HAL_RCC_ClockConfig
 1805              		.syntax unified
 1806              		.thumb
 1807              		.thumb_func
 1809              	HAL_RCC_ClockConfig:
 1810              	.LVL150:
 1811              	.LFB138:
ARM GAS  C:\Users\user\AppData\Local\Temp\ccuc8vss.s 			page 66


 760:../../../../../../Drivers/PY32E407_HAL_Driver/Src/py32e407_hal_rcc.c ****   uint32_t tickstart;
 1812              		.loc 1 760 1 is_stmt 1 view -0
 1813              		.cfi_startproc
 1814              		@ args = 0, pretend = 0, frame = 0
 1815              		@ frame_needed = 0, uses_anonymous_args = 0
 761:../../../../../../Drivers/PY32E407_HAL_Driver/Src/py32e407_hal_rcc.c ****   uint32_t pllfreq;
 1816              		.loc 1 761 3 view .LVU582
 762:../../../../../../Drivers/PY32E407_HAL_Driver/Src/py32e407_hal_rcc.c ****   uint32_t hpre = RCC_SYSCLK_DIV1;
 1817              		.loc 1 762 3 view .LVU583
 763:../../../../../../Drivers/PY32E407_HAL_Driver/Src/py32e407_hal_rcc.c **** 
 1818              		.loc 1 763 3 view .LVU584
 766:../../../../../../Drivers/PY32E407_HAL_Driver/Src/py32e407_hal_rcc.c ****   {
 1819              		.loc 1 766 3 view .LVU585
 766:../../../../../../Drivers/PY32E407_HAL_Driver/Src/py32e407_hal_rcc.c ****   {
 1820              		.loc 1 766 6 is_stmt 0 view .LVU586
 1821 0000 0028     		cmp	r0, #0
 1822 0002 00F0CF80 		beq	.L184
 760:../../../../../../Drivers/PY32E407_HAL_Driver/Src/py32e407_hal_rcc.c ****   uint32_t tickstart;
 1823              		.loc 1 760 1 view .LVU587
 1824 0006 F8B5     		push	{r3, r4, r5, r6, r7, lr}
 1825              	.LCFI16:
 1826              		.cfi_def_cfa_offset 24
 1827              		.cfi_offset 3, -24
 1828              		.cfi_offset 4, -20
 1829              		.cfi_offset 5, -16
 1830              		.cfi_offset 6, -12
 1831              		.cfi_offset 7, -8
 1832              		.cfi_offset 14, -4
 1833 0008 0C46     		mov	r4, r1
 1834 000a 0546     		mov	r5, r0
 772:../../../../../../Drivers/PY32E407_HAL_Driver/Src/py32e407_hal_rcc.c ****   assert_param(IS_FLASH_LATENCY(FLatency));
 1835              		.loc 1 772 3 is_stmt 1 view .LVU588
 773:../../../../../../Drivers/PY32E407_HAL_Driver/Src/py32e407_hal_rcc.c **** 
 1836              		.loc 1 773 3 view .LVU589
 781:../../../../../../Drivers/PY32E407_HAL_Driver/Src/py32e407_hal_rcc.c ****   {
 1837              		.loc 1 781 3 view .LVU590
 781:../../../../../../Drivers/PY32E407_HAL_Driver/Src/py32e407_hal_rcc.c ****   {
 1838              		.loc 1 781 18 is_stmt 0 view .LVU591
 1839 000c 684B     		ldr	r3, .L203
 1840 000e 1B68     		ldr	r3, [r3]
 1841 0010 03F00F03 		and	r3, r3, #15
 781:../../../../../../Drivers/PY32E407_HAL_Driver/Src/py32e407_hal_rcc.c ****   {
 1842              		.loc 1 781 6 view .LVU592
 1843 0014 8B42     		cmp	r3, r1
 1844 0016 0BD2     		bcs	.L167
 784:../../../../../../Drivers/PY32E407_HAL_Driver/Src/py32e407_hal_rcc.c **** 
 1845              		.loc 1 784 5 is_stmt 1 view .LVU593
 1846 0018 654A     		ldr	r2, .L203
 1847 001a 1368     		ldr	r3, [r2]
 1848 001c 23F00F03 		bic	r3, r3, #15
 1849 0020 0B43     		orrs	r3, r3, r1
 1850 0022 1360     		str	r3, [r2]
 788:../../../../../../Drivers/PY32E407_HAL_Driver/Src/py32e407_hal_rcc.c ****     {
 1851              		.loc 1 788 5 view .LVU594
 788:../../../../../../Drivers/PY32E407_HAL_Driver/Src/py32e407_hal_rcc.c ****     {
 1852              		.loc 1 788 9 is_stmt 0 view .LVU595
 1853 0024 1368     		ldr	r3, [r2]
ARM GAS  C:\Users\user\AppData\Local\Temp\ccuc8vss.s 			page 67


 1854 0026 03F00F03 		and	r3, r3, #15
 788:../../../../../../Drivers/PY32E407_HAL_Driver/Src/py32e407_hal_rcc.c ****     {
 1855              		.loc 1 788 8 view .LVU596
 1856 002a 8B42     		cmp	r3, r1
 1857 002c 40F0BC80 		bne	.L185
 1858              	.L167:
 797:../../../../../../Drivers/PY32E407_HAL_Driver/Src/py32e407_hal_rcc.c ****   {
 1859              		.loc 1 797 3 is_stmt 1 view .LVU597
 797:../../../../../../Drivers/PY32E407_HAL_Driver/Src/py32e407_hal_rcc.c ****   {
 1860              		.loc 1 797 26 is_stmt 0 view .LVU598
 1861 0030 2B68     		ldr	r3, [r5]
 797:../../../../../../Drivers/PY32E407_HAL_Driver/Src/py32e407_hal_rcc.c ****   {
 1862              		.loc 1 797 6 view .LVU599
 1863 0032 13F0020F 		tst	r3, #2
 1864 0036 17D0     		beq	.L168
 801:../../../../../../Drivers/PY32E407_HAL_Driver/Src/py32e407_hal_rcc.c ****     {
 1865              		.loc 1 801 5 is_stmt 1 view .LVU600
 801:../../../../../../Drivers/PY32E407_HAL_Driver/Src/py32e407_hal_rcc.c ****     {
 1866              		.loc 1 801 8 is_stmt 0 view .LVU601
 1867 0038 13F0040F 		tst	r3, #4
 1868 003c 04D0     		beq	.L169
 803:../../../../../../Drivers/PY32E407_HAL_Driver/Src/py32e407_hal_rcc.c ****     }
 1869              		.loc 1 803 7 is_stmt 1 view .LVU602
 1870 003e 5D4A     		ldr	r2, .L203+4
 1871 0040 5368     		ldr	r3, [r2, #4]
 1872 0042 43F4E063 		orr	r3, r3, #1792
 1873 0046 5360     		str	r3, [r2, #4]
 1874              	.L169:
 805:../../../../../../Drivers/PY32E407_HAL_Driver/Src/py32e407_hal_rcc.c ****     {
 1875              		.loc 1 805 5 view .LVU603
 805:../../../../../../Drivers/PY32E407_HAL_Driver/Src/py32e407_hal_rcc.c ****     {
 1876              		.loc 1 805 28 is_stmt 0 view .LVU604
 1877 0048 2B68     		ldr	r3, [r5]
 805:../../../../../../Drivers/PY32E407_HAL_Driver/Src/py32e407_hal_rcc.c ****     {
 1878              		.loc 1 805 8 view .LVU605
 1879 004a 13F0080F 		tst	r3, #8
 1880 004e 04D0     		beq	.L170
 807:../../../../../../Drivers/PY32E407_HAL_Driver/Src/py32e407_hal_rcc.c ****     }
 1881              		.loc 1 807 7 is_stmt 1 view .LVU606
 1882 0050 584A     		ldr	r2, .L203+4
 1883 0052 5368     		ldr	r3, [r2, #4]
 1884 0054 43F46053 		orr	r3, r3, #14336
 1885 0058 5360     		str	r3, [r2, #4]
 1886              	.L170:
 811:../../../../../../Drivers/PY32E407_HAL_Driver/Src/py32e407_hal_rcc.c ****     MODIFY_REG(RCC->CFGR, RCC_CFGR_HPRE, RCC_ClkInitStruct->AHBCLKDivider);
 1887              		.loc 1 811 5 view .LVU607
 812:../../../../../../Drivers/PY32E407_HAL_Driver/Src/py32e407_hal_rcc.c ****   }
 1888              		.loc 1 812 5 view .LVU608
 1889 005a 564A     		ldr	r2, .L203+4
 1890 005c 5368     		ldr	r3, [r2, #4]
 1891 005e 23F0F003 		bic	r3, r3, #240
 1892 0062 A968     		ldr	r1, [r5, #8]
 1893              	.LVL151:
 812:../../../../../../Drivers/PY32E407_HAL_Driver/Src/py32e407_hal_rcc.c ****   }
 1894              		.loc 1 812 5 is_stmt 0 view .LVU609
 1895 0064 0B43     		orrs	r3, r3, r1
 1896 0066 5360     		str	r3, [r2, #4]
ARM GAS  C:\Users\user\AppData\Local\Temp\ccuc8vss.s 			page 68


 1897              	.L168:
 816:../../../../../../Drivers/PY32E407_HAL_Driver/Src/py32e407_hal_rcc.c ****   {
 1898              		.loc 1 816 3 is_stmt 1 view .LVU610
 816:../../../../../../Drivers/PY32E407_HAL_Driver/Src/py32e407_hal_rcc.c ****   {
 1899              		.loc 1 816 26 is_stmt 0 view .LVU611
 1900 0068 2B68     		ldr	r3, [r5]
 816:../../../../../../Drivers/PY32E407_HAL_Driver/Src/py32e407_hal_rcc.c ****   {
 1901              		.loc 1 816 6 view .LVU612
 1902 006a 13F0010F 		tst	r3, #1
 1903 006e 4ED0     		beq	.L171
 818:../../../../../../Drivers/PY32E407_HAL_Driver/Src/py32e407_hal_rcc.c **** 
 1904              		.loc 1 818 5 is_stmt 1 view .LVU613
 821:../../../../../../Drivers/PY32E407_HAL_Driver/Src/py32e407_hal_rcc.c ****     {
 1905              		.loc 1 821 5 view .LVU614
 821:../../../../../../Drivers/PY32E407_HAL_Driver/Src/py32e407_hal_rcc.c ****     {
 1906              		.loc 1 821 26 is_stmt 0 view .LVU615
 1907 0070 6B68     		ldr	r3, [r5, #4]
 821:../../../../../../Drivers/PY32E407_HAL_Driver/Src/py32e407_hal_rcc.c ****     {
 1908              		.loc 1 821 8 view .LVU616
 1909 0072 022B     		cmp	r3, #2
 1910 0074 1AD0     		beq	.L197
 835:../../../../../../Drivers/PY32E407_HAL_Driver/Src/py32e407_hal_rcc.c ****       {
 1911              		.loc 1 835 7 is_stmt 1 view .LVU617
 835:../../../../../../Drivers/PY32E407_HAL_Driver/Src/py32e407_hal_rcc.c ****       {
 1912              		.loc 1 835 10 is_stmt 0 view .LVU618
 1913 0076 012B     		cmp	r3, #1
 1914 0078 22D0     		beq	.L198
 847:../../../../../../Drivers/PY32E407_HAL_Driver/Src/py32e407_hal_rcc.c ****         {
 1915              		.loc 1 847 9 is_stmt 1 view .LVU619
 847:../../../../../../Drivers/PY32E407_HAL_Driver/Src/py32e407_hal_rcc.c ****         {
 1916              		.loc 1 847 12 is_stmt 0 view .LVU620
 1917 007a 4E4B     		ldr	r3, .L203+4
 1918 007c 1B68     		ldr	r3, [r3]
 847:../../../../../../Drivers/PY32E407_HAL_Driver/Src/py32e407_hal_rcc.c ****         {
 1919              		.loc 1 847 11 view .LVU621
 1920 007e 13F0020F 		tst	r3, #2
 1921 0082 00F09380 		beq	.L188
 1922              	.L175:
 853:../../../../../../Drivers/PY32E407_HAL_Driver/Src/py32e407_hal_rcc.c ****     }
 1923              		.loc 1 853 7 is_stmt 1 view .LVU622
 853:../../../../../../Drivers/PY32E407_HAL_Driver/Src/py32e407_hal_rcc.c ****     }
 1924              		.loc 1 853 17 is_stmt 0 view .LVU623
 1925 0086 FFF7FEFF 		bl	HAL_RCC_GetSysClockFreq
 1926              	.LVL152:
 1927              	.L173:
 858:../../../../../../Drivers/PY32E407_HAL_Driver/Src/py32e407_hal_rcc.c ****     {
 1928              		.loc 1 858 5 is_stmt 1 view .LVU624
 858:../../../../../../Drivers/PY32E407_HAL_Driver/Src/py32e407_hal_rcc.c ****     {
 1929              		.loc 1 858 7 is_stmt 0 view .LVU625
 1930 008a 4B4B     		ldr	r3, .L203+8
 1931 008c 9842     		cmp	r0, r3
 1932 008e 1ED9     		bls	.L189
 860:../../../../../../Drivers/PY32E407_HAL_Driver/Src/py32e407_hal_rcc.c ****       {
 1933              		.loc 1 860 7 is_stmt 1 view .LVU626
 860:../../../../../../Drivers/PY32E407_HAL_Driver/Src/py32e407_hal_rcc.c ****       {
 1934              		.loc 1 860 11 is_stmt 0 view .LVU627
 1935 0090 484B     		ldr	r3, .L203+4
ARM GAS  C:\Users\user\AppData\Local\Temp\ccuc8vss.s 			page 69


 1936 0092 5B68     		ldr	r3, [r3, #4]
 860:../../../../../../Drivers/PY32E407_HAL_Driver/Src/py32e407_hal_rcc.c ****       {
 1937              		.loc 1 860 10 view .LVU628
 1938 0094 13F0F00F 		tst	r3, #240
 1939 0098 35D1     		bne	.L190
 862:../../../../../../Drivers/PY32E407_HAL_Driver/Src/py32e407_hal_rcc.c ****         hpre = RCC_SYSCLK_DIV2;
 1940              		.loc 1 862 9 is_stmt 1 view .LVU629
 1941 009a 464A     		ldr	r2, .L203+4
 1942 009c 5368     		ldr	r3, [r2, #4]
 1943 009e 23F0F003 		bic	r3, r3, #240
 1944 00a2 43F08003 		orr	r3, r3, #128
 1945 00a6 5360     		str	r3, [r2, #4]
 863:../../../../../../Drivers/PY32E407_HAL_Driver/Src/py32e407_hal_rcc.c ****       }
 1946              		.loc 1 863 9 view .LVU630
 1947              	.LVL153:
 863:../../../../../../Drivers/PY32E407_HAL_Driver/Src/py32e407_hal_rcc.c ****       }
 1948              		.loc 1 863 14 is_stmt 0 view .LVU631
 1949 00a8 8027     		movs	r7, #128
 1950 00aa 11E0     		b	.L176
 1951              	.LVL154:
 1952              	.L197:
 824:../../../../../../Drivers/PY32E407_HAL_Driver/Src/py32e407_hal_rcc.c ****       {
 1953              		.loc 1 824 7 is_stmt 1 view .LVU632
 824:../../../../../../Drivers/PY32E407_HAL_Driver/Src/py32e407_hal_rcc.c ****       {
 1954              		.loc 1 824 11 is_stmt 0 view .LVU633
 1955 00ac 414B     		ldr	r3, .L203+4
 1956 00ae 1B68     		ldr	r3, [r3]
 824:../../../../../../Drivers/PY32E407_HAL_Driver/Src/py32e407_hal_rcc.c ****       {
 1957              		.loc 1 824 10 view .LVU634
 1958 00b0 13F0007F 		tst	r3, #33554432
 1959 00b4 01D1     		bne	.L199
 826:../../../../../../Drivers/PY32E407_HAL_Driver/Src/py32e407_hal_rcc.c ****       }
 1960              		.loc 1 826 16 view .LVU635
 1961 00b6 0120     		movs	r0, #1
 1962              	.LVL155:
 826:../../../../../../Drivers/PY32E407_HAL_Driver/Src/py32e407_hal_rcc.c ****       }
 1963              		.loc 1 826 16 view .LVU636
 1964 00b8 55E0     		b	.L166
 1965              	.LVL156:
 1966              	.L199:
 830:../../../../../../Drivers/PY32E407_HAL_Driver/Src/py32e407_hal_rcc.c ****     }
 1967              		.loc 1 830 7 is_stmt 1 view .LVU637
 830:../../../../../../Drivers/PY32E407_HAL_Driver/Src/py32e407_hal_rcc.c ****     }
 1968              		.loc 1 830 17 is_stmt 0 view .LVU638
 1969 00ba FFF7FEFF 		bl	RCC_GetSysClockFreqFromPLLSource
 1970              	.LVL157:
 830:../../../../../../Drivers/PY32E407_HAL_Driver/Src/py32e407_hal_rcc.c ****     }
 1971              		.loc 1 830 17 view .LVU639
 1972 00be E4E7     		b	.L173
 1973              	.LVL158:
 1974              	.L198:
 838:../../../../../../Drivers/PY32E407_HAL_Driver/Src/py32e407_hal_rcc.c ****         {
 1975              		.loc 1 838 9 is_stmt 1 view .LVU640
 838:../../../../../../Drivers/PY32E407_HAL_Driver/Src/py32e407_hal_rcc.c ****         {
 1976              		.loc 1 838 12 is_stmt 0 view .LVU641
 1977 00c0 3C4B     		ldr	r3, .L203+4
 1978 00c2 1B68     		ldr	r3, [r3]
ARM GAS  C:\Users\user\AppData\Local\Temp\ccuc8vss.s 			page 70


 838:../../../../../../Drivers/PY32E407_HAL_Driver/Src/py32e407_hal_rcc.c ****         {
 1979              		.loc 1 838 11 view .LVU642
 1980 00c4 13F4003F 		tst	r3, #131072
 1981 00c8 DDD1     		bne	.L175
 840:../../../../../../Drivers/PY32E407_HAL_Driver/Src/py32e407_hal_rcc.c ****         }
 1982              		.loc 1 840 18 view .LVU643
 1983 00ca 0120     		movs	r0, #1
 1984              	.LVL159:
 840:../../../../../../Drivers/PY32E407_HAL_Driver/Src/py32e407_hal_rcc.c ****         }
 1985              		.loc 1 840 18 view .LVU644
 1986 00cc 4BE0     		b	.L166
 1987              	.LVL160:
 1988              	.L189:
 763:../../../../../../Drivers/PY32E407_HAL_Driver/Src/py32e407_hal_rcc.c **** 
 1989              		.loc 1 763 12 view .LVU645
 1990 00ce 0027     		movs	r7, #0
 1991              	.LVL161:
 1992              	.L176:
 867:../../../../../../Drivers/PY32E407_HAL_Driver/Src/py32e407_hal_rcc.c **** 
 1993              		.loc 1 867 5 is_stmt 1 view .LVU646
 1994 00d0 384A     		ldr	r2, .L203+4
 1995 00d2 5368     		ldr	r3, [r2, #4]
 1996 00d4 23F00303 		bic	r3, r3, #3
 1997 00d8 6968     		ldr	r1, [r5, #4]
 1998 00da 0B43     		orrs	r3, r3, r1
 1999 00dc 5360     		str	r3, [r2, #4]
 870:../../../../../../Drivers/PY32E407_HAL_Driver/Src/py32e407_hal_rcc.c **** 
 2000              		.loc 1 870 5 view .LVU647
 870:../../../../../../Drivers/PY32E407_HAL_Driver/Src/py32e407_hal_rcc.c **** 
 2001              		.loc 1 870 17 is_stmt 0 view .LVU648
 2002 00de FFF7FEFF 		bl	HAL_GetTick
 2003              	.LVL162:
 870:../../../../../../Drivers/PY32E407_HAL_Driver/Src/py32e407_hal_rcc.c **** 
 2004              		.loc 1 870 17 view .LVU649
 2005 00e2 0646     		mov	r6, r0
 2006              	.LVL163:
 872:../../../../../../Drivers/PY32E407_HAL_Driver/Src/py32e407_hal_rcc.c ****     {
 2007              		.loc 1 872 5 is_stmt 1 view .LVU650
 2008              	.L177:
 872:../../../../../../Drivers/PY32E407_HAL_Driver/Src/py32e407_hal_rcc.c ****     {
 2009              		.loc 1 872 11 view .LVU651
 872:../../../../../../Drivers/PY32E407_HAL_Driver/Src/py32e407_hal_rcc.c ****     {
 2010              		.loc 1 872 12 is_stmt 0 view .LVU652
 2011 00e4 334B     		ldr	r3, .L203+4
 2012 00e6 5B68     		ldr	r3, [r3, #4]
 2013 00e8 03F00C03 		and	r3, r3, #12
 872:../../../../../../Drivers/PY32E407_HAL_Driver/Src/py32e407_hal_rcc.c ****     {
 2014              		.loc 1 872 63 view .LVU653
 2015 00ec 6A68     		ldr	r2, [r5, #4]
 872:../../../../../../Drivers/PY32E407_HAL_Driver/Src/py32e407_hal_rcc.c ****     {
 2016              		.loc 1 872 11 view .LVU654
 2017 00ee B3EB820F 		cmp	r3, r2, lsl #2
 2018 00f2 0AD0     		beq	.L200
 874:../../../../../../Drivers/PY32E407_HAL_Driver/Src/py32e407_hal_rcc.c ****       {
 2019              		.loc 1 874 7 is_stmt 1 view .LVU655
 874:../../../../../../Drivers/PY32E407_HAL_Driver/Src/py32e407_hal_rcc.c ****       {
 2020              		.loc 1 874 12 is_stmt 0 view .LVU656
ARM GAS  C:\Users\user\AppData\Local\Temp\ccuc8vss.s 			page 71


 2021 00f4 FFF7FEFF 		bl	HAL_GetTick
 2022              	.LVL164:
 874:../../../../../../Drivers/PY32E407_HAL_Driver/Src/py32e407_hal_rcc.c ****       {
 2023              		.loc 1 874 26 view .LVU657
 2024 00f8 801B     		subs	r0, r0, r6
 874:../../../../../../Drivers/PY32E407_HAL_Driver/Src/py32e407_hal_rcc.c ****       {
 2025              		.loc 1 874 10 view .LVU658
 2026 00fa 41F28833 		movw	r3, #5000
 2027 00fe 9842     		cmp	r0, r3
 2028 0100 F0D9     		bls	.L177
 876:../../../../../../Drivers/PY32E407_HAL_Driver/Src/py32e407_hal_rcc.c ****       }
 2029              		.loc 1 876 16 view .LVU659
 2030 0102 0320     		movs	r0, #3
 2031 0104 2FE0     		b	.L166
 2032              	.LVL165:
 2033              	.L190:
 763:../../../../../../Drivers/PY32E407_HAL_Driver/Src/py32e407_hal_rcc.c **** 
 2034              		.loc 1 763 12 view .LVU660
 2035 0106 0027     		movs	r7, #0
 2036 0108 E2E7     		b	.L176
 2037              	.LVL166:
 2038              	.L200:
 883:../../../../../../Drivers/PY32E407_HAL_Driver/Src/py32e407_hal_rcc.c ****   {
 2039              		.loc 1 883 3 is_stmt 1 view .LVU661
 883:../../../../../../Drivers/PY32E407_HAL_Driver/Src/py32e407_hal_rcc.c ****   {
 2040              		.loc 1 883 5 is_stmt 0 view .LVU662
 2041 010a 002F     		cmp	r7, #0
 2042 010c 2CD1     		bne	.L201
 2043              	.LVL167:
 2044              	.L171:
 890:../../../../../../Drivers/PY32E407_HAL_Driver/Src/py32e407_hal_rcc.c ****   {
 2045              		.loc 1 890 3 is_stmt 1 view .LVU663
 890:../../../../../../Drivers/PY32E407_HAL_Driver/Src/py32e407_hal_rcc.c ****   {
 2046              		.loc 1 890 18 is_stmt 0 view .LVU664
 2047 010e 284B     		ldr	r3, .L203
 2048 0110 1B68     		ldr	r3, [r3]
 2049 0112 03F00F03 		and	r3, r3, #15
 890:../../../../../../Drivers/PY32E407_HAL_Driver/Src/py32e407_hal_rcc.c ****   {
 2050              		.loc 1 890 6 view .LVU665
 2051 0116 A342     		cmp	r3, r4
 2052 0118 2CD8     		bhi	.L202
 2053              	.L179:
 910:../../../../../../Drivers/PY32E407_HAL_Driver/Src/py32e407_hal_rcc.c ****   {
 2054              		.loc 1 910 3 is_stmt 1 view .LVU666
 910:../../../../../../Drivers/PY32E407_HAL_Driver/Src/py32e407_hal_rcc.c ****   {
 2055              		.loc 1 910 26 is_stmt 0 view .LVU667
 2056 011a 2B68     		ldr	r3, [r5]
 910:../../../../../../Drivers/PY32E407_HAL_Driver/Src/py32e407_hal_rcc.c ****   {
 2057              		.loc 1 910 6 view .LVU668
 2058 011c 13F0040F 		tst	r3, #4
 2059 0120 06D0     		beq	.L182
 912:../../../../../../Drivers/PY32E407_HAL_Driver/Src/py32e407_hal_rcc.c ****     MODIFY_REG(RCC->CFGR, RCC_CFGR_PPRE1, RCC_ClkInitStruct->APB1CLKDivider);
 2060              		.loc 1 912 5 is_stmt 1 view .LVU669
 913:../../../../../../Drivers/PY32E407_HAL_Driver/Src/py32e407_hal_rcc.c ****   }
 2061              		.loc 1 913 5 view .LVU670
 2062 0122 244A     		ldr	r2, .L203+4
 2063 0124 5368     		ldr	r3, [r2, #4]
ARM GAS  C:\Users\user\AppData\Local\Temp\ccuc8vss.s 			page 72


 2064 0126 23F4E063 		bic	r3, r3, #1792
 2065 012a E968     		ldr	r1, [r5, #12]
 2066 012c 0B43     		orrs	r3, r3, r1
 2067 012e 5360     		str	r3, [r2, #4]
 2068              	.L182:
 917:../../../../../../Drivers/PY32E407_HAL_Driver/Src/py32e407_hal_rcc.c ****   {
 2069              		.loc 1 917 3 view .LVU671
 917:../../../../../../Drivers/PY32E407_HAL_Driver/Src/py32e407_hal_rcc.c ****   {
 2070              		.loc 1 917 26 is_stmt 0 view .LVU672
 2071 0130 2B68     		ldr	r3, [r5]
 917:../../../../../../Drivers/PY32E407_HAL_Driver/Src/py32e407_hal_rcc.c ****   {
 2072              		.loc 1 917 6 view .LVU673
 2073 0132 13F0080F 		tst	r3, #8
 2074 0136 07D0     		beq	.L183
 919:../../../../../../Drivers/PY32E407_HAL_Driver/Src/py32e407_hal_rcc.c ****     MODIFY_REG(RCC->CFGR, RCC_CFGR_PPRE2, ((RCC_ClkInitStruct->APB2CLKDivider) << 3U));
 2075              		.loc 1 919 5 is_stmt 1 view .LVU674
 920:../../../../../../Drivers/PY32E407_HAL_Driver/Src/py32e407_hal_rcc.c ****   }
 2076              		.loc 1 920 5 view .LVU675
 2077 0138 1E4A     		ldr	r2, .L203+4
 2078 013a 5368     		ldr	r3, [r2, #4]
 2079 013c 23F46053 		bic	r3, r3, #14336
 2080 0140 2969     		ldr	r1, [r5, #16]
 2081 0142 43EAC103 		orr	r3, r3, r1, lsl #3
 2082 0146 5360     		str	r3, [r2, #4]
 2083              	.L183:
 924:../../../../../../Drivers/PY32E407_HAL_Driver/Src/py32e407_hal_rcc.c **** 
 2084              		.loc 1 924 3 view .LVU676
 924:../../../../../../Drivers/PY32E407_HAL_Driver/Src/py32e407_hal_rcc.c **** 
 2085              		.loc 1 924 21 is_stmt 0 view .LVU677
 2086 0148 FFF7FEFF 		bl	HAL_RCC_GetSysClockFreq
 2087              	.LVL168:
 924:../../../../../../Drivers/PY32E407_HAL_Driver/Src/py32e407_hal_rcc.c **** 
 2088              		.loc 1 924 68 view .LVU678
 2089 014c 194B     		ldr	r3, .L203+4
 2090 014e 5B68     		ldr	r3, [r3, #4]
 924:../../../../../../Drivers/PY32E407_HAL_Driver/Src/py32e407_hal_rcc.c **** 
 2091              		.loc 1 924 92 view .LVU679
 2092 0150 C3F30313 		ubfx	r3, r3, #4, #4
 924:../../../../../../Drivers/PY32E407_HAL_Driver/Src/py32e407_hal_rcc.c **** 
 2093              		.loc 1 924 63 view .LVU680
 2094 0154 194A     		ldr	r2, .L203+12
 2095 0156 D35C     		ldrb	r3, [r2, r3]	@ zero_extendqisi2
 924:../../../../../../Drivers/PY32E407_HAL_Driver/Src/py32e407_hal_rcc.c **** 
 2096              		.loc 1 924 47 view .LVU681
 2097 0158 D840     		lsrs	r0, r0, r3
 924:../../../../../../Drivers/PY32E407_HAL_Driver/Src/py32e407_hal_rcc.c **** 
 2098              		.loc 1 924 19 view .LVU682
 2099 015a 194B     		ldr	r3, .L203+16
 2100 015c 1860     		str	r0, [r3]
 927:../../../../../../Drivers/PY32E407_HAL_Driver/Src/py32e407_hal_rcc.c **** }
 2101              		.loc 1 927 3 is_stmt 1 view .LVU683
 927:../../../../../../Drivers/PY32E407_HAL_Driver/Src/py32e407_hal_rcc.c **** }
 2102              		.loc 1 927 10 is_stmt 0 view .LVU684
 2103 015e 194B     		ldr	r3, .L203+20
 2104 0160 1868     		ldr	r0, [r3]
 2105 0162 FFF7FEFF 		bl	HAL_InitTick
 2106              	.LVL169:
ARM GAS  C:\Users\user\AppData\Local\Temp\ccuc8vss.s 			page 73


 2107              	.L166:
 928:../../../../../../Drivers/PY32E407_HAL_Driver/Src/py32e407_hal_rcc.c **** 
 2108              		.loc 1 928 1 view .LVU685
 2109 0166 F8BD     		pop	{r3, r4, r5, r6, r7, pc}
 2110              	.LVL170:
 2111              	.L201:
 885:../../../../../../Drivers/PY32E407_HAL_Driver/Src/py32e407_hal_rcc.c ****   }
 2112              		.loc 1 885 5 is_stmt 1 view .LVU686
 2113 0168 124A     		ldr	r2, .L203+4
 2114 016a 5368     		ldr	r3, [r2, #4]
 2115 016c 23F0F003 		bic	r3, r3, #240
 2116 0170 5360     		str	r3, [r2, #4]
 2117 0172 CCE7     		b	.L171
 2118              	.LVL171:
 2119              	.L202:
 893:../../../../../../Drivers/PY32E407_HAL_Driver/Src/py32e407_hal_rcc.c **** 
 2120              		.loc 1 893 5 view .LVU687
 2121 0174 0E4A     		ldr	r2, .L203
 2122 0176 1368     		ldr	r3, [r2]
 2123 0178 23F00F03 		bic	r3, r3, #15
 2124 017c 2343     		orrs	r3, r3, r4
 2125 017e 1360     		str	r3, [r2]
 897:../../../../../../Drivers/PY32E407_HAL_Driver/Src/py32e407_hal_rcc.c **** 
 2126              		.loc 1 897 5 view .LVU688
 897:../../../../../../Drivers/PY32E407_HAL_Driver/Src/py32e407_hal_rcc.c **** 
 2127              		.loc 1 897 17 is_stmt 0 view .LVU689
 2128 0180 FFF7FEFF 		bl	HAL_GetTick
 2129              	.LVL172:
 2130 0184 0646     		mov	r6, r0
 2131              	.LVL173:
 899:../../../../../../Drivers/PY32E407_HAL_Driver/Src/py32e407_hal_rcc.c ****     {
 2132              		.loc 1 899 5 is_stmt 1 view .LVU690
 2133              	.L180:
 899:../../../../../../Drivers/PY32E407_HAL_Driver/Src/py32e407_hal_rcc.c ****     {
 2134              		.loc 1 899 11 view .LVU691
 899:../../../../../../Drivers/PY32E407_HAL_Driver/Src/py32e407_hal_rcc.c ****     {
 2135              		.loc 1 899 12 is_stmt 0 view .LVU692
 2136 0186 0A4B     		ldr	r3, .L203
 2137 0188 1B68     		ldr	r3, [r3]
 2138 018a 03F00F03 		and	r3, r3, #15
 899:../../../../../../Drivers/PY32E407_HAL_Driver/Src/py32e407_hal_rcc.c ****     {
 2139              		.loc 1 899 11 view .LVU693
 2140 018e A342     		cmp	r3, r4
 2141 0190 C3D0     		beq	.L179
 901:../../../../../../Drivers/PY32E407_HAL_Driver/Src/py32e407_hal_rcc.c ****       {
 2142              		.loc 1 901 7 is_stmt 1 view .LVU694
 901:../../../../../../Drivers/PY32E407_HAL_Driver/Src/py32e407_hal_rcc.c ****       {
 2143              		.loc 1 901 12 is_stmt 0 view .LVU695
 2144 0192 FFF7FEFF 		bl	HAL_GetTick
 2145              	.LVL174:
 901:../../../../../../Drivers/PY32E407_HAL_Driver/Src/py32e407_hal_rcc.c ****       {
 2146              		.loc 1 901 26 view .LVU696
 2147 0196 801B     		subs	r0, r0, r6
 901:../../../../../../Drivers/PY32E407_HAL_Driver/Src/py32e407_hal_rcc.c ****       {
 2148              		.loc 1 901 10 view .LVU697
 2149 0198 41F28833 		movw	r3, #5000
 2150 019c 9842     		cmp	r0, r3
ARM GAS  C:\Users\user\AppData\Local\Temp\ccuc8vss.s 			page 74


 2151 019e F2D9     		bls	.L180
 903:../../../../../../Drivers/PY32E407_HAL_Driver/Src/py32e407_hal_rcc.c ****       }
 2152              		.loc 1 903 16 view .LVU698
 2153 01a0 0320     		movs	r0, #3
 2154 01a2 E0E7     		b	.L166
 2155              	.LVL175:
 2156              	.L184:
 2157              	.LCFI17:
 2158              		.cfi_def_cfa_offset 0
 2159              		.cfi_restore 3
 2160              		.cfi_restore 4
 2161              		.cfi_restore 5
 2162              		.cfi_restore 6
 2163              		.cfi_restore 7
 2164              		.cfi_restore 14
 768:../../../../../../Drivers/PY32E407_HAL_Driver/Src/py32e407_hal_rcc.c ****   }
 2165              		.loc 1 768 12 view .LVU699
 2166 01a4 0120     		movs	r0, #1
 2167              	.LVL176:
 928:../../../../../../Drivers/PY32E407_HAL_Driver/Src/py32e407_hal_rcc.c **** 
 2168              		.loc 1 928 1 view .LVU700
 2169 01a6 7047     		bx	lr
 2170              	.LVL177:
 2171              	.L185:
 2172              	.LCFI18:
 2173              		.cfi_def_cfa_offset 24
 2174              		.cfi_offset 3, -24
 2175              		.cfi_offset 4, -20
 2176              		.cfi_offset 5, -16
 2177              		.cfi_offset 6, -12
 2178              		.cfi_offset 7, -8
 2179              		.cfi_offset 14, -4
 790:../../../../../../Drivers/PY32E407_HAL_Driver/Src/py32e407_hal_rcc.c ****     }
 2180              		.loc 1 790 14 view .LVU701
 2181 01a8 0120     		movs	r0, #1
 2182              	.LVL178:
 790:../../../../../../Drivers/PY32E407_HAL_Driver/Src/py32e407_hal_rcc.c ****     }
 2183              		.loc 1 790 14 view .LVU702
 2184 01aa DCE7     		b	.L166
 2185              	.LVL179:
 2186              	.L188:
 849:../../../../../../Drivers/PY32E407_HAL_Driver/Src/py32e407_hal_rcc.c ****         }
 2187              		.loc 1 849 18 view .LVU703
 2188 01ac 0120     		movs	r0, #1
 2189              	.LVL180:
 849:../../../../../../Drivers/PY32E407_HAL_Driver/Src/py32e407_hal_rcc.c ****         }
 2190              		.loc 1 849 18 view .LVU704
 2191 01ae DAE7     		b	.L166
 2192              	.L204:
 2193              		.align	2
 2194              	.L203:
 2195 01b0 00200240 		.word	1073881088
 2196 01b4 00100240 		.word	1073876992
 2197 01b8 00B4C404 		.word	80000000
 2198 01bc 00000000 		.word	AHBPrescTable
 2199 01c0 00000000 		.word	SystemCoreClock
 2200 01c4 00000000 		.word	uwTickPrio
ARM GAS  C:\Users\user\AppData\Local\Temp\ccuc8vss.s 			page 75


 2201              		.cfi_endproc
 2202              	.LFE138:
 2204              		.section	.text.HAL_RCC_GetHCLKFreq,"ax",%progbits
 2205              		.align	1
 2206              		.global	HAL_RCC_GetHCLKFreq
 2207              		.syntax unified
 2208              		.thumb
 2209              		.thumb_func
 2211              	HAL_RCC_GetHCLKFreq:
 2212              	.LFB142:
1123:../../../../../../Drivers/PY32E407_HAL_Driver/Src/py32e407_hal_rcc.c ****   return SystemCoreClock;
 2213              		.loc 1 1123 1 is_stmt 1 view -0
 2214              		.cfi_startproc
 2215              		@ args = 0, pretend = 0, frame = 0
 2216              		@ frame_needed = 0, uses_anonymous_args = 0
 2217              		@ link register save eliminated.
1124:../../../../../../Drivers/PY32E407_HAL_Driver/Src/py32e407_hal_rcc.c **** }
 2218              		.loc 1 1124 3 view .LVU706
1125:../../../../../../Drivers/PY32E407_HAL_Driver/Src/py32e407_hal_rcc.c **** 
 2219              		.loc 1 1125 1 is_stmt 0 view .LVU707
 2220 0000 014B     		ldr	r3, .L206
 2221 0002 1868     		ldr	r0, [r3]
 2222 0004 7047     		bx	lr
 2223              	.L207:
 2224 0006 00BF     		.align	2
 2225              	.L206:
 2226 0008 00000000 		.word	SystemCoreClock
 2227              		.cfi_endproc
 2228              	.LFE142:
 2230              		.section	.text.HAL_RCC_GetPCLK1Freq,"ax",%progbits
 2231              		.align	1
 2232              		.global	HAL_RCC_GetPCLK1Freq
 2233              		.syntax unified
 2234              		.thumb
 2235              		.thumb_func
 2237              	HAL_RCC_GetPCLK1Freq:
 2238              	.LFB143:
1134:../../../../../../Drivers/PY32E407_HAL_Driver/Src/py32e407_hal_rcc.c ****   /* Get HCLK source and Compute PCLK1 frequency ---------------------------*/
 2239              		.loc 1 1134 1 is_stmt 1 view -0
 2240              		.cfi_startproc
 2241              		@ args = 0, pretend = 0, frame = 0
 2242              		@ frame_needed = 0, uses_anonymous_args = 0
 2243 0000 08B5     		push	{r3, lr}
 2244              	.LCFI19:
 2245              		.cfi_def_cfa_offset 8
 2246              		.cfi_offset 3, -8
 2247              		.cfi_offset 14, -4
1136:../../../../../../Drivers/PY32E407_HAL_Driver/Src/py32e407_hal_rcc.c **** }
 2248              		.loc 1 1136 3 view .LVU709
1136:../../../../../../Drivers/PY32E407_HAL_Driver/Src/py32e407_hal_rcc.c **** }
 2249              		.loc 1 1136 11 is_stmt 0 view .LVU710
 2250 0002 FFF7FEFF 		bl	HAL_RCC_GetHCLKFreq
 2251              	.LVL181:
1136:../../../../../../Drivers/PY32E407_HAL_Driver/Src/py32e407_hal_rcc.c **** }
 2252              		.loc 1 1136 54 view .LVU711
 2253 0006 044B     		ldr	r3, .L210
 2254 0008 5B68     		ldr	r3, [r3, #4]
ARM GAS  C:\Users\user\AppData\Local\Temp\ccuc8vss.s 			page 76


1136:../../../../../../Drivers/PY32E407_HAL_Driver/Src/py32e407_hal_rcc.c **** }
 2255              		.loc 1 1136 79 view .LVU712
 2256 000a C3F30223 		ubfx	r3, r3, #8, #3
1136:../../../../../../Drivers/PY32E407_HAL_Driver/Src/py32e407_hal_rcc.c **** }
 2257              		.loc 1 1136 49 view .LVU713
 2258 000e 034A     		ldr	r2, .L210+4
 2259 0010 D35C     		ldrb	r3, [r2, r3]	@ zero_extendqisi2
1137:../../../../../../Drivers/PY32E407_HAL_Driver/Src/py32e407_hal_rcc.c **** 
 2260              		.loc 1 1137 1 view .LVU714
 2261 0012 D840     		lsrs	r0, r0, r3
 2262 0014 08BD     		pop	{r3, pc}
 2263              	.L211:
 2264 0016 00BF     		.align	2
 2265              	.L210:
 2266 0018 00100240 		.word	1073876992
 2267 001c 00000000 		.word	APBPrescTable
 2268              		.cfi_endproc
 2269              	.LFE143:
 2271              		.section	.text.HAL_RCC_GetPCLK2Freq,"ax",%progbits
 2272              		.align	1
 2273              		.global	HAL_RCC_GetPCLK2Freq
 2274              		.syntax unified
 2275              		.thumb
 2276              		.thumb_func
 2278              	HAL_RCC_GetPCLK2Freq:
 2279              	.LFB144:
1146:../../../../../../Drivers/PY32E407_HAL_Driver/Src/py32e407_hal_rcc.c ****   /* Get HCLK source and Compute PCLK2 frequency ---------------------------*/
 2280              		.loc 1 1146 1 is_stmt 1 view -0
 2281              		.cfi_startproc
 2282              		@ args = 0, pretend = 0, frame = 0
 2283              		@ frame_needed = 0, uses_anonymous_args = 0
 2284 0000 08B5     		push	{r3, lr}
 2285              	.LCFI20:
 2286              		.cfi_def_cfa_offset 8
 2287              		.cfi_offset 3, -8
 2288              		.cfi_offset 14, -4
1148:../../../../../../Drivers/PY32E407_HAL_Driver/Src/py32e407_hal_rcc.c **** }
 2289              		.loc 1 1148 3 view .LVU716
1148:../../../../../../Drivers/PY32E407_HAL_Driver/Src/py32e407_hal_rcc.c **** }
 2290              		.loc 1 1148 11 is_stmt 0 view .LVU717
 2291 0002 FFF7FEFF 		bl	HAL_RCC_GetHCLKFreq
 2292              	.LVL182:
1148:../../../../../../Drivers/PY32E407_HAL_Driver/Src/py32e407_hal_rcc.c **** }
 2293              		.loc 1 1148 54 view .LVU718
 2294 0006 044B     		ldr	r3, .L214
 2295 0008 5B68     		ldr	r3, [r3, #4]
1148:../../../../../../Drivers/PY32E407_HAL_Driver/Src/py32e407_hal_rcc.c **** }
 2296              		.loc 1 1148 79 view .LVU719
 2297 000a C3F3C223 		ubfx	r3, r3, #11, #3
1148:../../../../../../Drivers/PY32E407_HAL_Driver/Src/py32e407_hal_rcc.c **** }
 2298              		.loc 1 1148 49 view .LVU720
 2299 000e 034A     		ldr	r2, .L214+4
 2300 0010 D35C     		ldrb	r3, [r2, r3]	@ zero_extendqisi2
1149:../../../../../../Drivers/PY32E407_HAL_Driver/Src/py32e407_hal_rcc.c **** 
 2301              		.loc 1 1149 1 view .LVU721
 2302 0012 D840     		lsrs	r0, r0, r3
 2303 0014 08BD     		pop	{r3, pc}
ARM GAS  C:\Users\user\AppData\Local\Temp\ccuc8vss.s 			page 77


 2304              	.L215:
 2305 0016 00BF     		.align	2
 2306              	.L214:
 2307 0018 00100240 		.word	1073876992
 2308 001c 00000000 		.word	APBPrescTable
 2309              		.cfi_endproc
 2310              	.LFE144:
 2312              		.section	.text.HAL_RCC_GetOscConfig,"ax",%progbits
 2313              		.align	1
 2314              		.global	HAL_RCC_GetOscConfig
 2315              		.syntax unified
 2316              		.thumb
 2317              		.thumb_func
 2319              	HAL_RCC_GetOscConfig:
 2320              	.LVL183:
 2321              	.LFB145:
1159:../../../../../../Drivers/PY32E407_HAL_Driver/Src/py32e407_hal_rcc.c ****   /* Check the parameters */
 2322              		.loc 1 1159 1 is_stmt 1 view -0
 2323              		.cfi_startproc
 2324              		@ args = 0, pretend = 0, frame = 0
 2325              		@ frame_needed = 0, uses_anonymous_args = 0
 2326              		@ link register save eliminated.
1161:../../../../../../Drivers/PY32E407_HAL_Driver/Src/py32e407_hal_rcc.c **** 
 2327              		.loc 1 1161 3 view .LVU723
1164:../../../../../../Drivers/PY32E407_HAL_Driver/Src/py32e407_hal_rcc.c ****                                       | RCC_OSCILLATORTYPE_LSE | RCC_OSCILLATORTYPE_LSI  \
 2328              		.loc 1 1164 3 view .LVU724
1164:../../../../../../Drivers/PY32E407_HAL_Driver/Src/py32e407_hal_rcc.c ****                                       | RCC_OSCILLATORTYPE_LSE | RCC_OSCILLATORTYPE_LSI  \
 2329              		.loc 1 1164 37 is_stmt 0 view .LVU725
 2330 0000 1F23     		movs	r3, #31
 2331 0002 0360     		str	r3, [r0]
1169:../../../../../../Drivers/PY32E407_HAL_Driver/Src/py32e407_hal_rcc.c ****   {
 2332              		.loc 1 1169 3 is_stmt 1 view .LVU726
1169:../../../../../../Drivers/PY32E407_HAL_Driver/Src/py32e407_hal_rcc.c ****   {
 2333              		.loc 1 1169 11 is_stmt 0 view .LVU727
 2334 0004 364B     		ldr	r3, .L231
 2335 0006 1B68     		ldr	r3, [r3]
1169:../../../../../../Drivers/PY32E407_HAL_Driver/Src/py32e407_hal_rcc.c ****   {
 2336              		.loc 1 1169 6 view .LVU728
 2337 0008 13F4802F 		tst	r3, #262144
 2338 000c 44D0     		beq	.L217
1171:../../../../../../Drivers/PY32E407_HAL_Driver/Src/py32e407_hal_rcc.c ****   }
 2339              		.loc 1 1171 5 is_stmt 1 view .LVU729
1171:../../../../../../Drivers/PY32E407_HAL_Driver/Src/py32e407_hal_rcc.c ****   }
 2340              		.loc 1 1171 33 is_stmt 0 view .LVU730
 2341 000e 4FF4A023 		mov	r3, #327680
 2342 0012 4360     		str	r3, [r0, #4]
 2343              	.L218:
1181:../../../../../../Drivers/PY32E407_HAL_Driver/Src/py32e407_hal_rcc.c ****   
 2344              		.loc 1 1181 3 is_stmt 1 view .LVU731
1181:../../../../../../Drivers/PY32E407_HAL_Driver/Src/py32e407_hal_rcc.c ****   
 2345              		.loc 1 1181 46 is_stmt 0 view .LVU732
 2346 0014 324A     		ldr	r2, .L231
 2347 0016 D36F     		ldr	r3, [r2, #124]
1181:../../../../../../Drivers/PY32E407_HAL_Driver/Src/py32e407_hal_rcc.c ****   
 2348              		.loc 1 1181 32 view .LVU733
 2349 0018 03F44073 		and	r3, r3, #768
1181:../../../../../../Drivers/PY32E407_HAL_Driver/Src/py32e407_hal_rcc.c ****   
ARM GAS  C:\Users\user\AppData\Local\Temp\ccuc8vss.s 			page 78


 2350              		.loc 1 1181 30 view .LVU734
 2351 001c 8360     		str	r3, [r0, #8]
1184:../../../../../../Drivers/PY32E407_HAL_Driver/Src/py32e407_hal_rcc.c ****   {
 2352              		.loc 1 1184 3 is_stmt 1 view .LVU735
1184:../../../../../../Drivers/PY32E407_HAL_Driver/Src/py32e407_hal_rcc.c ****   {
 2353              		.loc 1 1184 11 is_stmt 0 view .LVU736
 2354 001e 1368     		ldr	r3, [r2]
1184:../../../../../../Drivers/PY32E407_HAL_Driver/Src/py32e407_hal_rcc.c ****   {
 2355              		.loc 1 1184 6 view .LVU737
 2356 0020 13F0010F 		tst	r3, #1
 2357 0024 44D0     		beq	.L220
1186:../../../../../../Drivers/PY32E407_HAL_Driver/Src/py32e407_hal_rcc.c ****   }
 2358              		.loc 1 1186 5 is_stmt 1 view .LVU738
1186:../../../../../../Drivers/PY32E407_HAL_Driver/Src/py32e407_hal_rcc.c ****   }
 2359              		.loc 1 1186 33 is_stmt 0 view .LVU739
 2360 0026 0123     		movs	r3, #1
 2361 0028 4361     		str	r3, [r0, #20]
 2362              	.L221:
1194:../../../../../../Drivers/PY32E407_HAL_Driver/Src/py32e407_hal_rcc.c ****   {
 2363              		.loc 1 1194 3 is_stmt 1 view .LVU740
1194:../../../../../../Drivers/PY32E407_HAL_Driver/Src/py32e407_hal_rcc.c ****   {
 2364              		.loc 1 1194 11 is_stmt 0 view .LVU741
 2365 002a 2D4B     		ldr	r3, .L231
 2366 002c 9B6F     		ldr	r3, [r3, #120]
1194:../../../../../../Drivers/PY32E407_HAL_Driver/Src/py32e407_hal_rcc.c ****   {
 2367              		.loc 1 1194 6 view .LVU742
 2368 002e 13F0100F 		tst	r3, #16
 2369 0032 40D0     		beq	.L222
1196:../../../../../../Drivers/PY32E407_HAL_Driver/Src/py32e407_hal_rcc.c ****   }
 2370              		.loc 1 1196 5 is_stmt 1 view .LVU743
1196:../../../../../../Drivers/PY32E407_HAL_Driver/Src/py32e407_hal_rcc.c ****   }
 2371              		.loc 1 1196 36 is_stmt 0 view .LVU744
 2372 0034 1023     		movs	r3, #16
 2373 0036 8361     		str	r3, [r0, #24]
 2374              	.L223:
1204:../../../../../../Drivers/PY32E407_HAL_Driver/Src/py32e407_hal_rcc.c ****   {
 2375              		.loc 1 1204 3 is_stmt 1 view .LVU745
1204:../../../../../../Drivers/PY32E407_HAL_Driver/Src/py32e407_hal_rcc.c ****   {
 2376              		.loc 1 1204 11 is_stmt 0 view .LVU746
 2377 0038 294B     		ldr	r3, .L231
 2378 003a 1B6F     		ldr	r3, [r3, #112]
1204:../../../../../../Drivers/PY32E407_HAL_Driver/Src/py32e407_hal_rcc.c ****   {
 2379              		.loc 1 1204 6 view .LVU747
 2380 003c 13F0040F 		tst	r3, #4
 2381 0040 3CD0     		beq	.L224
1206:../../../../../../Drivers/PY32E407_HAL_Driver/Src/py32e407_hal_rcc.c ****   }
 2382              		.loc 1 1206 5 is_stmt 1 view .LVU748
1206:../../../../../../Drivers/PY32E407_HAL_Driver/Src/py32e407_hal_rcc.c ****   }
 2383              		.loc 1 1206 33 is_stmt 0 view .LVU749
 2384 0042 0523     		movs	r3, #5
 2385 0044 C360     		str	r3, [r0, #12]
 2386              	.L225:
1216:../../../../../../Drivers/PY32E407_HAL_Driver/Src/py32e407_hal_rcc.c **** 
 2387              		.loc 1 1216 3 is_stmt 1 view .LVU750
1216:../../../../../../Drivers/PY32E407_HAL_Driver/Src/py32e407_hal_rcc.c **** 
 2388              		.loc 1 1216 48 is_stmt 0 view .LVU751
 2389 0046 264A     		ldr	r2, .L231
ARM GAS  C:\Users\user\AppData\Local\Temp\ccuc8vss.s 			page 79


 2390 0048 136F     		ldr	r3, [r2, #112]
1216:../../../../../../Drivers/PY32E407_HAL_Driver/Src/py32e407_hal_rcc.c **** 
 2391              		.loc 1 1216 34 view .LVU752
 2392 004a 03F01803 		and	r3, r3, #24
1216:../../../../../../Drivers/PY32E407_HAL_Driver/Src/py32e407_hal_rcc.c **** 
 2393              		.loc 1 1216 32 view .LVU753
 2394 004e 0361     		str	r3, [r0, #16]
1219:../../../../../../Drivers/PY32E407_HAL_Driver/Src/py32e407_hal_rcc.c ****   {
 2395              		.loc 1 1219 3 is_stmt 1 view .LVU754
1219:../../../../../../Drivers/PY32E407_HAL_Driver/Src/py32e407_hal_rcc.c ****   {
 2396              		.loc 1 1219 11 is_stmt 0 view .LVU755
 2397 0050 536F     		ldr	r3, [r2, #116]
1219:../../../../../../Drivers/PY32E407_HAL_Driver/Src/py32e407_hal_rcc.c ****   {
 2398              		.loc 1 1219 6 view .LVU756
 2399 0052 13F0010F 		tst	r3, #1
 2400 0056 3CD0     		beq	.L227
1221:../../../../../../Drivers/PY32E407_HAL_Driver/Src/py32e407_hal_rcc.c ****   }
 2401              		.loc 1 1221 5 is_stmt 1 view .LVU757
1221:../../../../../../Drivers/PY32E407_HAL_Driver/Src/py32e407_hal_rcc.c ****   }
 2402              		.loc 1 1221 33 is_stmt 0 view .LVU758
 2403 0058 0123     		movs	r3, #1
 2404 005a C361     		str	r3, [r0, #28]
 2405              	.L228:
1229:../../../../../../Drivers/PY32E407_HAL_Driver/Src/py32e407_hal_rcc.c ****   {
 2406              		.loc 1 1229 3 is_stmt 1 view .LVU759
1229:../../../../../../Drivers/PY32E407_HAL_Driver/Src/py32e407_hal_rcc.c ****   {
 2407              		.loc 1 1229 11 is_stmt 0 view .LVU760
 2408 005c 204B     		ldr	r3, .L231
 2409 005e 1B68     		ldr	r3, [r3]
1229:../../../../../../Drivers/PY32E407_HAL_Driver/Src/py32e407_hal_rcc.c ****   {
 2410              		.loc 1 1229 6 view .LVU761
 2411 0060 13F0807F 		tst	r3, #16777216
 2412 0064 38D0     		beq	.L229
1231:../../../../../../Drivers/PY32E407_HAL_Driver/Src/py32e407_hal_rcc.c ****   }
 2413              		.loc 1 1231 5 is_stmt 1 view .LVU762
1231:../../../../../../Drivers/PY32E407_HAL_Driver/Src/py32e407_hal_rcc.c ****   }
 2414              		.loc 1 1231 37 is_stmt 0 view .LVU763
 2415 0066 0223     		movs	r3, #2
 2416 0068 0362     		str	r3, [r0, #32]
 2417              	.L230:
1237:../../../../../../Drivers/PY32E407_HAL_Driver/Src/py32e407_hal_rcc.c ****   RCC_OscInitStruct->PLL.PLLMUL = (uint32_t)(((RCC->CFGR3 & RCC_CFGR3_PLLFBDIV) >> RCC_CFGR3_PLLFBD
 2418              		.loc 1 1237 3 is_stmt 1 view .LVU764
1237:../../../../../../Drivers/PY32E407_HAL_Driver/Src/py32e407_hal_rcc.c ****   RCC_OscInitStruct->PLL.PLLMUL = (uint32_t)(((RCC->CFGR3 & RCC_CFGR3_PLLFBDIV) >> RCC_CFGR3_PLLFBD
 2419              		.loc 1 1237 52 is_stmt 0 view .LVU765
 2420 006a 1D4A     		ldr	r2, .L231
 2421 006c D2F88030 		ldr	r3, [r2, #128]
1237:../../../../../../Drivers/PY32E407_HAL_Driver/Src/py32e407_hal_rcc.c ****   RCC_OscInitStruct->PLL.PLLMUL = (uint32_t)(((RCC->CFGR3 & RCC_CFGR3_PLLFBDIV) >> RCC_CFGR3_PLLFBD
 2422              		.loc 1 1237 38 view .LVU766
 2423 0070 03F00303 		and	r3, r3, #3
1237:../../../../../../Drivers/PY32E407_HAL_Driver/Src/py32e407_hal_rcc.c ****   RCC_OscInitStruct->PLL.PLLMUL = (uint32_t)(((RCC->CFGR3 & RCC_CFGR3_PLLFBDIV) >> RCC_CFGR3_PLLFBD
 2424              		.loc 1 1237 36 view .LVU767
 2425 0074 4362     		str	r3, [r0, #36]
1238:../../../../../../Drivers/PY32E407_HAL_Driver/Src/py32e407_hal_rcc.c ****   RCC_OscInitStruct->PLL.PLLPrediv = (uint32_t)(RCC->CFGR3 & RCC_CFGR3_PLLPREDIV);
 2426              		.loc 1 1238 3 is_stmt 1 view .LVU768
1238:../../../../../../Drivers/PY32E407_HAL_Driver/Src/py32e407_hal_rcc.c ****   RCC_OscInitStruct->PLL.PLLPrediv = (uint32_t)(RCC->CFGR3 & RCC_CFGR3_PLLPREDIV);
 2427              		.loc 1 1238 51 is_stmt 0 view .LVU769
 2428 0076 D2F88030 		ldr	r3, [r2, #128]
ARM GAS  C:\Users\user\AppData\Local\Temp\ccuc8vss.s 			page 80


1238:../../../../../../Drivers/PY32E407_HAL_Driver/Src/py32e407_hal_rcc.c ****   RCC_OscInitStruct->PLL.PLLPrediv = (uint32_t)(RCC->CFGR3 & RCC_CFGR3_PLLPREDIV);
 2429              		.loc 1 1238 81 view .LVU770
 2430 007a C3F30723 		ubfx	r3, r3, #8, #8
1238:../../../../../../Drivers/PY32E407_HAL_Driver/Src/py32e407_hal_rcc.c ****   RCC_OscInitStruct->PLL.PLLPrediv = (uint32_t)(RCC->CFGR3 & RCC_CFGR3_PLLPREDIV);
 2431              		.loc 1 1238 35 view .LVU771
 2432 007e 0233     		adds	r3, r3, #2
1238:../../../../../../Drivers/PY32E407_HAL_Driver/Src/py32e407_hal_rcc.c ****   RCC_OscInitStruct->PLL.PLLPrediv = (uint32_t)(RCC->CFGR3 & RCC_CFGR3_PLLPREDIV);
 2433              		.loc 1 1238 33 view .LVU772
 2434 0080 8362     		str	r3, [r0, #40]
1239:../../../../../../Drivers/PY32E407_HAL_Driver/Src/py32e407_hal_rcc.c ****   RCC_OscInitStruct->PLL.PLLPostdiv = (uint32_t)(RCC->CFGR3 & RCC_CFGR3_PLLPOSTDIV);
 2435              		.loc 1 1239 3 is_stmt 1 view .LVU773
1239:../../../../../../Drivers/PY32E407_HAL_Driver/Src/py32e407_hal_rcc.c ****   RCC_OscInitStruct->PLL.PLLPostdiv = (uint32_t)(RCC->CFGR3 & RCC_CFGR3_PLLPOSTDIV);
 2436              		.loc 1 1239 52 is_stmt 0 view .LVU774
 2437 0082 D2F88030 		ldr	r3, [r2, #128]
1239:../../../../../../Drivers/PY32E407_HAL_Driver/Src/py32e407_hal_rcc.c ****   RCC_OscInitStruct->PLL.PLLPostdiv = (uint32_t)(RCC->CFGR3 & RCC_CFGR3_PLLPOSTDIV);
 2438              		.loc 1 1239 38 view .LVU775
 2439 0086 03F00C03 		and	r3, r3, #12
1239:../../../../../../Drivers/PY32E407_HAL_Driver/Src/py32e407_hal_rcc.c ****   RCC_OscInitStruct->PLL.PLLPostdiv = (uint32_t)(RCC->CFGR3 & RCC_CFGR3_PLLPOSTDIV);
 2440              		.loc 1 1239 36 view .LVU776
 2441 008a C362     		str	r3, [r0, #44]
1240:../../../../../../Drivers/PY32E407_HAL_Driver/Src/py32e407_hal_rcc.c **** }
 2442              		.loc 1 1240 3 is_stmt 1 view .LVU777
1240:../../../../../../Drivers/PY32E407_HAL_Driver/Src/py32e407_hal_rcc.c **** }
 2443              		.loc 1 1240 53 is_stmt 0 view .LVU778
 2444 008c D2F88030 		ldr	r3, [r2, #128]
1240:../../../../../../Drivers/PY32E407_HAL_Driver/Src/py32e407_hal_rcc.c **** }
 2445              		.loc 1 1240 39 view .LVU779
 2446 0090 03F03003 		and	r3, r3, #48
1240:../../../../../../Drivers/PY32E407_HAL_Driver/Src/py32e407_hal_rcc.c **** }
 2447              		.loc 1 1240 37 view .LVU780
 2448 0094 0363     		str	r3, [r0, #48]
1241:../../../../../../Drivers/PY32E407_HAL_Driver/Src/py32e407_hal_rcc.c **** 
 2449              		.loc 1 1241 1 view .LVU781
 2450 0096 7047     		bx	lr
 2451              	.L217:
1173:../../../../../../Drivers/PY32E407_HAL_Driver/Src/py32e407_hal_rcc.c ****   {
 2452              		.loc 1 1173 8 is_stmt 1 view .LVU782
1173:../../../../../../Drivers/PY32E407_HAL_Driver/Src/py32e407_hal_rcc.c ****   {
 2453              		.loc 1 1173 16 is_stmt 0 view .LVU783
 2454 0098 114B     		ldr	r3, .L231
 2455 009a 1B68     		ldr	r3, [r3]
1173:../../../../../../Drivers/PY32E407_HAL_Driver/Src/py32e407_hal_rcc.c ****   {
 2456              		.loc 1 1173 11 view .LVU784
 2457 009c 13F4803F 		tst	r3, #65536
 2458 00a0 03D0     		beq	.L219
1175:../../../../../../Drivers/PY32E407_HAL_Driver/Src/py32e407_hal_rcc.c ****   }
 2459              		.loc 1 1175 5 is_stmt 1 view .LVU785
1175:../../../../../../Drivers/PY32E407_HAL_Driver/Src/py32e407_hal_rcc.c ****   }
 2460              		.loc 1 1175 33 is_stmt 0 view .LVU786
 2461 00a2 4FF48033 		mov	r3, #65536
 2462 00a6 4360     		str	r3, [r0, #4]
 2463 00a8 B4E7     		b	.L218
 2464              	.L219:
1179:../../../../../../Drivers/PY32E407_HAL_Driver/Src/py32e407_hal_rcc.c ****   }
 2465              		.loc 1 1179 5 is_stmt 1 view .LVU787
1179:../../../../../../Drivers/PY32E407_HAL_Driver/Src/py32e407_hal_rcc.c ****   }
 2466              		.loc 1 1179 33 is_stmt 0 view .LVU788
ARM GAS  C:\Users\user\AppData\Local\Temp\ccuc8vss.s 			page 81


 2467 00aa 0023     		movs	r3, #0
 2468 00ac 4360     		str	r3, [r0, #4]
 2469 00ae B1E7     		b	.L218
 2470              	.L220:
1190:../../../../../../Drivers/PY32E407_HAL_Driver/Src/py32e407_hal_rcc.c ****   }
 2471              		.loc 1 1190 5 is_stmt 1 view .LVU789
1190:../../../../../../Drivers/PY32E407_HAL_Driver/Src/py32e407_hal_rcc.c ****   }
 2472              		.loc 1 1190 33 is_stmt 0 view .LVU790
 2473 00b0 0023     		movs	r3, #0
 2474 00b2 4361     		str	r3, [r0, #20]
 2475 00b4 B9E7     		b	.L221
 2476              	.L222:
1200:../../../../../../Drivers/PY32E407_HAL_Driver/Src/py32e407_hal_rcc.c ****   }
 2477              		.loc 1 1200 5 is_stmt 1 view .LVU791
1200:../../../../../../Drivers/PY32E407_HAL_Driver/Src/py32e407_hal_rcc.c ****   }
 2478              		.loc 1 1200 36 is_stmt 0 view .LVU792
 2479 00b6 0023     		movs	r3, #0
 2480 00b8 8361     		str	r3, [r0, #24]
 2481 00ba BDE7     		b	.L223
 2482              	.L224:
1208:../../../../../../Drivers/PY32E407_HAL_Driver/Src/py32e407_hal_rcc.c ****   {
 2483              		.loc 1 1208 8 is_stmt 1 view .LVU793
1208:../../../../../../Drivers/PY32E407_HAL_Driver/Src/py32e407_hal_rcc.c ****   {
 2484              		.loc 1 1208 16 is_stmt 0 view .LVU794
 2485 00bc 084B     		ldr	r3, .L231
 2486 00be 1B6F     		ldr	r3, [r3, #112]
1208:../../../../../../Drivers/PY32E407_HAL_Driver/Src/py32e407_hal_rcc.c ****   {
 2487              		.loc 1 1208 11 view .LVU795
 2488 00c0 13F0010F 		tst	r3, #1
 2489 00c4 02D0     		beq	.L226
1210:../../../../../../Drivers/PY32E407_HAL_Driver/Src/py32e407_hal_rcc.c ****   }
 2490              		.loc 1 1210 5 is_stmt 1 view .LVU796
1210:../../../../../../Drivers/PY32E407_HAL_Driver/Src/py32e407_hal_rcc.c ****   }
 2491              		.loc 1 1210 33 is_stmt 0 view .LVU797
 2492 00c6 0123     		movs	r3, #1
 2493 00c8 C360     		str	r3, [r0, #12]
 2494 00ca BCE7     		b	.L225
 2495              	.L226:
1214:../../../../../../Drivers/PY32E407_HAL_Driver/Src/py32e407_hal_rcc.c ****   }
 2496              		.loc 1 1214 5 is_stmt 1 view .LVU798
1214:../../../../../../Drivers/PY32E407_HAL_Driver/Src/py32e407_hal_rcc.c ****   }
 2497              		.loc 1 1214 33 is_stmt 0 view .LVU799
 2498 00cc 0023     		movs	r3, #0
 2499 00ce C360     		str	r3, [r0, #12]
 2500 00d0 B9E7     		b	.L225
 2501              	.L227:
1225:../../../../../../Drivers/PY32E407_HAL_Driver/Src/py32e407_hal_rcc.c ****   }
 2502              		.loc 1 1225 5 is_stmt 1 view .LVU800
1225:../../../../../../Drivers/PY32E407_HAL_Driver/Src/py32e407_hal_rcc.c ****   }
 2503              		.loc 1 1225 33 is_stmt 0 view .LVU801
 2504 00d2 0023     		movs	r3, #0
 2505 00d4 C361     		str	r3, [r0, #28]
 2506 00d6 C1E7     		b	.L228
 2507              	.L229:
1235:../../../../../../Drivers/PY32E407_HAL_Driver/Src/py32e407_hal_rcc.c ****   }
 2508              		.loc 1 1235 5 is_stmt 1 view .LVU802
1235:../../../../../../Drivers/PY32E407_HAL_Driver/Src/py32e407_hal_rcc.c ****   }
ARM GAS  C:\Users\user\AppData\Local\Temp\ccuc8vss.s 			page 82


 2509              		.loc 1 1235 37 is_stmt 0 view .LVU803
 2510 00d8 0123     		movs	r3, #1
 2511 00da 0362     		str	r3, [r0, #32]
 2512 00dc C5E7     		b	.L230
 2513              	.L232:
 2514 00de 00BF     		.align	2
 2515              	.L231:
 2516 00e0 00100240 		.word	1073876992
 2517              		.cfi_endproc
 2518              	.LFE145:
 2520              		.section	.text.HAL_RCC_GetClockConfig,"ax",%progbits
 2521              		.align	1
 2522              		.global	HAL_RCC_GetClockConfig
 2523              		.syntax unified
 2524              		.thumb
 2525              		.thumb_func
 2527              	HAL_RCC_GetClockConfig:
 2528              	.LVL184:
 2529              	.LFB146:
1252:../../../../../../Drivers/PY32E407_HAL_Driver/Src/py32e407_hal_rcc.c ****   /* Check the parameters */
 2530              		.loc 1 1252 1 is_stmt 1 view -0
 2531              		.cfi_startproc
 2532              		@ args = 0, pretend = 0, frame = 0
 2533              		@ frame_needed = 0, uses_anonymous_args = 0
 2534              		@ link register save eliminated.
1254:../../../../../../Drivers/PY32E407_HAL_Driver/Src/py32e407_hal_rcc.c ****   assert_param(pFLatency != NULL);
 2535              		.loc 1 1254 3 view .LVU805
1255:../../../../../../Drivers/PY32E407_HAL_Driver/Src/py32e407_hal_rcc.c **** 
 2536              		.loc 1 1255 3 view .LVU806
1258:../../../../../../Drivers/PY32E407_HAL_Driver/Src/py32e407_hal_rcc.c **** 
 2537              		.loc 1 1258 3 view .LVU807
1258:../../../../../../Drivers/PY32E407_HAL_Driver/Src/py32e407_hal_rcc.c **** 
 2538              		.loc 1 1258 32 is_stmt 0 view .LVU808
 2539 0000 0F23     		movs	r3, #15
 2540 0002 0360     		str	r3, [r0]
1261:../../../../../../Drivers/PY32E407_HAL_Driver/Src/py32e407_hal_rcc.c **** 
 2541              		.loc 1 1261 3 is_stmt 1 view .LVU809
1261:../../../../../../Drivers/PY32E407_HAL_Driver/Src/py32e407_hal_rcc.c **** 
 2542              		.loc 1 1261 51 is_stmt 0 view .LVU810
 2543 0004 0B4B     		ldr	r3, .L234
 2544 0006 5A68     		ldr	r2, [r3, #4]
1261:../../../../../../Drivers/PY32E407_HAL_Driver/Src/py32e407_hal_rcc.c **** 
 2545              		.loc 1 1261 37 view .LVU811
 2546 0008 02F00302 		and	r2, r2, #3
1261:../../../../../../Drivers/PY32E407_HAL_Driver/Src/py32e407_hal_rcc.c **** 
 2547              		.loc 1 1261 35 view .LVU812
 2548 000c 4260     		str	r2, [r0, #4]
1264:../../../../../../Drivers/PY32E407_HAL_Driver/Src/py32e407_hal_rcc.c **** 
 2549              		.loc 1 1264 3 is_stmt 1 view .LVU813
1264:../../../../../../Drivers/PY32E407_HAL_Driver/Src/py32e407_hal_rcc.c **** 
 2550              		.loc 1 1264 52 is_stmt 0 view .LVU814
 2551 000e 5A68     		ldr	r2, [r3, #4]
1264:../../../../../../Drivers/PY32E407_HAL_Driver/Src/py32e407_hal_rcc.c **** 
 2552              		.loc 1 1264 38 view .LVU815
 2553 0010 02F0F002 		and	r2, r2, #240
1264:../../../../../../Drivers/PY32E407_HAL_Driver/Src/py32e407_hal_rcc.c **** 
 2554              		.loc 1 1264 36 view .LVU816
ARM GAS  C:\Users\user\AppData\Local\Temp\ccuc8vss.s 			page 83


 2555 0014 8260     		str	r2, [r0, #8]
1267:../../../../../../Drivers/PY32E407_HAL_Driver/Src/py32e407_hal_rcc.c **** 
 2556              		.loc 1 1267 3 is_stmt 1 view .LVU817
1267:../../../../../../Drivers/PY32E407_HAL_Driver/Src/py32e407_hal_rcc.c **** 
 2557              		.loc 1 1267 53 is_stmt 0 view .LVU818
 2558 0016 5A68     		ldr	r2, [r3, #4]
1267:../../../../../../Drivers/PY32E407_HAL_Driver/Src/py32e407_hal_rcc.c **** 
 2559              		.loc 1 1267 39 view .LVU819
 2560 0018 02F4E062 		and	r2, r2, #1792
1267:../../../../../../Drivers/PY32E407_HAL_Driver/Src/py32e407_hal_rcc.c **** 
 2561              		.loc 1 1267 37 view .LVU820
 2562 001c C260     		str	r2, [r0, #12]
1270:../../../../../../Drivers/PY32E407_HAL_Driver/Src/py32e407_hal_rcc.c **** 
 2563              		.loc 1 1270 3 is_stmt 1 view .LVU821
1270:../../../../../../Drivers/PY32E407_HAL_Driver/Src/py32e407_hal_rcc.c **** 
 2564              		.loc 1 1270 54 is_stmt 0 view .LVU822
 2565 001e 5B68     		ldr	r3, [r3, #4]
1270:../../../../../../Drivers/PY32E407_HAL_Driver/Src/py32e407_hal_rcc.c **** 
 2566              		.loc 1 1270 39 view .LVU823
 2567 0020 DB08     		lsrs	r3, r3, #3
 2568 0022 03F4E063 		and	r3, r3, #1792
1270:../../../../../../Drivers/PY32E407_HAL_Driver/Src/py32e407_hal_rcc.c **** 
 2569              		.loc 1 1270 37 view .LVU824
 2570 0026 0361     		str	r3, [r0, #16]
1274:../../../../../../Drivers/PY32E407_HAL_Driver/Src/py32e407_hal_rcc.c **** #else
 2571              		.loc 1 1274 3 is_stmt 1 view .LVU825
1274:../../../../../../Drivers/PY32E407_HAL_Driver/Src/py32e407_hal_rcc.c **** #else
 2572              		.loc 1 1274 32 is_stmt 0 view .LVU826
 2573 0028 034B     		ldr	r3, .L234+4
 2574 002a 1B68     		ldr	r3, [r3]
1274:../../../../../../Drivers/PY32E407_HAL_Driver/Src/py32e407_hal_rcc.c **** #else
 2575              		.loc 1 1274 16 view .LVU827
 2576 002c 03F00F03 		and	r3, r3, #15
1274:../../../../../../Drivers/PY32E407_HAL_Driver/Src/py32e407_hal_rcc.c **** #else
 2577              		.loc 1 1274 14 view .LVU828
 2578 0030 0B60     		str	r3, [r1]
1279:../../../../../../Drivers/PY32E407_HAL_Driver/Src/py32e407_hal_rcc.c **** 
 2579              		.loc 1 1279 1 view .LVU829
 2580 0032 7047     		bx	lr
 2581              	.L235:
 2582              		.align	2
 2583              	.L234:
 2584 0034 00100240 		.word	1073876992
 2585 0038 00200240 		.word	1073881088
 2586              		.cfi_endproc
 2587              	.LFE146:
 2589              		.section	.text.HAL_RCC_CSSCallback,"ax",%progbits
 2590              		.align	1
 2591              		.weak	HAL_RCC_CSSCallback
 2592              		.syntax unified
 2593              		.thumb
 2594              		.thumb_func
 2596              	HAL_RCC_CSSCallback:
 2597              	.LFB148:
1304:../../../../../../Drivers/PY32E407_HAL_Driver/Src/py32e407_hal_rcc.c ****   /* NOTE : This function Should not be modified, when the callback is needed,
 2598              		.loc 1 1304 1 is_stmt 1 view -0
 2599              		.cfi_startproc
ARM GAS  C:\Users\user\AppData\Local\Temp\ccuc8vss.s 			page 84


 2600              		@ args = 0, pretend = 0, frame = 0
 2601              		@ frame_needed = 0, uses_anonymous_args = 0
 2602              		@ link register save eliminated.
1308:../../../../../../Drivers/PY32E407_HAL_Driver/Src/py32e407_hal_rcc.c **** 
 2603              		.loc 1 1308 1 view .LVU831
 2604 0000 7047     		bx	lr
 2605              		.cfi_endproc
 2606              	.LFE148:
 2608              		.section	.text.HAL_RCC_NMI_IRQHandler,"ax",%progbits
 2609              		.align	1
 2610              		.global	HAL_RCC_NMI_IRQHandler
 2611              		.syntax unified
 2612              		.thumb
 2613              		.thumb_func
 2615              	HAL_RCC_NMI_IRQHandler:
 2616              	.LFB147:
1287:../../../../../../Drivers/PY32E407_HAL_Driver/Src/py32e407_hal_rcc.c ****   /* Check RCC CSSF flag  */
 2617              		.loc 1 1287 1 view -0
 2618              		.cfi_startproc
 2619              		@ args = 0, pretend = 0, frame = 0
 2620              		@ frame_needed = 0, uses_anonymous_args = 0
 2621 0000 08B5     		push	{r3, lr}
 2622              	.LCFI21:
 2623              		.cfi_def_cfa_offset 8
 2624              		.cfi_offset 3, -8
 2625              		.cfi_offset 14, -4
1289:../../../../../../Drivers/PY32E407_HAL_Driver/Src/py32e407_hal_rcc.c ****   {
 2626              		.loc 1 1289 3 view .LVU833
1289:../../../../../../Drivers/PY32E407_HAL_Driver/Src/py32e407_hal_rcc.c ****   {
 2627              		.loc 1 1289 7 is_stmt 0 view .LVU834
 2628 0002 064B     		ldr	r3, .L241
 2629 0004 9B68     		ldr	r3, [r3, #8]
1289:../../../../../../Drivers/PY32E407_HAL_Driver/Src/py32e407_hal_rcc.c ****   {
 2630              		.loc 1 1289 6 view .LVU835
 2631 0006 13F0800F 		tst	r3, #128
 2632 000a 00D1     		bne	.L240
 2633              	.L237:
1297:../../../../../../Drivers/PY32E407_HAL_Driver/Src/py32e407_hal_rcc.c **** 
 2634              		.loc 1 1297 1 view .LVU836
 2635 000c 08BD     		pop	{r3, pc}
 2636              	.L240:
1292:../../../../../../Drivers/PY32E407_HAL_Driver/Src/py32e407_hal_rcc.c **** 
 2637              		.loc 1 1292 5 is_stmt 1 view .LVU837
 2638 000e FFF7FEFF 		bl	HAL_RCC_CSSCallback
 2639              	.LVL185:
1295:../../../../../../Drivers/PY32E407_HAL_Driver/Src/py32e407_hal_rcc.c ****   }
 2640              		.loc 1 1295 5 view .LVU838
 2641 0012 024B     		ldr	r3, .L241
 2642 0014 8022     		movs	r2, #128
 2643 0016 9A72     		strb	r2, [r3, #10]
1297:../../../../../../Drivers/PY32E407_HAL_Driver/Src/py32e407_hal_rcc.c **** 
 2644              		.loc 1 1297 1 is_stmt 0 view .LVU839
 2645 0018 F8E7     		b	.L237
 2646              	.L242:
 2647 001a 00BF     		.align	2
 2648              	.L241:
 2649 001c 00100240 		.word	1073876992
ARM GAS  C:\Users\user\AppData\Local\Temp\ccuc8vss.s 			page 85


 2650              		.cfi_endproc
 2651              	.LFE147:
 2653              		.text
 2654              	.Letext0:
 2655              		.file 2 "c:\\program files (x86)\\puyasde\\tool\\arm-none-eabi\\include\\machine\\_default_types.h
 2656              		.file 3 "c:\\program files (x86)\\puyasde\\tool\\arm-none-eabi\\include\\sys\\_stdint.h"
 2657              		.file 4 "../../../../../../Drivers/CMSIS/Device/PUYA/PY32E407/Include/system_py32e4xx.h"
 2658              		.file 5 "../../../../../../Drivers/CMSIS/Device/PUYA/PY32E407/Include/py32e407xE.h"
 2659              		.file 6 "../../../../../../Drivers/CMSIS/Device/PUYA/PY32E407/Include/py32e4xx.h"
 2660              		.file 7 "../../../../../../Drivers/PY32E407_HAL_Driver/Inc/py32e407_hal_def.h"
 2661              		.file 8 "../../../../../../Drivers/PY32E407_HAL_Driver/Inc/py32e407_hal_rcc.h"
 2662              		.file 9 "../../../../../../Drivers/PY32E407_HAL_Driver/Inc/py32e407_hal_gpio.h"
 2663              		.file 10 "../../../../../../Drivers/PY32E407_HAL_Driver/Inc/py32e4xx_hal.h"
ARM GAS  C:\Users\user\AppData\Local\Temp\ccuc8vss.s 			page 86


DEFINED SYMBOLS
                            *ABS*:00000000 py32e407_hal_rcc.c
C:\Users\user\AppData\Local\Temp\ccuc8vss.s:20     .text.RCC_GetSysClockFreqFromPLLSource:00000000 $t
C:\Users\user\AppData\Local\Temp\ccuc8vss.s:25     .text.RCC_GetSysClockFreqFromPLLSource:00000000 RCC_GetSysClockFreqFromPLLSource
C:\Users\user\AppData\Local\Temp\ccuc8vss.s:146    .text.RCC_GetSysClockFreqFromPLLSource:00000074 $d
C:\Users\user\AppData\Local\Temp\ccuc8vss.s:155    .text.HAL_RCC_DeInit:00000000 $t
C:\Users\user\AppData\Local\Temp\ccuc8vss.s:161    .text.HAL_RCC_DeInit:00000000 HAL_RCC_DeInit
C:\Users\user\AppData\Local\Temp\ccuc8vss.s:381    .text.HAL_RCC_DeInit:000000f4 $d
C:\Users\user\AppData\Local\Temp\ccuc8vss.s:389    .text.HAL_RCC_OscConfig:00000000 $t
C:\Users\user\AppData\Local\Temp\ccuc8vss.s:395    .text.HAL_RCC_OscConfig:00000000 HAL_RCC_OscConfig
C:\Users\user\AppData\Local\Temp\ccuc8vss.s:896    .text.HAL_RCC_OscConfig:0000027c $d
C:\Users\user\AppData\Local\Temp\ccuc8vss.s:900    .text.HAL_RCC_OscConfig:00000280 $t
C:\Users\user\AppData\Local\Temp\ccuc8vss.s:1465   .text.HAL_RCC_OscConfig:00000518 $d
C:\Users\user\AppData\Local\Temp\ccuc8vss.s:1470   .text.HAL_RCC_OscConfig:00000520 $t
C:\Users\user\AppData\Local\Temp\ccuc8vss.s:1476   .text.HAL_RCC_MCOConfig:00000000 $t
C:\Users\user\AppData\Local\Temp\ccuc8vss.s:1482   .text.HAL_RCC_MCOConfig:00000000 HAL_RCC_MCOConfig
C:\Users\user\AppData\Local\Temp\ccuc8vss.s:1617   .text.HAL_RCC_MCOConfig:00000080 $d
C:\Users\user\AppData\Local\Temp\ccuc8vss.s:1623   .text.HAL_RCC_EnableCSS:00000000 $t
C:\Users\user\AppData\Local\Temp\ccuc8vss.s:1629   .text.HAL_RCC_EnableCSS:00000000 HAL_RCC_EnableCSS
C:\Users\user\AppData\Local\Temp\ccuc8vss.s:1646   .text.HAL_RCC_EnableCSS:0000000c $d
C:\Users\user\AppData\Local\Temp\ccuc8vss.s:1651   .text.HAL_RCC_GetSysClockFreq:00000000 $t
C:\Users\user\AppData\Local\Temp\ccuc8vss.s:1657   .text.HAL_RCC_GetSysClockFreq:00000000 HAL_RCC_GetSysClockFreq
C:\Users\user\AppData\Local\Temp\ccuc8vss.s:1794   .text.HAL_RCC_GetSysClockFreq:000000a0 $d
C:\Users\user\AppData\Local\Temp\ccuc8vss.s:1803   .text.HAL_RCC_ClockConfig:00000000 $t
C:\Users\user\AppData\Local\Temp\ccuc8vss.s:1809   .text.HAL_RCC_ClockConfig:00000000 HAL_RCC_ClockConfig
C:\Users\user\AppData\Local\Temp\ccuc8vss.s:2195   .text.HAL_RCC_ClockConfig:000001b0 $d
C:\Users\user\AppData\Local\Temp\ccuc8vss.s:2205   .text.HAL_RCC_GetHCLKFreq:00000000 $t
C:\Users\user\AppData\Local\Temp\ccuc8vss.s:2211   .text.HAL_RCC_GetHCLKFreq:00000000 HAL_RCC_GetHCLKFreq
C:\Users\user\AppData\Local\Temp\ccuc8vss.s:2226   .text.HAL_RCC_GetHCLKFreq:00000008 $d
C:\Users\user\AppData\Local\Temp\ccuc8vss.s:2231   .text.HAL_RCC_GetPCLK1Freq:00000000 $t
C:\Users\user\AppData\Local\Temp\ccuc8vss.s:2237   .text.HAL_RCC_GetPCLK1Freq:00000000 HAL_RCC_GetPCLK1Freq
C:\Users\user\AppData\Local\Temp\ccuc8vss.s:2266   .text.HAL_RCC_GetPCLK1Freq:00000018 $d
C:\Users\user\AppData\Local\Temp\ccuc8vss.s:2272   .text.HAL_RCC_GetPCLK2Freq:00000000 $t
C:\Users\user\AppData\Local\Temp\ccuc8vss.s:2278   .text.HAL_RCC_GetPCLK2Freq:00000000 HAL_RCC_GetPCLK2Freq
C:\Users\user\AppData\Local\Temp\ccuc8vss.s:2307   .text.HAL_RCC_GetPCLK2Freq:00000018 $d
C:\Users\user\AppData\Local\Temp\ccuc8vss.s:2313   .text.HAL_RCC_GetOscConfig:00000000 $t
C:\Users\user\AppData\Local\Temp\ccuc8vss.s:2319   .text.HAL_RCC_GetOscConfig:00000000 HAL_RCC_GetOscConfig
C:\Users\user\AppData\Local\Temp\ccuc8vss.s:2516   .text.HAL_RCC_GetOscConfig:000000e0 $d
C:\Users\user\AppData\Local\Temp\ccuc8vss.s:2521   .text.HAL_RCC_GetClockConfig:00000000 $t
C:\Users\user\AppData\Local\Temp\ccuc8vss.s:2527   .text.HAL_RCC_GetClockConfig:00000000 HAL_RCC_GetClockConfig
C:\Users\user\AppData\Local\Temp\ccuc8vss.s:2584   .text.HAL_RCC_GetClockConfig:00000034 $d
C:\Users\user\AppData\Local\Temp\ccuc8vss.s:2590   .text.HAL_RCC_CSSCallback:00000000 $t
C:\Users\user\AppData\Local\Temp\ccuc8vss.s:2596   .text.HAL_RCC_CSSCallback:00000000 HAL_RCC_CSSCallback
C:\Users\user\AppData\Local\Temp\ccuc8vss.s:2609   .text.HAL_RCC_NMI_IRQHandler:00000000 $t
C:\Users\user\AppData\Local\Temp\ccuc8vss.s:2615   .text.HAL_RCC_NMI_IRQHandler:00000000 HAL_RCC_NMI_IRQHandler
C:\Users\user\AppData\Local\Temp\ccuc8vss.s:2649   .text.HAL_RCC_NMI_IRQHandler:0000001c $d

UNDEFINED SYMBOLS
HAL_GetTick
HAL_InitTick
SystemCoreClock
uwTickPrio
HAL_GPIO_Init
AHBPrescTable
APBPrescTable
