ARM GAS  C:\Users\user\AppData\Local\Temp\ccpb4Gyk.s 			page 1


   1              		.cpu cortex-m4
   2              		.arch armv7e-m
   3              		.fpu fpv4-sp-d16
   4              		.eabi_attribute 27, 1
   5              		.eabi_attribute 28, 1
   6              		.eabi_attribute 20, 1
   7              		.eabi_attribute 21, 1
   8              		.eabi_attribute 23, 3
   9              		.eabi_attribute 24, 1
  10              		.eabi_attribute 25, 1
  11              		.eabi_attribute 26, 1
  12              		.eabi_attribute 30, 1
  13              		.eabi_attribute 34, 1
  14              		.eabi_attribute 18, 4
  15              		.file	"py32e407_hal_pwr.c"
  16              		.text
  17              	.Ltext0:
  18              		.cfi_sections	.debug_frame
  19              		.section	.text.HAL_PWR_DeInit,"ax",%progbits
  20              		.align	1
  21              		.global	HAL_PWR_DeInit
  22              		.syntax unified
  23              		.thumb
  24              		.thumb_func
  26              	HAL_PWR_DeInit:
  27              	.LFB136:
  28              		.file 1 "../../../../../../Drivers/PY32E407_HAL_Driver/Src/py32e407_hal_pwr.c"
   1:../../../../../../Drivers/PY32E407_HAL_Driver/Src/py32e407_hal_pwr.c **** /**
   2:../../../../../../Drivers/PY32E407_HAL_Driver/Src/py32e407_hal_pwr.c ****   ******************************************************************************
   3:../../../../../../Drivers/PY32E407_HAL_Driver/Src/py32e407_hal_pwr.c ****   * @file    py32e407_hal_pwr.c
   4:../../../../../../Drivers/PY32E407_HAL_Driver/Src/py32e407_hal_pwr.c ****   * @author  MCU Application Team
   5:../../../../../../Drivers/PY32E407_HAL_Driver/Src/py32e407_hal_pwr.c ****   * @brief   PWR HAL module driver.
   6:../../../../../../Drivers/PY32E407_HAL_Driver/Src/py32e407_hal_pwr.c ****   *          This file provides firmware functions to manage the following
   7:../../../../../../Drivers/PY32E407_HAL_Driver/Src/py32e407_hal_pwr.c ****   *          functionalities of the Power Controller (PWR) peripheral:
   8:../../../../../../Drivers/PY32E407_HAL_Driver/Src/py32e407_hal_pwr.c ****   *           + Initialization/de-initialization functions
   9:../../../../../../Drivers/PY32E407_HAL_Driver/Src/py32e407_hal_pwr.c ****   *           + Peripheral Control functions 
  10:../../../../../../Drivers/PY32E407_HAL_Driver/Src/py32e407_hal_pwr.c ****   *
  11:../../../../../../Drivers/PY32E407_HAL_Driver/Src/py32e407_hal_pwr.c ****   ******************************************************************************
  12:../../../../../../Drivers/PY32E407_HAL_Driver/Src/py32e407_hal_pwr.c ****   * @attention
  13:../../../../../../Drivers/PY32E407_HAL_Driver/Src/py32e407_hal_pwr.c ****   *
  14:../../../../../../Drivers/PY32E407_HAL_Driver/Src/py32e407_hal_pwr.c ****   * <h2><center>&copy; Copyright (c) 2023 Puya Semiconductor Co.
  15:../../../../../../Drivers/PY32E407_HAL_Driver/Src/py32e407_hal_pwr.c ****   * All rights reserved.</center></h2>
  16:../../../../../../Drivers/PY32E407_HAL_Driver/Src/py32e407_hal_pwr.c ****   *
  17:../../../../../../Drivers/PY32E407_HAL_Driver/Src/py32e407_hal_pwr.c ****   * This software component is licensed by Puya under BSD 3-Clause license,
  18:../../../../../../Drivers/PY32E407_HAL_Driver/Src/py32e407_hal_pwr.c ****   * the "License"; You may not use this file except in compliance with the
  19:../../../../../../Drivers/PY32E407_HAL_Driver/Src/py32e407_hal_pwr.c ****   * License. You may obtain a copy of the License at:
  20:../../../../../../Drivers/PY32E407_HAL_Driver/Src/py32e407_hal_pwr.c ****   *                        opensource.org/licenses/BSD-3-Clause
  21:../../../../../../Drivers/PY32E407_HAL_Driver/Src/py32e407_hal_pwr.c ****   *
  22:../../../../../../Drivers/PY32E407_HAL_Driver/Src/py32e407_hal_pwr.c ****   ******************************************************************************
  23:../../../../../../Drivers/PY32E407_HAL_Driver/Src/py32e407_hal_pwr.c ****   * @attention
  24:../../../../../../Drivers/PY32E407_HAL_Driver/Src/py32e407_hal_pwr.c ****   *
  25:../../../../../../Drivers/PY32E407_HAL_Driver/Src/py32e407_hal_pwr.c ****   * <h2><center>&copy; Copyright (c) 2016 STMicroelectronics.
  26:../../../../../../Drivers/PY32E407_HAL_Driver/Src/py32e407_hal_pwr.c ****   * All rights reserved.</center></h2>
  27:../../../../../../Drivers/PY32E407_HAL_Driver/Src/py32e407_hal_pwr.c ****   *
  28:../../../../../../Drivers/PY32E407_HAL_Driver/Src/py32e407_hal_pwr.c ****   * This software component is licensed by ST under BSD 3-Clause license,
  29:../../../../../../Drivers/PY32E407_HAL_Driver/Src/py32e407_hal_pwr.c ****   * the "License"; You may not use this file except in compliance with the
  30:../../../../../../Drivers/PY32E407_HAL_Driver/Src/py32e407_hal_pwr.c ****   * License. You may obtain a copy of the License at:
ARM GAS  C:\Users\user\AppData\Local\Temp\ccpb4Gyk.s 			page 2


  31:../../../../../../Drivers/PY32E407_HAL_Driver/Src/py32e407_hal_pwr.c ****   *                        opensource.org/licenses/BSD-3-Clause
  32:../../../../../../Drivers/PY32E407_HAL_Driver/Src/py32e407_hal_pwr.c ****   *
  33:../../../../../../Drivers/PY32E407_HAL_Driver/Src/py32e407_hal_pwr.c ****   ******************************************************************************
  34:../../../../../../Drivers/PY32E407_HAL_Driver/Src/py32e407_hal_pwr.c ****   */
  35:../../../../../../Drivers/PY32E407_HAL_Driver/Src/py32e407_hal_pwr.c **** 
  36:../../../../../../Drivers/PY32E407_HAL_Driver/Src/py32e407_hal_pwr.c **** /* Includes ------------------------------------------------------------------*/
  37:../../../../../../Drivers/PY32E407_HAL_Driver/Src/py32e407_hal_pwr.c **** #include "py32e4xx_hal.h"
  38:../../../../../../Drivers/PY32E407_HAL_Driver/Src/py32e407_hal_pwr.c **** 
  39:../../../../../../Drivers/PY32E407_HAL_Driver/Src/py32e407_hal_pwr.c **** /** @addtogroup PY32E407_HAL_Driver
  40:../../../../../../Drivers/PY32E407_HAL_Driver/Src/py32e407_hal_pwr.c ****   * @{
  41:../../../../../../Drivers/PY32E407_HAL_Driver/Src/py32e407_hal_pwr.c ****   */
  42:../../../../../../Drivers/PY32E407_HAL_Driver/Src/py32e407_hal_pwr.c **** 
  43:../../../../../../Drivers/PY32E407_HAL_Driver/Src/py32e407_hal_pwr.c **** /** @defgroup PWR PWR
  44:../../../../../../Drivers/PY32E407_HAL_Driver/Src/py32e407_hal_pwr.c ****   * @brief    PWR HAL module driver
  45:../../../../../../Drivers/PY32E407_HAL_Driver/Src/py32e407_hal_pwr.c ****   * @{
  46:../../../../../../Drivers/PY32E407_HAL_Driver/Src/py32e407_hal_pwr.c ****   */
  47:../../../../../../Drivers/PY32E407_HAL_Driver/Src/py32e407_hal_pwr.c **** 
  48:../../../../../../Drivers/PY32E407_HAL_Driver/Src/py32e407_hal_pwr.c **** #ifdef HAL_PWR_MODULE_ENABLED
  49:../../../../../../Drivers/PY32E407_HAL_Driver/Src/py32e407_hal_pwr.c **** 
  50:../../../../../../Drivers/PY32E407_HAL_Driver/Src/py32e407_hal_pwr.c **** /* Private typedef -----------------------------------------------------------*/
  51:../../../../../../Drivers/PY32E407_HAL_Driver/Src/py32e407_hal_pwr.c **** /* Private define ------------------------------------------------------------*/
  52:../../../../../../Drivers/PY32E407_HAL_Driver/Src/py32e407_hal_pwr.c **** 
  53:../../../../../../Drivers/PY32E407_HAL_Driver/Src/py32e407_hal_pwr.c **** /** @defgroup PWR_Private_Defines PWR Private Defines
  54:../../../../../../Drivers/PY32E407_HAL_Driver/Src/py32e407_hal_pwr.c ****   * @{
  55:../../../../../../Drivers/PY32E407_HAL_Driver/Src/py32e407_hal_pwr.c ****   */
  56:../../../../../../Drivers/PY32E407_HAL_Driver/Src/py32e407_hal_pwr.c **** 
  57:../../../../../../Drivers/PY32E407_HAL_Driver/Src/py32e407_hal_pwr.c **** /** @defgroup PWR_PVD_Mode_Mask PWR PVD Mode Mask
  58:../../../../../../Drivers/PY32E407_HAL_Driver/Src/py32e407_hal_pwr.c ****   * @{
  59:../../../../../../Drivers/PY32E407_HAL_Driver/Src/py32e407_hal_pwr.c ****   */
  60:../../../../../../Drivers/PY32E407_HAL_Driver/Src/py32e407_hal_pwr.c **** #define PVD_MODE_IT               ((uint32_t)0x00010000)  /*!< Mask for interruption yielded by PVD
  61:../../../../../../Drivers/PY32E407_HAL_Driver/Src/py32e407_hal_pwr.c **** #define PVD_MODE_EVT              ((uint32_t)0x00020000)  /*!< Mask for event yielded by PVD thresh
  62:../../../../../../Drivers/PY32E407_HAL_Driver/Src/py32e407_hal_pwr.c **** #define PVD_RISING_EDGE           ((uint32_t)0x00000001)  /*!< Mask for rising edge set as PVD trig
  63:../../../../../../Drivers/PY32E407_HAL_Driver/Src/py32e407_hal_pwr.c **** #define PVD_FALLING_EDGE          ((uint32_t)0x00000002)  /*!< Mask for falling edge set as PVD tri
  64:../../../../../../Drivers/PY32E407_HAL_Driver/Src/py32e407_hal_pwr.c **** /**
  65:../../../../../../Drivers/PY32E407_HAL_Driver/Src/py32e407_hal_pwr.c ****   * @}
  66:../../../../../../Drivers/PY32E407_HAL_Driver/Src/py32e407_hal_pwr.c ****   */
  67:../../../../../../Drivers/PY32E407_HAL_Driver/Src/py32e407_hal_pwr.c **** 
  68:../../../../../../Drivers/PY32E407_HAL_Driver/Src/py32e407_hal_pwr.c **** /**
  69:../../../../../../Drivers/PY32E407_HAL_Driver/Src/py32e407_hal_pwr.c ****   * @}
  70:../../../../../../Drivers/PY32E407_HAL_Driver/Src/py32e407_hal_pwr.c ****   */
  71:../../../../../../Drivers/PY32E407_HAL_Driver/Src/py32e407_hal_pwr.c **** 
  72:../../../../../../Drivers/PY32E407_HAL_Driver/Src/py32e407_hal_pwr.c **** /* Private macro -------------------------------------------------------------*/
  73:../../../../../../Drivers/PY32E407_HAL_Driver/Src/py32e407_hal_pwr.c **** /* Private variables ---------------------------------------------------------*/
  74:../../../../../../Drivers/PY32E407_HAL_Driver/Src/py32e407_hal_pwr.c **** /* Private function prototypes -----------------------------------------------*/
  75:../../../../../../Drivers/PY32E407_HAL_Driver/Src/py32e407_hal_pwr.c **** /* Exported functions --------------------------------------------------------*/
  76:../../../../../../Drivers/PY32E407_HAL_Driver/Src/py32e407_hal_pwr.c **** 
  77:../../../../../../Drivers/PY32E407_HAL_Driver/Src/py32e407_hal_pwr.c **** /** @defgroup PWR_Exported_Functions PWR Exported Functions
  78:../../../../../../Drivers/PY32E407_HAL_Driver/Src/py32e407_hal_pwr.c ****   * @{
  79:../../../../../../Drivers/PY32E407_HAL_Driver/Src/py32e407_hal_pwr.c ****   */
  80:../../../../../../Drivers/PY32E407_HAL_Driver/Src/py32e407_hal_pwr.c **** 
  81:../../../../../../Drivers/PY32E407_HAL_Driver/Src/py32e407_hal_pwr.c **** /** @defgroup PWR_Exported_Functions_Group1 Initialization and de-initialization functions
  82:../../../../../../Drivers/PY32E407_HAL_Driver/Src/py32e407_hal_pwr.c ****   *  @brief    Initialization and de-initialization functions
  83:../../../../../../Drivers/PY32E407_HAL_Driver/Src/py32e407_hal_pwr.c ****   *
  84:../../../../../../Drivers/PY32E407_HAL_Driver/Src/py32e407_hal_pwr.c **** @verbatim
  85:../../../../../../Drivers/PY32E407_HAL_Driver/Src/py32e407_hal_pwr.c ****  ===============================================================================
  86:../../../../../../Drivers/PY32E407_HAL_Driver/Src/py32e407_hal_pwr.c ****               ##### Initialization and de-initialization functions #####
  87:../../../../../../Drivers/PY32E407_HAL_Driver/Src/py32e407_hal_pwr.c ****  ===============================================================================
ARM GAS  C:\Users\user\AppData\Local\Temp\ccpb4Gyk.s 			page 3


  88:../../../../../../Drivers/PY32E407_HAL_Driver/Src/py32e407_hal_pwr.c ****     [..]
  89:../../../../../../Drivers/PY32E407_HAL_Driver/Src/py32e407_hal_pwr.c **** 
  90:../../../../../../Drivers/PY32E407_HAL_Driver/Src/py32e407_hal_pwr.c **** @endverbatim
  91:../../../../../../Drivers/PY32E407_HAL_Driver/Src/py32e407_hal_pwr.c ****   * @{
  92:../../../../../../Drivers/PY32E407_HAL_Driver/Src/py32e407_hal_pwr.c ****   */
  93:../../../../../../Drivers/PY32E407_HAL_Driver/Src/py32e407_hal_pwr.c **** 
  94:../../../../../../Drivers/PY32E407_HAL_Driver/Src/py32e407_hal_pwr.c **** /**
  95:../../../../../../Drivers/PY32E407_HAL_Driver/Src/py32e407_hal_pwr.c ****   * @brief Deinitialize the HAL PWR peripheral registers to their default reset values.
  96:../../../../../../Drivers/PY32E407_HAL_Driver/Src/py32e407_hal_pwr.c ****   * @retval None
  97:../../../../../../Drivers/PY32E407_HAL_Driver/Src/py32e407_hal_pwr.c ****   */
  98:../../../../../../Drivers/PY32E407_HAL_Driver/Src/py32e407_hal_pwr.c **** void HAL_PWR_DeInit(void)
  99:../../../../../../Drivers/PY32E407_HAL_Driver/Src/py32e407_hal_pwr.c **** {
  29              		.loc 1 99 1 view -0
  30              		.cfi_startproc
  31              		@ args = 0, pretend = 0, frame = 0
  32              		@ frame_needed = 0, uses_anonymous_args = 0
  33              		@ link register save eliminated.
 100:../../../../../../Drivers/PY32E407_HAL_Driver/Src/py32e407_hal_pwr.c ****   __HAL_RCC_PWR_FORCE_RESET();
  34              		.loc 1 100 3 view .LVU1
  35 0000 044B     		ldr	r3, .L2
  36 0002 9A6B     		ldr	r2, [r3, #56]
  37 0004 42F08052 		orr	r2, r2, #268435456
  38 0008 9A63     		str	r2, [r3, #56]
 101:../../../../../../Drivers/PY32E407_HAL_Driver/Src/py32e407_hal_pwr.c ****   __HAL_RCC_PWR_RELEASE_RESET();
  39              		.loc 1 101 3 view .LVU2
  40 000a 9A6B     		ldr	r2, [r3, #56]
  41 000c 22F08052 		bic	r2, r2, #268435456
  42 0010 9A63     		str	r2, [r3, #56]
 102:../../../../../../Drivers/PY32E407_HAL_Driver/Src/py32e407_hal_pwr.c **** }
  43              		.loc 1 102 1 is_stmt 0 view .LVU3
  44 0012 7047     		bx	lr
  45              	.L3:
  46              		.align	2
  47              	.L2:
  48 0014 00100240 		.word	1073876992
  49              		.cfi_endproc
  50              	.LFE136:
  52              		.section	.text.HAL_PWR_EnableBkUpAccess,"ax",%progbits
  53              		.align	1
  54              		.global	HAL_PWR_EnableBkUpAccess
  55              		.syntax unified
  56              		.thumb
  57              		.thumb_func
  59              	HAL_PWR_EnableBkUpAccess:
  60              	.LFB137:
 103:../../../../../../Drivers/PY32E407_HAL_Driver/Src/py32e407_hal_pwr.c **** 
 104:../../../../../../Drivers/PY32E407_HAL_Driver/Src/py32e407_hal_pwr.c **** /**
 105:../../../../../../Drivers/PY32E407_HAL_Driver/Src/py32e407_hal_pwr.c ****   * @brief Enable access to the backup domain
 106:../../../../../../Drivers/PY32E407_HAL_Driver/Src/py32e407_hal_pwr.c ****   *        (RTC registers, RTC backup data registers).
 107:../../../../../../Drivers/PY32E407_HAL_Driver/Src/py32e407_hal_pwr.c ****   * @note  After reset, the backup domain is protected against
 108:../../../../../../Drivers/PY32E407_HAL_Driver/Src/py32e407_hal_pwr.c ****   *        possible unwanted write accesses.
 109:../../../../../../Drivers/PY32E407_HAL_Driver/Src/py32e407_hal_pwr.c ****   * @note  RTCSEL that sets the RTC clock source selection is in the RTC back-up domain.
 110:../../../../../../Drivers/PY32E407_HAL_Driver/Src/py32e407_hal_pwr.c ****   *        In order to set or modify the RTC clock, the backup domain access must be
 111:../../../../../../Drivers/PY32E407_HAL_Driver/Src/py32e407_hal_pwr.c ****   *        disabled.
 112:../../../../../../Drivers/PY32E407_HAL_Driver/Src/py32e407_hal_pwr.c ****   * @note  LSEON bit that switches on and off the LSE crystal belongs as well to the
 113:../../../../../../Drivers/PY32E407_HAL_Driver/Src/py32e407_hal_pwr.c ****   *        back-up domain.
 114:../../../../../../Drivers/PY32E407_HAL_Driver/Src/py32e407_hal_pwr.c ****   * @retval None
ARM GAS  C:\Users\user\AppData\Local\Temp\ccpb4Gyk.s 			page 4


 115:../../../../../../Drivers/PY32E407_HAL_Driver/Src/py32e407_hal_pwr.c ****   */
 116:../../../../../../Drivers/PY32E407_HAL_Driver/Src/py32e407_hal_pwr.c **** void HAL_PWR_EnableBkUpAccess(void)
 117:../../../../../../Drivers/PY32E407_HAL_Driver/Src/py32e407_hal_pwr.c **** {
  61              		.loc 1 117 1 is_stmt 1 view -0
  62              		.cfi_startproc
  63              		@ args = 0, pretend = 0, frame = 0
  64              		@ frame_needed = 0, uses_anonymous_args = 0
  65              		@ link register save eliminated.
 118:../../../../../../Drivers/PY32E407_HAL_Driver/Src/py32e407_hal_pwr.c ****   SET_BIT(PWR->CR1, PWR_CR1_DBP);
  66              		.loc 1 118 3 view .LVU5
  67 0000 024A     		ldr	r2, .L5
  68 0002 1368     		ldr	r3, [r2]
  69 0004 43F48073 		orr	r3, r3, #256
  70 0008 1360     		str	r3, [r2]
 119:../../../../../../Drivers/PY32E407_HAL_Driver/Src/py32e407_hal_pwr.c **** }
  71              		.loc 1 119 1 is_stmt 0 view .LVU6
  72 000a 7047     		bx	lr
  73              	.L6:
  74              		.align	2
  75              	.L5:
  76 000c 00700040 		.word	1073770496
  77              		.cfi_endproc
  78              	.LFE137:
  80              		.section	.text.HAL_PWR_DisableBkUpAccess,"ax",%progbits
  81              		.align	1
  82              		.global	HAL_PWR_DisableBkUpAccess
  83              		.syntax unified
  84              		.thumb
  85              		.thumb_func
  87              	HAL_PWR_DisableBkUpAccess:
  88              	.LFB138:
 120:../../../../../../Drivers/PY32E407_HAL_Driver/Src/py32e407_hal_pwr.c **** 
 121:../../../../../../Drivers/PY32E407_HAL_Driver/Src/py32e407_hal_pwr.c **** /**
 122:../../../../../../Drivers/PY32E407_HAL_Driver/Src/py32e407_hal_pwr.c ****   * @brief Disable access to the backup domain
 123:../../../../../../Drivers/PY32E407_HAL_Driver/Src/py32e407_hal_pwr.c ****   *        (RTC registers, RTC backup data registers).
 124:../../../../../../Drivers/PY32E407_HAL_Driver/Src/py32e407_hal_pwr.c ****   * @retval None
 125:../../../../../../Drivers/PY32E407_HAL_Driver/Src/py32e407_hal_pwr.c ****   */
 126:../../../../../../Drivers/PY32E407_HAL_Driver/Src/py32e407_hal_pwr.c **** void HAL_PWR_DisableBkUpAccess(void)
 127:../../../../../../Drivers/PY32E407_HAL_Driver/Src/py32e407_hal_pwr.c **** {
  89              		.loc 1 127 1 is_stmt 1 view -0
  90              		.cfi_startproc
  91              		@ args = 0, pretend = 0, frame = 0
  92              		@ frame_needed = 0, uses_anonymous_args = 0
  93              		@ link register save eliminated.
 128:../../../../../../Drivers/PY32E407_HAL_Driver/Src/py32e407_hal_pwr.c ****   CLEAR_BIT(PWR->CR1, PWR_CR1_DBP);
  94              		.loc 1 128 3 view .LVU8
  95 0000 024A     		ldr	r2, .L8
  96 0002 1368     		ldr	r3, [r2]
  97 0004 23F48073 		bic	r3, r3, #256
  98 0008 1360     		str	r3, [r2]
 129:../../../../../../Drivers/PY32E407_HAL_Driver/Src/py32e407_hal_pwr.c **** }
  99              		.loc 1 129 1 is_stmt 0 view .LVU9
 100 000a 7047     		bx	lr
 101              	.L9:
 102              		.align	2
 103              	.L8:
 104 000c 00700040 		.word	1073770496
ARM GAS  C:\Users\user\AppData\Local\Temp\ccpb4Gyk.s 			page 5


 105              		.cfi_endproc
 106              	.LFE138:
 108              		.section	.text.HAL_PWR_ConfigPVD,"ax",%progbits
 109              		.align	1
 110              		.global	HAL_PWR_ConfigPVD
 111              		.syntax unified
 112              		.thumb
 113              		.thumb_func
 115              	HAL_PWR_ConfigPVD:
 116              	.LVL0:
 117              	.LFB139:
 130:../../../../../../Drivers/PY32E407_HAL_Driver/Src/py32e407_hal_pwr.c **** /**
 131:../../../../../../Drivers/PY32E407_HAL_Driver/Src/py32e407_hal_pwr.c ****   * @}
 132:../../../../../../Drivers/PY32E407_HAL_Driver/Src/py32e407_hal_pwr.c ****   */
 133:../../../../../../Drivers/PY32E407_HAL_Driver/Src/py32e407_hal_pwr.c **** 
 134:../../../../../../Drivers/PY32E407_HAL_Driver/Src/py32e407_hal_pwr.c **** 
 135:../../../../../../Drivers/PY32E407_HAL_Driver/Src/py32e407_hal_pwr.c **** 
 136:../../../../../../Drivers/PY32E407_HAL_Driver/Src/py32e407_hal_pwr.c **** /** @defgroup PWR_Exported_Functions_Group2 Peripheral Control functions
 137:../../../../../../Drivers/PY32E407_HAL_Driver/Src/py32e407_hal_pwr.c ****   *  @brief Low Power modes configuration functions
 138:../../../../../../Drivers/PY32E407_HAL_Driver/Src/py32e407_hal_pwr.c ****   *
 139:../../../../../../Drivers/PY32E407_HAL_Driver/Src/py32e407_hal_pwr.c **** @verbatim
 140:../../../../../../Drivers/PY32E407_HAL_Driver/Src/py32e407_hal_pwr.c **** 
 141:../../../../../../Drivers/PY32E407_HAL_Driver/Src/py32e407_hal_pwr.c ****  ===============================================================================
 142:../../../../../../Drivers/PY32E407_HAL_Driver/Src/py32e407_hal_pwr.c ****                  ##### Peripheral Control functions #####
 143:../../../../../../Drivers/PY32E407_HAL_Driver/Src/py32e407_hal_pwr.c ****  ===============================================================================
 144:../../../../../../Drivers/PY32E407_HAL_Driver/Src/py32e407_hal_pwr.c **** 
 145:../../../../../../Drivers/PY32E407_HAL_Driver/Src/py32e407_hal_pwr.c ****      [..]
 146:../../../../../../Drivers/PY32E407_HAL_Driver/Src/py32e407_hal_pwr.c ****      *** PVD configuration ***
 147:../../../../../../Drivers/PY32E407_HAL_Driver/Src/py32e407_hal_pwr.c ****     =========================
 148:../../../../../../Drivers/PY32E407_HAL_Driver/Src/py32e407_hal_pwr.c ****     [..]
 149:../../../../../../Drivers/PY32E407_HAL_Driver/Src/py32e407_hal_pwr.c ****       (+) The PVD is used to monitor the VDD power supply by comparing it to a
 150:../../../../../../Drivers/PY32E407_HAL_Driver/Src/py32e407_hal_pwr.c ****           threshold selected by the PVD Level (PLS[2:0] bits in PWR_CR2 register).
 151:../../../../../../Drivers/PY32E407_HAL_Driver/Src/py32e407_hal_pwr.c **** 
 152:../../../../../../Drivers/PY32E407_HAL_Driver/Src/py32e407_hal_pwr.c ****       (+) PVDO flag is available to indicate if VDD/VDDA is higher or lower
 153:../../../../../../Drivers/PY32E407_HAL_Driver/Src/py32e407_hal_pwr.c ****           than the PVD threshold. This event is internally connected to the EXTI
 154:../../../../../../Drivers/PY32E407_HAL_Driver/Src/py32e407_hal_pwr.c ****           line16 and can generate an interrupt if enabled. This is done through
 155:../../../../../../Drivers/PY32E407_HAL_Driver/Src/py32e407_hal_pwr.c ****           __HAL_PWR_PVD_EXTI_ENABLE_IT() macro.
 156:../../../../../../Drivers/PY32E407_HAL_Driver/Src/py32e407_hal_pwr.c ****       (+) The PVD is stopped in Standby mode.
 157:../../../../../../Drivers/PY32E407_HAL_Driver/Src/py32e407_hal_pwr.c **** 
 158:../../../../../../Drivers/PY32E407_HAL_Driver/Src/py32e407_hal_pwr.c **** 
 159:../../../../../../Drivers/PY32E407_HAL_Driver/Src/py32e407_hal_pwr.c ****     *** WakeUp pin configuration ***
 160:../../../../../../Drivers/PY32E407_HAL_Driver/Src/py32e407_hal_pwr.c ****     ================================
 161:../../../../../../Drivers/PY32E407_HAL_Driver/Src/py32e407_hal_pwr.c ****     [..]
 162:../../../../../../Drivers/PY32E407_HAL_Driver/Src/py32e407_hal_pwr.c ****       (+) WakeUp pins are used to wakeup the system from Standby mode.
 163:../../../../../../Drivers/PY32E407_HAL_Driver/Src/py32e407_hal_pwr.c ****           The polarity of these pins can be set to configure event detection on high
 164:../../../../../../Drivers/PY32E407_HAL_Driver/Src/py32e407_hal_pwr.c ****           level (rising edge) or low level (falling edge).
 165:../../../../../../Drivers/PY32E407_HAL_Driver/Src/py32e407_hal_pwr.c **** 
 166:../../../../../../Drivers/PY32E407_HAL_Driver/Src/py32e407_hal_pwr.c **** 
 167:../../../../../../Drivers/PY32E407_HAL_Driver/Src/py32e407_hal_pwr.c **** 
 168:../../../../../../Drivers/PY32E407_HAL_Driver/Src/py32e407_hal_pwr.c ****     *** Low Power modes configuration ***
 169:../../../../../../Drivers/PY32E407_HAL_Driver/Src/py32e407_hal_pwr.c ****     =====================================
 170:../../../../../../Drivers/PY32E407_HAL_Driver/Src/py32e407_hal_pwr.c ****     [..]
 171:../../../../../../Drivers/PY32E407_HAL_Driver/Src/py32e407_hal_pwr.c ****       The devices feature 7 low-power modes:
 172:../../../../../../Drivers/PY32E407_HAL_Driver/Src/py32e407_hal_pwr.c ****       (+) Low-power Run mode: core and peripherals are running, main regulator off, low power regul
 173:../../../../../../Drivers/PY32E407_HAL_Driver/Src/py32e407_hal_pwr.c ****       (+) Sleep mode: Cortex-M4 core stopped, peripherals kept running, main and low power regulato
 174:../../../../../../Drivers/PY32E407_HAL_Driver/Src/py32e407_hal_pwr.c ****       (+) Low-power Sleep mode: Cortex-M4 core stopped, peripherals kept running, main regulator of
 175:../../../../../../Drivers/PY32E407_HAL_Driver/Src/py32e407_hal_pwr.c ****       (+) Stop 0 mode: all clocks are stopped except LSI and LSE, main and low power regulators on.
ARM GAS  C:\Users\user\AppData\Local\Temp\ccpb4Gyk.s 			page 6


 176:../../../../../../Drivers/PY32E407_HAL_Driver/Src/py32e407_hal_pwr.c ****       (+) Stop 1 mode: all clocks are stopped except LSI and LSE, main regulator off, low power reg
 177:../../../../../../Drivers/PY32E407_HAL_Driver/Src/py32e407_hal_pwr.c ****       (+) Standby mode with SRAM2: all clocks are stopped except LSI and LSE, SRAM2 content preserv
 178:../../../../../../Drivers/PY32E407_HAL_Driver/Src/py32e407_hal_pwr.c ****       (+) Standby mode without SRAM2: all clocks are stopped except LSI and LSE, main and low power
 179:../../../../../../Drivers/PY32E407_HAL_Driver/Src/py32e407_hal_pwr.c **** 
 180:../../../../../../Drivers/PY32E407_HAL_Driver/Src/py32e407_hal_pwr.c ****    *** Low-power run mode ***
 181:../../../../../../Drivers/PY32E407_HAL_Driver/Src/py32e407_hal_pwr.c ****    ==========================
 182:../../../../../../Drivers/PY32E407_HAL_Driver/Src/py32e407_hal_pwr.c ****     [..]
 183:../../../../../../Drivers/PY32E407_HAL_Driver/Src/py32e407_hal_pwr.c ****       (+) Entry: (from main run mode)
 184:../../../../../../Drivers/PY32E407_HAL_Driver/Src/py32e407_hal_pwr.c ****         (++) set LPR bit with HAL_PWREx_EnableLowPowerRunMode() API after having decreased the syst
 185:../../../../../../Drivers/PY32E407_HAL_Driver/Src/py32e407_hal_pwr.c **** 
 186:../../../../../../Drivers/PY32E407_HAL_Driver/Src/py32e407_hal_pwr.c ****       (+) Exit:
 187:../../../../../../Drivers/PY32E407_HAL_Driver/Src/py32e407_hal_pwr.c ****         (++) clear LPR bit then wait for MR_RDY bit to be set with HAL_PWREx_DisableLowPowerRunMode
 188:../../../../../../Drivers/PY32E407_HAL_Driver/Src/py32e407_hal_pwr.c ****              then can the system clock frequency be increased above 2 MHz.
 189:../../../../../../Drivers/PY32E407_HAL_Driver/Src/py32e407_hal_pwr.c **** 
 190:../../../../../../Drivers/PY32E407_HAL_Driver/Src/py32e407_hal_pwr.c **** 
 191:../../../../../../Drivers/PY32E407_HAL_Driver/Src/py32e407_hal_pwr.c ****    *** Sleep mode / Low-power sleep mode ***
 192:../../../../../../Drivers/PY32E407_HAL_Driver/Src/py32e407_hal_pwr.c ****    =========================================
 193:../../../../../../Drivers/PY32E407_HAL_Driver/Src/py32e407_hal_pwr.c ****     [..]
 194:../../../../../../Drivers/PY32E407_HAL_Driver/Src/py32e407_hal_pwr.c ****       (+) Entry:
 195:../../../../../../Drivers/PY32E407_HAL_Driver/Src/py32e407_hal_pwr.c ****           The Sleep mode / Low-power Sleep mode is entered through HAL_PWR_EnterSLEEPMode() API
 196:../../../../../../Drivers/PY32E407_HAL_Driver/Src/py32e407_hal_pwr.c ****           in specifying whether or not the regulator is forced to low-power mode and if exit is int
 197:../../../../../../Drivers/PY32E407_HAL_Driver/Src/py32e407_hal_pwr.c ****           (++) PWR_MAINREGULATOR_ON: Sleep mode (regulator in main mode).
 198:../../../../../../Drivers/PY32E407_HAL_Driver/Src/py32e407_hal_pwr.c ****           (++) PWR_LOWPOWERREGULATOR_ON: Low-power sleep (regulator in low power mode).
 199:../../../../../../Drivers/PY32E407_HAL_Driver/Src/py32e407_hal_pwr.c ****           In the latter case, the system clock frequency must have been decreased below 2 MHz befor
 200:../../../../../../Drivers/PY32E407_HAL_Driver/Src/py32e407_hal_pwr.c ****           (++) PWR_SLEEPENTRY_WFI: enter SLEEP mode with WFI instruction
 201:../../../../../../Drivers/PY32E407_HAL_Driver/Src/py32e407_hal_pwr.c ****           (++) PWR_SLEEPENTRY_WFE: enter SLEEP mode with WFE instruction
 202:../../../../../../Drivers/PY32E407_HAL_Driver/Src/py32e407_hal_pwr.c **** 
 203:../../../../../../Drivers/PY32E407_HAL_Driver/Src/py32e407_hal_pwr.c ****       (+) WFI Exit:
 204:../../../../../../Drivers/PY32E407_HAL_Driver/Src/py32e407_hal_pwr.c ****         (++) Any peripheral interrupt acknowledged by the nested vectored interrupt
 205:../../../../../../Drivers/PY32E407_HAL_Driver/Src/py32e407_hal_pwr.c ****              controller (NVIC) or any wake-up event.
 206:../../../../../../Drivers/PY32E407_HAL_Driver/Src/py32e407_hal_pwr.c **** 
 207:../../../../../../Drivers/PY32E407_HAL_Driver/Src/py32e407_hal_pwr.c ****       (+) WFE Exit:
 208:../../../../../../Drivers/PY32E407_HAL_Driver/Src/py32e407_hal_pwr.c ****         (++) Any wake-up event such as an EXTI line configured in event mode.
 209:../../../../../../Drivers/PY32E407_HAL_Driver/Src/py32e407_hal_pwr.c **** 
 210:../../../../../../Drivers/PY32E407_HAL_Driver/Src/py32e407_hal_pwr.c ****          [..] When exiting the Low-power sleep mode by issuing an interrupt or a wakeup event,
 211:../../../../../../Drivers/PY32E407_HAL_Driver/Src/py32e407_hal_pwr.c ****              the MCU is in Low-power Run mode.
 212:../../../../../../Drivers/PY32E407_HAL_Driver/Src/py32e407_hal_pwr.c **** 
 213:../../../../../../Drivers/PY32E407_HAL_Driver/Src/py32e407_hal_pwr.c ****    *** Stop 0, Stop 1 modes ***
 214:../../../../../../Drivers/PY32E407_HAL_Driver/Src/py32e407_hal_pwr.c ****    ===============================
 215:../../../../../../Drivers/PY32E407_HAL_Driver/Src/py32e407_hal_pwr.c ****     [..]
 216:../../../../../../Drivers/PY32E407_HAL_Driver/Src/py32e407_hal_pwr.c ****       (+) Entry:
 217:../../../../../../Drivers/PY32E407_HAL_Driver/Src/py32e407_hal_pwr.c ****           The Stop 0, Stop 1 modes are entered through the following API's:
 218:../../../../../../Drivers/PY32E407_HAL_Driver/Src/py32e407_hal_pwr.c ****           (++) HAL_PWREx_EnterSTOP0Mode() for mode 0 or HAL_PWREx_EnterSTOP1Mode() for mode 1 or fo
 219:../../../../../../Drivers/PY32E407_HAL_Driver/Src/py32e407_hal_pwr.c ****       (+) Regulator setting (applicable to HAL_PWR_EnterSTOPMode() only):
 220:../../../../../../Drivers/PY32E407_HAL_Driver/Src/py32e407_hal_pwr.c ****           (++) PWR_MAINREGULATOR_ON
 221:../../../../../../Drivers/PY32E407_HAL_Driver/Src/py32e407_hal_pwr.c ****           (++) PWR_LOWPOWERREGULATOR_ON
 222:../../../../../../Drivers/PY32E407_HAL_Driver/Src/py32e407_hal_pwr.c ****       (+) Exit (interrupt or event-triggered, specified when entering STOP mode):
 223:../../../../../../Drivers/PY32E407_HAL_Driver/Src/py32e407_hal_pwr.c ****           (++) PWR_STOPENTRY_WFI: enter Stop mode with WFI instruction
 224:../../../../../../Drivers/PY32E407_HAL_Driver/Src/py32e407_hal_pwr.c ****           (++) PWR_STOPENTRY_WFE: enter Stop mode with WFE instruction
 225:../../../../../../Drivers/PY32E407_HAL_Driver/Src/py32e407_hal_pwr.c **** 
 226:../../../../../../Drivers/PY32E407_HAL_Driver/Src/py32e407_hal_pwr.c ****       (+) WFI Exit:
 227:../../../../../../Drivers/PY32E407_HAL_Driver/Src/py32e407_hal_pwr.c ****           (++) Any EXTI Line (Internal or External) configured in Interrupt mode.
 228:../../../../../../Drivers/PY32E407_HAL_Driver/Src/py32e407_hal_pwr.c ****           (++) Some specific communication peripherals (LPUART, I2C) interrupts
 229:../../../../../../Drivers/PY32E407_HAL_Driver/Src/py32e407_hal_pwr.c ****                when programmed in wakeup mode.
 230:../../../../../../Drivers/PY32E407_HAL_Driver/Src/py32e407_hal_pwr.c ****       (+) WFE Exit:
 231:../../../../../../Drivers/PY32E407_HAL_Driver/Src/py32e407_hal_pwr.c ****           (++) Any EXTI Line (Internal or External) configured in Event mode.
 232:../../../../../../Drivers/PY32E407_HAL_Driver/Src/py32e407_hal_pwr.c **** 
ARM GAS  C:\Users\user\AppData\Local\Temp\ccpb4Gyk.s 			page 7


 233:../../../../../../Drivers/PY32E407_HAL_Driver/Src/py32e407_hal_pwr.c ****        [..]
 234:../../../../../../Drivers/PY32E407_HAL_Driver/Src/py32e407_hal_pwr.c ****           When exiting Stop 0 and Stop 1 modes, the MCU is either in Run mode or in Low-power Run m
 235:../../../../../../Drivers/PY32E407_HAL_Driver/Src/py32e407_hal_pwr.c ****           depending on the LPR bit setting.
 236:../../../../../../Drivers/PY32E407_HAL_Driver/Src/py32e407_hal_pwr.c **** 
 237:../../../../../../Drivers/PY32E407_HAL_Driver/Src/py32e407_hal_pwr.c ****    *** Standby mode ***
 238:../../../../../../Drivers/PY32E407_HAL_Driver/Src/py32e407_hal_pwr.c ****    ====================
 239:../../../../../../Drivers/PY32E407_HAL_Driver/Src/py32e407_hal_pwr.c ****      [..]
 240:../../../../../../Drivers/PY32E407_HAL_Driver/Src/py32e407_hal_pwr.c ****       The Standby mode offers two options:
 241:../../../../../../Drivers/PY32E407_HAL_Driver/Src/py32e407_hal_pwr.c ****       (+) option a) all clocks off except LSI and LSE, RRS bit set (keeps voltage regulator in low 
 242:../../../../../../Drivers/PY32E407_HAL_Driver/Src/py32e407_hal_pwr.c ****         SRAM and registers contents are lost except for the SRAM2 content, the RTC registers, RTC b
 243:../../../../../../Drivers/PY32E407_HAL_Driver/Src/py32e407_hal_pwr.c ****         and Standby circuitry.
 244:../../../../../../Drivers/PY32E407_HAL_Driver/Src/py32e407_hal_pwr.c ****       (+) option b) all clocks off except LSI and LSE, RRS bit cleared (voltage regulator then disa
 245:../../../../../../Drivers/PY32E407_HAL_Driver/Src/py32e407_hal_pwr.c ****         SRAM and register contents are lost except for the RTC registers, RTC backup registers
 246:../../../../../../Drivers/PY32E407_HAL_Driver/Src/py32e407_hal_pwr.c ****         and Standby circuitry.
 247:../../../../../../Drivers/PY32E407_HAL_Driver/Src/py32e407_hal_pwr.c **** 
 248:../../../../../../Drivers/PY32E407_HAL_Driver/Src/py32e407_hal_pwr.c ****       (++) Entry:
 249:../../../../../../Drivers/PY32E407_HAL_Driver/Src/py32e407_hal_pwr.c ****           (+++) The Standby mode is entered through HAL_PWR_EnterSTANDBYMode() API.
 250:../../../../../../Drivers/PY32E407_HAL_Driver/Src/py32e407_hal_pwr.c ****                 SRAM1 and register contents are lost except for registers in the Backup domain and
 251:../../../../../../Drivers/PY32E407_HAL_Driver/Src/py32e407_hal_pwr.c ****                 Standby circuitry. SRAM2 content can be preserved if the bit RRS is set in PWR_CR3 
 252:../../../../../../Drivers/PY32E407_HAL_Driver/Src/py32e407_hal_pwr.c ****                 To enable this feature, the user can resort to HAL_PWREx_EnableSRAM2ContentRetentio
 253:../../../../../../Drivers/PY32E407_HAL_Driver/Src/py32e407_hal_pwr.c ****                 to set RRS bit.
 254:../../../../../../Drivers/PY32E407_HAL_Driver/Src/py32e407_hal_pwr.c **** 
 255:../../../../../../Drivers/PY32E407_HAL_Driver/Src/py32e407_hal_pwr.c ****       (++) Exit:
 256:../../../../../../Drivers/PY32E407_HAL_Driver/Src/py32e407_hal_pwr.c ****           (+++) WKUP pin rising edge, RTC alarm or wakeup, tamper event,
 257:../../../../../../Drivers/PY32E407_HAL_Driver/Src/py32e407_hal_pwr.c ****                 external reset in NRST pin, IWDG reset.
 258:../../../../../../Drivers/PY32E407_HAL_Driver/Src/py32e407_hal_pwr.c **** 
 259:../../../../../../Drivers/PY32E407_HAL_Driver/Src/py32e407_hal_pwr.c ****       [..]    After waking up from Standby mode, program execution restarts in the same way as afte
 260:../../../../../../Drivers/PY32E407_HAL_Driver/Src/py32e407_hal_pwr.c **** 
 261:../../../../../../Drivers/PY32E407_HAL_Driver/Src/py32e407_hal_pwr.c **** 
 262:../../../../../../Drivers/PY32E407_HAL_Driver/Src/py32e407_hal_pwr.c ****    *** Auto-wakeup (AWU) from low-power mode ***
 263:../../../../../../Drivers/PY32E407_HAL_Driver/Src/py32e407_hal_pwr.c ****    =============================================
 264:../../../../../../Drivers/PY32E407_HAL_Driver/Src/py32e407_hal_pwr.c ****     [..]
 265:../../../../../../Drivers/PY32E407_HAL_Driver/Src/py32e407_hal_pwr.c ****       The MCU can be woken up from low-power mode by an RTC Alarm event, an RTC
 266:../../../../../../Drivers/PY32E407_HAL_Driver/Src/py32e407_hal_pwr.c ****       Wakeup event, a tamper event, without depending on
 267:../../../../../../Drivers/PY32E407_HAL_Driver/Src/py32e407_hal_pwr.c ****       an external interrupt (Auto-wakeup mode).
 268:../../../../../../Drivers/PY32E407_HAL_Driver/Src/py32e407_hal_pwr.c **** 
 269:../../../../../../Drivers/PY32E407_HAL_Driver/Src/py32e407_hal_pwr.c ****       (+) RTC auto-wakeup (AWU) from the Stop and Standby modes
 270:../../../../../../Drivers/PY32E407_HAL_Driver/Src/py32e407_hal_pwr.c **** 
 271:../../../../../../Drivers/PY32E407_HAL_Driver/Src/py32e407_hal_pwr.c **** 
 272:../../../../../../Drivers/PY32E407_HAL_Driver/Src/py32e407_hal_pwr.c ****         (++) To wake up from the Stop mode with an RTC alarm event, it is necessary to
 273:../../../../../../Drivers/PY32E407_HAL_Driver/Src/py32e407_hal_pwr.c ****              configure the RTC to generate the RTC alarm using the HAL_RTC_SetAlarm_IT() function.
 274:../../../../../../Drivers/PY32E407_HAL_Driver/Src/py32e407_hal_pwr.c **** 
 275:../../../../../../Drivers/PY32E407_HAL_Driver/Src/py32e407_hal_pwr.c ****         (++) To wake up from the Stop mode with an RTC Tamper, it
 276:../../../../../../Drivers/PY32E407_HAL_Driver/Src/py32e407_hal_pwr.c ****              is necessary to configure the RTC to detect the tamper using the
 277:../../../../../../Drivers/PY32E407_HAL_Driver/Src/py32e407_hal_pwr.c ****              HAL_RTCEx_SetTamper_IT() functions.
 278:../../../../../../Drivers/PY32E407_HAL_Driver/Src/py32e407_hal_pwr.c **** 
 279:../../../../../../Drivers/PY32E407_HAL_Driver/Src/py32e407_hal_pwr.c **** 
 280:../../../../../../Drivers/PY32E407_HAL_Driver/Src/py32e407_hal_pwr.c **** @endverbatim
 281:../../../../../../Drivers/PY32E407_HAL_Driver/Src/py32e407_hal_pwr.c ****   * @{
 282:../../../../../../Drivers/PY32E407_HAL_Driver/Src/py32e407_hal_pwr.c ****   */
 283:../../../../../../Drivers/PY32E407_HAL_Driver/Src/py32e407_hal_pwr.c **** 
 284:../../../../../../Drivers/PY32E407_HAL_Driver/Src/py32e407_hal_pwr.c **** 
 285:../../../../../../Drivers/PY32E407_HAL_Driver/Src/py32e407_hal_pwr.c **** 
 286:../../../../../../Drivers/PY32E407_HAL_Driver/Src/py32e407_hal_pwr.c **** /**
 287:../../../../../../Drivers/PY32E407_HAL_Driver/Src/py32e407_hal_pwr.c ****   * @brief Configure the voltage threshold detected by the Power Voltage Detector (PVD).
 288:../../../../../../Drivers/PY32E407_HAL_Driver/Src/py32e407_hal_pwr.c ****   * @param sConfigPVD: pointer to a PWR_PVDTypeDef structure that contains the PVD
 289:../../../../../../Drivers/PY32E407_HAL_Driver/Src/py32e407_hal_pwr.c ****   *        configuration information.
ARM GAS  C:\Users\user\AppData\Local\Temp\ccpb4Gyk.s 			page 8


 290:../../../../../../Drivers/PY32E407_HAL_Driver/Src/py32e407_hal_pwr.c ****   * @note Refer to the electrical characteristics of your device datasheet for
 291:../../../../../../Drivers/PY32E407_HAL_Driver/Src/py32e407_hal_pwr.c ****   *         more details about the voltage thresholds corresponding to each
 292:../../../../../../Drivers/PY32E407_HAL_Driver/Src/py32e407_hal_pwr.c ****   *         detection level.
 293:../../../../../../Drivers/PY32E407_HAL_Driver/Src/py32e407_hal_pwr.c ****   * @retval None
 294:../../../../../../Drivers/PY32E407_HAL_Driver/Src/py32e407_hal_pwr.c ****   */
 295:../../../../../../Drivers/PY32E407_HAL_Driver/Src/py32e407_hal_pwr.c **** HAL_StatusTypeDef HAL_PWR_ConfigPVD(PWR_PVDTypeDef *sConfigPVD)
 296:../../../../../../Drivers/PY32E407_HAL_Driver/Src/py32e407_hal_pwr.c **** {
 118              		.loc 1 296 1 is_stmt 1 view -0
 119              		.cfi_startproc
 120              		@ args = 0, pretend = 0, frame = 8
 121              		@ frame_needed = 0, uses_anonymous_args = 0
 122              		.loc 1 296 1 is_stmt 0 view .LVU11
 123 0000 00B5     		push	{lr}
 124              	.LCFI0:
 125              		.cfi_def_cfa_offset 4
 126              		.cfi_offset 14, -4
 127 0002 83B0     		sub	sp, sp, #12
 128              	.LCFI1:
 129              		.cfi_def_cfa_offset 16
 297:../../../../../../Drivers/PY32E407_HAL_Driver/Src/py32e407_hal_pwr.c ****   /* Check the parameters */
 298:../../../../../../Drivers/PY32E407_HAL_Driver/Src/py32e407_hal_pwr.c ****   assert_param(IS_PWR_PVD_LEVEL(sConfigPVD->PVDLevel));
 130              		.loc 1 298 3 is_stmt 1 view .LVU12
 299:../../../../../../Drivers/PY32E407_HAL_Driver/Src/py32e407_hal_pwr.c ****   assert_param(IS_PWR_PVD_MODE(sConfigPVD->Mode));
 131              		.loc 1 299 3 view .LVU13
 300:../../../../../../Drivers/PY32E407_HAL_Driver/Src/py32e407_hal_pwr.c ****   assert_param(IS_PWR_PVD_FILTER(sConfigPVD->PVDFilter));
 132              		.loc 1 300 3 view .LVU14
 301:../../../../../../Drivers/PY32E407_HAL_Driver/Src/py32e407_hal_pwr.c ****   
 302:../../../../../../Drivers/PY32E407_HAL_Driver/Src/py32e407_hal_pwr.c ****   /* Set PLS bits according to PVDLevel value */
 303:../../../../../../Drivers/PY32E407_HAL_Driver/Src/py32e407_hal_pwr.c ****   MODIFY_REG(PWR->CR2, PWR_CR2_PLS, sConfigPVD->PVDLevel);
 133              		.loc 1 303 3 view .LVU15
 134 0004 2B4A     		ldr	r2, .L19
 135 0006 5368     		ldr	r3, [r2, #4]
 136 0008 23F00E03 		bic	r3, r3, #14
 137 000c 0168     		ldr	r1, [r0]
 138 000e 0B43     		orrs	r3, r3, r1
 139 0010 5360     		str	r3, [r2, #4]
 304:../../../../../../Drivers/PY32E407_HAL_Driver/Src/py32e407_hal_pwr.c **** 
 305:../../../../../../Drivers/PY32E407_HAL_Driver/Src/py32e407_hal_pwr.c ****   MODIFY_REG(PWR->CR2, (PWR_CR2_FLTEN | PWR_CR2_FLT_CTRL), sConfigPVD->PVDFilter); 
 140              		.loc 1 305 3 view .LVU16
 141 0012 5368     		ldr	r3, [r2, #4]
 142 0014 23F47063 		bic	r3, r3, #3840
 143 0018 4168     		ldr	r1, [r0, #4]
 144 001a 0B43     		orrs	r3, r3, r1
 145 001c 5360     		str	r3, [r2, #4]
 306:../../../../../../Drivers/PY32E407_HAL_Driver/Src/py32e407_hal_pwr.c ****   
 307:../../../../../../Drivers/PY32E407_HAL_Driver/Src/py32e407_hal_pwr.c ****   /* Clear any previous config. Keep it clear if no event or IT mode is selected */
 308:../../../../../../Drivers/PY32E407_HAL_Driver/Src/py32e407_hal_pwr.c ****   __HAL_PWR_PVD_EXTI_DISABLE_EVENT();
 146              		.loc 1 308 3 view .LVU17
 147 001e 264B     		ldr	r3, .L19+4
 148 0020 5A68     		ldr	r2, [r3, #4]
 149 0022 22F48032 		bic	r2, r2, #65536
 150 0026 5A60     		str	r2, [r3, #4]
 309:../../../../../../Drivers/PY32E407_HAL_Driver/Src/py32e407_hal_pwr.c ****   __HAL_PWR_PVD_EXTI_DISABLE_IT();
 151              		.loc 1 309 3 view .LVU18
 152 0028 1A68     		ldr	r2, [r3]
 153 002a 22F48032 		bic	r2, r2, #65536
 154 002e 1A60     		str	r2, [r3]
ARM GAS  C:\Users\user\AppData\Local\Temp\ccpb4Gyk.s 			page 9


 310:../../../../../../Drivers/PY32E407_HAL_Driver/Src/py32e407_hal_pwr.c ****   __HAL_PWR_PVD_EXTI_DISABLE_FALLING_EDGE();
 155              		.loc 1 310 3 view .LVU19
 156 0030 DA68     		ldr	r2, [r3, #12]
 157 0032 22F48032 		bic	r2, r2, #65536
 158 0036 DA60     		str	r2, [r3, #12]
 311:../../../../../../Drivers/PY32E407_HAL_Driver/Src/py32e407_hal_pwr.c ****   __HAL_PWR_PVD_EXTI_DISABLE_RISING_EDGE();
 159              		.loc 1 311 3 view .LVU20
 160 0038 9A68     		ldr	r2, [r3, #8]
 161 003a 22F48032 		bic	r2, r2, #65536
 162 003e 9A60     		str	r2, [r3, #8]
 312:../../../../../../Drivers/PY32E407_HAL_Driver/Src/py32e407_hal_pwr.c **** 
 313:../../../../../../Drivers/PY32E407_HAL_Driver/Src/py32e407_hal_pwr.c ****   /* Configure interrupt mode */
 314:../../../../../../Drivers/PY32E407_HAL_Driver/Src/py32e407_hal_pwr.c ****   if((sConfigPVD->Mode & PVD_MODE_IT) == PVD_MODE_IT)
 163              		.loc 1 314 3 view .LVU21
 164              		.loc 1 314 17 is_stmt 0 view .LVU22
 165 0040 8368     		ldr	r3, [r0, #8]
 166              		.loc 1 314 5 view .LVU23
 167 0042 13F4803F 		tst	r3, #65536
 168 0046 04D0     		beq	.L11
 315:../../../../../../Drivers/PY32E407_HAL_Driver/Src/py32e407_hal_pwr.c ****   {
 316:../../../../../../Drivers/PY32E407_HAL_Driver/Src/py32e407_hal_pwr.c ****     __HAL_PWR_PVD_EXTI_ENABLE_IT();
 169              		.loc 1 316 5 is_stmt 1 view .LVU24
 170 0048 1B4A     		ldr	r2, .L19+4
 171 004a 1368     		ldr	r3, [r2]
 172 004c 43F48033 		orr	r3, r3, #65536
 173 0050 1360     		str	r3, [r2]
 174              	.L11:
 317:../../../../../../Drivers/PY32E407_HAL_Driver/Src/py32e407_hal_pwr.c ****   }
 318:../../../../../../Drivers/PY32E407_HAL_Driver/Src/py32e407_hal_pwr.c **** 
 319:../../../../../../Drivers/PY32E407_HAL_Driver/Src/py32e407_hal_pwr.c ****   /* Configure event mode */
 320:../../../../../../Drivers/PY32E407_HAL_Driver/Src/py32e407_hal_pwr.c ****   if((sConfigPVD->Mode & PVD_MODE_EVT) == PVD_MODE_EVT)
 175              		.loc 1 320 3 view .LVU25
 176              		.loc 1 320 17 is_stmt 0 view .LVU26
 177 0052 8368     		ldr	r3, [r0, #8]
 178              		.loc 1 320 5 view .LVU27
 179 0054 13F4003F 		tst	r3, #131072
 180 0058 04D0     		beq	.L12
 321:../../../../../../Drivers/PY32E407_HAL_Driver/Src/py32e407_hal_pwr.c ****   {
 322:../../../../../../Drivers/PY32E407_HAL_Driver/Src/py32e407_hal_pwr.c ****     __HAL_PWR_PVD_EXTI_ENABLE_EVENT();
 181              		.loc 1 322 5 is_stmt 1 view .LVU28
 182 005a 174A     		ldr	r2, .L19+4
 183 005c 5368     		ldr	r3, [r2, #4]
 184 005e 43F48033 		orr	r3, r3, #65536
 185 0062 5360     		str	r3, [r2, #4]
 186              	.L12:
 323:../../../../../../Drivers/PY32E407_HAL_Driver/Src/py32e407_hal_pwr.c ****   }
 324:../../../../../../Drivers/PY32E407_HAL_Driver/Src/py32e407_hal_pwr.c **** 
 325:../../../../../../Drivers/PY32E407_HAL_Driver/Src/py32e407_hal_pwr.c ****   /* Configure the edge */
 326:../../../../../../Drivers/PY32E407_HAL_Driver/Src/py32e407_hal_pwr.c ****   if((sConfigPVD->Mode & PVD_RISING_EDGE) == PVD_RISING_EDGE)
 187              		.loc 1 326 3 view .LVU29
 188              		.loc 1 326 17 is_stmt 0 view .LVU30
 189 0064 8368     		ldr	r3, [r0, #8]
 190              		.loc 1 326 5 view .LVU31
 191 0066 13F0010F 		tst	r3, #1
 192 006a 04D0     		beq	.L13
 327:../../../../../../Drivers/PY32E407_HAL_Driver/Src/py32e407_hal_pwr.c ****   {
 328:../../../../../../Drivers/PY32E407_HAL_Driver/Src/py32e407_hal_pwr.c ****     __HAL_PWR_PVD_EXTI_ENABLE_RISING_EDGE();
ARM GAS  C:\Users\user\AppData\Local\Temp\ccpb4Gyk.s 			page 10


 193              		.loc 1 328 5 is_stmt 1 view .LVU32
 194 006c 124A     		ldr	r2, .L19+4
 195 006e 9368     		ldr	r3, [r2, #8]
 196 0070 43F48033 		orr	r3, r3, #65536
 197 0074 9360     		str	r3, [r2, #8]
 198              	.L13:
 329:../../../../../../Drivers/PY32E407_HAL_Driver/Src/py32e407_hal_pwr.c ****   }
 330:../../../../../../Drivers/PY32E407_HAL_Driver/Src/py32e407_hal_pwr.c **** 
 331:../../../../../../Drivers/PY32E407_HAL_Driver/Src/py32e407_hal_pwr.c ****   if((sConfigPVD->Mode & PVD_FALLING_EDGE) == PVD_FALLING_EDGE)
 199              		.loc 1 331 3 view .LVU33
 200              		.loc 1 331 17 is_stmt 0 view .LVU34
 201 0076 8368     		ldr	r3, [r0, #8]
 202              		.loc 1 331 5 view .LVU35
 203 0078 13F0020F 		tst	r3, #2
 204 007c 04D0     		beq	.L14
 332:../../../../../../Drivers/PY32E407_HAL_Driver/Src/py32e407_hal_pwr.c ****   {
 333:../../../../../../Drivers/PY32E407_HAL_Driver/Src/py32e407_hal_pwr.c ****     __HAL_PWR_PVD_EXTI_ENABLE_FALLING_EDGE();
 205              		.loc 1 333 5 is_stmt 1 view .LVU36
 206 007e 0E4A     		ldr	r2, .L19+4
 207 0080 D368     		ldr	r3, [r2, #12]
 208 0082 43F48033 		orr	r3, r3, #65536
 209 0086 D360     		str	r3, [r2, #12]
 210              	.L14:
 334:../../../../../../Drivers/PY32E407_HAL_Driver/Src/py32e407_hal_pwr.c ****   }
 335:../../../../../../Drivers/PY32E407_HAL_Driver/Src/py32e407_hal_pwr.c ****   
 336:../../../../../../Drivers/PY32E407_HAL_Driver/Src/py32e407_hal_pwr.c ****   if(sConfigPVD->PVDLevel == PWR_PVDLEVEL_7)
 211              		.loc 1 336 3 view .LVU37
 212              		.loc 1 336 16 is_stmt 0 view .LVU38
 213 0088 0368     		ldr	r3, [r0]
 214              		.loc 1 336 5 view .LVU39
 215 008a 0E2B     		cmp	r3, #14
 216 008c 05D0     		beq	.L18
 337:../../../../../../Drivers/PY32E407_HAL_Driver/Src/py32e407_hal_pwr.c ****   {
 338:../../../../../../Drivers/PY32E407_HAL_Driver/Src/py32e407_hal_pwr.c ****     __HAL_RCC_SYSCFG_CLK_ENABLE();
 339:../../../../../../Drivers/PY32E407_HAL_Driver/Src/py32e407_hal_pwr.c ****     
 340:../../../../../../Drivers/PY32E407_HAL_Driver/Src/py32e407_hal_pwr.c ****     HAL_SYSCFG_EnablePVD_IN_AnalogMode();
 341:../../../../../../Drivers/PY32E407_HAL_Driver/Src/py32e407_hal_pwr.c ****   }
 342:../../../../../../Drivers/PY32E407_HAL_Driver/Src/py32e407_hal_pwr.c ****   else
 343:../../../../../../Drivers/PY32E407_HAL_Driver/Src/py32e407_hal_pwr.c ****   {
 344:../../../../../../Drivers/PY32E407_HAL_Driver/Src/py32e407_hal_pwr.c ****     HAL_SYSCFG_DisablePVD_IN_AnalogMode();
 217              		.loc 1 344 5 is_stmt 1 view .LVU40
 218 008e FFF7FEFF 		bl	HAL_SYSCFG_DisablePVD_IN_AnalogMode
 219              	.LVL1:
 220              	.L16:
 345:../../../../../../Drivers/PY32E407_HAL_Driver/Src/py32e407_hal_pwr.c ****   }
 346:../../../../../../Drivers/PY32E407_HAL_Driver/Src/py32e407_hal_pwr.c ****   
 347:../../../../../../Drivers/PY32E407_HAL_Driver/Src/py32e407_hal_pwr.c ****   return HAL_OK;
 221              		.loc 1 347 3 view .LVU41
 348:../../../../../../Drivers/PY32E407_HAL_Driver/Src/py32e407_hal_pwr.c **** }
 222              		.loc 1 348 1 is_stmt 0 view .LVU42
 223 0092 0020     		movs	r0, #0
 224 0094 03B0     		add	sp, sp, #12
 225              	.LCFI2:
 226              		.cfi_remember_state
 227              		.cfi_def_cfa_offset 4
 228              		@ sp needed
 229 0096 5DF804FB 		ldr	pc, [sp], #4
ARM GAS  C:\Users\user\AppData\Local\Temp\ccpb4Gyk.s 			page 11


 230              	.LVL2:
 231              	.L18:
 232              	.LCFI3:
 233              		.cfi_restore_state
 338:../../../../../../Drivers/PY32E407_HAL_Driver/Src/py32e407_hal_pwr.c ****     
 234              		.loc 1 338 5 is_stmt 1 view .LVU43
 235              	.LBB2:
 338:../../../../../../Drivers/PY32E407_HAL_Driver/Src/py32e407_hal_pwr.c ****     
 236              		.loc 1 338 5 view .LVU44
 338:../../../../../../Drivers/PY32E407_HAL_Driver/Src/py32e407_hal_pwr.c ****     
 237              		.loc 1 338 5 view .LVU45
 238 009a 084B     		ldr	r3, .L19+8
 239 009c 1A6E     		ldr	r2, [r3, #96]
 240 009e 42F00102 		orr	r2, r2, #1
 241 00a2 1A66     		str	r2, [r3, #96]
 338:../../../../../../Drivers/PY32E407_HAL_Driver/Src/py32e407_hal_pwr.c ****     
 242              		.loc 1 338 5 view .LVU46
 243 00a4 1B6E     		ldr	r3, [r3, #96]
 244 00a6 03F00103 		and	r3, r3, #1
 245 00aa 0193     		str	r3, [sp, #4]
 338:../../../../../../Drivers/PY32E407_HAL_Driver/Src/py32e407_hal_pwr.c ****     
 246              		.loc 1 338 5 view .LVU47
 247 00ac 019B     		ldr	r3, [sp, #4]
 248              	.LBE2:
 338:../../../../../../Drivers/PY32E407_HAL_Driver/Src/py32e407_hal_pwr.c ****     
 249              		.loc 1 338 5 view .LVU48
 340:../../../../../../Drivers/PY32E407_HAL_Driver/Src/py32e407_hal_pwr.c ****   }
 250              		.loc 1 340 5 view .LVU49
 251 00ae FFF7FEFF 		bl	HAL_SYSCFG_EnablePVD_IN_AnalogMode
 252              	.LVL3:
 340:../../../../../../Drivers/PY32E407_HAL_Driver/Src/py32e407_hal_pwr.c ****   }
 253              		.loc 1 340 5 is_stmt 0 view .LVU50
 254 00b2 EEE7     		b	.L16
 255              	.L20:
 256              		.align	2
 257              	.L19:
 258 00b4 00700040 		.word	1073770496
 259 00b8 00040140 		.word	1073808384
 260 00bc 00100240 		.word	1073876992
 261              		.cfi_endproc
 262              	.LFE139:
 264              		.section	.text.HAL_PWR_EnablePVD,"ax",%progbits
 265              		.align	1
 266              		.global	HAL_PWR_EnablePVD
 267              		.syntax unified
 268              		.thumb
 269              		.thumb_func
 271              	HAL_PWR_EnablePVD:
 272              	.LFB140:
 349:../../../../../../Drivers/PY32E407_HAL_Driver/Src/py32e407_hal_pwr.c **** 
 350:../../../../../../Drivers/PY32E407_HAL_Driver/Src/py32e407_hal_pwr.c **** /**
 351:../../../../../../Drivers/PY32E407_HAL_Driver/Src/py32e407_hal_pwr.c ****   * @brief Enable the Power Voltage Detector (PVD).
 352:../../../../../../Drivers/PY32E407_HAL_Driver/Src/py32e407_hal_pwr.c ****   * @retval None
 353:../../../../../../Drivers/PY32E407_HAL_Driver/Src/py32e407_hal_pwr.c ****   */
 354:../../../../../../Drivers/PY32E407_HAL_Driver/Src/py32e407_hal_pwr.c **** void HAL_PWR_EnablePVD(void)
 355:../../../../../../Drivers/PY32E407_HAL_Driver/Src/py32e407_hal_pwr.c **** {
 273              		.loc 1 355 1 is_stmt 1 view -0
ARM GAS  C:\Users\user\AppData\Local\Temp\ccpb4Gyk.s 			page 12


 274              		.cfi_startproc
 275              		@ args = 0, pretend = 0, frame = 0
 276              		@ frame_needed = 0, uses_anonymous_args = 0
 277              		@ link register save eliminated.
 356:../../../../../../Drivers/PY32E407_HAL_Driver/Src/py32e407_hal_pwr.c ****   SET_BIT(PWR->CR2, PWR_CR2_PVDE);
 278              		.loc 1 356 3 view .LVU52
 279 0000 024A     		ldr	r2, .L22
 280 0002 5368     		ldr	r3, [r2, #4]
 281 0004 43F00103 		orr	r3, r3, #1
 282 0008 5360     		str	r3, [r2, #4]
 357:../../../../../../Drivers/PY32E407_HAL_Driver/Src/py32e407_hal_pwr.c **** }
 283              		.loc 1 357 1 is_stmt 0 view .LVU53
 284 000a 7047     		bx	lr
 285              	.L23:
 286              		.align	2
 287              	.L22:
 288 000c 00700040 		.word	1073770496
 289              		.cfi_endproc
 290              	.LFE140:
 292              		.section	.text.HAL_PWR_DisablePVD,"ax",%progbits
 293              		.align	1
 294              		.global	HAL_PWR_DisablePVD
 295              		.syntax unified
 296              		.thumb
 297              		.thumb_func
 299              	HAL_PWR_DisablePVD:
 300              	.LFB141:
 358:../../../../../../Drivers/PY32E407_HAL_Driver/Src/py32e407_hal_pwr.c **** 
 359:../../../../../../Drivers/PY32E407_HAL_Driver/Src/py32e407_hal_pwr.c **** /**
 360:../../../../../../Drivers/PY32E407_HAL_Driver/Src/py32e407_hal_pwr.c ****   * @brief Disable the Power Voltage Detector (PVD).
 361:../../../../../../Drivers/PY32E407_HAL_Driver/Src/py32e407_hal_pwr.c ****   * @retval None
 362:../../../../../../Drivers/PY32E407_HAL_Driver/Src/py32e407_hal_pwr.c ****   */
 363:../../../../../../Drivers/PY32E407_HAL_Driver/Src/py32e407_hal_pwr.c **** void HAL_PWR_DisablePVD(void)
 364:../../../../../../Drivers/PY32E407_HAL_Driver/Src/py32e407_hal_pwr.c **** {
 301              		.loc 1 364 1 is_stmt 1 view -0
 302              		.cfi_startproc
 303              		@ args = 0, pretend = 0, frame = 0
 304              		@ frame_needed = 0, uses_anonymous_args = 0
 305              		@ link register save eliminated.
 365:../../../../../../Drivers/PY32E407_HAL_Driver/Src/py32e407_hal_pwr.c ****   CLEAR_BIT(PWR->CR2, PWR_CR2_PVDE);
 306              		.loc 1 365 3 view .LVU55
 307 0000 024A     		ldr	r2, .L25
 308 0002 5368     		ldr	r3, [r2, #4]
 309 0004 23F00103 		bic	r3, r3, #1
 310 0008 5360     		str	r3, [r2, #4]
 366:../../../../../../Drivers/PY32E407_HAL_Driver/Src/py32e407_hal_pwr.c **** }
 311              		.loc 1 366 1 is_stmt 0 view .LVU56
 312 000a 7047     		bx	lr
 313              	.L26:
 314              		.align	2
 315              	.L25:
 316 000c 00700040 		.word	1073770496
 317              		.cfi_endproc
 318              	.LFE141:
 320              		.section	.text.HAL_PWR_EnableWakeUpPin,"ax",%progbits
 321              		.align	1
 322              		.global	HAL_PWR_EnableWakeUpPin
ARM GAS  C:\Users\user\AppData\Local\Temp\ccpb4Gyk.s 			page 13


 323              		.syntax unified
 324              		.thumb
 325              		.thumb_func
 327              	HAL_PWR_EnableWakeUpPin:
 328              	.LVL4:
 329              	.LFB142:
 367:../../../../../../Drivers/PY32E407_HAL_Driver/Src/py32e407_hal_pwr.c **** 
 368:../../../../../../Drivers/PY32E407_HAL_Driver/Src/py32e407_hal_pwr.c **** /**
 369:../../../../../../Drivers/PY32E407_HAL_Driver/Src/py32e407_hal_pwr.c ****   * @brief Enable the WakeUp PINx functionality.
 370:../../../../../../Drivers/PY32E407_HAL_Driver/Src/py32e407_hal_pwr.c ****   * @param WakeUpPinPolarity: Specifies which Wake-Up pin to enable.
 371:../../../../../../Drivers/PY32E407_HAL_Driver/Src/py32e407_hal_pwr.c ****   *         This parameter can be one of the following legacy values which set the default polarity
 372:../../../../../../Drivers/PY32E407_HAL_Driver/Src/py32e407_hal_pwr.c ****   *         i.e. detection on high level (rising edge):
 373:../../../../../../Drivers/PY32E407_HAL_Driver/Src/py32e407_hal_pwr.c ****   *           @arg @ref PWR_WAKEUP_PIN1, PWR_WAKEUP_PIN2, PWR_WAKEUP_PIN3, PWR_WAKEUP_PIN4, PWR_WAK
 374:../../../../../../Drivers/PY32E407_HAL_Driver/Src/py32e407_hal_pwr.c ****   *
 375:../../../../../../Drivers/PY32E407_HAL_Driver/Src/py32e407_hal_pwr.c ****   *         or one of the following value where the user can explicitly specify the enabled pin and
 376:../../../../../../Drivers/PY32E407_HAL_Driver/Src/py32e407_hal_pwr.c ****   *         the chosen polarity:
 377:../../../../../../Drivers/PY32E407_HAL_Driver/Src/py32e407_hal_pwr.c ****   *           @arg @ref PWR_WAKEUP_PIN1_HIGH
 378:../../../../../../Drivers/PY32E407_HAL_Driver/Src/py32e407_hal_pwr.c ****   *           @arg @ref PWR_WAKEUP_PIN2_HIGH
 379:../../../../../../Drivers/PY32E407_HAL_Driver/Src/py32e407_hal_pwr.c ****   *           @arg @ref PWR_WAKEUP_PIN3_HIGH
 380:../../../../../../Drivers/PY32E407_HAL_Driver/Src/py32e407_hal_pwr.c ****   *           @arg @ref PWR_WAKEUP_PIN4_HIGH
 381:../../../../../../Drivers/PY32E407_HAL_Driver/Src/py32e407_hal_pwr.c ****   *           @arg @ref PWR_WAKEUP_PIN5_HIGH
 382:../../../../../../Drivers/PY32E407_HAL_Driver/Src/py32e407_hal_pwr.c ****   * @note  PWR_WAKEUP_PINx and PWR_WAKEUP_PINx_HIGH are equivalent.
 383:../../../../../../Drivers/PY32E407_HAL_Driver/Src/py32e407_hal_pwr.c ****   * @retval None
 384:../../../../../../Drivers/PY32E407_HAL_Driver/Src/py32e407_hal_pwr.c ****   */
 385:../../../../../../Drivers/PY32E407_HAL_Driver/Src/py32e407_hal_pwr.c **** void HAL_PWR_EnableWakeUpPin(uint32_t WakeUpPinPolarity)
 386:../../../../../../Drivers/PY32E407_HAL_Driver/Src/py32e407_hal_pwr.c **** {
 330              		.loc 1 386 1 is_stmt 1 view -0
 331              		.cfi_startproc
 332              		@ args = 0, pretend = 0, frame = 0
 333              		@ frame_needed = 0, uses_anonymous_args = 0
 334              		@ link register save eliminated.
 387:../../../../../../Drivers/PY32E407_HAL_Driver/Src/py32e407_hal_pwr.c ****   assert_param(IS_PWR_WAKEUP_PIN(WakeUpPinPolarity));
 335              		.loc 1 387 3 view .LVU58
 388:../../../../../../Drivers/PY32E407_HAL_Driver/Src/py32e407_hal_pwr.c **** 
 389:../../../../../../Drivers/PY32E407_HAL_Driver/Src/py32e407_hal_pwr.c ****   /* Specifies the Wake-Up pin polarity for the event detection
 390:../../../../../../Drivers/PY32E407_HAL_Driver/Src/py32e407_hal_pwr.c ****     (rising or falling edge) */
 391:../../../../../../Drivers/PY32E407_HAL_Driver/Src/py32e407_hal_pwr.c ****   MODIFY_REG(PWR->CR4, (PWR_CR3_EWUP & WakeUpPinPolarity), (WakeUpPinPolarity >> PWR_WUP_POLARITY_S
 336              		.loc 1 391 3 view .LVU59
 337 0000 064A     		ldr	r2, .L28
 338 0002 D368     		ldr	r3, [r2, #12]
 339 0004 00F01F01 		and	r1, r0, #31
 340 0008 23EA0103 		bic	r3, r3, r1
 341 000c 43EA5010 		orr	r0, r3, r0, lsr #5
 342              	.LVL5:
 343              		.loc 1 391 3 is_stmt 0 view .LVU60
 344 0010 D060     		str	r0, [r2, #12]
 392:../../../../../../Drivers/PY32E407_HAL_Driver/Src/py32e407_hal_pwr.c **** 
 393:../../../../../../Drivers/PY32E407_HAL_Driver/Src/py32e407_hal_pwr.c ****   /* Enable wake-up pin */
 394:../../../../../../Drivers/PY32E407_HAL_Driver/Src/py32e407_hal_pwr.c ****   SET_BIT(PWR->CR3, (PWR_CR3_EWUP & WakeUpPinPolarity));
 345              		.loc 1 394 3 is_stmt 1 view .LVU61
 346 0012 9368     		ldr	r3, [r2, #8]
 347 0014 1943     		orrs	r1, r1, r3
 348 0016 9160     		str	r1, [r2, #8]
 395:../../../../../../Drivers/PY32E407_HAL_Driver/Src/py32e407_hal_pwr.c **** }
 349              		.loc 1 395 1 is_stmt 0 view .LVU62
 350 0018 7047     		bx	lr
 351              	.L29:
ARM GAS  C:\Users\user\AppData\Local\Temp\ccpb4Gyk.s 			page 14


 352 001a 00BF     		.align	2
 353              	.L28:
 354 001c 00700040 		.word	1073770496
 355              		.cfi_endproc
 356              	.LFE142:
 358              		.section	.text.HAL_PWR_DisableWakeUpPin,"ax",%progbits
 359              		.align	1
 360              		.global	HAL_PWR_DisableWakeUpPin
 361              		.syntax unified
 362              		.thumb
 363              		.thumb_func
 365              	HAL_PWR_DisableWakeUpPin:
 366              	.LVL6:
 367              	.LFB143:
 396:../../../../../../Drivers/PY32E407_HAL_Driver/Src/py32e407_hal_pwr.c **** 
 397:../../../../../../Drivers/PY32E407_HAL_Driver/Src/py32e407_hal_pwr.c **** /**
 398:../../../../../../Drivers/PY32E407_HAL_Driver/Src/py32e407_hal_pwr.c ****   * @brief Disable the WakeUp PINx functionality.
 399:../../../../../../Drivers/PY32E407_HAL_Driver/Src/py32e407_hal_pwr.c ****   * @param WakeUpPinx: Specifies the Power Wake-Up pin to disable.
 400:../../../../../../Drivers/PY32E407_HAL_Driver/Src/py32e407_hal_pwr.c ****   *         This parameter can be one of the following values:
 401:../../../../../../Drivers/PY32E407_HAL_Driver/Src/py32e407_hal_pwr.c ****   *           @arg @ref PWR_WAKEUP_PIN1, PWR_WAKEUP_PIN2, PWR_WAKEUP_PIN3, PWR_WAKEUP_PIN4, PWR_WAK
 402:../../../../../../Drivers/PY32E407_HAL_Driver/Src/py32e407_hal_pwr.c ****   * @retval None
 403:../../../../../../Drivers/PY32E407_HAL_Driver/Src/py32e407_hal_pwr.c ****   */
 404:../../../../../../Drivers/PY32E407_HAL_Driver/Src/py32e407_hal_pwr.c **** void HAL_PWR_DisableWakeUpPin(uint32_t WakeUpPinx)
 405:../../../../../../Drivers/PY32E407_HAL_Driver/Src/py32e407_hal_pwr.c **** {
 368              		.loc 1 405 1 is_stmt 1 view -0
 369              		.cfi_startproc
 370              		@ args = 0, pretend = 0, frame = 0
 371              		@ frame_needed = 0, uses_anonymous_args = 0
 372              		@ link register save eliminated.
 406:../../../../../../Drivers/PY32E407_HAL_Driver/Src/py32e407_hal_pwr.c ****   assert_param(IS_PWR_WAKEUP_PIN(WakeUpPinx));
 373              		.loc 1 406 3 view .LVU64
 407:../../../../../../Drivers/PY32E407_HAL_Driver/Src/py32e407_hal_pwr.c **** 
 408:../../../../../../Drivers/PY32E407_HAL_Driver/Src/py32e407_hal_pwr.c ****   CLEAR_BIT(PWR->CR3, (PWR_CR3_EWUP & WakeUpPinx));
 374              		.loc 1 408 3 view .LVU65
 375 0000 034A     		ldr	r2, .L31
 376 0002 9368     		ldr	r3, [r2, #8]
 377 0004 00F01F00 		and	r0, r0, #31
 378              	.LVL7:
 379              		.loc 1 408 3 is_stmt 0 view .LVU66
 380 0008 23EA0003 		bic	r3, r3, r0
 381 000c 9360     		str	r3, [r2, #8]
 409:../../../../../../Drivers/PY32E407_HAL_Driver/Src/py32e407_hal_pwr.c **** }
 382              		.loc 1 409 1 view .LVU67
 383 000e 7047     		bx	lr
 384              	.L32:
 385              		.align	2
 386              	.L31:
 387 0010 00700040 		.word	1073770496
 388              		.cfi_endproc
 389              	.LFE143:
 391              		.section	.text.HAL_PWR_EnterSLEEPMode,"ax",%progbits
 392              		.align	1
 393              		.global	HAL_PWR_EnterSLEEPMode
 394              		.syntax unified
 395              		.thumb
 396              		.thumb_func
 398              	HAL_PWR_EnterSLEEPMode:
ARM GAS  C:\Users\user\AppData\Local\Temp\ccpb4Gyk.s 			page 15


 399              	.LVL8:
 400              	.LFB144:
 410:../../../../../../Drivers/PY32E407_HAL_Driver/Src/py32e407_hal_pwr.c **** 
 411:../../../../../../Drivers/PY32E407_HAL_Driver/Src/py32e407_hal_pwr.c **** 
 412:../../../../../../Drivers/PY32E407_HAL_Driver/Src/py32e407_hal_pwr.c **** /**
 413:../../../../../../Drivers/PY32E407_HAL_Driver/Src/py32e407_hal_pwr.c ****   * @brief Enter Sleep or Low-power Sleep mode.
 414:../../../../../../Drivers/PY32E407_HAL_Driver/Src/py32e407_hal_pwr.c ****   * @note  In Sleep/Low-power Sleep mode, all I/O pins keep the same state as in Run mode.
 415:../../../../../../Drivers/PY32E407_HAL_Driver/Src/py32e407_hal_pwr.c ****   * @param Regulator: Specifies the regulator state in Sleep/Low-power Sleep mode.
 416:../../../../../../Drivers/PY32E407_HAL_Driver/Src/py32e407_hal_pwr.c ****   *          This parameter can be one of the following values:
 417:../../../../../../Drivers/PY32E407_HAL_Driver/Src/py32e407_hal_pwr.c ****   *            @arg @ref PWR_MAINREGULATOR_ON Sleep mode (regulator in main mode)
 418:../../../../../../Drivers/PY32E407_HAL_Driver/Src/py32e407_hal_pwr.c ****   *            @arg @ref PWR_LOWPOWERREGULATOR_ON Low-power Sleep mode (regulator in low-power mode
 419:../../../../../../Drivers/PY32E407_HAL_Driver/Src/py32e407_hal_pwr.c ****   * @note  Low-power Sleep mode is entered from Low-power Run mode. Therefore, if not yet
 420:../../../../../../Drivers/PY32E407_HAL_Driver/Src/py32e407_hal_pwr.c ****   *        in Low-power Run mode before calling HAL_PWR_EnterSLEEPMode() with Regulator set
 421:../../../../../../Drivers/PY32E407_HAL_Driver/Src/py32e407_hal_pwr.c ****   *        to PWR_LOWPOWERREGULATOR_ON.
 422:../../../../../../Drivers/PY32E407_HAL_Driver/Src/py32e407_hal_pwr.c ****   *        Additionally, the clock frequency must be reduced below 2 MHz.
 423:../../../../../../Drivers/PY32E407_HAL_Driver/Src/py32e407_hal_pwr.c ****   * @note  When exiting Low-power Sleep mode, the MCU is in Low-power Run mode. To move in
 424:../../../../../../Drivers/PY32E407_HAL_Driver/Src/py32e407_hal_pwr.c ****   *        Run mode, the user must resort to HAL_PWREx_DisableLowPowerRunMode() API.
 425:../../../../../../Drivers/PY32E407_HAL_Driver/Src/py32e407_hal_pwr.c ****   * @param SLEEPEntry: Specifies if Sleep mode is entered with WFI or WFE instruction.
 426:../../../../../../Drivers/PY32E407_HAL_Driver/Src/py32e407_hal_pwr.c ****   *           This parameter can be one of the following values:
 427:../../../../../../Drivers/PY32E407_HAL_Driver/Src/py32e407_hal_pwr.c ****   *            @arg @ref PWR_SLEEPENTRY_WFI enter Sleep or Low-power Sleep mode with WFI instructio
 428:../../../../../../Drivers/PY32E407_HAL_Driver/Src/py32e407_hal_pwr.c ****   *            @arg @ref PWR_SLEEPENTRY_WFE enter Sleep or Low-power Sleep mode with WFE instructio
 429:../../../../../../Drivers/PY32E407_HAL_Driver/Src/py32e407_hal_pwr.c ****   * @note  When WFI entry is used, tick interrupt have to be disabled if not desired as
 430:../../../../../../Drivers/PY32E407_HAL_Driver/Src/py32e407_hal_pwr.c ****   *        the interrupt wake up source.
 431:../../../../../../Drivers/PY32E407_HAL_Driver/Src/py32e407_hal_pwr.c ****   * @retval None
 432:../../../../../../Drivers/PY32E407_HAL_Driver/Src/py32e407_hal_pwr.c ****   */
 433:../../../../../../Drivers/PY32E407_HAL_Driver/Src/py32e407_hal_pwr.c **** void HAL_PWR_EnterSLEEPMode(uint32_t Regulator, uint8_t SLEEPEntry)
 434:../../../../../../Drivers/PY32E407_HAL_Driver/Src/py32e407_hal_pwr.c **** {
 401              		.loc 1 434 1 is_stmt 1 view -0
 402              		.cfi_startproc
 403              		@ args = 0, pretend = 0, frame = 0
 404              		@ frame_needed = 0, uses_anonymous_args = 0
 405              		.loc 1 434 1 is_stmt 0 view .LVU69
 406 0000 10B5     		push	{r4, lr}
 407              	.LCFI4:
 408              		.cfi_def_cfa_offset 8
 409              		.cfi_offset 4, -8
 410              		.cfi_offset 14, -4
 411 0002 0C46     		mov	r4, r1
 435:../../../../../../Drivers/PY32E407_HAL_Driver/Src/py32e407_hal_pwr.c ****   /* Check the parameters */
 436:../../../../../../Drivers/PY32E407_HAL_Driver/Src/py32e407_hal_pwr.c ****   assert_param(IS_PWR_REGULATOR(Regulator));
 412              		.loc 1 436 3 is_stmt 1 view .LVU70
 437:../../../../../../Drivers/PY32E407_HAL_Driver/Src/py32e407_hal_pwr.c ****   assert_param(IS_PWR_SLEEP_ENTRY(SLEEPEntry));
 413              		.loc 1 437 3 view .LVU71
 438:../../../../../../Drivers/PY32E407_HAL_Driver/Src/py32e407_hal_pwr.c **** 
 439:../../../../../../Drivers/PY32E407_HAL_Driver/Src/py32e407_hal_pwr.c ****   /* Set Regulator parameter */
 440:../../../../../../Drivers/PY32E407_HAL_Driver/Src/py32e407_hal_pwr.c ****   if (Regulator == PWR_MAINREGULATOR_ON)
 414              		.loc 1 440 3 view .LVU72
 415              		.loc 1 440 6 is_stmt 0 view .LVU73
 416 0004 90B9     		cbnz	r0, .L34
 441:../../../../../../Drivers/PY32E407_HAL_Driver/Src/py32e407_hal_pwr.c ****   {
 442:../../../../../../Drivers/PY32E407_HAL_Driver/Src/py32e407_hal_pwr.c ****     /* If in low-power run mode at this point, exit it */
 443:../../../../../../Drivers/PY32E407_HAL_Driver/Src/py32e407_hal_pwr.c ****     if (HAL_IS_BIT_SET(PWR->SR, PWR_SR_MR_RDY) == 0U)
 417              		.loc 1 443 5 is_stmt 1 view .LVU74
 418              		.loc 1 443 9 is_stmt 0 view .LVU75
 419 0006 0E4B     		ldr	r3, .L41
 420 0008 1B69     		ldr	r3, [r3, #16]
 421              		.loc 1 443 8 view .LVU76
ARM GAS  C:\Users\user\AppData\Local\Temp\ccpb4Gyk.s 			page 16


 422 000a 13F4007F 		tst	r3, #512
 423 000e 0AD0     		beq	.L39
 424              	.LVL9:
 425              	.L35:
 444:../../../../../../Drivers/PY32E407_HAL_Driver/Src/py32e407_hal_pwr.c ****     {
 445:../../../../../../Drivers/PY32E407_HAL_Driver/Src/py32e407_hal_pwr.c ****       (void)HAL_PWREx_DisableLowPowerRunMode();
 446:../../../../../../Drivers/PY32E407_HAL_Driver/Src/py32e407_hal_pwr.c ****     }
 447:../../../../../../Drivers/PY32E407_HAL_Driver/Src/py32e407_hal_pwr.c ****     /* Regulator now in main mode. */
 448:../../../../../../Drivers/PY32E407_HAL_Driver/Src/py32e407_hal_pwr.c ****   }
 449:../../../../../../Drivers/PY32E407_HAL_Driver/Src/py32e407_hal_pwr.c ****   else
 450:../../../../../../Drivers/PY32E407_HAL_Driver/Src/py32e407_hal_pwr.c ****   {
 451:../../../../../../Drivers/PY32E407_HAL_Driver/Src/py32e407_hal_pwr.c ****     /* If in run mode, first move to low-power run mode.
 452:../../../../../../Drivers/PY32E407_HAL_Driver/Src/py32e407_hal_pwr.c ****        The system clock frequency must be below 2 MHz at this point. */
 453:../../../../../../Drivers/PY32E407_HAL_Driver/Src/py32e407_hal_pwr.c ****     if (HAL_IS_BIT_SET(PWR->SR, PWR_SR_MR_RDY))
 454:../../../../../../Drivers/PY32E407_HAL_Driver/Src/py32e407_hal_pwr.c ****     {
 455:../../../../../../Drivers/PY32E407_HAL_Driver/Src/py32e407_hal_pwr.c ****       HAL_PWREx_EnableLowPowerRunMode();
 456:../../../../../../Drivers/PY32E407_HAL_Driver/Src/py32e407_hal_pwr.c ****     }
 457:../../../../../../Drivers/PY32E407_HAL_Driver/Src/py32e407_hal_pwr.c ****   }
 458:../../../../../../Drivers/PY32E407_HAL_Driver/Src/py32e407_hal_pwr.c **** 
 459:../../../../../../Drivers/PY32E407_HAL_Driver/Src/py32e407_hal_pwr.c ****   /* Clear SLEEPDEEP bit of Cortex System Control Register */
 460:../../../../../../Drivers/PY32E407_HAL_Driver/Src/py32e407_hal_pwr.c ****   CLEAR_BIT(SCB->SCR, ((uint32_t)SCB_SCR_SLEEPDEEP_Msk));
 426              		.loc 1 460 3 is_stmt 1 view .LVU77
 427 0010 0C4A     		ldr	r2, .L41+4
 428 0012 1369     		ldr	r3, [r2, #16]
 429 0014 23F00403 		bic	r3, r3, #4
 430 0018 1361     		str	r3, [r2, #16]
 461:../../../../../../Drivers/PY32E407_HAL_Driver/Src/py32e407_hal_pwr.c **** 
 462:../../../../../../Drivers/PY32E407_HAL_Driver/Src/py32e407_hal_pwr.c ****   /* Select SLEEP mode entry -------------------------------------------------*/
 463:../../../../../../Drivers/PY32E407_HAL_Driver/Src/py32e407_hal_pwr.c ****   if(SLEEPEntry == PWR_SLEEPENTRY_WFI)
 431              		.loc 1 463 3 view .LVU78
 432              		.loc 1 463 5 is_stmt 0 view .LVU79
 433 001a 012C     		cmp	r4, #1
 434 001c 0ED0     		beq	.L40
 464:../../../../../../Drivers/PY32E407_HAL_Driver/Src/py32e407_hal_pwr.c ****   {
 465:../../../../../../Drivers/PY32E407_HAL_Driver/Src/py32e407_hal_pwr.c ****     /* Request Wait For Interrupt */
 466:../../../../../../Drivers/PY32E407_HAL_Driver/Src/py32e407_hal_pwr.c ****     __WFI();
 467:../../../../../../Drivers/PY32E407_HAL_Driver/Src/py32e407_hal_pwr.c ****   }
 468:../../../../../../Drivers/PY32E407_HAL_Driver/Src/py32e407_hal_pwr.c ****   else
 469:../../../../../../Drivers/PY32E407_HAL_Driver/Src/py32e407_hal_pwr.c ****   {
 470:../../../../../../Drivers/PY32E407_HAL_Driver/Src/py32e407_hal_pwr.c ****     /* Request Wait For Event */
 471:../../../../../../Drivers/PY32E407_HAL_Driver/Src/py32e407_hal_pwr.c ****     __SEV();
 435              		.loc 1 471 5 is_stmt 1 view .LVU80
 436              		.syntax unified
 437              	@ 471 "../../../../../../Drivers/PY32E407_HAL_Driver/Src/py32e407_hal_pwr.c" 1
 438 001e 40BF     		sev
 439              	@ 0 "" 2
 472:../../../../../../Drivers/PY32E407_HAL_Driver/Src/py32e407_hal_pwr.c ****     __WFE();
 440              		.loc 1 472 5 view .LVU81
 441              	@ 472 "../../../../../../Drivers/PY32E407_HAL_Driver/Src/py32e407_hal_pwr.c" 1
 442 0020 20BF     		wfe
 443              	@ 0 "" 2
 473:../../../../../../Drivers/PY32E407_HAL_Driver/Src/py32e407_hal_pwr.c ****     __WFE();
 444              		.loc 1 473 5 view .LVU82
 445              	@ 473 "../../../../../../Drivers/PY32E407_HAL_Driver/Src/py32e407_hal_pwr.c" 1
 446 0022 20BF     		wfe
 447              	@ 0 "" 2
 448              		.thumb
ARM GAS  C:\Users\user\AppData\Local\Temp\ccpb4Gyk.s 			page 17


 449              		.syntax unified
 450              	.L33:
 474:../../../../../../Drivers/PY32E407_HAL_Driver/Src/py32e407_hal_pwr.c ****   }
 475:../../../../../../Drivers/PY32E407_HAL_Driver/Src/py32e407_hal_pwr.c **** 
 476:../../../../../../Drivers/PY32E407_HAL_Driver/Src/py32e407_hal_pwr.c **** }
 451              		.loc 1 476 1 is_stmt 0 view .LVU83
 452 0024 10BD     		pop	{r4, pc}
 453              	.LVL10:
 454              	.L39:
 445:../../../../../../Drivers/PY32E407_HAL_Driver/Src/py32e407_hal_pwr.c ****     }
 455              		.loc 1 445 7 is_stmt 1 view .LVU84
 445:../../../../../../Drivers/PY32E407_HAL_Driver/Src/py32e407_hal_pwr.c ****     }
 456              		.loc 1 445 13 is_stmt 0 view .LVU85
 457 0026 FFF7FEFF 		bl	HAL_PWREx_DisableLowPowerRunMode
 458              	.LVL11:
 445:../../../../../../Drivers/PY32E407_HAL_Driver/Src/py32e407_hal_pwr.c ****     }
 459              		.loc 1 445 13 view .LVU86
 460 002a F1E7     		b	.L35
 461              	.LVL12:
 462              	.L34:
 453:../../../../../../Drivers/PY32E407_HAL_Driver/Src/py32e407_hal_pwr.c ****     {
 463              		.loc 1 453 5 is_stmt 1 view .LVU87
 453:../../../../../../Drivers/PY32E407_HAL_Driver/Src/py32e407_hal_pwr.c ****     {
 464              		.loc 1 453 9 is_stmt 0 view .LVU88
 465 002c 044B     		ldr	r3, .L41
 466 002e 1B69     		ldr	r3, [r3, #16]
 453:../../../../../../Drivers/PY32E407_HAL_Driver/Src/py32e407_hal_pwr.c ****     {
 467              		.loc 1 453 8 view .LVU89
 468 0030 13F4007F 		tst	r3, #512
 469 0034 ECD0     		beq	.L35
 455:../../../../../../Drivers/PY32E407_HAL_Driver/Src/py32e407_hal_pwr.c ****     }
 470              		.loc 1 455 7 is_stmt 1 view .LVU90
 471 0036 FFF7FEFF 		bl	HAL_PWREx_EnableLowPowerRunMode
 472              	.LVL13:
 455:../../../../../../Drivers/PY32E407_HAL_Driver/Src/py32e407_hal_pwr.c ****     }
 473              		.loc 1 455 7 is_stmt 0 view .LVU91
 474 003a E9E7     		b	.L35
 475              	.L40:
 466:../../../../../../Drivers/PY32E407_HAL_Driver/Src/py32e407_hal_pwr.c ****   }
 476              		.loc 1 466 5 is_stmt 1 view .LVU92
 477              		.syntax unified
 478              	@ 466 "../../../../../../Drivers/PY32E407_HAL_Driver/Src/py32e407_hal_pwr.c" 1
 479 003c 30BF     		wfi
 480              	@ 0 "" 2
 481              		.thumb
 482              		.syntax unified
 483 003e F1E7     		b	.L33
 484              	.L42:
 485              		.align	2
 486              	.L41:
 487 0040 00700040 		.word	1073770496
 488 0044 00ED00E0 		.word	-536810240
 489              		.cfi_endproc
 490              	.LFE144:
 492              		.section	.text.HAL_PWR_EnterSTOPMode,"ax",%progbits
 493              		.align	1
 494              		.global	HAL_PWR_EnterSTOPMode
ARM GAS  C:\Users\user\AppData\Local\Temp\ccpb4Gyk.s 			page 18


 495              		.syntax unified
 496              		.thumb
 497              		.thumb_func
 499              	HAL_PWR_EnterSTOPMode:
 500              	.LVL14:
 501              	.LFB145:
 477:../../../../../../Drivers/PY32E407_HAL_Driver/Src/py32e407_hal_pwr.c **** 
 478:../../../../../../Drivers/PY32E407_HAL_Driver/Src/py32e407_hal_pwr.c **** /**
 479:../../../../../../Drivers/PY32E407_HAL_Driver/Src/py32e407_hal_pwr.c ****   * @brief Enter Stop mode
 480:../../../../../../Drivers/PY32E407_HAL_Driver/Src/py32e407_hal_pwr.c ****   * @note  This API is named HAL_PWR_EnterSTOPMode to ensure compatibility with legacy code running
 481:../../../../../../Drivers/PY32E407_HAL_Driver/Src/py32e407_hal_pwr.c ****   *        on devices where only "Stop mode" is mentioned with main or low power regulator ON.
 482:../../../../../../Drivers/PY32E407_HAL_Driver/Src/py32e407_hal_pwr.c ****   * @note  In Stop mode, all I/O pins keep the same state as in Run mode.
 483:../../../../../../Drivers/PY32E407_HAL_Driver/Src/py32e407_hal_pwr.c ****   * @note  All clocks in the VCORE domain are stopped; the PLL,
 484:../../../../../../Drivers/PY32E407_HAL_Driver/Src/py32e407_hal_pwr.c ****   *        the HSI and the HSE oscillators are disabled. Some peripherals with the wakeup capabilit
 485:../../../../../../Drivers/PY32E407_HAL_Driver/Src/py32e407_hal_pwr.c ****   *        (I2Cx, LPUART) can switch on the HSI to receive a frame, and switch off the HSI
 486:../../../../../../Drivers/PY32E407_HAL_Driver/Src/py32e407_hal_pwr.c ****   *        after receiving the frame if it is not a wakeup frame. In this case, the HSI clock is pr
 487:../../../../../../Drivers/PY32E407_HAL_Driver/Src/py32e407_hal_pwr.c ****   *        only to the peripheral requesting it.
 488:../../../../../../Drivers/PY32E407_HAL_Driver/Src/py32e407_hal_pwr.c ****   *        SRAM1, SRAM2 and register contents are preserved.
 489:../../../../../../Drivers/PY32E407_HAL_Driver/Src/py32e407_hal_pwr.c ****   *        The BOR is available.
 490:../../../../../../Drivers/PY32E407_HAL_Driver/Src/py32e407_hal_pwr.c ****   *        The voltage regulator can be configured either in normal (Stop 0) or low-power mode (Sto
 491:../../../../../../Drivers/PY32E407_HAL_Driver/Src/py32e407_hal_pwr.c ****   * @note  When exiting Stop 0 or Stop 1 mode by issuing an interrupt or a wakeup event,
 492:../../../../../../Drivers/PY32E407_HAL_Driver/Src/py32e407_hal_pwr.c ****   *         the HSI RC oscillator is selected as system clock.
 493:../../../../../../Drivers/PY32E407_HAL_Driver/Src/py32e407_hal_pwr.c ****   * @note  When the voltage regulator operates in low power mode (Stop 1), an additional
 494:../../../../../../Drivers/PY32E407_HAL_Driver/Src/py32e407_hal_pwr.c ****   *         startup delay is incurred when waking up.
 495:../../../../../../Drivers/PY32E407_HAL_Driver/Src/py32e407_hal_pwr.c ****   *         By keeping the internal regulator ON during Stop mode (Stop 0), the consumption
 496:../../../../../../Drivers/PY32E407_HAL_Driver/Src/py32e407_hal_pwr.c ****   *         is higher although the startup time is reduced.
 497:../../../../../../Drivers/PY32E407_HAL_Driver/Src/py32e407_hal_pwr.c ****   * @param Regulator: Specifies the regulator state in Stop mode.
 498:../../../../../../Drivers/PY32E407_HAL_Driver/Src/py32e407_hal_pwr.c ****   *          This parameter can be one of the following values:
 499:../../../../../../Drivers/PY32E407_HAL_Driver/Src/py32e407_hal_pwr.c ****   *            @arg @ref PWR_MAINREGULATOR_ON  Stop 0 mode (main regulator ON)
 500:../../../../../../Drivers/PY32E407_HAL_Driver/Src/py32e407_hal_pwr.c ****   *            @arg @ref PWR_LOWPOWERREGULATOR_ON  Stop 1 mode (low power regulator ON)
 501:../../../../../../Drivers/PY32E407_HAL_Driver/Src/py32e407_hal_pwr.c ****   * @param STOPEntry: Specifies Stop 0 or Stop 1 mode is entered with WFI or WFE instruction.
 502:../../../../../../Drivers/PY32E407_HAL_Driver/Src/py32e407_hal_pwr.c ****   *          This parameter can be one of the following values:
 503:../../../../../../Drivers/PY32E407_HAL_Driver/Src/py32e407_hal_pwr.c ****   *            @arg @ref PWR_STOPENTRY_WFI  Enter Stop 0 or Stop 1 mode with WFI instruction.
 504:../../../../../../Drivers/PY32E407_HAL_Driver/Src/py32e407_hal_pwr.c ****   *            @arg @ref PWR_STOPENTRY_WFE  Enter Stop 0 or Stop 1 mode with WFE instruction.
 505:../../../../../../Drivers/PY32E407_HAL_Driver/Src/py32e407_hal_pwr.c ****   * @retval None
 506:../../../../../../Drivers/PY32E407_HAL_Driver/Src/py32e407_hal_pwr.c ****   */
 507:../../../../../../Drivers/PY32E407_HAL_Driver/Src/py32e407_hal_pwr.c **** void HAL_PWR_EnterSTOPMode(uint32_t Regulator, uint8_t STOPEntry)
 508:../../../../../../Drivers/PY32E407_HAL_Driver/Src/py32e407_hal_pwr.c **** {
 502              		.loc 1 508 1 view -0
 503              		.cfi_startproc
 504              		@ args = 0, pretend = 0, frame = 0
 505              		@ frame_needed = 0, uses_anonymous_args = 0
 506              		.loc 1 508 1 is_stmt 0 view .LVU94
 507 0000 08B5     		push	{r3, lr}
 508              	.LCFI5:
 509              		.cfi_def_cfa_offset 8
 510              		.cfi_offset 3, -8
 511              		.cfi_offset 14, -4
 509:../../../../../../Drivers/PY32E407_HAL_Driver/Src/py32e407_hal_pwr.c ****   /* Check the parameters */
 510:../../../../../../Drivers/PY32E407_HAL_Driver/Src/py32e407_hal_pwr.c ****   assert_param(IS_PWR_REGULATOR(Regulator));
 512              		.loc 1 510 3 is_stmt 1 view .LVU95
 511:../../../../../../Drivers/PY32E407_HAL_Driver/Src/py32e407_hal_pwr.c **** 
 512:../../../../../../Drivers/PY32E407_HAL_Driver/Src/py32e407_hal_pwr.c ****   if(Regulator == PWR_LOWPOWERREGULATOR_ON)
 513              		.loc 1 512 3 view .LVU96
 514              		.loc 1 512 5 is_stmt 0 view .LVU97
 515 0002 B0F5804F 		cmp	r0, #16384
 516 0006 03D0     		beq	.L47
ARM GAS  C:\Users\user\AppData\Local\Temp\ccpb4Gyk.s 			page 19


 513:../../../../../../Drivers/PY32E407_HAL_Driver/Src/py32e407_hal_pwr.c ****   {
 514:../../../../../../Drivers/PY32E407_HAL_Driver/Src/py32e407_hal_pwr.c ****     HAL_PWREx_EnterSTOP1Mode(STOPEntry);
 515:../../../../../../Drivers/PY32E407_HAL_Driver/Src/py32e407_hal_pwr.c ****   }
 516:../../../../../../Drivers/PY32E407_HAL_Driver/Src/py32e407_hal_pwr.c ****   else
 517:../../../../../../Drivers/PY32E407_HAL_Driver/Src/py32e407_hal_pwr.c ****   {
 518:../../../../../../Drivers/PY32E407_HAL_Driver/Src/py32e407_hal_pwr.c ****     HAL_PWREx_EnterSTOP0Mode(STOPEntry);
 517              		.loc 1 518 5 is_stmt 1 view .LVU98
 518 0008 0846     		mov	r0, r1
 519              	.LVL15:
 520              		.loc 1 518 5 is_stmt 0 view .LVU99
 521 000a FFF7FEFF 		bl	HAL_PWREx_EnterSTOP0Mode
 522              	.LVL16:
 523              	.L43:
 519:../../../../../../Drivers/PY32E407_HAL_Driver/Src/py32e407_hal_pwr.c ****   }
 520:../../../../../../Drivers/PY32E407_HAL_Driver/Src/py32e407_hal_pwr.c **** }
 524              		.loc 1 520 1 view .LVU100
 525 000e 08BD     		pop	{r3, pc}
 526              	.LVL17:
 527              	.L47:
 514:../../../../../../Drivers/PY32E407_HAL_Driver/Src/py32e407_hal_pwr.c ****   }
 528              		.loc 1 514 5 is_stmt 1 view .LVU101
 529 0010 0846     		mov	r0, r1
 530              	.LVL18:
 514:../../../../../../Drivers/PY32E407_HAL_Driver/Src/py32e407_hal_pwr.c ****   }
 531              		.loc 1 514 5 is_stmt 0 view .LVU102
 532 0012 FFF7FEFF 		bl	HAL_PWREx_EnterSTOP1Mode
 533              	.LVL19:
 514:../../../../../../Drivers/PY32E407_HAL_Driver/Src/py32e407_hal_pwr.c ****   }
 534              		.loc 1 514 5 view .LVU103
 535 0016 FAE7     		b	.L43
 536              		.cfi_endproc
 537              	.LFE145:
 539              		.section	.text.HAL_PWR_EnterSTANDBYMode,"ax",%progbits
 540              		.align	1
 541              		.global	HAL_PWR_EnterSTANDBYMode
 542              		.syntax unified
 543              		.thumb
 544              		.thumb_func
 546              	HAL_PWR_EnterSTANDBYMode:
 547              	.LFB146:
 521:../../../../../../Drivers/PY32E407_HAL_Driver/Src/py32e407_hal_pwr.c **** 
 522:../../../../../../Drivers/PY32E407_HAL_Driver/Src/py32e407_hal_pwr.c **** /**
 523:../../../../../../Drivers/PY32E407_HAL_Driver/Src/py32e407_hal_pwr.c ****   * @brief Enter Standby mode.
 524:../../../../../../Drivers/PY32E407_HAL_Driver/Src/py32e407_hal_pwr.c ****   * @note  In Standby mode, the PLL, the HSI and the HSE oscillators are switched
 525:../../../../../../Drivers/PY32E407_HAL_Driver/Src/py32e407_hal_pwr.c ****   *        off. The voltage regulator is disabled, except when SRAM2 content is preserved
 526:../../../../../../Drivers/PY32E407_HAL_Driver/Src/py32e407_hal_pwr.c ****   *        in which case the regulator is in low-power mode.
 527:../../../../../../Drivers/PY32E407_HAL_Driver/Src/py32e407_hal_pwr.c ****   *        SRAM1 and register contents are lost except for registers in the Backup domain and
 528:../../../../../../Drivers/PY32E407_HAL_Driver/Src/py32e407_hal_pwr.c ****   *        Standby circuitry. SRAM2 content can be preserved if the bit RRS is set in PWR_CR3 regis
 529:../../../../../../Drivers/PY32E407_HAL_Driver/Src/py32e407_hal_pwr.c ****   *        To enable this feature, the user can resort to HAL_PWREx_EnableSRAM2ContentRetention() A
 530:../../../../../../Drivers/PY32E407_HAL_Driver/Src/py32e407_hal_pwr.c ****   *        to set RRS bit.
 531:../../../../../../Drivers/PY32E407_HAL_Driver/Src/py32e407_hal_pwr.c ****   *        The BOR is available.
 532:../../../../../../Drivers/PY32E407_HAL_Driver/Src/py32e407_hal_pwr.c ****   * @retval None
 533:../../../../../../Drivers/PY32E407_HAL_Driver/Src/py32e407_hal_pwr.c ****   */
 534:../../../../../../Drivers/PY32E407_HAL_Driver/Src/py32e407_hal_pwr.c **** void HAL_PWR_EnterSTANDBYMode(void)
 535:../../../../../../Drivers/PY32E407_HAL_Driver/Src/py32e407_hal_pwr.c **** {
 548              		.loc 1 535 1 is_stmt 1 view -0
 549              		.cfi_startproc
ARM GAS  C:\Users\user\AppData\Local\Temp\ccpb4Gyk.s 			page 20


 550              		@ args = 0, pretend = 0, frame = 0
 551              		@ frame_needed = 0, uses_anonymous_args = 0
 552              		@ link register save eliminated.
 536:../../../../../../Drivers/PY32E407_HAL_Driver/Src/py32e407_hal_pwr.c ****   /* Clear the wake-up flag */
 537:../../../../../../Drivers/PY32E407_HAL_Driver/Src/py32e407_hal_pwr.c ****   __HAL_PWR_CLEAR_FLAG(PWR_FLAG_WU);
 553              		.loc 1 537 3 view .LVU105
 554 0000 064B     		ldr	r3, .L49
 555 0002 1F22     		movs	r2, #31
 556 0004 5A61     		str	r2, [r3, #20]
 538:../../../../../../Drivers/PY32E407_HAL_Driver/Src/py32e407_hal_pwr.c ****   
 539:../../../../../../Drivers/PY32E407_HAL_Driver/Src/py32e407_hal_pwr.c ****   /* Set Stand-by mode */
 540:../../../../../../Drivers/PY32E407_HAL_Driver/Src/py32e407_hal_pwr.c ****   MODIFY_REG(PWR->CR1, PWR_CR1_LPMS, PWR_CR1_LPMS_STANDBY);
 557              		.loc 1 540 3 view .LVU106
 558 0006 1A68     		ldr	r2, [r3]
 559 0008 42F00302 		orr	r2, r2, #3
 560 000c 1A60     		str	r2, [r3]
 541:../../../../../../Drivers/PY32E407_HAL_Driver/Src/py32e407_hal_pwr.c **** 
 542:../../../../../../Drivers/PY32E407_HAL_Driver/Src/py32e407_hal_pwr.c ****   /* Set SLEEPDEEP bit of Cortex System Control Register */
 543:../../../../../../Drivers/PY32E407_HAL_Driver/Src/py32e407_hal_pwr.c ****   SET_BIT(SCB->SCR, ((uint32_t)SCB_SCR_SLEEPDEEP_Msk));
 561              		.loc 1 543 3 view .LVU107
 562 000e 044A     		ldr	r2, .L49+4
 563 0010 1369     		ldr	r3, [r2, #16]
 564 0012 43F00403 		orr	r3, r3, #4
 565 0016 1361     		str	r3, [r2, #16]
 544:../../../../../../Drivers/PY32E407_HAL_Driver/Src/py32e407_hal_pwr.c **** 
 545:../../../../../../Drivers/PY32E407_HAL_Driver/Src/py32e407_hal_pwr.c **** /* This option is used to ensure that store operations are completed */
 546:../../../../../../Drivers/PY32E407_HAL_Driver/Src/py32e407_hal_pwr.c **** #if defined ( __CC_ARM)
 547:../../../../../../Drivers/PY32E407_HAL_Driver/Src/py32e407_hal_pwr.c ****   __force_stores();
 548:../../../../../../Drivers/PY32E407_HAL_Driver/Src/py32e407_hal_pwr.c **** #endif
 549:../../../../../../Drivers/PY32E407_HAL_Driver/Src/py32e407_hal_pwr.c ****   /* Request Wait For Interrupt */
 550:../../../../../../Drivers/PY32E407_HAL_Driver/Src/py32e407_hal_pwr.c ****   __WFI();
 566              		.loc 1 550 3 view .LVU108
 567              		.syntax unified
 568              	@ 550 "../../../../../../Drivers/PY32E407_HAL_Driver/Src/py32e407_hal_pwr.c" 1
 569 0018 30BF     		wfi
 570              	@ 0 "" 2
 551:../../../../../../Drivers/PY32E407_HAL_Driver/Src/py32e407_hal_pwr.c **** }
 571              		.loc 1 551 1 is_stmt 0 view .LVU109
 572              		.thumb
 573              		.syntax unified
 574 001a 7047     		bx	lr
 575              	.L50:
 576              		.align	2
 577              	.L49:
 578 001c 00700040 		.word	1073770496
 579 0020 00ED00E0 		.word	-536810240
 580              		.cfi_endproc
 581              	.LFE146:
 583              		.section	.text.HAL_PWR_EnableSleepOnExit,"ax",%progbits
 584              		.align	1
 585              		.global	HAL_PWR_EnableSleepOnExit
 586              		.syntax unified
 587              		.thumb
 588              		.thumb_func
 590              	HAL_PWR_EnableSleepOnExit:
 591              	.LFB147:
 552:../../../../../../Drivers/PY32E407_HAL_Driver/Src/py32e407_hal_pwr.c **** 
ARM GAS  C:\Users\user\AppData\Local\Temp\ccpb4Gyk.s 			page 21


 553:../../../../../../Drivers/PY32E407_HAL_Driver/Src/py32e407_hal_pwr.c **** /**
 554:../../../../../../Drivers/PY32E407_HAL_Driver/Src/py32e407_hal_pwr.c ****   * @brief Indicate Sleep-On-Exit when returning from Handler mode to Thread mode.
 555:../../../../../../Drivers/PY32E407_HAL_Driver/Src/py32e407_hal_pwr.c ****   * @note Set SLEEPONEXIT bit of SCR register. When this bit is set, the processor
 556:../../../../../../Drivers/PY32E407_HAL_Driver/Src/py32e407_hal_pwr.c ****   *       re-enters SLEEP mode when an interruption handling is over.
 557:../../../../../../Drivers/PY32E407_HAL_Driver/Src/py32e407_hal_pwr.c ****   *       Setting this bit is useful when the processor is expected to run only on
 558:../../../../../../Drivers/PY32E407_HAL_Driver/Src/py32e407_hal_pwr.c ****   *       interruptions handling.
 559:../../../../../../Drivers/PY32E407_HAL_Driver/Src/py32e407_hal_pwr.c ****   * @retval None
 560:../../../../../../Drivers/PY32E407_HAL_Driver/Src/py32e407_hal_pwr.c ****   */
 561:../../../../../../Drivers/PY32E407_HAL_Driver/Src/py32e407_hal_pwr.c **** void HAL_PWR_EnableSleepOnExit(void)
 562:../../../../../../Drivers/PY32E407_HAL_Driver/Src/py32e407_hal_pwr.c **** {
 592              		.loc 1 562 1 is_stmt 1 view -0
 593              		.cfi_startproc
 594              		@ args = 0, pretend = 0, frame = 0
 595              		@ frame_needed = 0, uses_anonymous_args = 0
 596              		@ link register save eliminated.
 563:../../../../../../Drivers/PY32E407_HAL_Driver/Src/py32e407_hal_pwr.c ****   /* Set SLEEPONEXIT bit of Cortex System Control Register */
 564:../../../../../../Drivers/PY32E407_HAL_Driver/Src/py32e407_hal_pwr.c ****   SET_BIT(SCB->SCR, ((uint32_t)SCB_SCR_SLEEPONEXIT_Msk));
 597              		.loc 1 564 3 view .LVU111
 598 0000 024A     		ldr	r2, .L52
 599 0002 1369     		ldr	r3, [r2, #16]
 600 0004 43F00203 		orr	r3, r3, #2
 601 0008 1361     		str	r3, [r2, #16]
 565:../../../../../../Drivers/PY32E407_HAL_Driver/Src/py32e407_hal_pwr.c **** }
 602              		.loc 1 565 1 is_stmt 0 view .LVU112
 603 000a 7047     		bx	lr
 604              	.L53:
 605              		.align	2
 606              	.L52:
 607 000c 00ED00E0 		.word	-536810240
 608              		.cfi_endproc
 609              	.LFE147:
 611              		.section	.text.HAL_PWR_DisableSleepOnExit,"ax",%progbits
 612              		.align	1
 613              		.global	HAL_PWR_DisableSleepOnExit
 614              		.syntax unified
 615              		.thumb
 616              		.thumb_func
 618              	HAL_PWR_DisableSleepOnExit:
 619              	.LFB148:
 566:../../../../../../Drivers/PY32E407_HAL_Driver/Src/py32e407_hal_pwr.c **** 
 567:../../../../../../Drivers/PY32E407_HAL_Driver/Src/py32e407_hal_pwr.c **** /**
 568:../../../../../../Drivers/PY32E407_HAL_Driver/Src/py32e407_hal_pwr.c ****   * @brief Disable Sleep-On-Exit feature when returning from Handler mode to Thread mode.
 569:../../../../../../Drivers/PY32E407_HAL_Driver/Src/py32e407_hal_pwr.c ****   * @note Clear SLEEPONEXIT bit of SCR register. When this bit is set, the processor
 570:../../../../../../Drivers/PY32E407_HAL_Driver/Src/py32e407_hal_pwr.c ****   *       re-enters SLEEP mode when an interruption handling is over.
 571:../../../../../../Drivers/PY32E407_HAL_Driver/Src/py32e407_hal_pwr.c ****   * @retval None
 572:../../../../../../Drivers/PY32E407_HAL_Driver/Src/py32e407_hal_pwr.c ****   */
 573:../../../../../../Drivers/PY32E407_HAL_Driver/Src/py32e407_hal_pwr.c **** void HAL_PWR_DisableSleepOnExit(void)
 574:../../../../../../Drivers/PY32E407_HAL_Driver/Src/py32e407_hal_pwr.c **** {
 620              		.loc 1 574 1 is_stmt 1 view -0
 621              		.cfi_startproc
 622              		@ args = 0, pretend = 0, frame = 0
 623              		@ frame_needed = 0, uses_anonymous_args = 0
 624              		@ link register save eliminated.
 575:../../../../../../Drivers/PY32E407_HAL_Driver/Src/py32e407_hal_pwr.c ****   /* Clear SLEEPONEXIT bit of Cortex System Control Register */
 576:../../../../../../Drivers/PY32E407_HAL_Driver/Src/py32e407_hal_pwr.c ****   CLEAR_BIT(SCB->SCR, ((uint32_t)SCB_SCR_SLEEPONEXIT_Msk));
 625              		.loc 1 576 3 view .LVU114
 626 0000 024A     		ldr	r2, .L55
ARM GAS  C:\Users\user\AppData\Local\Temp\ccpb4Gyk.s 			page 22


 627 0002 1369     		ldr	r3, [r2, #16]
 628 0004 23F00203 		bic	r3, r3, #2
 629 0008 1361     		str	r3, [r2, #16]
 577:../../../../../../Drivers/PY32E407_HAL_Driver/Src/py32e407_hal_pwr.c **** }
 630              		.loc 1 577 1 is_stmt 0 view .LVU115
 631 000a 7047     		bx	lr
 632              	.L56:
 633              		.align	2
 634              	.L55:
 635 000c 00ED00E0 		.word	-536810240
 636              		.cfi_endproc
 637              	.LFE148:
 639              		.section	.text.HAL_PWR_EnableSEVOnPend,"ax",%progbits
 640              		.align	1
 641              		.global	HAL_PWR_EnableSEVOnPend
 642              		.syntax unified
 643              		.thumb
 644              		.thumb_func
 646              	HAL_PWR_EnableSEVOnPend:
 647              	.LFB149:
 578:../../../../../../Drivers/PY32E407_HAL_Driver/Src/py32e407_hal_pwr.c **** 
 579:../../../../../../Drivers/PY32E407_HAL_Driver/Src/py32e407_hal_pwr.c **** /**
 580:../../../../../../Drivers/PY32E407_HAL_Driver/Src/py32e407_hal_pwr.c ****   * @brief Enable CORTEX M4 SEVONPEND bit.
 581:../../../../../../Drivers/PY32E407_HAL_Driver/Src/py32e407_hal_pwr.c ****   * @note Set SEVONPEND bit of SCR register. When this bit is set, this causes
 582:../../../../../../Drivers/PY32E407_HAL_Driver/Src/py32e407_hal_pwr.c ****   *       WFE to wake up when an interrupt moves from inactive to pended.
 583:../../../../../../Drivers/PY32E407_HAL_Driver/Src/py32e407_hal_pwr.c ****   * @retval None
 584:../../../../../../Drivers/PY32E407_HAL_Driver/Src/py32e407_hal_pwr.c ****   */
 585:../../../../../../Drivers/PY32E407_HAL_Driver/Src/py32e407_hal_pwr.c **** void HAL_PWR_EnableSEVOnPend(void)
 586:../../../../../../Drivers/PY32E407_HAL_Driver/Src/py32e407_hal_pwr.c **** {
 648              		.loc 1 586 1 is_stmt 1 view -0
 649              		.cfi_startproc
 650              		@ args = 0, pretend = 0, frame = 0
 651              		@ frame_needed = 0, uses_anonymous_args = 0
 652              		@ link register save eliminated.
 587:../../../../../../Drivers/PY32E407_HAL_Driver/Src/py32e407_hal_pwr.c ****   /* Set SEVONPEND bit of Cortex System Control Register */
 588:../../../../../../Drivers/PY32E407_HAL_Driver/Src/py32e407_hal_pwr.c ****   SET_BIT(SCB->SCR, ((uint32_t)SCB_SCR_SEVONPEND_Msk));
 653              		.loc 1 588 3 view .LVU117
 654 0000 024A     		ldr	r2, .L58
 655 0002 1369     		ldr	r3, [r2, #16]
 656 0004 43F01003 		orr	r3, r3, #16
 657 0008 1361     		str	r3, [r2, #16]
 589:../../../../../../Drivers/PY32E407_HAL_Driver/Src/py32e407_hal_pwr.c **** }
 658              		.loc 1 589 1 is_stmt 0 view .LVU118
 659 000a 7047     		bx	lr
 660              	.L59:
 661              		.align	2
 662              	.L58:
 663 000c 00ED00E0 		.word	-536810240
 664              		.cfi_endproc
 665              	.LFE149:
 667              		.section	.text.HAL_PWR_DisableSEVOnPend,"ax",%progbits
 668              		.align	1
 669              		.global	HAL_PWR_DisableSEVOnPend
 670              		.syntax unified
 671              		.thumb
 672              		.thumb_func
 674              	HAL_PWR_DisableSEVOnPend:
ARM GAS  C:\Users\user\AppData\Local\Temp\ccpb4Gyk.s 			page 23


 675              	.LFB150:
 590:../../../../../../Drivers/PY32E407_HAL_Driver/Src/py32e407_hal_pwr.c **** 
 591:../../../../../../Drivers/PY32E407_HAL_Driver/Src/py32e407_hal_pwr.c **** /**
 592:../../../../../../Drivers/PY32E407_HAL_Driver/Src/py32e407_hal_pwr.c ****   * @brief Disable CORTEX M4 SEVONPEND bit.
 593:../../../../../../Drivers/PY32E407_HAL_Driver/Src/py32e407_hal_pwr.c ****   * @note Clear SEVONPEND bit of SCR register. When this bit is set, this causes
 594:../../../../../../Drivers/PY32E407_HAL_Driver/Src/py32e407_hal_pwr.c ****   *       WFE to wake up when an interrupt moves from inactive to pended.
 595:../../../../../../Drivers/PY32E407_HAL_Driver/Src/py32e407_hal_pwr.c ****   * @retval None
 596:../../../../../../Drivers/PY32E407_HAL_Driver/Src/py32e407_hal_pwr.c ****   */
 597:../../../../../../Drivers/PY32E407_HAL_Driver/Src/py32e407_hal_pwr.c **** void HAL_PWR_DisableSEVOnPend(void)
 598:../../../../../../Drivers/PY32E407_HAL_Driver/Src/py32e407_hal_pwr.c **** {
 676              		.loc 1 598 1 is_stmt 1 view -0
 677              		.cfi_startproc
 678              		@ args = 0, pretend = 0, frame = 0
 679              		@ frame_needed = 0, uses_anonymous_args = 0
 680              		@ link register save eliminated.
 599:../../../../../../Drivers/PY32E407_HAL_Driver/Src/py32e407_hal_pwr.c ****   /* Clear SEVONPEND bit of Cortex System Control Register */
 600:../../../../../../Drivers/PY32E407_HAL_Driver/Src/py32e407_hal_pwr.c ****   CLEAR_BIT(SCB->SCR, ((uint32_t)SCB_SCR_SEVONPEND_Msk));
 681              		.loc 1 600 3 view .LVU120
 682 0000 024A     		ldr	r2, .L61
 683 0002 1369     		ldr	r3, [r2, #16]
 684 0004 23F01003 		bic	r3, r3, #16
 685 0008 1361     		str	r3, [r2, #16]
 601:../../../../../../Drivers/PY32E407_HAL_Driver/Src/py32e407_hal_pwr.c **** }
 686              		.loc 1 601 1 is_stmt 0 view .LVU121
 687 000a 7047     		bx	lr
 688              	.L62:
 689              		.align	2
 690              	.L61:
 691 000c 00ED00E0 		.word	-536810240
 692              		.cfi_endproc
 693              	.LFE150:
 695              		.section	.text.HAL_PWR_PVDCallback,"ax",%progbits
 696              		.align	1
 697              		.weak	HAL_PWR_PVDCallback
 698              		.syntax unified
 699              		.thumb
 700              		.thumb_func
 702              	HAL_PWR_PVDCallback:
 703              	.LFB152:
 602:../../../../../../Drivers/PY32E407_HAL_Driver/Src/py32e407_hal_pwr.c **** 
 603:../../../../../../Drivers/PY32E407_HAL_Driver/Src/py32e407_hal_pwr.c **** /**
 604:../../../../../../Drivers/PY32E407_HAL_Driver/Src/py32e407_hal_pwr.c ****   * @brief  This function handles the PWR PVD interrupt request.
 605:../../../../../../Drivers/PY32E407_HAL_Driver/Src/py32e407_hal_pwr.c ****   * @note   This API should be called under the PVD_IRQHandler().
 606:../../../../../../Drivers/PY32E407_HAL_Driver/Src/py32e407_hal_pwr.c ****   * @retval None
 607:../../../../../../Drivers/PY32E407_HAL_Driver/Src/py32e407_hal_pwr.c ****   */
 608:../../../../../../Drivers/PY32E407_HAL_Driver/Src/py32e407_hal_pwr.c **** void HAL_PWR_PVD_IRQHandler(void)
 609:../../../../../../Drivers/PY32E407_HAL_Driver/Src/py32e407_hal_pwr.c **** {
 610:../../../../../../Drivers/PY32E407_HAL_Driver/Src/py32e407_hal_pwr.c ****   /* Check PWR exti flag */
 611:../../../../../../Drivers/PY32E407_HAL_Driver/Src/py32e407_hal_pwr.c ****   if(__HAL_PWR_PVD_EXTI_GET_FLAG() != RESET)
 612:../../../../../../Drivers/PY32E407_HAL_Driver/Src/py32e407_hal_pwr.c ****   {
 613:../../../../../../Drivers/PY32E407_HAL_Driver/Src/py32e407_hal_pwr.c ****     /* PWR PVD interrupt user callback */
 614:../../../../../../Drivers/PY32E407_HAL_Driver/Src/py32e407_hal_pwr.c ****     HAL_PWR_PVDCallback();
 615:../../../../../../Drivers/PY32E407_HAL_Driver/Src/py32e407_hal_pwr.c **** 
 616:../../../../../../Drivers/PY32E407_HAL_Driver/Src/py32e407_hal_pwr.c ****     /* Clear PWR Exti pending bit */
 617:../../../../../../Drivers/PY32E407_HAL_Driver/Src/py32e407_hal_pwr.c ****     __HAL_PWR_PVD_EXTI_CLEAR_FLAG();
 618:../../../../../../Drivers/PY32E407_HAL_Driver/Src/py32e407_hal_pwr.c ****   }
 619:../../../../../../Drivers/PY32E407_HAL_Driver/Src/py32e407_hal_pwr.c **** }
ARM GAS  C:\Users\user\AppData\Local\Temp\ccpb4Gyk.s 			page 24


 620:../../../../../../Drivers/PY32E407_HAL_Driver/Src/py32e407_hal_pwr.c **** 
 621:../../../../../../Drivers/PY32E407_HAL_Driver/Src/py32e407_hal_pwr.c **** /**
 622:../../../../../../Drivers/PY32E407_HAL_Driver/Src/py32e407_hal_pwr.c ****   * @brief PWR PVD interrupt callback
 623:../../../../../../Drivers/PY32E407_HAL_Driver/Src/py32e407_hal_pwr.c ****   * @retval None
 624:../../../../../../Drivers/PY32E407_HAL_Driver/Src/py32e407_hal_pwr.c ****   */
 625:../../../../../../Drivers/PY32E407_HAL_Driver/Src/py32e407_hal_pwr.c **** __weak void HAL_PWR_PVDCallback(void)
 626:../../../../../../Drivers/PY32E407_HAL_Driver/Src/py32e407_hal_pwr.c **** {
 704              		.loc 1 626 1 is_stmt 1 view -0
 705              		.cfi_startproc
 706              		@ args = 0, pretend = 0, frame = 0
 707              		@ frame_needed = 0, uses_anonymous_args = 0
 708              		@ link register save eliminated.
 627:../../../../../../Drivers/PY32E407_HAL_Driver/Src/py32e407_hal_pwr.c ****   /* NOTE : This function should not be modified; when the callback is needed,
 628:../../../../../../Drivers/PY32E407_HAL_Driver/Src/py32e407_hal_pwr.c ****             the HAL_PWR_PVDCallback can be implemented in the user file
 629:../../../../../../Drivers/PY32E407_HAL_Driver/Src/py32e407_hal_pwr.c ****    */
 630:../../../../../../Drivers/PY32E407_HAL_Driver/Src/py32e407_hal_pwr.c **** }
 709              		.loc 1 630 1 view .LVU123
 710 0000 7047     		bx	lr
 711              		.cfi_endproc
 712              	.LFE152:
 714              		.section	.text.HAL_PWR_PVD_IRQHandler,"ax",%progbits
 715              		.align	1
 716              		.global	HAL_PWR_PVD_IRQHandler
 717              		.syntax unified
 718              		.thumb
 719              		.thumb_func
 721              	HAL_PWR_PVD_IRQHandler:
 722              	.LFB151:
 609:../../../../../../Drivers/PY32E407_HAL_Driver/Src/py32e407_hal_pwr.c ****   /* Check PWR exti flag */
 723              		.loc 1 609 1 view -0
 724              		.cfi_startproc
 725              		@ args = 0, pretend = 0, frame = 0
 726              		@ frame_needed = 0, uses_anonymous_args = 0
 727 0000 08B5     		push	{r3, lr}
 728              	.LCFI6:
 729              		.cfi_def_cfa_offset 8
 730              		.cfi_offset 3, -8
 731              		.cfi_offset 14, -4
 611:../../../../../../Drivers/PY32E407_HAL_Driver/Src/py32e407_hal_pwr.c ****   {
 732              		.loc 1 611 3 view .LVU125
 611:../../../../../../Drivers/PY32E407_HAL_Driver/Src/py32e407_hal_pwr.c ****   {
 733              		.loc 1 611 6 is_stmt 0 view .LVU126
 734 0002 064B     		ldr	r3, .L68
 735 0004 5B69     		ldr	r3, [r3, #20]
 611:../../../../../../Drivers/PY32E407_HAL_Driver/Src/py32e407_hal_pwr.c ****   {
 736              		.loc 1 611 5 view .LVU127
 737 0006 13F4803F 		tst	r3, #65536
 738 000a 00D1     		bne	.L67
 739              	.L64:
 619:../../../../../../Drivers/PY32E407_HAL_Driver/Src/py32e407_hal_pwr.c **** 
 740              		.loc 1 619 1 view .LVU128
 741 000c 08BD     		pop	{r3, pc}
 742              	.L67:
 614:../../../../../../Drivers/PY32E407_HAL_Driver/Src/py32e407_hal_pwr.c **** 
 743              		.loc 1 614 5 is_stmt 1 view .LVU129
 744 000e FFF7FEFF 		bl	HAL_PWR_PVDCallback
 745              	.LVL20:
ARM GAS  C:\Users\user\AppData\Local\Temp\ccpb4Gyk.s 			page 25


 617:../../../../../../Drivers/PY32E407_HAL_Driver/Src/py32e407_hal_pwr.c ****   }
 746              		.loc 1 617 5 view .LVU130
 747 0012 024B     		ldr	r3, .L68
 748 0014 4FF48032 		mov	r2, #65536
 749 0018 5A61     		str	r2, [r3, #20]
 619:../../../../../../Drivers/PY32E407_HAL_Driver/Src/py32e407_hal_pwr.c **** 
 750              		.loc 1 619 1 is_stmt 0 view .LVU131
 751 001a F7E7     		b	.L64
 752              	.L69:
 753              		.align	2
 754              	.L68:
 755 001c 00040140 		.word	1073808384
 756              		.cfi_endproc
 757              	.LFE151:
 759              		.text
 760              	.Letext0:
 761              		.file 2 "c:\\program files (x86)\\puyasde\\tool\\arm-none-eabi\\include\\machine\\_default_types.h
 762              		.file 3 "c:\\program files (x86)\\puyasde\\tool\\arm-none-eabi\\include\\sys\\_stdint.h"
 763              		.file 4 "../../../../../../Drivers/CMSIS/Include/core_cm4.h"
 764              		.file 5 "../../../../../../Drivers/CMSIS/Device/PUYA/PY32E407/Include/py32e407xE.h"
 765              		.file 6 "../../../../../../Drivers/CMSIS/Device/PUYA/PY32E407/Include/py32e4xx.h"
 766              		.file 7 "../../../../../../Drivers/PY32E407_HAL_Driver/Inc/py32e407_hal_def.h"
 767              		.file 8 "../../../../../../Drivers/PY32E407_HAL_Driver/Inc/py32e407_hal_pwr.h"
 768              		.file 9 "../../../../../../Drivers/PY32E407_HAL_Driver/Inc/py32e407_hal_pwr_ex.h"
 769              		.file 10 "../../../../../../Drivers/PY32E407_HAL_Driver/Inc/py32e4xx_hal.h"
ARM GAS  C:\Users\user\AppData\Local\Temp\ccpb4Gyk.s 			page 26


DEFINED SYMBOLS
                            *ABS*:00000000 py32e407_hal_pwr.c
C:\Users\user\AppData\Local\Temp\ccpb4Gyk.s:20     .text.HAL_PWR_DeInit:00000000 $t
C:\Users\user\AppData\Local\Temp\ccpb4Gyk.s:26     .text.HAL_PWR_DeInit:00000000 HAL_PWR_DeInit
C:\Users\user\AppData\Local\Temp\ccpb4Gyk.s:48     .text.HAL_PWR_DeInit:00000014 $d
C:\Users\user\AppData\Local\Temp\ccpb4Gyk.s:53     .text.HAL_PWR_EnableBkUpAccess:00000000 $t
C:\Users\user\AppData\Local\Temp\ccpb4Gyk.s:59     .text.HAL_PWR_EnableBkUpAccess:00000000 HAL_PWR_EnableBkUpAccess
C:\Users\user\AppData\Local\Temp\ccpb4Gyk.s:76     .text.HAL_PWR_EnableBkUpAccess:0000000c $d
C:\Users\user\AppData\Local\Temp\ccpb4Gyk.s:81     .text.HAL_PWR_DisableBkUpAccess:00000000 $t
C:\Users\user\AppData\Local\Temp\ccpb4Gyk.s:87     .text.HAL_PWR_DisableBkUpAccess:00000000 HAL_PWR_DisableBkUpAccess
C:\Users\user\AppData\Local\Temp\ccpb4Gyk.s:104    .text.HAL_PWR_DisableBkUpAccess:0000000c $d
C:\Users\user\AppData\Local\Temp\ccpb4Gyk.s:109    .text.HAL_PWR_ConfigPVD:00000000 $t
C:\Users\user\AppData\Local\Temp\ccpb4Gyk.s:115    .text.HAL_PWR_ConfigPVD:00000000 HAL_PWR_ConfigPVD
C:\Users\user\AppData\Local\Temp\ccpb4Gyk.s:258    .text.HAL_PWR_ConfigPVD:000000b4 $d
C:\Users\user\AppData\Local\Temp\ccpb4Gyk.s:265    .text.HAL_PWR_EnablePVD:00000000 $t
C:\Users\user\AppData\Local\Temp\ccpb4Gyk.s:271    .text.HAL_PWR_EnablePVD:00000000 HAL_PWR_EnablePVD
C:\Users\user\AppData\Local\Temp\ccpb4Gyk.s:288    .text.HAL_PWR_EnablePVD:0000000c $d
C:\Users\user\AppData\Local\Temp\ccpb4Gyk.s:293    .text.HAL_PWR_DisablePVD:00000000 $t
C:\Users\user\AppData\Local\Temp\ccpb4Gyk.s:299    .text.HAL_PWR_DisablePVD:00000000 HAL_PWR_DisablePVD
C:\Users\user\AppData\Local\Temp\ccpb4Gyk.s:316    .text.HAL_PWR_DisablePVD:0000000c $d
C:\Users\user\AppData\Local\Temp\ccpb4Gyk.s:321    .text.HAL_PWR_EnableWakeUpPin:00000000 $t
C:\Users\user\AppData\Local\Temp\ccpb4Gyk.s:327    .text.HAL_PWR_EnableWakeUpPin:00000000 HAL_PWR_EnableWakeUpPin
C:\Users\user\AppData\Local\Temp\ccpb4Gyk.s:354    .text.HAL_PWR_EnableWakeUpPin:0000001c $d
C:\Users\user\AppData\Local\Temp\ccpb4Gyk.s:359    .text.HAL_PWR_DisableWakeUpPin:00000000 $t
C:\Users\user\AppData\Local\Temp\ccpb4Gyk.s:365    .text.HAL_PWR_DisableWakeUpPin:00000000 HAL_PWR_DisableWakeUpPin
C:\Users\user\AppData\Local\Temp\ccpb4Gyk.s:387    .text.HAL_PWR_DisableWakeUpPin:00000010 $d
C:\Users\user\AppData\Local\Temp\ccpb4Gyk.s:392    .text.HAL_PWR_EnterSLEEPMode:00000000 $t
C:\Users\user\AppData\Local\Temp\ccpb4Gyk.s:398    .text.HAL_PWR_EnterSLEEPMode:00000000 HAL_PWR_EnterSLEEPMode
C:\Users\user\AppData\Local\Temp\ccpb4Gyk.s:487    .text.HAL_PWR_EnterSLEEPMode:00000040 $d
C:\Users\user\AppData\Local\Temp\ccpb4Gyk.s:493    .text.HAL_PWR_EnterSTOPMode:00000000 $t
C:\Users\user\AppData\Local\Temp\ccpb4Gyk.s:499    .text.HAL_PWR_EnterSTOPMode:00000000 HAL_PWR_EnterSTOPMode
C:\Users\user\AppData\Local\Temp\ccpb4Gyk.s:540    .text.HAL_PWR_EnterSTANDBYMode:00000000 $t
C:\Users\user\AppData\Local\Temp\ccpb4Gyk.s:546    .text.HAL_PWR_EnterSTANDBYMode:00000000 HAL_PWR_EnterSTANDBYMode
C:\Users\user\AppData\Local\Temp\ccpb4Gyk.s:578    .text.HAL_PWR_EnterSTANDBYMode:0000001c $d
C:\Users\user\AppData\Local\Temp\ccpb4Gyk.s:584    .text.HAL_PWR_EnableSleepOnExit:00000000 $t
C:\Users\user\AppData\Local\Temp\ccpb4Gyk.s:590    .text.HAL_PWR_EnableSleepOnExit:00000000 HAL_PWR_EnableSleepOnExit
C:\Users\user\AppData\Local\Temp\ccpb4Gyk.s:607    .text.HAL_PWR_EnableSleepOnExit:0000000c $d
C:\Users\user\AppData\Local\Temp\ccpb4Gyk.s:612    .text.HAL_PWR_DisableSleepOnExit:00000000 $t
C:\Users\user\AppData\Local\Temp\ccpb4Gyk.s:618    .text.HAL_PWR_DisableSleepOnExit:00000000 HAL_PWR_DisableSleepOnExit
C:\Users\user\AppData\Local\Temp\ccpb4Gyk.s:635    .text.HAL_PWR_DisableSleepOnExit:0000000c $d
C:\Users\user\AppData\Local\Temp\ccpb4Gyk.s:640    .text.HAL_PWR_EnableSEVOnPend:00000000 $t
C:\Users\user\AppData\Local\Temp\ccpb4Gyk.s:646    .text.HAL_PWR_EnableSEVOnPend:00000000 HAL_PWR_EnableSEVOnPend
C:\Users\user\AppData\Local\Temp\ccpb4Gyk.s:663    .text.HAL_PWR_EnableSEVOnPend:0000000c $d
C:\Users\user\AppData\Local\Temp\ccpb4Gyk.s:668    .text.HAL_PWR_DisableSEVOnPend:00000000 $t
C:\Users\user\AppData\Local\Temp\ccpb4Gyk.s:674    .text.HAL_PWR_DisableSEVOnPend:00000000 HAL_PWR_DisableSEVOnPend
C:\Users\user\AppData\Local\Temp\ccpb4Gyk.s:691    .text.HAL_PWR_DisableSEVOnPend:0000000c $d
C:\Users\user\AppData\Local\Temp\ccpb4Gyk.s:696    .text.HAL_PWR_PVDCallback:00000000 $t
C:\Users\user\AppData\Local\Temp\ccpb4Gyk.s:702    .text.HAL_PWR_PVDCallback:00000000 HAL_PWR_PVDCallback
C:\Users\user\AppData\Local\Temp\ccpb4Gyk.s:715    .text.HAL_PWR_PVD_IRQHandler:00000000 $t
C:\Users\user\AppData\Local\Temp\ccpb4Gyk.s:721    .text.HAL_PWR_PVD_IRQHandler:00000000 HAL_PWR_PVD_IRQHandler
C:\Users\user\AppData\Local\Temp\ccpb4Gyk.s:755    .text.HAL_PWR_PVD_IRQHandler:0000001c $d

UNDEFINED SYMBOLS
HAL_SYSCFG_DisablePVD_IN_AnalogMode
HAL_SYSCFG_EnablePVD_IN_AnalogMode
HAL_PWREx_DisableLowPowerRunMode
HAL_PWREx_EnableLowPowerRunMode
ARM GAS  C:\Users\user\AppData\Local\Temp\ccpb4Gyk.s 			page 27


HAL_PWREx_EnterSTOP0Mode
HAL_PWREx_EnterSTOP1Mode
